#,Date-Time (MDT),Ch:1 - Temperature   (°C),Button Down,Host Connected,End of File
1,06/16/2023 10:01:09,,Logged,,
2,06/16/2023 10:01:30,,Logged,,
3,06/16/2023 10:01:40,13.38,,,
4,06/16/2023 10:02:32,,,Logged,
5,06/16/2023 10:04:40,12.82,,,
6,06/16/2023 10:07:40,12.95,,,
7,06/16/2023 10:10:40,12.74,,,
8,06/16/2023 10:13:40,13.38,,,
9,06/16/2023 10:16:40,14.84,,,
10,06/16/2023 10:19:40,15.61,,,
11,06/16/2023 10:22:40,15.36,,,
12,06/16/2023 10:25:40,15.91,,,
13,06/16/2023 10:28:40,15.01,,,
14,06/16/2023 10:31:40,15.23,,,
15,06/16/2023 10:34:40,16.30,,,
16,06/16/2023 10:37:40,15.48,,,
17,06/16/2023 10:40:40,15.06,,,
18,06/16/2023 10:43:40,15.01,,,
19,06/16/2023 10:46:40,16.47,,,
20,06/16/2023 10:49:40,16.00,,,
21,06/16/2023 10:52:40,14.54,,,
22,06/16/2023 10:55:40,14.71,,,
23,06/16/2023 10:58:40,14.88,,,
24,06/16/2023 11:01:40,13.98,,,
25,06/16/2023 11:04:40,13.98,,,
26,06/16/2023 11:07:40,14.63,,,
27,06/16/2023 11:10:40,14.41,,,
28,06/16/2023 11:13:40,13.94,,,
29,06/16/2023 11:16:40,14.37,,,
30,06/16/2023 11:19:40,14.33,,,
31,06/16/2023 11:22:40,14.33,,,
32,06/16/2023 11:25:40,14.58,,,
33,06/16/2023 11:28:40,14.58,,,
34,06/16/2023 11:31:40,14.50,,,
35,06/16/2023 11:34:40,14.71,,,
36,06/16/2023 11:37:40,14.84,,,
37,06/16/2023 11:40:40,15.91,,,
38,06/16/2023 11:43:40,15.23,,,
39,06/16/2023 11:46:40,14.63,,,
40,06/16/2023 11:49:40,15.23,,,
41,06/16/2023 11:52:40,15.70,,,
42,06/16/2023 11:55:40,15.10,,,
43,06/16/2023 11:58:40,14.80,,,
44,06/16/2023 12:01:40,14.97,,,
45,06/16/2023 12:04:40,15.36,,,
46,06/16/2023 12:07:40,15.44,,,
47,06/16/2023 12:10:40,16.43,,,
48,06/16/2023 12:13:40,16.51,,,
49,06/16/2023 12:16:40,16.26,,,
50,06/16/2023 12:19:40,17.59,,,
51,06/16/2023 12:22:40,17.80,,,
52,06/16/2023 12:25:40,17.93,,,
53,06/16/2023 12:28:40,16.64,,,
54,06/16/2023 12:31:40,16.60,,,
55,06/16/2023 12:34:40,17.41,,,
56,06/16/2023 12:37:40,18.23,,,
57,06/16/2023 12:40:40,17.80,,,
58,06/16/2023 12:43:40,17.03,,,
59,06/16/2023 12:46:40,16.51,,,
60,06/16/2023 12:49:40,16.60,,,
61,06/16/2023 12:52:40,16.99,,,
62,06/16/2023 12:55:40,16.86,,,
63,06/16/2023 12:58:40,17.03,,,
64,06/16/2023 13:01:40,17.59,,,
65,06/16/2023 13:04:40,17.63,,,
66,06/16/2023 13:07:40,17.50,,,
67,06/16/2023 13:10:40,16.64,,,
68,06/16/2023 13:13:40,15.83,,,
69,06/16/2023 13:16:40,15.53,,,
70,06/16/2023 13:19:40,15.36,,,
71,06/16/2023 13:22:40,15.18,,,
72,06/16/2023 13:25:40,15.14,,,
73,06/16/2023 13:28:40,15.14,,,
74,06/16/2023 13:31:40,14.97,,,
75,06/16/2023 13:34:40,14.75,,,
76,06/16/2023 13:37:40,14.54,,,
77,06/16/2023 13:40:40,14.45,,,
78,06/16/2023 13:43:40,14.50,,,
79,06/16/2023 13:46:40,14.50,,,
80,06/16/2023 13:49:40,14.41,,,
81,06/16/2023 13:52:40,14.28,,,
82,06/16/2023 13:55:40,14.11,,,
83,06/16/2023 13:58:40,13.98,,,
84,06/16/2023 14:01:40,13.98,,,
85,06/16/2023 14:04:40,14.03,,,
86,06/16/2023 14:07:40,13.94,,,
87,06/16/2023 14:10:40,13.85,,,
88,06/16/2023 14:13:40,13.81,,,
89,06/16/2023 14:16:40,13.81,,,
90,06/16/2023 14:19:40,13.60,,,
91,06/16/2023 14:22:40,13.47,,,
92,06/16/2023 14:25:40,13.34,,,
93,06/16/2023 14:28:40,13.38,,,
94,06/16/2023 14:31:40,13.30,,,
95,06/16/2023 14:34:40,13.30,,,
96,06/16/2023 14:37:40,13.38,,,
97,06/16/2023 14:40:40,13.85,,,
98,06/16/2023 14:43:40,14.33,,,
99,06/16/2023 14:46:40,13.94,,,
100,06/16/2023 14:49:40,13.08,,,
101,06/16/2023 14:52:40,12.91,,,
102,06/16/2023 14:55:40,12.95,,,
103,06/16/2023 14:58:40,13.00,,,
104,06/16/2023 15:01:40,12.82,,,
105,06/16/2023 15:04:40,12.44,,,
106,06/16/2023 15:07:40,12.01,,,
107,06/16/2023 15:10:40,11.32,,,
108,06/16/2023 15:13:40,10.85,,,
109,06/16/2023 15:16:40,11.15,,,
110,06/16/2023 15:19:40,11.32,,,
111,06/16/2023 15:22:40,11.11,,,
112,06/16/2023 15:25:40,11.07,,,
113,06/16/2023 15:28:40,11.45,,,
114,06/16/2023 15:31:40,12.05,,,
115,06/16/2023 15:34:40,12.31,,,
116,06/16/2023 15:37:40,12.31,,,
117,06/16/2023 15:40:40,12.35,,,
118,06/16/2023 15:43:40,12.10,,,
119,06/16/2023 15:46:40,11.84,,,
120,06/16/2023 15:49:40,11.49,,,
121,06/16/2023 15:52:40,11.07,,,
122,06/16/2023 15:55:40,10.81,,,
123,06/16/2023 15:58:40,10.59,,,
124,06/16/2023 16:01:40,10.25,,,
125,06/16/2023 16:04:40,9.99,,,
126,06/16/2023 16:07:40,9.65,,,
127,06/16/2023 16:10:40,9.18,,,
128,06/16/2023 16:13:40,8.58,,,
129,06/16/2023 16:16:40,8.28,,,
130,06/16/2023 16:19:40,8.15,,,
131,06/16/2023 16:22:40,7.93,,,
132,06/16/2023 16:25:40,7.59,,,
133,06/16/2023 16:28:40,7.50,,,
134,06/16/2023 16:31:40,7.81,,,
135,06/16/2023 16:34:40,7.72,,,
136,06/16/2023 16:37:40,7.63,,,
137,06/16/2023 16:40:40,7.42,,,
138,06/16/2023 16:43:40,7.33,,,
139,06/16/2023 16:46:40,7.81,,,
140,06/16/2023 16:49:40,7.59,,,
141,06/16/2023 16:52:40,7.50,,,
142,06/16/2023 16:55:40,7.72,,,
143,06/16/2023 16:58:40,7.98,,,
144,06/16/2023 17:01:40,7.89,,,
145,06/16/2023 17:04:40,7.55,,,
146,06/16/2023 17:07:40,7.25,,,
147,06/16/2023 17:10:40,7.16,,,
148,06/16/2023 17:13:40,7.12,,,
149,06/16/2023 17:16:40,7.03,,,
150,06/16/2023 17:19:40,6.99,,,
151,06/16/2023 17:22:40,6.99,,,
152,06/16/2023 17:25:40,7.08,,,
153,06/16/2023 17:28:40,7.08,,,
154,06/16/2023 17:31:40,7.16,,,
155,06/16/2023 17:34:40,7.12,,,
156,06/16/2023 17:37:40,7.12,,,
157,06/16/2023 17:40:40,7.08,,,
158,06/16/2023 17:43:40,7.03,,,
159,06/16/2023 17:46:40,6.95,,,
160,06/16/2023 17:49:40,7.03,,,
161,06/16/2023 17:52:40,6.82,,,
162,06/16/2023 17:55:40,6.73,,,
163,06/16/2023 17:58:40,6.73,,,
164,06/16/2023 18:01:40,6.99,,,
165,06/16/2023 18:04:40,7.03,,,
166,06/16/2023 18:07:40,7.50,,,
167,06/16/2023 18:10:40,7.20,,,
168,06/16/2023 18:13:40,6.99,,,
169,06/16/2023 18:16:40,7.08,,,
170,06/16/2023 18:19:40,7.20,,,
171,06/16/2023 18:22:40,7.33,,,
172,06/16/2023 18:25:40,7.42,,,
173,06/16/2023 18:28:40,7.46,,,
174,06/16/2023 18:31:40,7.42,,,
175,06/16/2023 18:34:40,7.38,,,
176,06/16/2023 18:37:40,7.46,,,
177,06/16/2023 18:40:40,7.50,,,
178,06/16/2023 18:43:40,7.55,,,
179,06/16/2023 18:46:40,7.59,,,
180,06/16/2023 18:49:40,7.50,,,
181,06/16/2023 18:52:40,7.42,,,
182,06/16/2023 18:55:40,7.59,,,
183,06/16/2023 18:58:40,7.59,,,
184,06/16/2023 19:01:40,7.63,,,
185,06/16/2023 19:04:40,7.68,,,
186,06/16/2023 19:07:40,7.81,,,
187,06/16/2023 19:10:40,7.68,,,
188,06/16/2023 19:13:40,7.76,,,
189,06/16/2023 19:16:40,7.81,,,
190,06/16/2023 19:19:40,7.85,,,
191,06/16/2023 19:22:40,7.85,,,
192,06/16/2023 19:25:40,7.89,,,
193,06/16/2023 19:28:40,7.76,,,
194,06/16/2023 19:31:40,7.76,,,
195,06/16/2023 19:34:40,7.72,,,
196,06/16/2023 19:37:40,7.72,,,
197,06/16/2023 19:40:40,7.59,,,
198,06/16/2023 19:43:40,7.46,,,
199,06/16/2023 19:46:40,7.42,,,
200,06/16/2023 19:49:40,7.29,,,
201,06/16/2023 19:52:40,7.12,,,
202,06/16/2023 19:55:40,7.03,,,
203,06/16/2023 19:58:40,7.16,,,
204,06/16/2023 20:01:40,6.99,,,
205,06/16/2023 20:04:40,7.03,,,
206,06/16/2023 20:07:40,7.03,,,
207,06/16/2023 20:10:40,6.95,,,
208,06/16/2023 20:13:40,6.95,,,
209,06/16/2023 20:16:40,6.99,,,
210,06/16/2023 20:19:40,7.12,,,
211,06/16/2023 20:22:40,7.20,,,
212,06/16/2023 20:25:40,7.12,,,
213,06/16/2023 20:28:40,7.03,,,
214,06/16/2023 20:31:40,6.99,,,
215,06/16/2023 20:34:40,7.03,,,
216,06/16/2023 20:37:40,7.03,,,
217,06/16/2023 20:40:40,6.99,,,
218,06/16/2023 20:43:40,6.99,,,
219,06/16/2023 20:46:40,6.95,,,
220,06/16/2023 20:49:40,6.86,,,
221,06/16/2023 20:52:40,6.86,,,
222,06/16/2023 20:55:40,6.86,,,
223,06/16/2023 20:58:40,6.82,,,
224,06/16/2023 21:01:40,6.73,,,
225,06/16/2023 21:04:40,6.65,,,
226,06/16/2023 21:07:40,6.48,,,
227,06/16/2023 21:10:40,6.35,,,
228,06/16/2023 21:13:40,6.26,,,
229,06/16/2023 21:16:40,6.17,,,
230,06/16/2023 21:19:40,6.05,,,
231,06/16/2023 21:22:40,5.75,,,
232,06/16/2023 21:25:40,5.66,,,
233,06/16/2023 21:28:40,5.40,,,
234,06/16/2023 21:31:40,5.32,,,
235,06/16/2023 21:34:40,5.49,,,
236,06/16/2023 21:37:40,5.36,,,
237,06/16/2023 21:40:40,5.15,,,
238,06/16/2023 21:43:40,5.06,,,
239,06/16/2023 21:46:40,4.89,,,
240,06/16/2023 21:49:40,4.76,,,
241,06/16/2023 21:52:40,4.50,,,
242,06/16/2023 21:55:40,4.37,,,
243,06/16/2023 21:58:40,4.33,,,
244,06/16/2023 22:01:40,4.59,,,
245,06/16/2023 22:04:40,4.63,,,
246,06/16/2023 22:07:40,4.54,,,
247,06/16/2023 22:10:40,4.63,,,
248,06/16/2023 22:13:40,4.54,,,
249,06/16/2023 22:16:40,4.42,,,
250,06/16/2023 22:19:40,4.50,,,
251,06/16/2023 22:22:40,4.46,,,
252,06/16/2023 22:25:40,4.37,,,
253,06/16/2023 22:28:40,4.42,,,
254,06/16/2023 22:31:40,4.33,,,
255,06/16/2023 22:34:40,4.42,,,
256,06/16/2023 22:37:40,4.37,,,
257,06/16/2023 22:40:40,4.37,,,
258,06/16/2023 22:43:40,4.46,,,
259,06/16/2023 22:46:40,4.54,,,
260,06/16/2023 22:49:40,4.50,,,
261,06/16/2023 22:52:40,4.67,,,
262,06/16/2023 22:55:40,4.76,,,
263,06/16/2023 22:58:40,4.67,,,
264,06/16/2023 23:01:40,4.46,,,
265,06/16/2023 23:04:40,4.24,,,
266,06/16/2023 23:07:40,4.03,,,
267,06/16/2023 23:10:40,4.07,,,
268,06/16/2023 23:13:40,3.77,,,
269,06/16/2023 23:16:40,3.60,,,
270,06/16/2023 23:19:40,3.60,,,
271,06/16/2023 23:22:40,3.52,,,
272,06/16/2023 23:25:40,3.60,,,
273,06/16/2023 23:28:40,3.52,,,
274,06/16/2023 23:31:40,3.69,,,
275,06/16/2023 23:34:40,3.64,,,
276,06/16/2023 23:37:40,3.52,,,
277,06/16/2023 23:40:40,3.47,,,
278,06/16/2023 23:43:40,3.39,,,
279,06/16/2023 23:46:40,3.21,,,
280,06/16/2023 23:49:40,3.34,,,
281,06/16/2023 23:52:40,3.13,,,
282,06/16/2023 23:55:40,2.83,,,
283,06/16/2023 23:58:40,2.70,,,
284,06/17/2023 00:01:40,2.49,,,
285,06/17/2023 00:04:40,2.36,,,
286,06/17/2023 00:07:40,2.27,,,
287,06/17/2023 00:10:40,2.19,,,
288,06/17/2023 00:13:40,2.19,,,
289,06/17/2023 00:16:40,2.01,,,
290,06/17/2023 00:19:40,2.19,,,
291,06/17/2023 00:22:40,2.19,,,
292,06/17/2023 00:25:40,2.06,,,
293,06/17/2023 00:28:40,1.88,,,
294,06/17/2023 00:31:40,1.84,,,
295,06/17/2023 00:34:40,1.80,,,
296,06/17/2023 00:37:40,1.80,,,
297,06/17/2023 00:40:40,1.80,,,
298,06/17/2023 00:43:40,1.80,,,
299,06/17/2023 00:46:40,1.84,,,
300,06/17/2023 00:49:40,1.67,,,
301,06/17/2023 00:52:40,1.50,,,
302,06/17/2023 00:55:40,1.46,,,
303,06/17/2023 00:58:40,1.41,,,
304,06/17/2023 01:01:40,1.33,,,
305,06/17/2023 01:04:40,1.24,,,
306,06/17/2023 01:07:40,1.16,,,
307,06/17/2023 01:10:40,1.11,,,
308,06/17/2023 01:13:40,1.03,,,
309,06/17/2023 01:16:40,0.94,,,
310,06/17/2023 01:19:40,0.81,,,
311,06/17/2023 01:22:40,0.86,,,
312,06/17/2023 01:25:40,0.77,,,
313,06/17/2023 01:28:40,0.90,,,
314,06/17/2023 01:31:40,0.68,,,
315,06/17/2023 01:34:40,0.77,,,
316,06/17/2023 01:37:40,0.55,,,
317,06/17/2023 01:40:40,0.51,,,
318,06/17/2023 01:43:40,0.73,,,
319,06/17/2023 01:46:40,0.81,,,
320,06/17/2023 01:49:40,0.64,,,
321,06/17/2023 01:52:40,0.86,,,
322,06/17/2023 01:55:40,0.94,,,
323,06/17/2023 01:58:40,1.07,,,
324,06/17/2023 02:01:40,1.03,,,
325,06/17/2023 02:04:40,0.86,,,
326,06/17/2023 02:07:40,1.03,,,
327,06/17/2023 02:10:40,1.07,,,
328,06/17/2023 02:13:40,1.24,,,
329,06/17/2023 02:16:40,1.33,,,
330,06/17/2023 02:19:40,1.46,,,
331,06/17/2023 02:22:40,1.50,,,
332,06/17/2023 02:25:40,1.50,,,
333,06/17/2023 02:28:40,1.41,,,
334,06/17/2023 02:31:40,1.46,,,
335,06/17/2023 02:34:40,1.50,,,
336,06/17/2023 02:37:40,1.46,,,
337,06/17/2023 02:40:40,1.46,,,
338,06/17/2023 02:43:40,1.54,,,
339,06/17/2023 02:46:40,1.63,,,
340,06/17/2023 02:49:40,1.76,,,
341,06/17/2023 02:52:40,1.97,,,
342,06/17/2023 02:55:40,2.19,,,
343,06/17/2023 02:58:40,2.23,,,
344,06/17/2023 03:01:40,2.23,,,
345,06/17/2023 03:04:40,2.19,,,
346,06/17/2023 03:07:40,2.06,,,
347,06/17/2023 03:10:40,2.14,,,
348,06/17/2023 03:13:40,2.23,,,
349,06/17/2023 03:16:40,2.19,,,
350,06/17/2023 03:19:40,2.23,,,
351,06/17/2023 03:22:40,2.19,,,
352,06/17/2023 03:25:40,2.36,,,
353,06/17/2023 03:28:40,2.36,,,
354,06/17/2023 03:31:40,2.40,,,
355,06/17/2023 03:34:40,2.44,,,
356,06/17/2023 03:37:40,2.57,,,
357,06/17/2023 03:40:40,2.44,,,
358,06/17/2023 03:43:40,2.40,,,
359,06/17/2023 03:46:40,2.40,,,
360,06/17/2023 03:49:40,2.61,,,
361,06/17/2023 03:52:40,2.66,,,
362,06/17/2023 03:55:40,2.66,,,
363,06/17/2023 03:58:40,2.70,,,
364,06/17/2023 04:01:40,2.70,,,
365,06/17/2023 04:04:40,2.74,,,
366,06/17/2023 04:07:40,2.83,,,
367,06/17/2023 04:10:40,2.91,,,
368,06/17/2023 04:13:40,2.79,,,
369,06/17/2023 04:16:40,2.79,,,
370,06/17/2023 04:19:40,2.83,,,
371,06/17/2023 04:22:40,2.79,,,
372,06/17/2023 04:25:40,2.66,,,
373,06/17/2023 04:28:40,2.70,,,
374,06/17/2023 04:31:40,2.66,,,
375,06/17/2023 04:34:40,2.57,,,
376,06/17/2023 04:37:40,2.57,,,
377,06/17/2023 04:40:40,2.66,,,
378,06/17/2023 04:43:40,2.83,,,
379,06/17/2023 04:46:40,2.91,,,
380,06/17/2023 04:49:40,2.96,,,
381,06/17/2023 04:52:40,3.21,,,
382,06/17/2023 04:55:40,3.34,,,
383,06/17/2023 04:58:40,3.34,,,
384,06/17/2023 05:01:40,3.47,,,
385,06/17/2023 05:04:40,3.56,,,
386,06/17/2023 05:07:40,3.64,,,
387,06/17/2023 05:10:40,3.69,,,
388,06/17/2023 05:13:40,3.69,,,
389,06/17/2023 05:16:40,3.64,,,
390,06/17/2023 05:19:40,3.52,,,
391,06/17/2023 05:22:40,3.39,,,
392,06/17/2023 05:25:40,3.21,,,
393,06/17/2023 05:28:40,3.30,,,
394,06/17/2023 05:31:40,3.26,,,
395,06/17/2023 05:34:40,3.26,,,
396,06/17/2023 05:37:40,3.21,,,
397,06/17/2023 05:40:40,3.30,,,
398,06/17/2023 05:43:40,3.34,,,
399,06/17/2023 05:46:40,3.30,,,
400,06/17/2023 05:49:40,3.30,,,
401,06/17/2023 05:52:40,3.34,,,
402,06/17/2023 05:55:40,3.39,,,
403,06/17/2023 05:58:40,3.43,,,
404,06/17/2023 06:01:40,3.52,,,
405,06/17/2023 06:04:40,3.52,,,
406,06/17/2023 06:07:40,3.52,,,
407,06/17/2023 06:10:40,3.47,,,
408,06/17/2023 06:13:40,3.47,,,
409,06/17/2023 06:16:40,3.47,,,
410,06/17/2023 06:19:40,3.52,,,
411,06/17/2023 06:22:40,3.47,,,
412,06/17/2023 06:25:40,3.56,,,
413,06/17/2023 06:28:40,3.60,,,
414,06/17/2023 06:31:40,3.64,,,
415,06/17/2023 06:34:40,3.69,,,
416,06/17/2023 06:37:40,3.77,,,
417,06/17/2023 06:40:40,3.82,,,
418,06/17/2023 06:43:40,3.82,,,
419,06/17/2023 06:46:40,3.82,,,
420,06/17/2023 06:49:40,3.82,,,
421,06/17/2023 06:52:40,3.82,,,
422,06/17/2023 06:55:40,3.86,,,
423,06/17/2023 06:58:40,3.86,,,
424,06/17/2023 07:01:40,3.94,,,
425,06/17/2023 07:04:40,4.03,,,
426,06/17/2023 07:07:40,4.16,,,
427,06/17/2023 07:10:40,4.16,,,
428,06/17/2023 07:13:40,4.16,,,
429,06/17/2023 07:16:40,4.07,,,
430,06/17/2023 07:19:40,4.12,,,
431,06/17/2023 07:22:40,4.20,,,
432,06/17/2023 07:25:40,4.20,,,
433,06/17/2023 07:28:40,4.33,,,
434,06/17/2023 07:31:40,4.37,,,
435,06/17/2023 07:34:40,4.42,,,
436,06/17/2023 07:37:40,4.50,,,
437,06/17/2023 07:40:40,4.50,,,
438,06/17/2023 07:43:40,4.46,,,
439,06/17/2023 07:46:40,4.46,,,
440,06/17/2023 07:49:40,4.54,,,
441,06/17/2023 07:52:40,4.54,,,
442,06/17/2023 07:55:40,4.46,,,
443,06/17/2023 07:58:40,4.50,,,
444,06/17/2023 08:01:40,4.50,,,
445,06/17/2023 08:04:40,4.54,,,
446,06/17/2023 08:07:40,4.54,,,
447,06/17/2023 08:10:40,4.59,,,
448,06/17/2023 08:13:40,4.63,,,
449,06/17/2023 08:16:40,4.67,,,
450,06/17/2023 08:19:40,4.76,,,
451,06/17/2023 08:22:40,4.80,,,
452,06/17/2023 08:25:40,4.80,,,
453,06/17/2023 08:28:40,4.97,,,
454,06/17/2023 08:31:40,5.10,,,
455,06/17/2023 08:34:40,5.40,,,
456,06/17/2023 08:37:40,5.53,,,
457,06/17/2023 08:40:40,5.45,,,
458,06/17/2023 08:43:40,5.36,,,
459,06/17/2023 08:46:40,5.23,,,
460,06/17/2023 08:49:40,5.15,,,
461,06/17/2023 08:52:40,5.15,,,
462,06/17/2023 08:55:40,5.10,,,
463,06/17/2023 08:58:40,5.06,,,
464,06/17/2023 09:01:40,5.06,,,
465,06/17/2023 09:04:40,5.02,,,
466,06/17/2023 09:07:40,5.10,,,
467,06/17/2023 09:10:40,5.15,,,
468,06/17/2023 09:13:40,5.23,,,
469,06/17/2023 09:16:40,5.19,,,
470,06/17/2023 09:19:40,5.10,,,
471,06/17/2023 09:22:40,5.02,,,
472,06/17/2023 09:25:40,4.97,,,
473,06/17/2023 09:28:40,4.89,,,
474,06/17/2023 09:31:40,4.97,,,
475,06/17/2023 09:34:40,5.02,,,
476,06/17/2023 09:37:40,5.10,,,
477,06/17/2023 09:40:40,5.27,,,
478,06/17/2023 09:43:40,5.36,,,
479,06/17/2023 09:46:40,5.40,,,
480,06/17/2023 09:49:40,5.45,,,
481,06/17/2023 09:52:40,5.53,,,
482,06/17/2023 09:55:40,5.75,,,
483,06/17/2023 09:58:40,5.79,,,
484,06/17/2023 10:01:40,5.92,,,
485,06/17/2023 10:04:40,6.05,,,
486,06/17/2023 10:07:40,6.17,,,
487,06/17/2023 10:10:40,6.30,,,
488,06/17/2023 10:13:40,6.39,,,
489,06/17/2023 10:16:40,6.43,,,
490,06/17/2023 10:19:40,6.43,,,
491,06/17/2023 10:22:40,6.39,,,
492,06/17/2023 10:25:40,6.43,,,
493,06/17/2023 10:28:40,6.78,,,
494,06/17/2023 10:31:40,6.82,,,
495,06/17/2023 10:34:40,6.78,,,
496,06/17/2023 10:37:40,6.99,,,
497,06/17/2023 10:40:40,7.12,,,
498,06/17/2023 10:43:40,7.25,,,
499,06/17/2023 10:46:40,7.33,,,
500,06/17/2023 10:49:40,7.42,,,
501,06/17/2023 10:52:40,7.59,,,
502,06/17/2023 10:55:40,7.76,,,
503,06/17/2023 10:58:40,8.06,,,
504,06/17/2023 11:01:40,8.36,,,
505,06/17/2023 11:04:40,8.19,,,
506,06/17/2023 11:07:40,7.85,,,
507,06/17/2023 11:10:40,7.93,,,
508,06/17/2023 11:13:40,8.32,,,
509,06/17/2023 11:16:40,8.66,,,
510,06/17/2023 11:19:40,9.05,,,
511,06/17/2023 11:22:40,9.18,,,
512,06/17/2023 11:25:40,8.36,,,
513,06/17/2023 11:28:40,8.53,,,
514,06/17/2023 11:31:40,8.41,,,
515,06/17/2023 11:34:40,8.79,,,
516,06/17/2023 11:37:40,8.58,,,
517,06/17/2023 11:40:40,8.45,,,
518,06/17/2023 11:43:40,9.48,,,
519,06/17/2023 11:46:40,8.96,,,
520,06/17/2023 11:49:40,9.18,,,
521,06/17/2023 11:52:40,10.04,,,
522,06/17/2023 11:55:40,10.38,,,
523,06/17/2023 11:58:40,11.15,,,
524,06/17/2023 12:01:40,11.37,,,
525,06/17/2023 12:04:40,10.29,,,
526,06/17/2023 12:07:40,10.64,,,
527,06/17/2023 12:10:40,10.77,,,
528,06/17/2023 12:13:40,11.02,,,
529,06/17/2023 12:16:40,10.72,,,
530,06/17/2023 12:19:40,11.41,,,
531,06/17/2023 12:22:40,12.01,,,
532,06/17/2023 12:25:40,12.48,,,
533,06/17/2023 12:28:40,12.40,,,
534,06/17/2023 12:31:40,12.05,,,
535,06/17/2023 12:34:40,12.78,,,
536,06/17/2023 12:37:40,12.31,,,
537,06/17/2023 12:40:40,12.22,,,
538,06/17/2023 12:43:40,12.52,,,
539,06/17/2023 12:46:40,12.95,,,
540,06/17/2023 12:49:40,13.17,,,
541,06/17/2023 12:52:40,12.22,,,
542,06/17/2023 12:55:40,12.22,,,
543,06/17/2023 12:58:40,12.27,,,
544,06/17/2023 13:01:40,11.67,,,
545,06/17/2023 13:04:40,11.54,,,
546,06/17/2023 13:07:40,13.00,,,
547,06/17/2023 13:10:40,12.35,,,
548,06/17/2023 13:13:40,12.87,,,
549,06/17/2023 13:16:40,12.27,,,
550,06/17/2023 13:19:40,12.82,,,
551,06/17/2023 13:22:40,12.74,,,
552,06/17/2023 13:25:40,11.97,,,
553,06/17/2023 13:28:40,12.35,,,
554,06/17/2023 13:31:40,12.01,,,
555,06/17/2023 13:34:40,12.14,,,
556,06/17/2023 13:37:40,12.01,,,
557,06/17/2023 13:40:40,12.40,,,
558,06/17/2023 13:43:40,13.30,,,
559,06/17/2023 13:46:40,13.25,,,
560,06/17/2023 13:49:40,12.52,,,
561,06/17/2023 13:52:40,12.70,,,
562,06/17/2023 13:55:40,12.70,,,
563,06/17/2023 13:58:40,12.31,,,
564,06/17/2023 14:01:40,12.31,,,
565,06/17/2023 14:04:40,12.01,,,
566,06/17/2023 14:07:40,11.71,,,
567,06/17/2023 14:10:40,10.55,,,
568,06/17/2023 14:13:40,10.51,,,
569,06/17/2023 14:16:40,10.64,,,
570,06/17/2023 14:19:40,10.21,,,
571,06/17/2023 14:22:40,9.48,,,
572,06/17/2023 14:25:40,9.48,,,
573,06/17/2023 14:28:40,9.91,,,
574,06/17/2023 14:31:40,9.69,,,
575,06/17/2023 14:34:40,10.12,,,
576,06/17/2023 14:37:40,10.81,,,
577,06/17/2023 14:40:40,11.19,,,
578,06/17/2023 14:43:40,11.75,,,
579,06/17/2023 14:46:40,11.54,,,
580,06/17/2023 14:49:40,12.01,,,
581,06/17/2023 14:52:40,11.62,,,
582,06/17/2023 14:55:40,11.67,,,
583,06/17/2023 14:58:40,12.01,,,
584,06/17/2023 15:01:40,11.92,,,
585,06/17/2023 15:04:40,12.14,,,
586,06/17/2023 15:07:40,12.35,,,
587,06/17/2023 15:10:40,12.01,,,
588,06/17/2023 15:13:40,11.79,,,
589,06/17/2023 15:16:40,11.45,,,
590,06/17/2023 15:19:40,11.49,,,
591,06/17/2023 15:22:40,12.40,,,
592,06/17/2023 15:25:40,13.12,,,
593,06/17/2023 15:28:40,12.87,,,
594,06/17/2023 15:31:40,12.70,,,
595,06/17/2023 15:34:40,12.14,,,
596,06/17/2023 15:37:40,10.85,,,
597,06/17/2023 15:40:40,10.04,,,
598,06/17/2023 15:43:40,8.88,,,
599,06/17/2023 15:46:40,7.81,,,
600,06/17/2023 15:49:40,7.42,,,
601,06/17/2023 15:52:40,7.38,,,
602,06/17/2023 15:55:40,7.29,,,
603,06/17/2023 15:58:40,7.16,,,
604,06/17/2023 16:01:40,7.03,,,
605,06/17/2023 16:04:40,7.38,,,
606,06/17/2023 16:07:40,7.55,,,
607,06/17/2023 16:10:40,7.89,,,
608,06/17/2023 16:13:40,8.88,,,
609,06/17/2023 16:16:40,9.52,,,
610,06/17/2023 16:19:40,9.48,,,
611,06/17/2023 16:22:40,10.08,,,
612,06/17/2023 16:25:40,10.29,,,
613,06/17/2023 16:28:40,10.64,,,
614,06/17/2023 16:31:40,10.34,,,
615,06/17/2023 16:34:40,10.72,,,
616,06/17/2023 16:37:40,10.77,,,
617,06/17/2023 16:40:40,11.02,,,
618,06/17/2023 16:43:40,11.54,,,
619,06/17/2023 16:46:40,11.71,,,
620,06/17/2023 16:49:40,12.14,,,
621,06/17/2023 16:52:40,12.22,,,
622,06/17/2023 16:55:40,12.44,,,
623,06/17/2023 16:58:40,12.52,,,
624,06/17/2023 17:01:40,12.70,,,
625,06/17/2023 17:04:40,12.65,,,
626,06/17/2023 17:07:40,12.65,,,
627,06/17/2023 17:10:40,12.61,,,
628,06/17/2023 17:13:40,12.91,,,
629,06/17/2023 17:16:40,13.08,,,
630,06/17/2023 17:19:40,13.17,,,
631,06/17/2023 17:22:40,13.51,,,
632,06/17/2023 17:25:40,13.08,,,
633,06/17/2023 17:28:40,13.08,,,
634,06/17/2023 17:31:40,12.82,,,
635,06/17/2023 17:34:40,12.70,,,
636,06/17/2023 17:37:40,12.91,,,
637,06/17/2023 17:40:40,13.60,,,
638,06/17/2023 17:43:40,13.94,,,
639,06/17/2023 17:46:40,14.03,,,
640,06/17/2023 17:49:40,13.81,,,
641,06/17/2023 17:52:40,13.68,,,
642,06/17/2023 17:55:40,14.15,,,
643,06/17/2023 17:58:40,14.15,,,
644,06/17/2023 18:01:40,14.07,,,
645,06/17/2023 18:04:40,13.60,,,
646,06/17/2023 18:07:40,13.81,,,
647,06/17/2023 18:10:40,14.20,,,
648,06/17/2023 18:13:40,14.28,,,
649,06/17/2023 18:16:40,14.33,,,
650,06/17/2023 18:19:40,14.11,,,
651,06/17/2023 18:22:40,14.45,,,
652,06/17/2023 18:25:40,14.50,,,
653,06/17/2023 18:28:40,14.07,,,
654,06/17/2023 18:31:40,13.60,,,
655,06/17/2023 18:34:40,13.73,,,
656,06/17/2023 18:37:40,13.17,,,
657,06/17/2023 18:40:40,13.04,,,
658,06/17/2023 18:43:40,12.91,,,
659,06/17/2023 18:46:40,12.74,,,
660,06/17/2023 18:49:40,12.61,,,
661,06/17/2023 18:52:40,12.52,,,
662,06/17/2023 18:55:40,12.57,,,
663,06/17/2023 18:58:40,13.17,,,
664,06/17/2023 19:01:40,13.68,,,
665,06/17/2023 19:04:40,13.60,,,
666,06/17/2023 19:07:40,13.30,,,
667,06/17/2023 19:10:40,13.68,,,
668,06/17/2023 19:13:40,13.43,,,
669,06/17/2023 19:16:40,12.57,,,
670,06/17/2023 19:19:40,12.57,,,
671,06/17/2023 19:22:40,12.78,,,
672,06/17/2023 19:25:40,12.95,,,
673,06/17/2023 19:28:40,13.04,,,
674,06/17/2023 19:31:40,12.74,,,
675,06/17/2023 19:34:40,12.44,,,
676,06/17/2023 19:37:40,12.31,,,
677,06/17/2023 19:40:40,12.14,,,
678,06/17/2023 19:43:40,11.97,,,
679,06/17/2023 19:46:40,11.62,,,
680,06/17/2023 19:49:40,11.58,,,
681,06/17/2023 19:52:40,11.28,,,
682,06/17/2023 19:55:40,10.89,,,
683,06/17/2023 19:58:40,10.77,,,
684,06/17/2023 20:01:40,10.42,,,
685,06/17/2023 20:04:40,10.08,,,
686,06/17/2023 20:07:40,9.69,,,
687,06/17/2023 20:10:40,9.26,,,
688,06/17/2023 20:13:40,9.18,,,
689,06/17/2023 20:16:40,9.18,,,
690,06/17/2023 20:19:40,9.18,,,
691,06/17/2023 20:22:40,8.96,,,
692,06/17/2023 20:25:40,8.49,,,
693,06/17/2023 20:28:40,8.28,,,
694,06/17/2023 20:31:40,8.23,,,
695,06/17/2023 20:34:40,7.93,,,
696,06/17/2023 20:37:40,7.85,,,
697,06/17/2023 20:40:40,7.50,,,
698,06/17/2023 20:43:40,7.50,,,
699,06/17/2023 20:46:40,7.59,,,
700,06/17/2023 20:49:40,7.42,,,
701,06/17/2023 20:52:40,7.25,,,
702,06/17/2023 20:55:40,7.03,,,
703,06/17/2023 20:58:40,6.99,,,
704,06/17/2023 21:01:40,6.82,,,
705,06/17/2023 21:04:40,6.73,,,
706,06/17/2023 21:07:40,6.69,,,
707,06/17/2023 21:10:40,6.48,,,
708,06/17/2023 21:13:40,6.35,,,
709,06/17/2023 21:16:40,6.17,,,
710,06/17/2023 21:19:40,5.96,,,
711,06/17/2023 21:22:40,5.70,,,
712,06/17/2023 21:25:40,5.53,,,
713,06/17/2023 21:28:40,5.57,,,
714,06/17/2023 21:31:40,5.66,,,
715,06/17/2023 21:34:40,5.40,,,
716,06/17/2023 21:37:40,5.19,,,
717,06/17/2023 21:40:40,5.10,,,
718,06/17/2023 21:43:40,5.10,,,
719,06/17/2023 21:46:40,4.97,,,
720,06/17/2023 21:49:40,5.49,,,
721,06/17/2023 21:52:40,5.49,,,
722,06/17/2023 21:55:40,5.02,,,
723,06/17/2023 21:58:40,4.93,,,
724,06/17/2023 22:01:40,4.59,,,
725,06/17/2023 22:04:40,4.59,,,
726,06/17/2023 22:07:40,4.46,,,
727,06/17/2023 22:10:40,4.42,,,
728,06/17/2023 22:13:40,4.37,,,
729,06/17/2023 22:16:40,4.46,,,
730,06/17/2023 22:19:40,4.67,,,
731,06/17/2023 22:22:40,4.89,,,
732,06/17/2023 22:25:40,4.76,,,
733,06/17/2023 22:28:40,4.59,,,
734,06/17/2023 22:31:40,4.42,,,
735,06/17/2023 22:34:40,4.33,,,
736,06/17/2023 22:37:40,4.07,,,
737,06/17/2023 22:40:40,3.99,,,
738,06/17/2023 22:43:40,3.86,,,
739,06/17/2023 22:46:40,3.77,,,
740,06/17/2023 22:49:40,3.77,,,
741,06/17/2023 22:52:40,3.77,,,
742,06/17/2023 22:55:40,3.77,,,
743,06/17/2023 22:58:40,3.73,,,
744,06/17/2023 23:01:40,3.73,,,
745,06/17/2023 23:04:40,3.60,,,
746,06/17/2023 23:07:40,3.43,,,
747,06/17/2023 23:10:40,3.43,,,
748,06/17/2023 23:13:40,3.26,,,
749,06/17/2023 23:16:40,3.17,,,
750,06/17/2023 23:19:40,3.17,,,
751,06/17/2023 23:22:40,3.09,,,
752,06/17/2023 23:25:40,3.17,,,
753,06/17/2023 23:28:40,3.13,,,
754,06/17/2023 23:31:40,3.04,,,
755,06/17/2023 23:34:40,3.09,,,
756,06/17/2023 23:37:40,3.00,,,
757,06/17/2023 23:40:40,2.96,,,
758,06/17/2023 23:43:40,2.74,,,
759,06/17/2023 23:46:40,2.61,,,
760,06/17/2023 23:49:40,2.57,,,
761,06/17/2023 23:52:40,2.57,,,
762,06/17/2023 23:55:40,2.40,,,
763,06/17/2023 23:58:40,2.01,,,
764,06/18/2023 00:01:40,2.40,,,
765,06/18/2023 00:04:40,2.96,,,
766,06/18/2023 00:07:40,2.79,,,
767,06/18/2023 00:10:40,2.91,,,
768,06/18/2023 00:13:40,2.70,,,
769,06/18/2023 00:16:40,2.36,,,
770,06/18/2023 00:19:40,2.01,,,
771,06/18/2023 00:22:40,2.01,,,
772,06/18/2023 00:25:40,2.96,,,
773,06/18/2023 00:28:40,2.91,,,
774,06/18/2023 00:31:40,2.66,,,
775,06/18/2023 00:34:40,2.49,,,
776,06/18/2023 00:37:40,2.61,,,
777,06/18/2023 00:40:40,2.36,,,
778,06/18/2023 00:43:40,2.40,,,
779,06/18/2023 00:46:40,2.40,,,
780,06/18/2023 00:49:40,2.53,,,
781,06/18/2023 00:52:40,2.40,,,
782,06/18/2023 00:55:40,1.97,,,
783,06/18/2023 00:58:40,1.76,,,
784,06/18/2023 01:01:40,1.67,,,
785,06/18/2023 01:04:40,1.63,,,
786,06/18/2023 01:07:40,1.63,,,
787,06/18/2023 01:10:40,1.50,,,
788,06/18/2023 01:13:40,1.33,,,
789,06/18/2023 01:16:40,1.46,,,
790,06/18/2023 01:19:40,1.37,,,
791,06/18/2023 01:22:40,1.24,,,
792,06/18/2023 01:25:40,1.37,,,
793,06/18/2023 01:28:40,1.50,,,
794,06/18/2023 01:31:40,1.20,,,
795,06/18/2023 01:34:40,0.98,,,
796,06/18/2023 01:37:40,1.11,,,
797,06/18/2023 01:40:40,1.07,,,
798,06/18/2023 01:43:40,1.16,,,
799,06/18/2023 01:46:40,1.16,,,
800,06/18/2023 01:49:40,0.94,,,
801,06/18/2023 01:52:40,0.86,,,
802,06/18/2023 01:55:40,0.81,,,
803,06/18/2023 01:58:40,0.90,,,
804,06/18/2023 02:01:40,0.86,,,
805,06/18/2023 02:04:40,0.77,,,
806,06/18/2023 02:07:40,0.77,,,
807,06/18/2023 02:10:40,0.77,,,
808,06/18/2023 02:13:40,0.81,,,
809,06/18/2023 02:16:40,0.73,,,
810,06/18/2023 02:19:40,0.77,,,
811,06/18/2023 02:22:40,0.77,,,
812,06/18/2023 02:25:40,0.64,,,
813,06/18/2023 02:28:40,0.60,,,
814,06/18/2023 02:31:40,0.81,,,
815,06/18/2023 02:34:40,0.81,,,
816,06/18/2023 02:37:40,0.64,,,
817,06/18/2023 02:40:40,0.64,,,
818,06/18/2023 02:43:40,0.68,,,
819,06/18/2023 02:46:40,0.64,,,
820,06/18/2023 02:49:40,0.38,,,
821,06/18/2023 02:52:40,0.47,,,
822,06/18/2023 02:55:40,0.34,,,
823,06/18/2023 02:58:40,0.34,,,
824,06/18/2023 03:01:40,0.38,,,
825,06/18/2023 03:04:40,0.51,,,
826,06/18/2023 03:07:40,0.34,,,
827,06/18/2023 03:10:40,0.38,,,
828,06/18/2023 03:13:40,0.51,,,
829,06/18/2023 03:16:40,0.51,,,
830,06/18/2023 03:19:40,0.43,,,
831,06/18/2023 03:22:40,0.21,,,
832,06/18/2023 03:25:40,0.17,,,
833,06/18/2023 03:28:40,0.17,,,
834,06/18/2023 03:31:40,0.47,,,
835,06/18/2023 03:34:40,0.38,,,
836,06/18/2023 03:37:40,0.25,,,
837,06/18/2023 03:40:40,0.25,,,
838,06/18/2023 03:43:40,0.17,,,
839,06/18/2023 03:46:40,0.04,,,
840,06/18/2023 03:49:40,0.04,,,
841,06/18/2023 03:52:40,0.00,,,
842,06/18/2023 03:55:40,-0.05,,,
843,06/18/2023 03:58:40,-0.05,,,
844,06/18/2023 04:01:40,-0.17,,,
845,06/18/2023 04:04:40,-0.13,,,
846,06/18/2023 04:07:40,-0.09,,,
847,06/18/2023 04:10:40,-0.13,,,
848,06/18/2023 04:13:40,-0.17,,,
849,06/18/2023 04:16:40,-0.22,,,
850,06/18/2023 04:19:40,-0.13,,,
851,06/18/2023 04:22:40,-0.09,,,
852,06/18/2023 04:25:40,-0.09,,,
853,06/18/2023 04:28:40,0.04,,,
854,06/18/2023 04:31:40,0.17,,,
855,06/18/2023 04:34:40,0.08,,,
856,06/18/2023 04:37:40,0.04,,,
857,06/18/2023 04:40:40,-0.09,,,
858,06/18/2023 04:43:40,-0.26,,,
859,06/18/2023 04:46:40,-0.39,,,
860,06/18/2023 04:49:40,-0.43,,,
861,06/18/2023 04:52:40,-0.35,,,
862,06/18/2023 04:55:40,-0.35,,,
863,06/18/2023 04:58:40,-0.22,,,
864,06/18/2023 05:01:40,-0.35,,,
865,06/18/2023 05:04:40,-0.26,,,
866,06/18/2023 05:07:40,-0.22,,,
867,06/18/2023 05:10:40,-0.22,,,
868,06/18/2023 05:13:40,-0.17,,,
869,06/18/2023 05:16:40,-0.05,,,
870,06/18/2023 05:19:40,-0.09,,,
871,06/18/2023 05:22:40,-0.09,,,
872,06/18/2023 05:25:40,-0.30,,,
873,06/18/2023 05:28:40,-0.47,,,
874,06/18/2023 05:31:40,-0.39,,,
875,06/18/2023 05:34:40,-0.22,,,
876,06/18/2023 05:37:40,-0.26,,,
877,06/18/2023 05:40:40,-0.13,,,
878,06/18/2023 05:43:40,-0.09,,,
879,06/18/2023 05:46:40,0.00,,,
880,06/18/2023 05:49:40,0.08,,,
881,06/18/2023 05:52:40,0.17,,,
882,06/18/2023 05:55:40,-0.26,,,
883,06/18/2023 05:58:40,-0.35,,,
884,06/18/2023 06:01:40,-0.47,,,
885,06/18/2023 06:04:40,-0.43,,,
886,06/18/2023 06:07:40,-0.43,,,
887,06/18/2023 06:10:40,-0.30,,,
888,06/18/2023 06:13:40,-0.22,,,
889,06/18/2023 06:16:40,-0.22,,,
890,06/18/2023 06:19:40,-0.22,,,
891,06/18/2023 06:22:40,-0.09,,,
892,06/18/2023 06:25:40,0.08,,,
893,06/18/2023 06:28:40,0.30,,,
894,06/18/2023 06:31:40,0.51,,,
895,06/18/2023 06:34:40,0.94,,,
896,06/18/2023 06:37:40,1.20,,,
897,06/18/2023 06:40:40,1.28,,,
898,06/18/2023 06:43:40,1.24,,,
899,06/18/2023 06:46:40,1.71,,,
900,06/18/2023 06:49:40,2.40,,,
901,06/18/2023 06:52:40,3.09,,,
902,06/18/2023 06:55:40,3.69,,,
903,06/18/2023 06:58:40,3.60,,,
904,06/18/2023 07:01:40,3.86,,,
905,06/18/2023 07:04:40,3.73,,,
906,06/18/2023 07:07:40,4.54,,,
907,06/18/2023 07:10:40,4.46,,,
908,06/18/2023 07:13:40,4.46,,,
909,06/18/2023 07:16:40,4.46,,,
910,06/18/2023 07:19:40,4.46,,,
911,06/18/2023 07:22:40,4.72,,,
912,06/18/2023 07:25:40,4.84,,,
913,06/18/2023 07:28:40,5.06,,,
914,06/18/2023 07:31:40,5.83,,,
915,06/18/2023 07:34:40,6.78,,,
916,06/18/2023 07:37:40,6.82,,,
917,06/18/2023 07:40:40,6.17,,,
918,06/18/2023 07:43:40,6.35,,,
919,06/18/2023 07:46:40,6.48,,,
920,06/18/2023 07:49:40,6.90,,,
921,06/18/2023 07:52:40,6.90,,,
922,06/18/2023 07:55:40,7.20,,,
923,06/18/2023 07:58:40,7.76,,,
924,06/18/2023 08:01:40,8.15,,,
925,06/18/2023 08:04:40,8.83,,,
926,06/18/2023 08:07:40,9.31,,,
927,06/18/2023 08:10:40,9.52,,,
928,06/18/2023 08:13:40,10.38,,,
929,06/18/2023 08:16:40,10.98,,,
930,06/18/2023 08:19:40,11.37,,,
931,06/18/2023 08:22:40,10.81,,,
932,06/18/2023 08:25:40,10.21,,,
933,06/18/2023 08:28:40,10.25,,,
934,06/18/2023 08:31:40,10.55,,,
935,06/18/2023 08:34:40,9.48,,,
936,06/18/2023 08:37:40,10.94,,,
937,06/18/2023 08:40:40,10.77,,,
938,06/18/2023 08:43:40,10.77,,,
939,06/18/2023 08:46:40,10.42,,,
940,06/18/2023 08:49:40,10.46,,,
941,06/18/2023 08:52:40,10.42,,,
942,06/18/2023 08:55:40,11.02,,,
943,06/18/2023 08:58:40,11.19,,,
944,06/18/2023 09:01:40,11.07,,,
945,06/18/2023 09:04:40,11.02,,,
946,06/18/2023 09:07:40,11.71,,,
947,06/18/2023 09:10:40,11.88,,,
948,06/18/2023 09:13:40,11.45,,,
949,06/18/2023 09:16:40,12.05,,,
950,06/18/2023 09:19:40,13.30,,,
951,06/18/2023 09:22:40,13.12,,,
952,06/18/2023 09:25:40,12.95,,,
953,06/18/2023 09:28:40,13.47,,,
954,06/18/2023 09:31:40,14.37,,,
955,06/18/2023 09:34:40,14.24,,,
956,06/18/2023 09:37:40,14.03,,,
957,06/18/2023 09:40:40,13.38,,,
958,06/18/2023 09:43:40,14.03,,,
959,06/18/2023 09:46:40,14.03,,,
960,06/18/2023 09:49:40,13.94,,,
961,06/18/2023 09:52:40,14.97,,,
962,06/18/2023 09:55:40,14.33,,,
963,06/18/2023 09:58:40,14.54,,,
964,06/18/2023 10:01:40,13.94,,,
965,06/18/2023 10:04:40,15.14,,,
966,06/18/2023 10:07:40,15.87,,,
967,06/18/2023 10:10:40,14.63,,,
968,06/18/2023 10:13:40,14.63,,,
969,06/18/2023 10:16:40,12.78,,,
970,06/18/2023 10:19:40,13.68,,,
971,06/18/2023 10:22:40,14.03,,,
972,06/18/2023 10:25:40,13.81,,,
973,06/18/2023 10:28:40,14.28,,,
974,06/18/2023 10:31:40,13.81,,,
975,06/18/2023 10:34:40,13.08,,,
976,06/18/2023 10:37:40,14.45,,,
977,06/18/2023 10:40:40,13.64,,,
978,06/18/2023 10:43:40,13.38,,,
979,06/18/2023 10:46:40,13.98,,,
980,06/18/2023 10:49:40,14.63,,,
981,06/18/2023 10:52:40,13.55,,,
982,06/18/2023 10:55:40,14.11,,,
983,06/18/2023 10:58:40,14.20,,,
984,06/18/2023 11:01:40,13.94,,,
985,06/18/2023 11:04:40,14.28,,,
986,06/18/2023 11:07:40,15.53,,,
987,06/18/2023 11:10:40,17.03,,,
988,06/18/2023 11:13:40,15.70,,,
989,06/18/2023 11:16:40,16.81,,,
990,06/18/2023 11:19:40,17.41,,,
991,06/18/2023 11:22:40,16.60,,,
992,06/18/2023 11:25:40,15.83,,,
993,06/18/2023 11:28:40,15.70,,,
994,06/18/2023 11:31:40,15.48,,,
995,06/18/2023 11:34:40,16.26,,,
996,06/18/2023 11:37:40,17.29,,,
997,06/18/2023 11:40:40,17.03,,,
998,06/18/2023 11:43:40,16.39,,,
999,06/18/2023 11:46:40,15.96,,,
1000,06/18/2023 11:49:40,15.57,,,
1001,06/18/2023 11:52:40,16.56,,,
1002,06/18/2023 11:55:40,17.29,,,
1003,06/18/2023 11:58:40,18.23,,,
1004,06/18/2023 12:01:40,18.49,,,
1005,06/18/2023 12:04:40,18.14,,,
1006,06/18/2023 12:07:40,18.53,,,
1007,06/18/2023 12:10:40,19.22,,,
1008,06/18/2023 12:13:40,19.35,,,
1009,06/18/2023 12:16:40,17.67,,,
1010,06/18/2023 12:19:40,17.11,,,
1011,06/18/2023 12:22:40,18.19,,,
1012,06/18/2023 12:25:40,20.03,,,
1013,06/18/2023 12:28:40,19.86,,,
1014,06/18/2023 12:31:40,18.32,,,
1015,06/18/2023 12:34:40,17.67,,,
1016,06/18/2023 12:37:40,19.39,,,
1017,06/18/2023 12:40:40,20.07,,,
1018,06/18/2023 12:43:40,19.77,,,
1019,06/18/2023 12:46:40,19.35,,,
1020,06/18/2023 12:49:40,18.83,,,
1021,06/18/2023 12:52:40,19.82,,,
1022,06/18/2023 12:55:40,19.86,,,
1023,06/18/2023 12:58:40,19.17,,,
1024,06/18/2023 13:01:40,18.57,,,
1025,06/18/2023 13:04:40,18.40,,,
1026,06/18/2023 13:07:40,18.66,,,
1027,06/18/2023 13:10:40,18.87,,,
1028,06/18/2023 13:13:40,19.22,,,
1029,06/18/2023 13:16:40,19.56,,,
1030,06/18/2023 13:19:40,20.72,,,
1031,06/18/2023 13:22:40,19.95,,,
1032,06/18/2023 13:25:40,19.56,,,
1033,06/18/2023 13:28:40,19.47,,,
1034,06/18/2023 13:31:40,20.37,,,
1035,06/18/2023 13:34:40,19.95,,,
1036,06/18/2023 13:37:40,19.47,,,
1037,06/18/2023 13:40:40,19.52,,,
1038,06/18/2023 13:43:40,20.37,,,
1039,06/18/2023 13:46:40,20.50,,,
1040,06/18/2023 13:49:40,21.40,,,
1041,06/18/2023 13:52:40,21.58,,,
1042,06/18/2023 13:55:40,21.70,,,
1043,06/18/2023 13:58:40,20.85,,,
1044,06/18/2023 14:01:40,20.33,,,
1045,06/18/2023 14:04:40,19.95,,,
1046,06/18/2023 14:07:40,19.90,,,
1047,06/18/2023 14:10:40,20.59,,,
1048,06/18/2023 14:13:40,21.06,,,
1049,06/18/2023 14:16:40,21.32,,,
1050,06/18/2023 14:19:40,21.45,,,
1051,06/18/2023 14:22:40,21.49,,,
1052,06/18/2023 14:25:40,22.26,,,
1053,06/18/2023 14:28:40,21.70,,,
1054,06/18/2023 14:31:40,21.58,,,
1055,06/18/2023 14:34:40,21.02,,,
1056,06/18/2023 14:37:40,19.90,,,
1057,06/18/2023 14:40:40,20.16,,,
1058,06/18/2023 14:43:40,20.29,,,
1059,06/18/2023 14:46:40,20.29,,,
1060,06/18/2023 14:49:40,20.50,,,
1061,06/18/2023 14:52:40,20.03,,,
1062,06/18/2023 14:55:40,19.22,,,
1063,06/18/2023 14:58:40,19.69,,,
1064,06/18/2023 15:01:40,19.73,,,
1065,06/18/2023 15:04:40,19.99,,,
1066,06/18/2023 15:07:40,20.12,,,
1067,06/18/2023 15:10:40,19.56,,,
1068,06/18/2023 15:13:40,19.86,,,
1069,06/18/2023 15:16:40,20.68,,,
1070,06/18/2023 15:19:40,21.02,,,
1071,06/18/2023 15:22:40,20.85,,,
1072,06/18/2023 15:25:40,19.90,,,
1073,06/18/2023 15:28:40,19.69,,,
1074,06/18/2023 15:31:40,20.46,,,
1075,06/18/2023 15:34:40,20.25,,,
1076,06/18/2023 15:37:40,19.99,,,
1077,06/18/2023 15:40:40,21.36,,,
1078,06/18/2023 15:43:40,21.70,,,
1079,06/18/2023 15:46:40,21.45,,,
1080,06/18/2023 15:49:40,22.05,,,
1081,06/18/2023 15:52:40,21.49,,,
1082,06/18/2023 15:55:40,21.40,,,
1083,06/18/2023 15:58:40,21.40,,,
1084,06/18/2023 16:01:40,21.70,,,
1085,06/18/2023 16:04:40,21.79,,,
1086,06/18/2023 16:07:40,21.02,,,
1087,06/18/2023 16:10:40,21.19,,,
1088,06/18/2023 16:13:40,21.19,,,
1089,06/18/2023 16:16:40,21.06,,,
1090,06/18/2023 16:19:40,21.10,,,
1091,06/18/2023 16:22:40,20.72,,,
1092,06/18/2023 16:25:40,20.50,,,
1093,06/18/2023 16:28:40,20.55,,,
1094,06/18/2023 16:31:40,20.68,,,
1095,06/18/2023 16:34:40,21.62,,,
1096,06/18/2023 16:37:40,22.01,,,
1097,06/18/2023 16:40:40,22.82,,,
1098,06/18/2023 16:43:40,22.48,,,
1099,06/18/2023 16:46:40,21.66,,,
1100,06/18/2023 16:49:40,22.35,,,
1101,06/18/2023 16:52:40,22.39,,,
1102,06/18/2023 16:55:40,22.99,,,
1103,06/18/2023 16:58:40,22.43,,,
1104,06/18/2023 17:01:40,22.73,,,
1105,06/18/2023 17:04:40,21.83,,,
1106,06/18/2023 17:07:40,21.83,,,
1107,06/18/2023 17:10:40,21.92,,,
1108,06/18/2023 17:13:40,21.88,,,
1109,06/18/2023 17:16:40,22.39,,,
1110,06/18/2023 17:19:40,21.79,,,
1111,06/18/2023 17:22:40,21.66,,,
1112,06/18/2023 17:25:40,21.45,,,
1113,06/18/2023 17:28:40,21.36,,,
1114,06/18/2023 17:31:40,21.45,,,
1115,06/18/2023 17:34:40,21.83,,,
1116,06/18/2023 17:37:40,21.58,,,
1117,06/18/2023 17:40:40,21.58,,,
1118,06/18/2023 17:43:40,21.15,,,
1119,06/18/2023 17:46:40,21.32,,,
1120,06/18/2023 17:49:40,21.58,,,
1121,06/18/2023 17:52:40,21.49,,,
1122,06/18/2023 17:55:40,21.36,,,
1123,06/18/2023 17:58:40,21.49,,,
1124,06/18/2023 18:01:40,21.96,,,
1125,06/18/2023 18:04:40,21.53,,,
1126,06/18/2023 18:07:40,21.45,,,
1127,06/18/2023 18:10:40,21.23,,,
1128,06/18/2023 18:13:40,21.75,,,
1129,06/18/2023 18:16:40,21.19,,,
1130,06/18/2023 18:19:40,20.76,,,
1131,06/18/2023 18:22:40,20.68,,,
1132,06/18/2023 18:25:40,20.68,,,
1133,06/18/2023 18:28:40,20.98,,,
1134,06/18/2023 18:31:40,21.02,,,
1135,06/18/2023 18:34:40,20.89,,,
1136,06/18/2023 18:37:40,20.76,,,
1137,06/18/2023 18:40:40,20.55,,,
1138,06/18/2023 18:43:40,20.76,,,
1139,06/18/2023 18:46:40,20.76,,,
1140,06/18/2023 18:49:40,20.33,,,
1141,06/18/2023 18:52:40,20.37,,,
1142,06/18/2023 18:55:40,20.20,,,
1143,06/18/2023 18:58:40,20.50,,,
1144,06/18/2023 19:01:40,20.55,,,
1145,06/18/2023 19:04:40,20.55,,,
1146,06/18/2023 19:07:40,20.46,,,
1147,06/18/2023 19:10:40,20.16,,,
1148,06/18/2023 19:13:40,19.95,,,
1149,06/18/2023 19:16:40,19.73,,,
1150,06/18/2023 19:19:40,19.47,,,
1151,06/18/2023 19:22:40,19.60,,,
1152,06/18/2023 19:25:40,19.30,,,
1153,06/18/2023 19:28:40,18.57,,,
1154,06/18/2023 19:31:40,18.49,,,
1155,06/18/2023 19:34:40,17.93,,,
1156,06/18/2023 19:37:40,17.24,,,
1157,06/18/2023 19:40:40,16.77,,,
1158,06/18/2023 19:43:40,16.86,,,
1159,06/18/2023 19:46:40,16.60,,,
1160,06/18/2023 19:49:40,15.96,,,
1161,06/18/2023 19:52:40,15.96,,,
1162,06/18/2023 19:55:40,15.74,,,
1163,06/18/2023 19:58:40,16.13,,,
1164,06/18/2023 20:01:40,15.87,,,
1165,06/18/2023 20:04:40,15.06,,,
1166,06/18/2023 20:07:40,14.28,,,
1167,06/18/2023 20:10:40,14.07,,,
1168,06/18/2023 20:13:40,13.73,,,
1169,06/18/2023 20:16:40,13.43,,,
1170,06/18/2023 20:19:40,12.82,,,
1171,06/18/2023 20:22:40,12.35,,,
1172,06/18/2023 20:25:40,12.57,,,
1173,06/18/2023 20:28:40,11.79,,,
1174,06/18/2023 20:31:40,11.92,,,
1175,06/18/2023 20:34:40,11.62,,,
1176,06/18/2023 20:37:40,12.01,,,
1177,06/18/2023 20:40:40,12.05,,,
1178,06/18/2023 20:43:40,11.92,,,
1179,06/18/2023 20:46:40,11.54,,,
1180,06/18/2023 20:49:40,11.28,,,
1181,06/18/2023 20:52:40,11.15,,,
1182,06/18/2023 20:55:40,10.98,,,
1183,06/18/2023 20:58:40,10.94,,,
1184,06/18/2023 21:01:40,10.89,,,
1185,06/18/2023 21:04:40,11.02,,,
1186,06/18/2023 21:07:40,10.94,,,
1187,06/18/2023 21:10:40,10.38,,,
1188,06/18/2023 21:13:40,10.04,,,
1189,06/18/2023 21:16:40,9.95,,,
1190,06/18/2023 21:19:40,9.82,,,
1191,06/18/2023 21:22:40,9.82,,,
1192,06/18/2023 21:25:40,9.52,,,
1193,06/18/2023 21:28:40,9.01,,,
1194,06/18/2023 21:31:40,9.14,,,
1195,06/18/2023 21:34:40,9.65,,,
1196,06/18/2023 21:37:40,10.34,,,
1197,06/18/2023 21:40:40,9.82,,,
1198,06/18/2023 21:43:40,9.26,,,
1199,06/18/2023 21:46:40,9.22,,,
1200,06/18/2023 21:49:40,9.26,,,
1201,06/18/2023 21:52:40,9.82,,,
1202,06/18/2023 21:55:40,9.56,,,
1203,06/18/2023 21:58:40,8.88,,,
1204,06/18/2023 22:01:40,8.88,,,
1205,06/18/2023 22:04:40,8.96,,,
1206,06/18/2023 22:07:40,8.96,,,
1207,06/18/2023 22:10:40,8.75,,,
1208,06/18/2023 22:13:40,8.32,,,
1209,06/18/2023 22:16:40,8.88,,,
1210,06/18/2023 22:19:40,8.83,,,
1211,06/18/2023 22:22:40,8.71,,,
1212,06/18/2023 22:25:40,8.53,,,
1213,06/18/2023 22:28:40,8.19,,,
1214,06/18/2023 22:31:40,7.72,,,
1215,06/18/2023 22:34:40,7.85,,,
1216,06/18/2023 22:37:40,8.36,,,
1217,06/18/2023 22:40:40,8.28,,,
1218,06/18/2023 22:43:40,7.72,,,
1219,06/18/2023 22:46:40,7.59,,,
1220,06/18/2023 22:49:40,7.25,,,
1221,06/18/2023 22:52:40,7.38,,,
1222,06/18/2023 22:55:40,7.25,,,
1223,06/18/2023 22:58:40,6.82,,,
1224,06/18/2023 23:01:40,6.60,,,
1225,06/18/2023 23:04:40,6.60,,,
1226,06/18/2023 23:07:40,6.69,,,
1227,06/18/2023 23:10:40,6.86,,,
1228,06/18/2023 23:13:40,6.90,,,
1229,06/18/2023 23:16:40,6.48,,,
1230,06/18/2023 23:19:40,6.30,,,
1231,06/18/2023 23:22:40,6.56,,,
1232,06/18/2023 23:25:40,6.43,,,
1233,06/18/2023 23:28:40,6.35,,,
1234,06/18/2023 23:31:40,6.48,,,
1235,06/18/2023 23:34:40,6.35,,,
1236,06/18/2023 23:37:40,6.05,,,
1237,06/18/2023 23:40:40,6.17,,,
1238,06/18/2023 23:43:40,5.87,,,
1239,06/18/2023 23:46:40,5.70,,,
1240,06/18/2023 23:49:40,5.36,,,
1241,06/18/2023 23:52:40,5.27,,,
1242,06/18/2023 23:55:40,5.27,,,
1243,06/18/2023 23:58:40,5.70,,,
1244,06/19/2023 00:01:40,5.36,,,
1245,06/19/2023 00:04:40,5.32,,,
1246,06/19/2023 00:07:40,5.06,,,
1247,06/19/2023 00:10:40,4.84,,,
1248,06/19/2023 00:13:40,4.89,,,
1249,06/19/2023 00:16:40,4.76,,,
1250,06/19/2023 00:19:40,5.02,,,
1251,06/19/2023 00:22:40,5.19,,,
1252,06/19/2023 00:25:40,5.10,,,
1253,06/19/2023 00:28:40,4.97,,,
1254,06/19/2023 00:31:40,4.97,,,
1255,06/19/2023 00:34:40,4.80,,,
1256,06/19/2023 00:37:40,4.80,,,
1257,06/19/2023 00:40:40,4.59,,,
1258,06/19/2023 00:43:40,4.80,,,
1259,06/19/2023 00:46:40,4.89,,,
1260,06/19/2023 00:49:40,4.42,,,
1261,06/19/2023 00:52:40,4.67,,,
1262,06/19/2023 00:55:40,4.63,,,
1263,06/19/2023 00:58:40,4.76,,,
1264,06/19/2023 01:01:40,4.97,,,
1265,06/19/2023 01:04:40,4.76,,,
1266,06/19/2023 01:07:40,4.50,,,
1267,06/19/2023 01:10:40,4.33,,,
1268,06/19/2023 01:13:40,4.29,,,
1269,06/19/2023 01:16:40,3.94,,,
1270,06/19/2023 01:19:40,3.77,,,
1271,06/19/2023 01:22:40,3.82,,,
1272,06/19/2023 01:25:40,3.60,,,
1273,06/19/2023 01:28:40,3.64,,,
1274,06/19/2023 01:31:40,3.43,,,
1275,06/19/2023 01:34:40,3.43,,,
1276,06/19/2023 01:37:40,3.60,,,
1277,06/19/2023 01:40:40,3.34,,,
1278,06/19/2023 01:43:40,3.43,,,
1279,06/19/2023 01:46:40,3.30,,,
1280,06/19/2023 01:49:40,3.39,,,
1281,06/19/2023 01:52:40,3.64,,,
1282,06/19/2023 01:55:40,3.64,,,
1283,06/19/2023 01:58:40,3.56,,,
1284,06/19/2023 02:01:40,3.39,,,
1285,06/19/2023 02:04:40,3.13,,,
1286,06/19/2023 02:07:40,3.13,,,
1287,06/19/2023 02:10:40,3.17,,,
1288,06/19/2023 02:13:40,3.26,,,
1289,06/19/2023 02:16:40,3.17,,,
1290,06/19/2023 02:19:40,3.26,,,
1291,06/19/2023 02:22:40,3.86,,,
1292,06/19/2023 02:25:40,3.64,,,
1293,06/19/2023 02:28:40,3.64,,,
1294,06/19/2023 02:31:40,3.60,,,
1295,06/19/2023 02:34:40,3.90,,,
1296,06/19/2023 02:37:40,3.99,,,
1297,06/19/2023 02:40:40,4.20,,,
1298,06/19/2023 02:43:40,3.86,,,
1299,06/19/2023 02:46:40,3.60,,,
1300,06/19/2023 02:49:40,3.56,,,
1301,06/19/2023 02:52:40,3.43,,,
1302,06/19/2023 02:55:40,3.13,,,
1303,06/19/2023 02:58:40,2.83,,,
1304,06/19/2023 03:01:40,3.04,,,
1305,06/19/2023 03:04:40,4.16,,,
1306,06/19/2023 03:07:40,3.86,,,
1307,06/19/2023 03:10:40,3.04,,,
1308,06/19/2023 03:13:40,3.04,,,
1309,06/19/2023 03:16:40,3.17,,,
1310,06/19/2023 03:19:40,3.39,,,
1311,06/19/2023 03:22:40,2.91,,,
1312,06/19/2023 03:25:40,2.74,,,
1313,06/19/2023 03:28:40,2.36,,,
1314,06/19/2023 03:31:40,2.06,,,
1315,06/19/2023 03:34:40,1.88,,,
1316,06/19/2023 03:37:40,1.93,,,
1317,06/19/2023 03:40:40,2.06,,,
1318,06/19/2023 03:43:40,2.44,,,
1319,06/19/2023 03:46:40,2.19,,,
1320,06/19/2023 03:49:40,2.10,,,
1321,06/19/2023 03:52:40,1.84,,,
1322,06/19/2023 03:55:40,1.54,,,
1323,06/19/2023 03:58:40,1.41,,,
1324,06/19/2023 04:01:40,1.37,,,
1325,06/19/2023 04:04:40,1.16,,,
1326,06/19/2023 04:07:40,0.81,,,
1327,06/19/2023 04:10:40,0.94,,,
1328,06/19/2023 04:13:40,0.98,,,
1329,06/19/2023 04:16:40,1.28,,,
1330,06/19/2023 04:19:40,1.28,,,
1331,06/19/2023 04:22:40,1.37,,,
1332,06/19/2023 04:25:40,1.37,,,
1333,06/19/2023 04:28:40,1.54,,,
1334,06/19/2023 04:31:40,1.58,,,
1335,06/19/2023 04:34:40,1.33,,,
1336,06/19/2023 04:37:40,1.11,,,
1337,06/19/2023 04:40:40,1.28,,,
1338,06/19/2023 04:43:40,1.03,,,
1339,06/19/2023 04:46:40,1.37,,,
1340,06/19/2023 04:49:40,1.46,,,
1341,06/19/2023 04:52:40,1.37,,,
1342,06/19/2023 04:55:40,1.41,,,
1343,06/19/2023 04:58:40,1.63,,,
1344,06/19/2023 05:01:40,1.76,,,
1345,06/19/2023 05:04:40,1.24,,,
1346,06/19/2023 05:07:40,1.24,,,
1347,06/19/2023 05:10:40,1.20,,,
1348,06/19/2023 05:13:40,1.46,,,
1349,06/19/2023 05:16:40,1.20,,,
1350,06/19/2023 05:19:40,1.33,,,
1351,06/19/2023 05:22:40,1.33,,,
1352,06/19/2023 05:25:40,1.50,,,
1353,06/19/2023 05:28:40,1.33,,,
1354,06/19/2023 05:31:40,1.11,,,
1355,06/19/2023 05:34:40,1.28,,,
1356,06/19/2023 05:37:40,1.11,,,
1357,06/19/2023 05:40:40,1.24,,,
1358,06/19/2023 05:43:40,1.33,,,
1359,06/19/2023 05:46:40,1.33,,,
1360,06/19/2023 05:49:40,1.24,,,
1361,06/19/2023 05:52:40,1.50,,,
1362,06/19/2023 05:55:40,1.46,,,
1363,06/19/2023 05:58:40,1.11,,,
1364,06/19/2023 06:01:40,0.73,,,
1365,06/19/2023 06:04:40,0.64,,,
1366,06/19/2023 06:07:40,0.68,,,
1367,06/19/2023 06:10:40,0.98,,,
1368,06/19/2023 06:13:40,0.98,,,
1369,06/19/2023 06:16:40,0.68,,,
1370,06/19/2023 06:19:40,0.86,,,
1371,06/19/2023 06:22:40,0.90,,,
1372,06/19/2023 06:25:40,1.11,,,
1373,06/19/2023 06:28:40,1.07,,,
1374,06/19/2023 06:31:40,1.24,,,
1375,06/19/2023 06:34:40,1.76,,,
1376,06/19/2023 06:37:40,1.71,,,
1377,06/19/2023 06:40:40,1.67,,,
1378,06/19/2023 06:43:40,2.01,,,
1379,06/19/2023 06:46:40,2.36,,,
1380,06/19/2023 06:49:40,3.26,,,
1381,06/19/2023 06:52:40,3.94,,,
1382,06/19/2023 06:55:40,4.50,,,
1383,06/19/2023 06:58:40,4.54,,,
1384,06/19/2023 07:01:40,4.72,,,
1385,06/19/2023 07:04:40,5.10,,,
1386,06/19/2023 07:07:40,5.83,,,
1387,06/19/2023 07:10:40,5.87,,,
1388,06/19/2023 07:13:40,5.96,,,
1389,06/19/2023 07:16:40,6.56,,,
1390,06/19/2023 07:19:40,7.20,,,
1391,06/19/2023 07:22:40,7.76,,,
1392,06/19/2023 07:25:40,8.53,,,
1393,06/19/2023 07:28:40,9.22,,,
1394,06/19/2023 07:31:40,9.74,,,
1395,06/19/2023 07:34:40,10.21,,,
1396,06/19/2023 07:37:40,10.16,,,
1397,06/19/2023 07:40:40,10.55,,,
1398,06/19/2023 07:43:40,10.59,,,
1399,06/19/2023 07:46:40,10.51,,,
1400,06/19/2023 07:49:40,10.72,,,
1401,06/19/2023 07:52:40,11.24,,,
1402,06/19/2023 07:55:40,12.10,,,
1403,06/19/2023 07:58:40,12.35,,,
1404,06/19/2023 08:01:40,11.67,,,
1405,06/19/2023 08:04:40,11.92,,,
1406,06/19/2023 08:07:40,12.10,,,
1407,06/19/2023 08:10:40,12.22,,,
1408,06/19/2023 08:13:40,12.35,,,
1409,06/19/2023 08:16:40,13.30,,,
1410,06/19/2023 08:19:40,13.94,,,
1411,06/19/2023 08:22:40,14.28,,,
1412,06/19/2023 08:25:40,14.97,,,
1413,06/19/2023 08:28:40,15.31,,,
1414,06/19/2023 08:31:40,15.78,,,
1415,06/19/2023 08:34:40,16.99,,,
1416,06/19/2023 08:37:40,16.99,,,
1417,06/19/2023 08:40:40,17.16,,,
1418,06/19/2023 08:43:40,17.29,,,
1419,06/19/2023 08:46:40,16.47,,,
1420,06/19/2023 08:49:40,16.13,,,
1421,06/19/2023 08:52:40,15.31,,,
1422,06/19/2023 08:55:40,13.90,,,
1423,06/19/2023 08:58:40,14.33,,,
1424,06/19/2023 09:01:40,14.41,,,
1425,06/19/2023 09:04:40,14.63,,,
1426,06/19/2023 09:07:40,15.23,,,
1427,06/19/2023 09:10:40,14.84,,,
1428,06/19/2023 09:13:40,14.37,,,
1429,06/19/2023 09:16:40,14.41,,,
1430,06/19/2023 09:19:40,14.93,,,
1431,06/19/2023 09:22:40,15.48,,,
1432,06/19/2023 09:25:40,15.78,,,
1433,06/19/2023 09:28:40,15.48,,,
1434,06/19/2023 09:31:40,15.31,,,
1435,06/19/2023 09:34:40,15.44,,,
1436,06/19/2023 09:37:40,15.44,,,
1437,06/19/2023 09:40:40,15.83,,,
1438,06/19/2023 09:43:40,15.78,,,
1439,06/19/2023 09:46:40,15.61,,,
1440,06/19/2023 09:49:40,16.08,,,
1441,06/19/2023 09:52:40,16.43,,,
1442,06/19/2023 09:55:40,16.47,,,
1443,06/19/2023 09:58:40,16.30,,,
1444,06/19/2023 10:01:40,16.77,,,
1445,06/19/2023 10:04:40,16.73,,,
1446,06/19/2023 10:07:40,16.94,,,
1447,06/19/2023 10:10:40,17.24,,,
1448,06/19/2023 10:13:40,17.37,,,
1449,06/19/2023 10:16:40,17.11,,,
1450,06/19/2023 10:19:40,16.94,,,
1451,06/19/2023 10:22:40,17.54,,,
1452,06/19/2023 10:25:40,16.90,,,
1453,06/19/2023 10:28:40,17.46,,,
1454,06/19/2023 10:31:40,17.72,,,
1455,06/19/2023 10:34:40,17.59,,,
1456,06/19/2023 10:37:40,17.59,,,
1457,06/19/2023 10:40:40,18.14,,,
1458,06/19/2023 10:43:40,18.32,,,
1459,06/19/2023 10:46:40,18.92,,,
1460,06/19/2023 10:49:40,18.66,,,
1461,06/19/2023 10:52:40,18.53,,,
1462,06/19/2023 10:55:40,18.83,,,
1463,06/19/2023 10:58:40,18.57,,,
1464,06/19/2023 11:01:40,19.09,,,
1465,06/19/2023 11:04:40,19.22,,,
1466,06/19/2023 11:07:40,19.05,,,
1467,06/19/2023 11:10:40,19.65,,,
1468,06/19/2023 11:13:40,19.30,,,
1469,06/19/2023 11:16:40,19.73,,,
1470,06/19/2023 11:19:40,20.20,,,
1471,06/19/2023 11:22:40,20.29,,,
1472,06/19/2023 11:25:40,20.33,,,
1473,06/19/2023 11:28:40,20.33,,,
1474,06/19/2023 11:31:40,20.07,,,
1475,06/19/2023 11:34:40,20.50,,,
1476,06/19/2023 11:37:40,20.46,,,
1477,06/19/2023 11:40:40,20.46,,,
1478,06/19/2023 11:43:40,21.15,,,
1479,06/19/2023 11:46:40,20.93,,,
1480,06/19/2023 11:49:40,20.89,,,
1481,06/19/2023 11:52:40,21.45,,,
1482,06/19/2023 11:55:40,22.05,,,
1483,06/19/2023 11:58:40,21.79,,,
1484,06/19/2023 12:01:40,21.45,,,
1485,06/19/2023 12:04:40,21.83,,,
1486,06/19/2023 12:07:40,21.70,,,
1487,06/19/2023 12:10:40,22.18,,,
1488,06/19/2023 12:13:40,22.52,,,
1489,06/19/2023 12:16:40,21.83,,,
1490,06/19/2023 12:19:40,21.83,,,
1491,06/19/2023 12:22:40,22.13,,,
1492,06/19/2023 12:25:40,23.46,,,
1493,06/19/2023 12:28:40,24.32,,,
1494,06/19/2023 12:31:40,23.76,,,
1495,06/19/2023 12:34:40,22.91,,,
1496,06/19/2023 12:37:40,22.43,,,
1497,06/19/2023 12:40:40,22.48,,,
1498,06/19/2023 12:43:40,22.65,,,
1499,06/19/2023 12:46:40,22.48,,,
1500,06/19/2023 12:49:40,23.64,,,
1501,06/19/2023 12:52:40,23.38,,,
1502,06/19/2023 12:55:40,23.51,,,
1503,06/19/2023 12:58:40,22.73,,,
1504,06/19/2023 13:01:40,23.34,,,
1505,06/19/2023 13:04:40,23.16,,,
1506,06/19/2023 13:07:40,23.46,,,
1507,06/19/2023 13:10:40,23.55,,,
1508,06/19/2023 13:13:40,23.59,,,
1509,06/19/2023 13:16:40,24.19,,,
1510,06/19/2023 13:19:40,23.85,,,
1511,06/19/2023 13:22:40,23.76,,,
1512,06/19/2023 13:25:40,23.55,,,
1513,06/19/2023 13:28:40,23.55,,,
1514,06/19/2023 13:31:40,23.42,,,
1515,06/19/2023 13:34:40,23.68,,,
1516,06/19/2023 13:37:40,24.11,,,
1517,06/19/2023 13:40:40,23.85,,,
1518,06/19/2023 13:43:40,23.46,,,
1519,06/19/2023 13:46:40,24.15,,,
1520,06/19/2023 13:49:40,23.94,,,
1521,06/19/2023 13:52:40,23.85,,,
1522,06/19/2023 13:55:40,23.94,,,
1523,06/19/2023 13:58:40,24.54,,,
1524,06/19/2023 14:01:40,24.19,,,
1525,06/19/2023 14:04:40,24.06,,,
1526,06/19/2023 14:07:40,24.58,,,
1527,06/19/2023 14:10:40,24.58,,,
1528,06/19/2023 14:13:40,24.62,,,
1529,06/19/2023 14:16:40,24.71,,,
1530,06/19/2023 14:19:40,24.79,,,
1531,06/19/2023 14:22:40,24.79,,,
1532,06/19/2023 14:25:40,24.28,,,
1533,06/19/2023 14:28:40,24.62,,,
1534,06/19/2023 14:31:40,24.66,,,
1535,06/19/2023 14:34:40,24.32,,,
1536,06/19/2023 14:37:40,24.84,,,
1537,06/19/2023 14:40:40,24.75,,,
1538,06/19/2023 14:43:40,24.58,,,
1539,06/19/2023 14:46:40,24.45,,,
1540,06/19/2023 14:49:40,24.11,,,
1541,06/19/2023 14:52:40,24.19,,,
1542,06/19/2023 14:55:40,24.58,,,
1543,06/19/2023 14:58:40,25.09,,,
1544,06/19/2023 15:01:40,25.05,,,
1545,06/19/2023 15:04:40,25.48,,,
1546,06/19/2023 15:07:40,25.14,,,
1547,06/19/2023 15:10:40,24.88,,,
1548,06/19/2023 15:13:40,24.88,,,
1549,06/19/2023 15:16:40,24.66,,,
1550,06/19/2023 15:19:40,24.92,,,
1551,06/19/2023 15:22:40,24.49,,,
1552,06/19/2023 15:25:40,24.41,,,
1553,06/19/2023 15:28:40,24.15,,,
1554,06/19/2023 15:31:40,24.15,,,
1555,06/19/2023 15:34:40,24.32,,,
1556,06/19/2023 15:37:40,24.15,,,
1557,06/19/2023 15:40:40,24.79,,,
1558,06/19/2023 15:43:40,24.58,,,
1559,06/19/2023 15:46:40,24.32,,,
1560,06/19/2023 15:49:40,24.54,,,
1561,06/19/2023 15:52:40,24.66,,,
1562,06/19/2023 15:55:40,24.62,,,
1563,06/19/2023 15:58:40,24.66,,,
1564,06/19/2023 16:01:40,24.92,,,
1565,06/19/2023 16:04:40,24.45,,,
1566,06/19/2023 16:07:40,24.41,,,
1567,06/19/2023 16:10:40,24.92,,,
1568,06/19/2023 16:13:40,24.71,,,
1569,06/19/2023 16:16:40,24.49,,,
1570,06/19/2023 16:19:40,24.79,,,
1571,06/19/2023 16:22:40,24.92,,,
1572,06/19/2023 16:25:40,24.92,,,
1573,06/19/2023 16:28:40,24.75,,,
1574,06/19/2023 16:31:40,24.66,,,
1575,06/19/2023 16:34:40,24.97,,,
1576,06/19/2023 16:37:40,25.39,,,
1577,06/19/2023 16:40:40,25.39,,,
1578,06/19/2023 16:43:40,24.75,,,
1579,06/19/2023 16:46:40,24.75,,,
1580,06/19/2023 16:49:40,25.35,,,
1581,06/19/2023 16:52:40,24.97,,,
1582,06/19/2023 16:55:40,25.01,,,
1583,06/19/2023 16:58:40,25.22,,,
1584,06/19/2023 17:01:40,25.27,,,
1585,06/19/2023 17:04:40,25.74,,,
1586,06/19/2023 17:07:40,25.27,,,
1587,06/19/2023 17:10:40,25.31,,,
1588,06/19/2023 17:13:40,24.92,,,
1589,06/19/2023 17:16:40,24.88,,,
1590,06/19/2023 17:19:40,25.01,,,
1591,06/19/2023 17:22:40,24.24,,,
1592,06/19/2023 17:25:40,24.66,,,
1593,06/19/2023 17:28:40,24.84,,,
1594,06/19/2023 17:31:40,25.44,,,
1595,06/19/2023 17:34:40,25.65,,,
1596,06/19/2023 17:37:40,25.05,,,
1597,06/19/2023 17:40:40,24.79,,,
1598,06/19/2023 17:43:40,25.05,,,
1599,06/19/2023 17:46:40,24.88,,,
1600,06/19/2023 17:49:40,24.58,,,
1601,06/19/2023 17:52:40,24.54,,,
1602,06/19/2023 17:55:40,24.97,,,
1603,06/19/2023 17:58:40,25.14,,,
1604,06/19/2023 18:01:40,24.71,,,
1605,06/19/2023 18:04:40,24.62,,,
1606,06/19/2023 18:07:40,24.11,,,
1607,06/19/2023 18:10:40,24.28,,,
1608,06/19/2023 18:13:40,24.88,,,
1609,06/19/2023 18:16:40,24.58,,,
1610,06/19/2023 18:19:40,24.97,,,
1611,06/19/2023 18:22:40,25.14,,,
1612,06/19/2023 18:25:40,24.84,,,
1613,06/19/2023 18:28:40,24.06,,,
1614,06/19/2023 18:31:40,23.08,,,
1615,06/19/2023 18:34:40,21.83,,,
1616,06/19/2023 18:37:40,21.88,,,
1617,06/19/2023 18:40:40,22.56,,,
1618,06/19/2023 18:43:40,22.65,,,
1619,06/19/2023 18:46:40,22.13,,,
1620,06/19/2023 18:49:40,21.62,,,
1621,06/19/2023 18:52:40,21.40,,,
1622,06/19/2023 18:55:40,22.05,,,
1623,06/19/2023 18:58:40,22.26,,,
1624,06/19/2023 19:01:40,22.18,,,
1625,06/19/2023 19:04:40,22.13,,,
1626,06/19/2023 19:07:40,22.05,,,
1627,06/19/2023 19:10:40,22.05,,,
1628,06/19/2023 19:13:40,21.79,,,
1629,06/19/2023 19:16:40,21.62,,,
1630,06/19/2023 19:19:40,21.53,,,
1631,06/19/2023 19:22:40,21.19,,,
1632,06/19/2023 19:25:40,21.02,,,
1633,06/19/2023 19:28:40,20.93,,,
1634,06/19/2023 19:31:40,20.68,,,
1635,06/19/2023 19:34:40,19.95,,,
1636,06/19/2023 19:37:40,19.22,,,
1637,06/19/2023 19:40:40,18.40,,,
1638,06/19/2023 19:43:40,18.14,,,
1639,06/19/2023 19:46:40,17.72,,,
1640,06/19/2023 19:49:40,17.41,,,
1641,06/19/2023 19:52:40,16.81,,,
1642,06/19/2023 19:55:40,16.60,,,
1643,06/19/2023 19:58:40,16.17,,,
1644,06/19/2023 20:01:40,15.87,,,
1645,06/19/2023 20:04:40,15.18,,,
1646,06/19/2023 20:07:40,14.71,,,
1647,06/19/2023 20:10:40,14.24,,,
1648,06/19/2023 20:13:40,13.85,,,
1649,06/19/2023 20:16:40,13.81,,,
1650,06/19/2023 20:19:40,13.77,,,
1651,06/19/2023 20:22:40,13.77,,,
1652,06/19/2023 20:25:40,13.60,,,
1653,06/19/2023 20:28:40,13.08,,,
1654,06/19/2023 20:31:40,12.95,,,
1655,06/19/2023 20:34:40,12.87,,,
1656,06/19/2023 20:37:40,12.82,,,
1657,06/19/2023 20:40:40,12.14,,,
1658,06/19/2023 20:43:40,11.84,,,
1659,06/19/2023 20:46:40,11.24,,,
1660,06/19/2023 20:49:40,10.59,,,
1661,06/19/2023 20:52:40,10.42,,,
1662,06/19/2023 20:55:40,10.55,,,
1663,06/19/2023 20:58:40,10.25,,,
1664,06/19/2023 21:01:40,10.46,,,
1665,06/19/2023 21:04:40,10.38,,,
1666,06/19/2023 21:07:40,9.82,,,
1667,06/19/2023 21:10:40,9.26,,,
1668,06/19/2023 21:13:40,9.01,,,
1669,06/19/2023 21:16:40,9.01,,,
1670,06/19/2023 21:19:40,8.92,,,
1671,06/19/2023 21:22:40,8.96,,,
1672,06/19/2023 21:25:40,9.26,,,
1673,06/19/2023 21:28:40,8.88,,,
1674,06/19/2023 21:31:40,8.45,,,
1675,06/19/2023 21:34:40,8.53,,,
1676,06/19/2023 21:37:40,8.19,,,
1677,06/19/2023 21:40:40,7.89,,,
1678,06/19/2023 21:43:40,7.93,,,
1679,06/19/2023 21:46:40,7.55,,,
1680,06/19/2023 21:49:40,7.55,,,
1681,06/19/2023 21:52:40,7.50,,,
1682,06/19/2023 21:55:40,7.16,,,
1683,06/19/2023 21:58:40,7.08,,,
1684,06/19/2023 22:01:40,7.03,,,
1685,06/19/2023 22:04:40,7.03,,,
1686,06/19/2023 22:07:40,7.29,,,
1687,06/19/2023 22:10:40,6.86,,,
1688,06/19/2023 22:13:40,6.60,,,
1689,06/19/2023 22:16:40,6.43,,,
1690,06/19/2023 22:19:40,6.52,,,
1691,06/19/2023 22:22:40,6.43,,,
1692,06/19/2023 22:25:40,6.39,,,
1693,06/19/2023 22:28:40,6.00,,,
1694,06/19/2023 22:31:40,5.79,,,
1695,06/19/2023 22:34:40,5.87,,,
1696,06/19/2023 22:37:40,5.83,,,
1697,06/19/2023 22:40:40,5.83,,,
1698,06/19/2023 22:43:40,5.87,,,
1699,06/19/2023 22:46:40,5.83,,,
1700,06/19/2023 22:49:40,6.05,,,
1701,06/19/2023 22:52:40,5.96,,,
1702,06/19/2023 22:55:40,5.66,,,
1703,06/19/2023 22:58:40,5.57,,,
1704,06/19/2023 23:01:40,5.49,,,
1705,06/19/2023 23:04:40,5.79,,,
1706,06/19/2023 23:07:40,5.66,,,
1707,06/19/2023 23:10:40,5.70,,,
1708,06/19/2023 23:13:40,5.53,,,
1709,06/19/2023 23:16:40,5.36,,,
1710,06/19/2023 23:19:40,5.49,,,
1711,06/19/2023 23:22:40,5.40,,,
1712,06/19/2023 23:25:40,5.27,,,
1713,06/19/2023 23:28:40,5.06,,,
1714,06/19/2023 23:31:40,4.93,,,
1715,06/19/2023 23:34:40,4.89,,,
1716,06/19/2023 23:37:40,4.89,,,
1717,06/19/2023 23:40:40,4.84,,,
1718,06/19/2023 23:43:40,4.63,,,
1719,06/19/2023 23:46:40,4.80,,,
1720,06/19/2023 23:49:40,6.56,,,
1721,06/19/2023 23:52:40,6.78,,,
1722,06/19/2023 23:55:40,6.69,,,
1723,06/19/2023 23:58:40,6.48,,,
1724,06/20/2023 00:01:40,6.09,,,
1725,06/20/2023 00:04:40,6.26,,,
1726,06/20/2023 00:07:40,5.49,,,
1727,06/20/2023 00:10:40,5.15,,,
1728,06/20/2023 00:13:40,4.89,,,
1729,06/20/2023 00:16:40,4.76,,,
1730,06/20/2023 00:19:40,5.19,,,
1731,06/20/2023 00:22:40,5.23,,,
1732,06/20/2023 00:25:40,4.84,,,
1733,06/20/2023 00:28:40,4.72,,,
1734,06/20/2023 00:31:40,4.63,,,
1735,06/20/2023 00:34:40,4.67,,,
1736,06/20/2023 00:37:40,4.46,,,
1737,06/20/2023 00:40:40,4.24,,,
1738,06/20/2023 00:43:40,4.29,,,
1739,06/20/2023 00:46:40,4.33,,,
1740,06/20/2023 00:49:40,4.37,,,
1741,06/20/2023 00:52:40,4.20,,,
1742,06/20/2023 00:55:40,4.12,,,
1743,06/20/2023 00:58:40,4.46,,,
1744,06/20/2023 01:01:40,4.29,,,
1745,06/20/2023 01:04:40,4.16,,,
1746,06/20/2023 01:07:40,4.33,,,
1747,06/20/2023 01:10:40,3.90,,,
1748,06/20/2023 01:13:40,3.77,,,
1749,06/20/2023 01:16:40,3.73,,,
1750,06/20/2023 01:19:40,3.56,,,
1751,06/20/2023 01:22:40,3.90,,,
1752,06/20/2023 01:25:40,3.82,,,
1753,06/20/2023 01:28:40,3.77,,,
1754,06/20/2023 01:31:40,3.73,,,
1755,06/20/2023 01:34:40,3.56,,,
1756,06/20/2023 01:37:40,3.73,,,
1757,06/20/2023 01:40:40,3.47,,,
1758,06/20/2023 01:43:40,3.04,,,
1759,06/20/2023 01:46:40,2.87,,,
1760,06/20/2023 01:49:40,2.91,,,
1761,06/20/2023 01:52:40,2.96,,,
1762,06/20/2023 01:55:40,2.83,,,
1763,06/20/2023 01:58:40,3.13,,,
1764,06/20/2023 02:01:40,3.04,,,
1765,06/20/2023 02:04:40,3.21,,,
1766,06/20/2023 02:07:40,3.43,,,
1767,06/20/2023 02:10:40,3.17,,,
1768,06/20/2023 02:13:40,2.87,,,
1769,06/20/2023 02:16:40,2.61,,,
1770,06/20/2023 02:19:40,2.27,,,
1771,06/20/2023 02:22:40,2.31,,,
1772,06/20/2023 02:25:40,2.27,,,
1773,06/20/2023 02:28:40,2.53,,,
1774,06/20/2023 02:31:40,2.53,,,
1775,06/20/2023 02:34:40,2.57,,,
1776,06/20/2023 02:37:40,2.23,,,
1777,06/20/2023 02:40:40,2.06,,,
1778,06/20/2023 02:43:40,2.53,,,
1779,06/20/2023 02:46:40,2.31,,,
1780,06/20/2023 02:49:40,2.40,,,
1781,06/20/2023 02:52:40,2.40,,,
1782,06/20/2023 02:55:40,2.31,,,
1783,06/20/2023 02:58:40,1.93,,,
1784,06/20/2023 03:01:40,2.44,,,
1785,06/20/2023 03:04:40,2.19,,,
1786,06/20/2023 03:07:40,2.36,,,
1787,06/20/2023 03:10:40,2.36,,,
1788,06/20/2023 03:13:40,2.40,,,
1789,06/20/2023 03:16:40,2.23,,,
1790,06/20/2023 03:19:40,2.06,,,
1791,06/20/2023 03:22:40,1.97,,,
1792,06/20/2023 03:25:40,1.93,,,
1793,06/20/2023 03:28:40,1.88,,,
1794,06/20/2023 03:31:40,1.84,,,
1795,06/20/2023 03:34:40,1.67,,,
1796,06/20/2023 03:37:40,1.67,,,
1797,06/20/2023 03:40:40,1.54,,,
1798,06/20/2023 03:43:40,1.46,,,
1799,06/20/2023 03:46:40,1.41,,,
1800,06/20/2023 03:49:40,1.80,,,
1801,06/20/2023 03:52:40,1.71,,,
1802,06/20/2023 03:55:40,1.84,,,
1803,06/20/2023 03:58:40,1.93,,,
1804,06/20/2023 04:01:40,2.19,,,
1805,06/20/2023 04:04:40,2.61,,,
1806,06/20/2023 04:07:40,2.57,,,
1807,06/20/2023 04:10:40,2.53,,,
1808,06/20/2023 04:13:40,2.31,,,
1809,06/20/2023 04:16:40,2.19,,,
1810,06/20/2023 04:19:40,1.93,,,
1811,06/20/2023 04:22:40,1.84,,,
1812,06/20/2023 04:25:40,2.06,,,
1813,06/20/2023 04:28:40,1.58,,,
1814,06/20/2023 04:31:40,1.63,,,
1815,06/20/2023 04:34:40,1.46,,,
1816,06/20/2023 04:37:40,1.41,,,
1817,06/20/2023 04:40:40,1.33,,,
1818,06/20/2023 04:43:40,1.37,,,
1819,06/20/2023 04:46:40,1.71,,,
1820,06/20/2023 04:49:40,1.71,,,
1821,06/20/2023 04:52:40,1.28,,,
1822,06/20/2023 04:55:40,1.41,,,
1823,06/20/2023 04:58:40,1.50,,,
1824,06/20/2023 05:01:40,1.33,,,
1825,06/20/2023 05:04:40,1.24,,,
1826,06/20/2023 05:07:40,1.16,,,
1827,06/20/2023 05:10:40,0.94,,,
1828,06/20/2023 05:13:40,0.98,,,
1829,06/20/2023 05:16:40,0.98,,,
1830,06/20/2023 05:19:40,0.51,,,
1831,06/20/2023 05:22:40,0.64,,,
1832,06/20/2023 05:25:40,0.55,,,
1833,06/20/2023 05:28:40,0.60,,,
1834,06/20/2023 05:31:40,0.34,,,
1835,06/20/2023 05:34:40,0.51,,,
1836,06/20/2023 05:37:40,0.68,,,
1837,06/20/2023 05:40:40,0.86,,,
1838,06/20/2023 05:43:40,0.68,,,
1839,06/20/2023 05:46:40,0.60,,,
1840,06/20/2023 05:49:40,0.98,,,
1841,06/20/2023 05:52:40,0.81,,,
1842,06/20/2023 05:55:40,0.38,,,
1843,06/20/2023 05:58:40,0.47,,,
1844,06/20/2023 06:01:40,0.60,,,
1845,06/20/2023 06:04:40,0.60,,,
1846,06/20/2023 06:07:40,0.77,,,
1847,06/20/2023 06:10:40,0.73,,,
1848,06/20/2023 06:13:40,0.86,,,
1849,06/20/2023 06:16:40,1.16,,,
1850,06/20/2023 06:19:40,0.94,,,
1851,06/20/2023 06:22:40,0.77,,,
1852,06/20/2023 06:25:40,0.73,,,
1853,06/20/2023 06:28:40,1.07,,,
1854,06/20/2023 06:31:40,1.11,,,
1855,06/20/2023 06:34:40,1.46,,,
1856,06/20/2023 06:37:40,1.93,,,
1857,06/20/2023 06:40:40,2.27,,,
1858,06/20/2023 06:43:40,2.87,,,
1859,06/20/2023 06:46:40,3.47,,,
1860,06/20/2023 06:49:40,3.69,,,
1861,06/20/2023 06:52:40,4.42,,,
1862,06/20/2023 06:55:40,5.23,,,
1863,06/20/2023 06:58:40,6.26,,,
1864,06/20/2023 07:01:40,7.03,,,
1865,06/20/2023 07:04:40,8.53,,,
1866,06/20/2023 07:07:40,9.99,,,
1867,06/20/2023 07:10:40,9.56,,,
1868,06/20/2023 07:13:40,9.56,,,
1869,06/20/2023 07:16:40,9.44,,,
1870,06/20/2023 07:19:40,10.51,,,
1871,06/20/2023 07:22:40,10.34,,,
1872,06/20/2023 07:25:40,9.74,,,
1873,06/20/2023 07:28:40,9.86,,,
1874,06/20/2023 07:31:40,9.82,,,
1875,06/20/2023 07:34:40,10.64,,,
1876,06/20/2023 07:37:40,11.15,,,
1877,06/20/2023 07:40:40,11.37,,,
1878,06/20/2023 07:43:40,11.49,,,
1879,06/20/2023 07:46:40,11.02,,,
1880,06/20/2023 07:49:40,11.45,,,
1881,06/20/2023 07:52:40,12.10,,,
1882,06/20/2023 07:55:40,11.75,,,
1883,06/20/2023 07:58:40,12.14,,,
1884,06/20/2023 08:01:40,12.14,,,
1885,06/20/2023 08:04:40,11.92,,,
1886,06/20/2023 08:07:40,13.17,,,
1887,06/20/2023 08:10:40,12.35,,,
1888,06/20/2023 08:13:40,13.30,,,
1889,06/20/2023 08:16:40,12.87,,,
1890,06/20/2023 08:19:40,12.57,,,
1891,06/20/2023 08:22:40,12.10,,,
1892,06/20/2023 08:25:40,11.97,,,
1893,06/20/2023 08:28:40,12.70,,,
1894,06/20/2023 08:31:40,12.78,,,
1895,06/20/2023 08:34:40,12.31,,,
1896,06/20/2023 08:37:40,12.78,,,
1897,06/20/2023 08:40:40,12.87,,,
1898,06/20/2023 08:43:40,13.38,,,
1899,06/20/2023 08:46:40,13.55,,,
1900,06/20/2023 08:49:40,13.34,,,
1901,06/20/2023 08:52:40,13.04,,,
1902,06/20/2023 08:55:40,13.38,,,
1903,06/20/2023 08:58:40,13.90,,,
1904,06/20/2023 09:01:40,14.07,,,
1905,06/20/2023 09:04:40,13.51,,,
1906,06/20/2023 09:07:40,13.34,,,
1907,06/20/2023 09:10:40,14.03,,,
1908,06/20/2023 09:13:40,14.41,,,
1909,06/20/2023 09:16:40,14.28,,,
1910,06/20/2023 09:19:40,14.54,,,
1911,06/20/2023 09:22:40,14.45,,,
1912,06/20/2023 09:25:40,14.84,,,
1913,06/20/2023 09:28:40,15.23,,,
1914,06/20/2023 09:31:40,15.18,,,
1915,06/20/2023 09:34:40,15.27,,,
1916,06/20/2023 09:37:40,15.31,,,
1917,06/20/2023 09:40:40,15.27,,,
1918,06/20/2023 09:43:40,15.70,,,
1919,06/20/2023 09:46:40,16.30,,,
1920,06/20/2023 09:49:40,16.64,,,
1921,06/20/2023 09:52:40,16.30,,,
1922,06/20/2023 09:55:40,16.43,,,
1923,06/20/2023 09:58:40,16.99,,,
1924,06/20/2023 10:01:40,17.29,,,
1925,06/20/2023 10:04:40,18.32,,,
1926,06/20/2023 10:07:40,19.86,,,
1927,06/20/2023 10:10:40,20.03,,,
1928,06/20/2023 10:13:40,20.25,,,
1929,06/20/2023 10:16:40,20.50,,,
1930,06/20/2023 10:19:40,19.82,,,
1931,06/20/2023 10:22:40,20.20,,,
1932,06/20/2023 10:25:40,19.22,,,
1933,06/20/2023 10:28:40,18.62,,,
1934,06/20/2023 10:31:40,18.66,,,
1935,06/20/2023 10:34:40,19.13,,,
1936,06/20/2023 10:37:40,19.22,,,
1937,06/20/2023 10:40:40,19.52,,,
1938,06/20/2023 10:43:40,19.82,,,
1939,06/20/2023 10:46:40,20.68,,,
1940,06/20/2023 10:49:40,20.63,,,
1941,06/20/2023 10:52:40,21.49,,,
1942,06/20/2023 10:55:40,21.79,,,
1943,06/20/2023 10:58:40,21.96,,,
1944,06/20/2023 11:01:40,21.06,,,
1945,06/20/2023 11:04:40,20.55,,,
1946,06/20/2023 11:07:40,20.68,,,
1947,06/20/2023 11:10:40,21.58,,,
1948,06/20/2023 11:13:40,21.62,,,
1949,06/20/2023 11:16:40,21.58,,,
1950,06/20/2023 11:19:40,21.06,,,
1951,06/20/2023 11:22:40,21.10,,,
1952,06/20/2023 11:25:40,22.61,,,
1953,06/20/2023 11:28:40,22.69,,,
1954,06/20/2023 11:31:40,21.83,,,
1955,06/20/2023 11:34:40,21.79,,,
1956,06/20/2023 11:37:40,20.68,,,
1957,06/20/2023 11:40:40,21.83,,,
1958,06/20/2023 11:43:40,21.83,,,
1959,06/20/2023 11:46:40,22.52,,,
1960,06/20/2023 11:49:40,21.70,,,
1961,06/20/2023 11:52:40,21.96,,,
1962,06/20/2023 11:55:40,22.61,,,
1963,06/20/2023 11:58:40,22.01,,,
1964,06/20/2023 12:01:40,22.35,,,
1965,06/20/2023 12:04:40,22.26,,,
1966,06/20/2023 12:07:40,22.43,,,
1967,06/20/2023 12:10:40,21.70,,,
1968,06/20/2023 12:13:40,21.70,,,
1969,06/20/2023 12:16:40,22.52,,,
1970,06/20/2023 12:19:40,22.91,,,
1971,06/20/2023 12:22:40,21.70,,,
1972,06/20/2023 12:25:40,22.31,,,
1973,06/20/2023 12:28:40,21.66,,,
1974,06/20/2023 12:31:40,21.88,,,
1975,06/20/2023 12:34:40,22.43,,,
1976,06/20/2023 12:37:40,21.32,,,
1977,06/20/2023 12:40:40,22.01,,,
1978,06/20/2023 12:43:40,22.31,,,
1979,06/20/2023 12:46:40,22.43,,,
1980,06/20/2023 12:49:40,22.73,,,
1981,06/20/2023 12:52:40,22.48,,,
1982,06/20/2023 12:55:40,23.03,,,
1983,06/20/2023 12:58:40,23.03,,,
1984,06/20/2023 13:01:40,23.03,,,
1985,06/20/2023 13:04:40,23.25,,,
1986,06/20/2023 13:07:40,23.03,,,
1987,06/20/2023 13:10:40,22.65,,,
1988,06/20/2023 13:13:40,22.99,,,
1989,06/20/2023 13:16:40,22.91,,,
1990,06/20/2023 13:19:40,23.34,,,
1991,06/20/2023 13:22:40,22.43,,,
1992,06/20/2023 13:25:40,23.38,,,
1993,06/20/2023 13:28:40,23.29,,,
1994,06/20/2023 13:31:40,23.51,,,
1995,06/20/2023 13:34:40,22.78,,,
1996,06/20/2023 13:37:40,23.08,,,
1997,06/20/2023 13:40:40,22.95,,,
1998,06/20/2023 13:43:40,22.73,,,
1999,06/20/2023 13:46:40,22.99,,,
2000,06/20/2023 13:49:40,22.69,,,
2001,06/20/2023 13:52:40,23.29,,,
2002,06/20/2023 13:55:40,23.03,,,
2003,06/20/2023 13:58:40,23.94,,,
2004,06/20/2023 14:01:40,24.36,,,
2005,06/20/2023 14:04:40,23.72,,,
2006,06/20/2023 14:07:40,24.24,,,
2007,06/20/2023 14:10:40,24.15,,,
2008,06/20/2023 14:13:40,24.15,,,
2009,06/20/2023 14:16:40,23.38,,,
2010,06/20/2023 14:19:40,23.25,,,
2011,06/20/2023 14:22:40,22.99,,,
2012,06/20/2023 14:25:40,23.64,,,
2013,06/20/2023 14:28:40,23.12,,,
2014,06/20/2023 14:31:40,23.25,,,
2015,06/20/2023 14:34:40,23.46,,,
2016,06/20/2023 14:37:40,23.89,,,
2017,06/20/2023 14:40:40,23.81,,,
2018,06/20/2023 14:43:40,24.11,,,
2019,06/20/2023 14:46:40,23.81,,,
2020,06/20/2023 14:49:40,23.29,,,
2021,06/20/2023 14:52:40,24.06,,,
2022,06/20/2023 14:55:40,23.72,,,
2023,06/20/2023 14:58:40,23.25,,,
2024,06/20/2023 15:01:40,23.21,,,
2025,06/20/2023 15:04:40,24.11,,,
2026,06/20/2023 15:07:40,24.11,,,
2027,06/20/2023 15:10:40,24.66,,,
2028,06/20/2023 15:13:40,24.19,,,
2029,06/20/2023 15:16:40,24.32,,,
2030,06/20/2023 15:19:40,24.02,,,
2031,06/20/2023 15:22:40,23.64,,,
2032,06/20/2023 15:25:40,23.89,,,
2033,06/20/2023 15:28:40,24.41,,,
2034,06/20/2023 15:31:40,24.45,,,
2035,06/20/2023 15:34:40,23.42,,,
2036,06/20/2023 15:37:40,22.69,,,
2037,06/20/2023 15:40:40,23.12,,,
2038,06/20/2023 15:43:40,23.68,,,
2039,06/20/2023 15:46:40,23.81,,,
2040,06/20/2023 15:49:40,23.94,,,
2041,06/20/2023 15:52:40,24.15,,,
2042,06/20/2023 15:55:40,23.72,,,
2043,06/20/2023 15:58:40,23.89,,,
2044,06/20/2023 16:01:40,23.72,,,
2045,06/20/2023 16:04:40,23.51,,,
2046,06/20/2023 16:07:40,24.02,,,
2047,06/20/2023 16:10:40,23.46,,,
2048,06/20/2023 16:13:40,23.68,,,
2049,06/20/2023 16:16:40,23.55,,,
2050,06/20/2023 16:19:40,23.76,,,
2051,06/20/2023 16:22:40,23.72,,,
2052,06/20/2023 16:25:40,23.59,,,
2053,06/20/2023 16:28:40,23.55,,,
2054,06/20/2023 16:31:40,23.89,,,
2055,06/20/2023 16:34:40,24.66,,,
2056,06/20/2023 16:37:40,24.15,,,
2057,06/20/2023 16:40:40,23.51,,,
2058,06/20/2023 16:43:40,23.25,,,
2059,06/20/2023 16:46:40,22.91,,,
2060,06/20/2023 16:49:40,23.29,,,
2061,06/20/2023 16:52:40,23.72,,,
2062,06/20/2023 16:55:40,23.12,,,
2063,06/20/2023 16:58:40,23.08,,,
2064,06/20/2023 17:01:40,23.38,,,
2065,06/20/2023 17:04:40,23.29,,,
2066,06/20/2023 17:07:40,23.29,,,
2067,06/20/2023 17:10:40,23.08,,,
2068,06/20/2023 17:13:40,23.25,,,
2069,06/20/2023 17:16:40,23.16,,,
2070,06/20/2023 17:19:40,23.51,,,
2071,06/20/2023 17:22:40,23.29,,,
2072,06/20/2023 17:25:40,22.82,,,
2073,06/20/2023 17:28:40,22.91,,,
2074,06/20/2023 17:31:40,23.34,,,
2075,06/20/2023 17:34:40,23.29,,,
2076,06/20/2023 17:37:40,23.68,,,
2077,06/20/2023 17:40:40,23.16,,,
2078,06/20/2023 17:43:40,22.61,,,
2079,06/20/2023 17:46:40,22.61,,,
2080,06/20/2023 17:49:40,22.56,,,
2081,06/20/2023 17:52:40,22.52,,,
2082,06/20/2023 17:55:40,22.65,,,
2083,06/20/2023 17:58:40,22.91,,,
2084,06/20/2023 18:01:40,22.78,,,
2085,06/20/2023 18:04:40,22.86,,,
2086,06/20/2023 18:07:40,22.56,,,
2087,06/20/2023 18:10:40,22.65,,,
2088,06/20/2023 18:13:40,22.22,,,
2089,06/20/2023 18:16:40,22.13,,,
2090,06/20/2023 18:19:40,21.75,,,
2091,06/20/2023 18:22:40,21.96,,,
2092,06/20/2023 18:25:40,21.75,,,
2093,06/20/2023 18:28:40,21.83,,,
2094,06/20/2023 18:31:40,21.83,,,
2095,06/20/2023 18:34:40,21.83,,,
2096,06/20/2023 18:37:40,21.53,,,
2097,06/20/2023 18:40:40,21.32,,,
2098,06/20/2023 18:43:40,21.19,,,
2099,06/20/2023 18:46:40,21.15,,,
2100,06/20/2023 18:49:40,21.06,,,
2101,06/20/2023 18:52:40,20.98,,,
2102,06/20/2023 18:55:40,20.89,,,
2103,06/20/2023 18:58:40,20.76,,,
2104,06/20/2023 19:01:40,20.76,,,
2105,06/20/2023 19:04:40,20.59,,,
2106,06/20/2023 19:07:40,20.50,,,
2107,06/20/2023 19:10:40,20.33,,,
2108,06/20/2023 19:13:40,20.16,,,
2109,06/20/2023 19:16:40,19.90,,,
2110,06/20/2023 19:19:40,19.95,,,
2111,06/20/2023 19:22:40,20.16,,,
2112,06/20/2023 19:25:40,19.82,,,
2113,06/20/2023 19:28:40,19.30,,,
2114,06/20/2023 19:31:40,19.13,,,
2115,06/20/2023 19:34:40,18.87,,,
2116,06/20/2023 19:37:40,18.36,,,
2117,06/20/2023 19:40:40,18.02,,,
2118,06/20/2023 19:43:40,17.72,,,
2119,06/20/2023 19:46:40,17.63,,,
2120,06/20/2023 19:49:40,17.33,,,
2121,06/20/2023 19:52:40,16.86,,,
2122,06/20/2023 19:55:40,16.51,,,
2123,06/20/2023 19:58:40,16.30,,,
2124,06/20/2023 20:01:40,15.96,,,
2125,06/20/2023 20:04:40,15.36,,,
2126,06/20/2023 20:07:40,14.93,,,
2127,06/20/2023 20:10:40,14.80,,,
2128,06/20/2023 20:13:40,15.14,,,
2129,06/20/2023 20:16:40,14.97,,,
2130,06/20/2023 20:19:40,14.03,,,
2131,06/20/2023 20:22:40,13.47,,,
2132,06/20/2023 20:25:40,13.51,,,
2133,06/20/2023 20:28:40,13.25,,,
2134,06/20/2023 20:31:40,12.91,,,
2135,06/20/2023 20:34:40,12.31,,,
2136,06/20/2023 20:37:40,12.01,,,
2137,06/20/2023 20:40:40,12.48,,,
2138,06/20/2023 20:43:40,12.65,,,
2139,06/20/2023 20:46:40,12.18,,,
2140,06/20/2023 20:49:40,11.79,,,
2141,06/20/2023 20:52:40,11.32,,,
2142,06/20/2023 20:55:40,10.72,,,
2143,06/20/2023 20:58:40,10.51,,,
2144,06/20/2023 21:01:40,10.77,,,
2145,06/20/2023 21:04:40,10.64,,,
2146,06/20/2023 21:07:40,10.16,,,
2147,06/20/2023 21:10:40,9.95,,,
2148,06/20/2023 21:13:40,9.61,,,
2149,06/20/2023 21:16:40,9.26,,,
2150,06/20/2023 21:19:40,9.14,,,
2151,06/20/2023 21:22:40,8.66,,,
2152,06/20/2023 21:25:40,8.62,,,
2153,06/20/2023 21:28:40,8.41,,,
2154,06/20/2023 21:31:40,8.62,,,
2155,06/20/2023 21:34:40,8.66,,,
2156,06/20/2023 21:37:40,8.36,,,
2157,06/20/2023 21:40:40,8.32,,,
2158,06/20/2023 21:43:40,7.89,,,
2159,06/20/2023 21:46:40,7.72,,,
2160,06/20/2023 21:49:40,7.59,,,
2161,06/20/2023 21:52:40,7.46,,,
2162,06/20/2023 21:55:40,7.20,,,
2163,06/20/2023 21:58:40,7.16,,,
2164,06/20/2023 22:01:40,7.08,,,
2165,06/20/2023 22:04:40,6.90,,,
2166,06/20/2023 22:07:40,6.69,,,
2167,06/20/2023 22:10:40,6.73,,,
2168,06/20/2023 22:13:40,6.73,,,
2169,06/20/2023 22:16:40,6.78,,,
2170,06/20/2023 22:19:40,6.73,,,
2171,06/20/2023 22:22:40,6.82,,,
2172,06/20/2023 22:25:40,6.69,,,
2173,06/20/2023 22:28:40,6.60,,,
2174,06/20/2023 22:31:40,6.43,,,
2175,06/20/2023 22:34:40,6.39,,,
2176,06/20/2023 22:37:40,5.96,,,
2177,06/20/2023 22:40:40,5.92,,,
2178,06/20/2023 22:43:40,5.75,,,
2179,06/20/2023 22:46:40,5.66,,,
2180,06/20/2023 22:49:40,5.79,,,
2181,06/20/2023 22:52:40,5.66,,,
2182,06/20/2023 22:55:40,5.53,,,
2183,06/20/2023 22:58:40,5.53,,,
2184,06/20/2023 23:01:40,5.75,,,
2185,06/20/2023 23:04:40,5.75,,,
2186,06/20/2023 23:07:40,5.57,,,
2187,06/20/2023 23:10:40,5.53,,,
2188,06/20/2023 23:13:40,5.36,,,
2189,06/20/2023 23:16:40,5.62,,,
2190,06/20/2023 23:19:40,5.45,,,
2191,06/20/2023 23:22:40,5.10,,,
2192,06/20/2023 23:25:40,5.06,,,
2193,06/20/2023 23:28:40,5.10,,,
2194,06/20/2023 23:31:40,5.10,,,
2195,06/20/2023 23:34:40,5.40,,,
2196,06/20/2023 23:37:40,5.32,,,
2197,06/20/2023 23:40:40,5.06,,,
2198,06/20/2023 23:43:40,4.93,,,
2199,06/20/2023 23:46:40,5.27,,,
2200,06/20/2023 23:49:40,5.49,,,
2201,06/20/2023 23:52:40,4.89,,,
2202,06/20/2023 23:55:40,4.93,,,
2203,06/20/2023 23:58:40,4.84,,,
2204,06/21/2023 00:01:40,4.72,,,
2205,06/21/2023 00:04:40,4.72,,,
2206,06/21/2023 00:07:40,4.42,,,
2207,06/21/2023 00:10:40,4.63,,,
2208,06/21/2023 00:13:40,4.80,,,
2209,06/21/2023 00:16:40,4.76,,,
2210,06/21/2023 00:19:40,4.59,,,
2211,06/21/2023 00:22:40,4.67,,,
2212,06/21/2023 00:25:40,4.33,,,
2213,06/21/2023 00:28:40,4.29,,,
2214,06/21/2023 00:31:40,4.33,,,
2215,06/21/2023 00:34:40,4.46,,,
2216,06/21/2023 00:37:40,4.37,,,
2217,06/21/2023 00:40:40,4.42,,,
2218,06/21/2023 00:43:40,4.24,,,
2219,06/21/2023 00:46:40,4.29,,,
2220,06/21/2023 00:49:40,4.03,,,
2221,06/21/2023 00:52:40,3.94,,,
2222,06/21/2023 00:55:40,3.69,,,
2223,06/21/2023 00:58:40,3.82,,,
2224,06/21/2023 01:01:40,4.16,,,
2225,06/21/2023 01:04:40,4.20,,,
2226,06/21/2023 01:07:40,3.69,,,
2227,06/21/2023 01:10:40,3.17,,,
2228,06/21/2023 01:13:40,3.09,,,
2229,06/21/2023 01:16:40,2.91,,,
2230,06/21/2023 01:19:40,3.47,,,
2231,06/21/2023 01:22:40,3.73,,,
2232,06/21/2023 01:25:40,3.56,,,
2233,06/21/2023 01:28:40,3.47,,,
2234,06/21/2023 01:31:40,3.69,,,
2235,06/21/2023 01:34:40,3.73,,,
2236,06/21/2023 01:37:40,3.30,,,
2237,06/21/2023 01:40:40,2.83,,,
2238,06/21/2023 01:43:40,2.83,,,
2239,06/21/2023 01:46:40,2.96,,,
2240,06/21/2023 01:49:40,2.70,,,
2241,06/21/2023 01:52:40,2.36,,,
2242,06/21/2023 01:55:40,2.36,,,
2243,06/21/2023 01:58:40,2.36,,,
2244,06/21/2023 02:01:40,2.44,,,
2245,06/21/2023 02:04:40,2.49,,,
2246,06/21/2023 02:07:40,2.40,,,
2247,06/21/2023 02:10:40,2.27,,,
2248,06/21/2023 02:13:40,2.14,,,
2249,06/21/2023 02:16:40,2.10,,,
2250,06/21/2023 02:19:40,2.01,,,
2251,06/21/2023 02:22:40,1.93,,,
2252,06/21/2023 02:25:40,2.01,,,
2253,06/21/2023 02:28:40,2.19,,,
2254,06/21/2023 02:31:40,2.31,,,
2255,06/21/2023 02:34:40,2.31,,,
2256,06/21/2023 02:37:40,2.10,,,
2257,06/21/2023 02:40:40,1.93,,,
2258,06/21/2023 02:43:40,1.71,,,
2259,06/21/2023 02:46:40,1.58,,,
2260,06/21/2023 02:49:40,1.80,,,
2261,06/21/2023 02:52:40,1.88,,,
2262,06/21/2023 02:55:40,1.97,,,
2263,06/21/2023 02:58:40,1.97,,,
2264,06/21/2023 03:01:40,1.84,,,
2265,06/21/2023 03:04:40,1.63,,,
2266,06/21/2023 03:07:40,1.63,,,
2267,06/21/2023 03:10:40,1.41,,,
2268,06/21/2023 03:13:40,1.41,,,
2269,06/21/2023 03:16:40,1.54,,,
2270,06/21/2023 03:19:40,1.37,,,
2271,06/21/2023 03:22:40,1.20,,,
2272,06/21/2023 03:25:40,1.46,,,
2273,06/21/2023 03:28:40,1.24,,,
2274,06/21/2023 03:31:40,1.07,,,
2275,06/21/2023 03:34:40,1.33,,,
2276,06/21/2023 03:37:40,1.80,,,
2277,06/21/2023 03:40:40,1.54,,,
2278,06/21/2023 03:43:40,1.33,,,
2279,06/21/2023 03:46:40,1.11,,,
2280,06/21/2023 03:49:40,1.11,,,
2281,06/21/2023 03:52:40,1.11,,,
2282,06/21/2023 03:55:40,1.33,,,
2283,06/21/2023 03:58:40,1.37,,,
2284,06/21/2023 04:01:40,1.33,,,
2285,06/21/2023 04:04:40,1.20,,,
2286,06/21/2023 04:07:40,0.98,,,
2287,06/21/2023 04:10:40,0.81,,,
2288,06/21/2023 04:13:40,1.28,,,
2289,06/21/2023 04:16:40,1.37,,,
2290,06/21/2023 04:19:40,1.37,,,
2291,06/21/2023 04:22:40,1.33,,,
2292,06/21/2023 04:25:40,1.16,,,
2293,06/21/2023 04:28:40,1.07,,,
2294,06/21/2023 04:31:40,0.98,,,
2295,06/21/2023 04:34:40,0.98,,,
2296,06/21/2023 04:37:40,1.11,,,
2297,06/21/2023 04:40:40,1.16,,,
2298,06/21/2023 04:43:40,0.90,,,
2299,06/21/2023 04:46:40,0.77,,,
2300,06/21/2023 04:49:40,0.68,,,
2301,06/21/2023 04:52:40,0.81,,,
2302,06/21/2023 04:55:40,0.64,,,
2303,06/21/2023 04:58:40,0.55,,,
2304,06/21/2023 05:01:40,0.51,,,
2305,06/21/2023 05:04:40,0.34,,,
2306,06/21/2023 05:07:40,0.38,,,
2307,06/21/2023 05:10:40,0.17,,,
2308,06/21/2023 05:13:40,0.17,,,
2309,06/21/2023 05:16:40,0.17,,,
2310,06/21/2023 05:19:40,0.30,,,
2311,06/21/2023 05:22:40,0.17,,,
2312,06/21/2023 05:25:40,-0.05,,,
2313,06/21/2023 05:28:40,-0.13,,,
2314,06/21/2023 05:31:40,0.04,,,
2315,06/21/2023 05:34:40,0.00,,,
2316,06/21/2023 05:37:40,0.08,,,
2317,06/21/2023 05:40:40,0.04,,,
2318,06/21/2023 05:43:40,0.13,,,
2319,06/21/2023 05:46:40,0.47,,,
2320,06/21/2023 05:49:40,0.55,,,
2321,06/21/2023 05:52:40,0.47,,,
2322,06/21/2023 05:55:40,0.17,,,
2323,06/21/2023 05:58:40,0.21,,,
2324,06/21/2023 06:01:40,0.38,,,
2325,06/21/2023 06:04:40,0.34,,,
2326,06/21/2023 06:07:40,0.43,,,
2327,06/21/2023 06:10:40,0.60,,,
2328,06/21/2023 06:13:40,0.68,,,
2329,06/21/2023 06:16:40,0.68,,,
2330,06/21/2023 06:19:40,0.86,,,
2331,06/21/2023 06:22:40,1.07,,,
2332,06/21/2023 06:25:40,1.24,,,
2333,06/21/2023 06:28:40,1.20,,,
2334,06/21/2023 06:31:40,1.03,,,
2335,06/21/2023 06:34:40,1.37,,,
2336,06/21/2023 06:37:40,1.54,,,
2337,06/21/2023 06:40:40,1.80,,,
2338,06/21/2023 06:43:40,1.97,,,
2339,06/21/2023 06:46:40,2.06,,,
2340,06/21/2023 06:49:40,2.70,,,
2341,06/21/2023 06:52:40,3.60,,,
2342,06/21/2023 06:55:40,4.42,,,
2343,06/21/2023 06:58:40,5.27,,,
2344,06/21/2023 07:01:40,5.70,,,
2345,06/21/2023 07:04:40,6.00,,,
2346,06/21/2023 07:07:40,7.68,,,
2347,06/21/2023 07:10:40,7.42,,,
2348,06/21/2023 07:13:40,8.49,,,
2349,06/21/2023 07:16:40,9.99,,,
2350,06/21/2023 07:19:40,11.45,,,
2351,06/21/2023 07:22:40,10.21,,,
2352,06/21/2023 07:25:40,8.66,,,
2353,06/21/2023 07:28:40,8.36,,,
2354,06/21/2023 07:31:40,8.32,,,
2355,06/21/2023 07:34:40,8.53,,,
2356,06/21/2023 07:37:40,8.75,,,
2357,06/21/2023 07:40:40,9.05,,,
2358,06/21/2023 07:43:40,9.44,,,
2359,06/21/2023 07:46:40,9.95,,,
2360,06/21/2023 07:49:40,9.91,,,
2361,06/21/2023 07:52:40,10.51,,,
2362,06/21/2023 07:55:40,11.75,,,
2363,06/21/2023 07:58:40,12.65,,,
2364,06/21/2023 08:01:40,13.81,,,
2365,06/21/2023 08:04:40,12.61,,,
2366,06/21/2023 08:07:40,13.17,,,
2367,06/21/2023 08:10:40,13.77,,,
2368,06/21/2023 08:13:40,12.57,,,
2369,06/21/2023 08:16:40,13.00,,,
2370,06/21/2023 08:19:40,13.77,,,
2371,06/21/2023 08:22:40,14.71,,,
2372,06/21/2023 08:25:40,14.07,,,
2373,06/21/2023 08:28:40,13.12,,,
2374,06/21/2023 08:31:40,14.24,,,
2375,06/21/2023 08:34:40,15.14,,,
2376,06/21/2023 08:37:40,15.36,,,
2377,06/21/2023 08:40:40,14.67,,,
2378,06/21/2023 08:43:40,14.84,,,
2379,06/21/2023 08:46:40,15.44,,,
2380,06/21/2023 08:49:40,15.40,,,
2381,06/21/2023 08:52:40,15.44,,,
2382,06/21/2023 08:55:40,15.78,,,
2383,06/21/2023 08:58:40,16.73,,,
2384,06/21/2023 09:01:40,15.57,,,
2385,06/21/2023 09:04:40,15.44,,,
2386,06/21/2023 09:07:40,16.17,,,
2387,06/21/2023 09:10:40,17.16,,,
2388,06/21/2023 09:13:40,16.99,,,
2389,06/21/2023 09:16:40,17.03,,,
2390,06/21/2023 09:19:40,18.36,,,
2391,06/21/2023 09:22:40,17.84,,,
2392,06/21/2023 09:25:40,16.73,,,
2393,06/21/2023 09:28:40,17.59,,,
2394,06/21/2023 09:31:40,16.90,,,
2395,06/21/2023 09:34:40,16.39,,,
2396,06/21/2023 09:37:40,17.03,,,
2397,06/21/2023 09:40:40,17.33,,,
2398,06/21/2023 09:43:40,17.46,,,
2399,06/21/2023 09:46:40,17.46,,,
2400,06/21/2023 09:49:40,18.66,,,
2401,06/21/2023 09:52:40,17.89,,,
2402,06/21/2023 09:55:40,18.19,,,
2403,06/21/2023 09:58:40,19.69,,,
2404,06/21/2023 10:01:40,18.44,,,
2405,06/21/2023 10:04:40,18.10,,,
2406,06/21/2023 10:07:40,18.57,,,
2407,06/21/2023 10:10:40,19.00,,,
2408,06/21/2023 10:13:40,19.47,,,
2409,06/21/2023 10:16:40,19.43,,,
2410,06/21/2023 10:19:40,19.65,,,
2411,06/21/2023 10:22:40,20.29,,,
2412,06/21/2023 10:25:40,20.55,,,
2413,06/21/2023 10:28:40,20.85,,,
2414,06/21/2023 10:31:40,20.89,,,
2415,06/21/2023 10:34:40,19.77,,,
2416,06/21/2023 10:37:40,20.59,,,
2417,06/21/2023 10:40:40,21.15,,,
2418,06/21/2023 10:43:40,20.37,,,
2419,06/21/2023 10:46:40,20.07,,,
2420,06/21/2023 10:49:40,20.29,,,
2421,06/21/2023 10:52:40,20.80,,,
2422,06/21/2023 10:55:40,20.25,,,
2423,06/21/2023 10:58:40,21.36,,,
2424,06/21/2023 11:01:40,20.80,,,
2425,06/21/2023 11:04:40,20.59,,,
2426,06/21/2023 11:07:40,20.37,,,
2427,06/21/2023 11:10:40,20.42,,,
2428,06/21/2023 11:13:40,20.33,,,
2429,06/21/2023 11:16:40,20.76,,,
2430,06/21/2023 11:19:40,20.76,,,
2431,06/21/2023 11:22:40,21.58,,,
2432,06/21/2023 11:25:40,21.36,,,
2433,06/21/2023 11:28:40,20.89,,,
2434,06/21/2023 11:31:40,20.59,,,
2435,06/21/2023 11:34:40,21.02,,,
2436,06/21/2023 11:37:40,21.23,,,
2437,06/21/2023 11:40:40,21.45,,,
2438,06/21/2023 11:43:40,20.98,,,
2439,06/21/2023 11:46:40,20.80,,,
2440,06/21/2023 11:49:40,21.32,,,
2441,06/21/2023 11:52:40,21.32,,,
2442,06/21/2023 11:55:40,20.89,,,
2443,06/21/2023 11:58:40,21.02,,,
2444,06/21/2023 12:01:40,21.32,,,
2445,06/21/2023 12:04:40,21.66,,,
2446,06/21/2023 12:07:40,21.70,,,
2447,06/21/2023 12:10:40,21.92,,,
2448,06/21/2023 12:13:40,21.66,,,
2449,06/21/2023 12:16:40,22.13,,,
2450,06/21/2023 12:19:40,21.88,,,
2451,06/21/2023 12:22:40,21.75,,,
2452,06/21/2023 12:25:40,22.39,,,
2453,06/21/2023 12:28:40,22.35,,,
2454,06/21/2023 12:31:40,22.43,,,
2455,06/21/2023 12:34:40,22.95,,,
2456,06/21/2023 12:37:40,23.42,,,
2457,06/21/2023 12:40:40,24.41,,,
2458,06/21/2023 12:43:40,23.55,,,
2459,06/21/2023 12:46:40,23.72,,,
2460,06/21/2023 12:49:40,23.81,,,
2461,06/21/2023 12:52:40,24.02,,,
2462,06/21/2023 12:55:40,24.02,,,
2463,06/21/2023 12:58:40,23.68,,,
2464,06/21/2023 13:01:40,22.82,,,
2465,06/21/2023 13:04:40,22.69,,,
2466,06/21/2023 13:07:40,23.38,,,
2467,06/21/2023 13:10:40,23.29,,,
2468,06/21/2023 13:13:40,23.08,,,
2469,06/21/2023 13:16:40,24.24,,,
2470,06/21/2023 13:19:40,25.44,,,
2471,06/21/2023 13:22:40,25.87,,,
2472,06/21/2023 13:25:40,25.05,,,
2473,06/21/2023 13:28:40,23.76,,,
2474,06/21/2023 13:31:40,24.02,,,
2475,06/21/2023 13:34:40,24.28,,,
2476,06/21/2023 13:37:40,23.81,,,
2477,06/21/2023 13:40:40,24.06,,,
2478,06/21/2023 13:43:40,24.58,,,
2479,06/21/2023 13:46:40,24.71,,,
2480,06/21/2023 13:49:40,24.84,,,
2481,06/21/2023 13:52:40,24.32,,,
2482,06/21/2023 13:55:40,23.89,,,
2483,06/21/2023 13:58:40,23.98,,,
2484,06/21/2023 14:01:40,23.38,,,
2485,06/21/2023 14:04:40,24.32,,,
2486,06/21/2023 14:07:40,24.66,,,
2487,06/21/2023 14:10:40,24.45,,,
2488,06/21/2023 14:13:40,24.28,,,
2489,06/21/2023 14:16:40,23.94,,,
2490,06/21/2023 14:19:40,24.24,,,
2491,06/21/2023 14:22:40,24.15,,,
2492,06/21/2023 14:25:40,23.85,,,
2493,06/21/2023 14:28:40,24.62,,,
2494,06/21/2023 14:31:40,25.09,,,
2495,06/21/2023 14:34:40,24.58,,,
2496,06/21/2023 14:37:40,24.28,,,
2497,06/21/2023 14:40:40,24.84,,,
2498,06/21/2023 14:43:40,25.39,,,
2499,06/21/2023 14:46:40,24.84,,,
2500,06/21/2023 14:49:40,23.81,,,
2501,06/21/2023 14:52:40,23.25,,,
2502,06/21/2023 14:55:40,23.34,,,
2503,06/21/2023 14:58:40,24.58,,,
2504,06/21/2023 15:01:40,23.59,,,
2505,06/21/2023 15:04:40,23.21,,,
2506,06/21/2023 15:07:40,22.95,,,
2507,06/21/2023 15:10:40,23.03,,,
2508,06/21/2023 15:13:40,22.61,,,
2509,06/21/2023 15:16:40,22.91,,,
2510,06/21/2023 15:19:40,24.28,,,
2511,06/21/2023 15:22:40,24.79,,,
2512,06/21/2023 15:25:40,25.27,,,
2513,06/21/2023 15:28:40,25.74,,,
2514,06/21/2023 15:31:40,26.42,,,
2515,06/21/2023 15:34:40,25.82,,,
2516,06/21/2023 15:37:40,24.06,,,
2517,06/21/2023 15:40:40,23.16,,,
2518,06/21/2023 15:43:40,22.69,,,
2519,06/21/2023 15:46:40,22.39,,,
2520,06/21/2023 15:49:40,22.01,,,
2521,06/21/2023 15:52:40,21.75,,,
2522,06/21/2023 15:55:40,21.70,,,
2523,06/21/2023 15:58:40,22.65,,,
2524,06/21/2023 16:01:40,24.11,,,
2525,06/21/2023 16:04:40,25.14,,,
2526,06/21/2023 16:07:40,25.01,,,
2527,06/21/2023 16:10:40,25.05,,,
2528,06/21/2023 16:13:40,25.09,,,
2529,06/21/2023 16:16:40,24.97,,,
2530,06/21/2023 16:19:40,24.75,,,
2531,06/21/2023 16:22:40,23.68,,,
2532,06/21/2023 16:25:40,23.25,,,
2533,06/21/2023 16:28:40,23.81,,,
2534,06/21/2023 16:31:40,24.11,,,
2535,06/21/2023 16:34:40,23.16,,,
2536,06/21/2023 16:37:40,22.73,,,
2537,06/21/2023 16:40:40,22.65,,,
2538,06/21/2023 16:43:40,23.94,,,
2539,06/21/2023 16:46:40,23.81,,,
2540,06/21/2023 16:49:40,23.21,,,
2541,06/21/2023 16:52:40,22.91,,,
2542,06/21/2023 16:55:40,22.86,,,
2543,06/21/2023 16:58:40,22.73,,,
2544,06/21/2023 17:01:40,22.56,,,
2545,06/21/2023 17:04:40,22.39,,,
2546,06/21/2023 17:07:40,22.31,,,
2547,06/21/2023 17:10:40,21.88,,,
2548,06/21/2023 17:13:40,21.49,,,
2549,06/21/2023 17:16:40,21.28,,,
2550,06/21/2023 17:19:40,21.32,,,
2551,06/21/2023 17:22:40,21.28,,,
2552,06/21/2023 17:25:40,21.06,,,
2553,06/21/2023 17:28:40,21.02,,,
2554,06/21/2023 17:31:40,21.19,,,
2555,06/21/2023 17:34:40,21.83,,,
2556,06/21/2023 17:37:40,23.08,,,
2557,06/21/2023 17:40:40,23.38,,,
2558,06/21/2023 17:43:40,22.48,,,
2559,06/21/2023 17:46:40,21.70,,,
2560,06/21/2023 17:49:40,21.45,,,
2561,06/21/2023 17:52:40,21.58,,,
2562,06/21/2023 17:55:40,21.45,,,
2563,06/21/2023 17:58:40,21.40,,,
2564,06/21/2023 18:01:40,21.10,,,
2565,06/21/2023 18:04:40,21.15,,,
2566,06/21/2023 18:07:40,21.10,,,
2567,06/21/2023 18:10:40,21.36,,,
2568,06/21/2023 18:13:40,22.39,,,
2569,06/21/2023 18:16:40,23.21,,,
2570,06/21/2023 18:19:40,23.68,,,
2571,06/21/2023 18:22:40,23.89,,,
2572,06/21/2023 18:25:40,23.59,,,
2573,06/21/2023 18:28:40,23.81,,,
2574,06/21/2023 18:31:40,23.81,,,
2575,06/21/2023 18:34:40,23.72,,,
2576,06/21/2023 18:37:40,23.59,,,
2577,06/21/2023 18:40:40,23.42,,,
2578,06/21/2023 18:43:40,23.38,,,
2579,06/21/2023 18:46:40,22.99,,,
2580,06/21/2023 18:49:40,23.08,,,
2581,06/21/2023 18:52:40,22.95,,,
2582,06/21/2023 18:55:40,23.08,,,
2583,06/21/2023 18:58:40,23.16,,,
2584,06/21/2023 19:01:40,23.08,,,
2585,06/21/2023 19:04:40,22.78,,,
2586,06/21/2023 19:07:40,22.95,,,
2587,06/21/2023 19:10:40,22.65,,,
2588,06/21/2023 19:13:40,22.48,,,
2589,06/21/2023 19:16:40,22.61,,,
2590,06/21/2023 19:19:40,22.48,,,
2591,06/21/2023 19:22:40,22.48,,,
2592,06/21/2023 19:25:40,22.43,,,
2593,06/21/2023 19:28:40,22.09,,,
2594,06/21/2023 19:31:40,21.88,,,
2595,06/21/2023 19:34:40,21.49,,,
2596,06/21/2023 19:37:40,21.02,,,
2597,06/21/2023 19:40:40,20.55,,,
2598,06/21/2023 19:43:40,20.37,,,
2599,06/21/2023 19:46:40,19.82,,,
2600,06/21/2023 19:49:40,19.43,,,
2601,06/21/2023 19:52:40,19.13,,,
2602,06/21/2023 19:55:40,19.00,,,
2603,06/21/2023 19:58:40,18.87,,,
2604,06/21/2023 20:01:40,18.66,,,
2605,06/21/2023 20:04:40,18.23,,,
2606,06/21/2023 20:07:40,17.76,,,
2607,06/21/2023 20:10:40,17.24,,,
2608,06/21/2023 20:13:40,16.90,,,
2609,06/21/2023 20:16:40,16.47,,,
2610,06/21/2023 20:19:40,15.87,,,
2611,06/21/2023 20:22:40,15.53,,,
2612,06/21/2023 20:25:40,15.27,,,
2613,06/21/2023 20:28:40,15.18,,,
2614,06/21/2023 20:31:40,14.54,,,
2615,06/21/2023 20:34:40,14.28,,,
2616,06/21/2023 20:37:40,13.64,,,
2617,06/21/2023 20:40:40,13.38,,,
2618,06/21/2023 20:43:40,13.38,,,
2619,06/21/2023 20:46:40,13.04,,,
2620,06/21/2023 20:49:40,12.70,,,
2621,06/21/2023 20:52:40,12.27,,,
2622,06/21/2023 20:55:40,11.97,,,
2623,06/21/2023 20:58:40,11.84,,,
2624,06/21/2023 21:01:40,11.67,,,
2625,06/21/2023 21:04:40,11.41,,,
2626,06/21/2023 21:07:40,11.19,,,
2627,06/21/2023 21:10:40,11.15,,,
2628,06/21/2023 21:13:40,11.19,,,
2629,06/21/2023 21:16:40,10.85,,,
2630,06/21/2023 21:19:40,10.72,,,
2631,06/21/2023 21:22:40,10.34,,,
2632,06/21/2023 21:25:40,9.91,,,
2633,06/21/2023 21:28:40,9.86,,,
2634,06/21/2023 21:31:40,9.78,,,
2635,06/21/2023 21:34:40,9.61,,,
2636,06/21/2023 21:37:40,9.48,,,
2637,06/21/2023 21:40:40,9.52,,,
2638,06/21/2023 21:43:40,9.48,,,
2639,06/21/2023 21:46:40,9.48,,,
2640,06/21/2023 21:49:40,9.31,,,
2641,06/21/2023 21:52:40,9.18,,,
2642,06/21/2023 21:55:40,9.22,,,
2643,06/21/2023 21:58:40,9.35,,,
2644,06/21/2023 22:01:40,9.52,,,
2645,06/21/2023 22:04:40,9.31,,,
2646,06/21/2023 22:07:40,9.18,,,
2647,06/21/2023 22:10:40,9.65,,,
2648,06/21/2023 22:13:40,9.44,,,
2649,06/21/2023 22:16:40,9.26,,,
2650,06/21/2023 22:19:40,9.22,,,
2651,06/21/2023 22:22:40,9.14,,,
2652,06/21/2023 22:25:40,9.31,,,
2653,06/21/2023 22:28:40,9.01,,,
2654,06/21/2023 22:31:40,9.14,,,
2655,06/21/2023 22:34:40,8.83,,,
2656,06/21/2023 22:37:40,9.14,,,
2657,06/21/2023 22:40:40,8.79,,,
2658,06/21/2023 22:43:40,8.28,,,
2659,06/21/2023 22:46:40,8.15,,,
2660,06/21/2023 22:49:40,8.36,,,
2661,06/21/2023 22:52:40,8.36,,,
2662,06/21/2023 22:55:40,8.23,,,
2663,06/21/2023 22:58:40,7.98,,,
2664,06/21/2023 23:01:40,7.93,,,
2665,06/21/2023 23:04:40,7.68,,,
2666,06/21/2023 23:07:40,7.55,,,
2667,06/21/2023 23:10:40,7.33,,,
2668,06/21/2023 23:13:40,7.59,,,
2669,06/21/2023 23:16:40,7.46,,,
2670,06/21/2023 23:19:40,7.16,,,
2671,06/21/2023 23:22:40,7.25,,,
2672,06/21/2023 23:25:40,6.86,,,
2673,06/21/2023 23:28:40,6.90,,,
2674,06/21/2023 23:31:40,7.08,,,
2675,06/21/2023 23:34:40,7.81,,,
2676,06/21/2023 23:37:40,7.98,,,
2677,06/21/2023 23:40:40,7.72,,,
2678,06/21/2023 23:43:40,7.63,,,
2679,06/21/2023 23:46:40,7.33,,,
2680,06/21/2023 23:49:40,6.95,,,
2681,06/21/2023 23:52:40,6.52,,,
2682,06/21/2023 23:55:40,6.56,,,
2683,06/21/2023 23:58:40,6.30,,,
2684,06/22/2023 00:01:40,6.17,,,
2685,06/22/2023 00:04:40,6.26,,,
2686,06/22/2023 00:07:40,6.35,,,
2687,06/22/2023 00:10:40,6.30,,,
2688,06/22/2023 00:13:40,6.35,,,
2689,06/22/2023 00:16:40,6.05,,,
2690,06/22/2023 00:19:40,5.96,,,
2691,06/22/2023 00:22:40,5.62,,,
2692,06/22/2023 00:25:40,5.49,,,
2693,06/22/2023 00:28:40,5.32,,,
2694,06/22/2023 00:31:40,5.19,,,
2695,06/22/2023 00:34:40,5.15,,,
2696,06/22/2023 00:37:40,5.06,,,
2697,06/22/2023 00:40:40,4.97,,,
2698,06/22/2023 00:43:40,5.15,,,
2699,06/22/2023 00:46:40,4.67,,,
2700,06/22/2023 00:49:40,4.67,,,
2701,06/22/2023 00:52:40,4.63,,,
2702,06/22/2023 00:55:40,4.72,,,
2703,06/22/2023 00:58:40,4.93,,,
2704,06/22/2023 01:01:40,4.80,,,
2705,06/22/2023 01:04:40,4.63,,,
2706,06/22/2023 01:07:40,4.37,,,
2707,06/22/2023 01:10:40,4.07,,,
2708,06/22/2023 01:13:40,3.86,,,
2709,06/22/2023 01:16:40,3.90,,,
2710,06/22/2023 01:19:40,3.86,,,
2711,06/22/2023 01:22:40,4.12,,,
2712,06/22/2023 01:25:40,4.07,,,
2713,06/22/2023 01:28:40,3.56,,,
2714,06/22/2023 01:31:40,3.47,,,
2715,06/22/2023 01:34:40,3.47,,,
2716,06/22/2023 01:37:40,3.56,,,
2717,06/22/2023 01:40:40,3.43,,,
2718,06/22/2023 01:43:40,3.30,,,
2719,06/22/2023 01:46:40,3.34,,,
2720,06/22/2023 01:49:40,3.43,,,
2721,06/22/2023 01:52:40,3.34,,,
2722,06/22/2023 01:55:40,3.09,,,
2723,06/22/2023 01:58:40,3.00,,,
2724,06/22/2023 02:01:40,3.13,,,
2725,06/22/2023 02:04:40,3.26,,,
2726,06/22/2023 02:07:40,3.09,,,
2727,06/22/2023 02:10:40,3.00,,,
2728,06/22/2023 02:13:40,3.13,,,
2729,06/22/2023 02:16:40,2.87,,,
2730,06/22/2023 02:19:40,2.83,,,
2731,06/22/2023 02:22:40,2.91,,,
2732,06/22/2023 02:25:40,2.83,,,
2733,06/22/2023 02:28:40,2.53,,,
2734,06/22/2023 02:31:40,2.57,,,
2735,06/22/2023 02:34:40,2.44,,,
2736,06/22/2023 02:37:40,2.40,,,
2737,06/22/2023 02:40:40,2.66,,,
2738,06/22/2023 02:43:40,2.66,,,
2739,06/22/2023 02:46:40,2.61,,,
2740,06/22/2023 02:49:40,2.96,,,
2741,06/22/2023 02:52:40,2.91,,,
2742,06/22/2023 02:55:40,2.70,,,
2743,06/22/2023 02:58:40,2.74,,,
2744,06/22/2023 03:01:40,3.00,,,
2745,06/22/2023 03:04:40,2.66,,,
2746,06/22/2023 03:07:40,2.31,,,
2747,06/22/2023 03:10:40,2.31,,,
2748,06/22/2023 03:13:40,2.10,,,
2749,06/22/2023 03:16:40,2.06,,,
2750,06/22/2023 03:19:40,2.06,,,
2751,06/22/2023 03:22:40,1.88,,,
2752,06/22/2023 03:25:40,2.01,,,
2753,06/22/2023 03:28:40,2.27,,,
2754,06/22/2023 03:31:40,2.10,,,
2755,06/22/2023 03:34:40,1.84,,,
2756,06/22/2023 03:37:40,1.80,,,
2757,06/22/2023 03:40:40,2.10,,,
2758,06/22/2023 03:43:40,2.06,,,
2759,06/22/2023 03:46:40,1.88,,,
2760,06/22/2023 03:49:40,1.63,,,
2761,06/22/2023 03:52:40,1.54,,,
2762,06/22/2023 03:55:40,1.67,,,
2763,06/22/2023 03:58:40,1.97,,,
2764,06/22/2023 04:01:40,1.93,,,
2765,06/22/2023 04:04:40,1.80,,,
2766,06/22/2023 04:07:40,1.80,,,
2767,06/22/2023 04:10:40,1.80,,,
2768,06/22/2023 04:13:40,1.71,,,
2769,06/22/2023 04:16:40,1.71,,,
2770,06/22/2023 04:19:40,1.46,,,
2771,06/22/2023 04:22:40,1.28,,,
2772,06/22/2023 04:25:40,1.37,,,
2773,06/22/2023 04:28:40,1.67,,,
2774,06/22/2023 04:31:40,1.88,,,
2775,06/22/2023 04:34:40,1.71,,,
2776,06/22/2023 04:37:40,1.58,,,
2777,06/22/2023 04:40:40,1.58,,,
2778,06/22/2023 04:43:40,1.54,,,
2779,06/22/2023 04:46:40,1.41,,,
2780,06/22/2023 04:49:40,1.33,,,
2781,06/22/2023 04:52:40,0.98,,,
2782,06/22/2023 04:55:40,1.07,,,
2783,06/22/2023 04:58:40,0.98,,,
2784,06/22/2023 05:01:40,0.81,,,
2785,06/22/2023 05:04:40,0.81,,,
2786,06/22/2023 05:07:40,0.81,,,
2787,06/22/2023 05:10:40,0.86,,,
2788,06/22/2023 05:13:40,1.33,,,
2789,06/22/2023 05:16:40,1.28,,,
2790,06/22/2023 05:19:40,1.24,,,
2791,06/22/2023 05:22:40,1.03,,,
2792,06/22/2023 05:25:40,1.16,,,
2793,06/22/2023 05:28:40,1.16,,,
2794,06/22/2023 05:31:40,1.20,,,
2795,06/22/2023 05:34:40,1.20,,,
2796,06/22/2023 05:37:40,1.11,,,
2797,06/22/2023 05:40:40,1.20,,,
2798,06/22/2023 05:43:40,1.03,,,
2799,06/22/2023 05:46:40,0.68,,,
2800,06/22/2023 05:49:40,0.68,,,
2801,06/22/2023 05:52:40,0.81,,,
2802,06/22/2023 05:55:40,0.90,,,
2803,06/22/2023 05:58:40,1.03,,,
2804,06/22/2023 06:01:40,0.98,,,
2805,06/22/2023 06:04:40,0.77,,,
2806,06/22/2023 06:07:40,0.94,,,
2807,06/22/2023 06:10:40,1.24,,,
2808,06/22/2023 06:13:40,1.33,,,
2809,06/22/2023 06:16:40,1.28,,,
2810,06/22/2023 06:19:40,1.37,,,
2811,06/22/2023 06:22:40,1.28,,,
2812,06/22/2023 06:25:40,1.24,,,
2813,06/22/2023 06:28:40,1.11,,,
2814,06/22/2023 06:31:40,1.33,,,
2815,06/22/2023 06:34:40,1.67,,,
2816,06/22/2023 06:37:40,1.84,,,
2817,06/22/2023 06:40:40,1.97,,,
2818,06/22/2023 06:43:40,2.31,,,
2819,06/22/2023 06:46:40,2.53,,,
2820,06/22/2023 06:49:40,3.30,,,
2821,06/22/2023 06:52:40,4.16,,,
2822,06/22/2023 06:55:40,5.06,,,
2823,06/22/2023 06:58:40,5.75,,,
2824,06/22/2023 07:01:40,6.43,,,
2825,06/22/2023 07:04:40,7.08,,,
2826,06/22/2023 07:07:40,7.46,,,
2827,06/22/2023 07:10:40,8.11,,,
2828,06/22/2023 07:13:40,8.49,,,
2829,06/22/2023 07:16:40,8.49,,,
2830,06/22/2023 07:19:40,8.23,,,
2831,06/22/2023 07:22:40,8.71,,,
2832,06/22/2023 07:25:40,8.71,,,
2833,06/22/2023 07:28:40,8.88,,,
2834,06/22/2023 07:31:40,9.14,,,
2835,06/22/2023 07:34:40,9.44,,,
2836,06/22/2023 07:37:40,9.65,,,
2837,06/22/2023 07:40:40,10.04,,,
2838,06/22/2023 07:43:40,10.21,,,
2839,06/22/2023 07:46:40,10.38,,,
2840,06/22/2023 07:49:40,10.77,,,
2841,06/22/2023 07:52:40,11.37,,,
2842,06/22/2023 07:55:40,12.05,,,
2843,06/22/2023 07:58:40,12.52,,,
2844,06/22/2023 08:01:40,12.22,,,
2845,06/22/2023 08:04:40,13.00,,,
2846,06/22/2023 08:07:40,13.43,,,
2847,06/22/2023 08:10:40,13.43,,,
2848,06/22/2023 08:13:40,14.97,,,
2849,06/22/2023 08:16:40,16.47,,,
2850,06/22/2023 08:19:40,14.58,,,
2851,06/22/2023 08:22:40,13.90,,,
2852,06/22/2023 08:25:40,13.21,,,
2853,06/22/2023 08:28:40,13.60,,,
2854,06/22/2023 08:31:40,13.90,,,
2855,06/22/2023 08:34:40,14.71,,,
2856,06/22/2023 08:37:40,14.50,,,
2857,06/22/2023 08:40:40,14.88,,,
2858,06/22/2023 08:43:40,15.01,,,
2859,06/22/2023 08:46:40,14.75,,,
2860,06/22/2023 08:49:40,14.67,,,
2861,06/22/2023 08:52:40,14.37,,,
2862,06/22/2023 08:55:40,14.63,,,
2863,06/22/2023 08:58:40,15.06,,,
2864,06/22/2023 09:01:40,15.31,,,
2865,06/22/2023 09:04:40,15.96,,,
2866,06/22/2023 09:07:40,16.17,,,
2867,06/22/2023 09:10:40,17.33,,,
2868,06/22/2023 09:13:40,16.90,,,
2869,06/22/2023 09:16:40,16.77,,,
2870,06/22/2023 09:19:40,17.41,,,
2871,06/22/2023 09:22:40,17.67,,,
2872,06/22/2023 09:25:40,19.35,,,
2873,06/22/2023 09:28:40,17.93,,,
2874,06/22/2023 09:31:40,19.22,,,
2875,06/22/2023 09:34:40,20.20,,,
2876,06/22/2023 09:37:40,19.86,,,
2877,06/22/2023 09:40:40,19.73,,,
2878,06/22/2023 09:43:40,19.82,,,
2879,06/22/2023 09:46:40,21.02,,,
2880,06/22/2023 09:49:40,20.68,,,
2881,06/22/2023 09:52:40,20.50,,,
2882,06/22/2023 09:55:40,20.63,,,
2883,06/22/2023 09:58:40,19.99,,,
2884,06/22/2023 10:01:40,21.10,,,
2885,06/22/2023 10:04:40,21.19,,,
2886,06/22/2023 10:07:40,20.29,,,
2887,06/22/2023 10:10:40,20.68,,,
2888,06/22/2023 10:13:40,21.06,,,
2889,06/22/2023 10:16:40,20.76,,,
2890,06/22/2023 10:19:40,20.85,,,
2891,06/22/2023 10:22:40,19.73,,,
2892,06/22/2023 10:25:40,19.86,,,
2893,06/22/2023 10:28:40,20.20,,,
2894,06/22/2023 10:31:40,20.85,,,
2895,06/22/2023 10:34:40,20.72,,,
2896,06/22/2023 10:37:40,20.46,,,
2897,06/22/2023 10:40:40,20.59,,,
2898,06/22/2023 10:43:40,21.45,,,
2899,06/22/2023 10:46:40,21.45,,,
2900,06/22/2023 10:49:40,20.59,,,
2901,06/22/2023 10:52:40,22.13,,,
2902,06/22/2023 10:55:40,21.62,,,
2903,06/22/2023 10:58:40,21.66,,,
2904,06/22/2023 11:01:40,22.95,,,
2905,06/22/2023 11:04:40,22.48,,,
2906,06/22/2023 11:07:40,21.53,,,
2907,06/22/2023 11:10:40,20.12,,,
2908,06/22/2023 11:13:40,19.86,,,
2909,06/22/2023 11:16:40,20.80,,,
2910,06/22/2023 11:19:40,22.13,,,
2911,06/22/2023 11:22:40,22.05,,,
2912,06/22/2023 11:25:40,21.15,,,
2913,06/22/2023 11:28:40,21.53,,,
2914,06/22/2023 11:31:40,21.92,,,
2915,06/22/2023 11:34:40,22.22,,,
2916,06/22/2023 11:37:40,22.09,,,
2917,06/22/2023 11:40:40,22.61,,,
2918,06/22/2023 11:43:40,22.26,,,
2919,06/22/2023 11:46:40,22.56,,,
2920,06/22/2023 11:49:40,23.08,,,
2921,06/22/2023 11:52:40,22.86,,,
2922,06/22/2023 11:55:40,23.12,,,
2923,06/22/2023 11:58:40,22.65,,,
2924,06/22/2023 12:01:40,23.16,,,
2925,06/22/2023 12:04:40,23.21,,,
2926,06/22/2023 12:07:40,23.51,,,
2927,06/22/2023 12:10:40,23.16,,,
2928,06/22/2023 12:13:40,22.69,,,
2929,06/22/2023 12:16:40,23.25,,,
2930,06/22/2023 12:19:40,23.34,,,
2931,06/22/2023 12:22:40,23.38,,,
2932,06/22/2023 12:25:40,23.21,,,
2933,06/22/2023 12:28:40,23.51,,,
2934,06/22/2023 12:31:40,23.38,,,
2935,06/22/2023 12:34:40,23.55,,,
2936,06/22/2023 12:37:40,23.25,,,
2937,06/22/2023 12:40:40,23.68,,,
2938,06/22/2023 12:43:40,21.88,,,
2939,06/22/2023 12:46:40,21.62,,,
2940,06/22/2023 12:49:40,22.56,,,
2941,06/22/2023 12:52:40,22.56,,,
2942,06/22/2023 12:55:40,22.52,,,
2943,06/22/2023 12:58:40,23.29,,,
2944,06/22/2023 13:01:40,23.34,,,
2945,06/22/2023 13:04:40,22.18,,,
2946,06/22/2023 13:07:40,21.32,,,
2947,06/22/2023 13:10:40,21.32,,,
2948,06/22/2023 13:13:40,21.40,,,
2949,06/22/2023 13:16:40,22.09,,,
2950,06/22/2023 13:19:40,21.75,,,
2951,06/22/2023 13:22:40,22.65,,,
2952,06/22/2023 13:25:40,22.73,,,
2953,06/22/2023 13:28:40,22.05,,,
2954,06/22/2023 13:31:40,21.53,,,
2955,06/22/2023 13:34:40,22.61,,,
2956,06/22/2023 13:37:40,22.43,,,
2957,06/22/2023 13:40:40,21.58,,,
2958,06/22/2023 13:43:40,21.15,,,
2959,06/22/2023 13:46:40,21.02,,,
2960,06/22/2023 13:49:40,21.40,,,
2961,06/22/2023 13:52:40,23.25,,,
2962,06/22/2023 13:55:40,24.84,,,
2963,06/22/2023 13:58:40,25.31,,,
2964,06/22/2023 14:01:40,25.05,,,
2965,06/22/2023 14:04:40,25.09,,,
2966,06/22/2023 14:07:40,24.06,,,
2967,06/22/2023 14:10:40,23.21,,,
2968,06/22/2023 14:13:40,23.12,,,
2969,06/22/2023 14:16:40,24.71,,,
2970,06/22/2023 14:19:40,24.24,,,
2971,06/22/2023 14:22:40,23.16,,,
2972,06/22/2023 14:25:40,23.21,,,
2973,06/22/2023 14:28:40,22.09,,,
2974,06/22/2023 14:31:40,22.73,,,
2975,06/22/2023 14:34:40,24.24,,,
2976,06/22/2023 14:37:40,23.64,,,
2977,06/22/2023 14:40:40,22.95,,,
2978,06/22/2023 14:43:40,22.31,,,
2979,06/22/2023 14:46:40,22.31,,,
2980,06/22/2023 14:49:40,22.31,,,
2981,06/22/2023 14:52:40,22.05,,,
2982,06/22/2023 14:55:40,22.05,,,
2983,06/22/2023 14:58:40,22.13,,,
2984,06/22/2023 15:01:40,23.98,,,
2985,06/22/2023 15:04:40,24.71,,,
2986,06/22/2023 15:07:40,23.81,,,
2987,06/22/2023 15:10:40,23.12,,,
2988,06/22/2023 15:13:40,23.21,,,
2989,06/22/2023 15:16:40,24.58,,,
2990,06/22/2023 15:19:40,25.65,,,
2991,06/22/2023 15:22:40,25.65,,,
2992,06/22/2023 15:25:40,25.95,,,
2993,06/22/2023 15:28:40,25.87,,,
2994,06/22/2023 15:31:40,25.22,,,
2995,06/22/2023 15:34:40,24.84,,,
2996,06/22/2023 15:37:40,25.65,,,
2997,06/22/2023 15:40:40,25.22,,,
2998,06/22/2023 15:43:40,25.18,,,
2999,06/22/2023 15:46:40,25.01,,,
3000,06/22/2023 15:49:40,24.97,,,
3001,06/22/2023 15:52:40,25.27,,,
3002,06/22/2023 15:55:40,25.22,,,
3003,06/22/2023 15:58:40,26.08,,,
3004,06/22/2023 16:01:40,26.17,,,
3005,06/22/2023 16:04:40,25.69,,,
3006,06/22/2023 16:07:40,25.39,,,
3007,06/22/2023 16:10:40,24.97,,,
3008,06/22/2023 16:13:40,25.74,,,
3009,06/22/2023 16:16:40,26.12,,,
3010,06/22/2023 16:19:40,25.95,,,
3011,06/22/2023 16:22:40,26.21,,,
3012,06/22/2023 16:25:40,25.22,,,
3013,06/22/2023 16:28:40,24.06,,,
3014,06/22/2023 16:31:40,24.02,,,
3015,06/22/2023 16:34:40,23.51,,,
3016,06/22/2023 16:37:40,24.58,,,
3017,06/22/2023 16:40:40,25.74,,,
3018,06/22/2023 16:43:40,25.05,,,
3019,06/22/2023 16:46:40,24.97,,,
3020,06/22/2023 16:49:40,24.54,,,
3021,06/22/2023 16:52:40,23.68,,,
3022,06/22/2023 16:55:40,22.78,,,
3023,06/22/2023 16:58:40,22.48,,,
3024,06/22/2023 17:01:40,23.16,,,
3025,06/22/2023 17:04:40,24.32,,,
3026,06/22/2023 17:07:40,23.85,,,
3027,06/22/2023 17:10:40,24.02,,,
3028,06/22/2023 17:13:40,24.75,,,
3029,06/22/2023 17:16:40,24.88,,,
3030,06/22/2023 17:19:40,24.24,,,
3031,06/22/2023 17:22:40,25.09,,,
3032,06/22/2023 17:25:40,25.35,,,
3033,06/22/2023 17:28:40,25.05,,,
3034,06/22/2023 17:31:40,24.79,,,
3035,06/22/2023 17:34:40,24.19,,,
3036,06/22/2023 17:37:40,24.36,,,
3037,06/22/2023 17:40:40,24.71,,,
3038,06/22/2023 17:43:40,24.71,,,
3039,06/22/2023 17:46:40,24.75,,,
3040,06/22/2023 17:49:40,25.48,,,
3041,06/22/2023 17:52:40,24.71,,,
3042,06/22/2023 17:55:40,24.24,,,
3043,06/22/2023 17:58:40,24.45,,,
3044,06/22/2023 18:01:40,24.58,,,
3045,06/22/2023 18:04:40,25.01,,,
3046,06/22/2023 18:07:40,24.15,,,
3047,06/22/2023 18:10:40,24.24,,,
3048,06/22/2023 18:13:40,24.32,,,
3049,06/22/2023 18:16:40,23.81,,,
3050,06/22/2023 18:19:40,24.02,,,
3051,06/22/2023 18:22:40,23.51,,,
3052,06/22/2023 18:25:40,23.46,,,
3053,06/22/2023 18:28:40,23.51,,,
3054,06/22/2023 18:31:40,23.68,,,
3055,06/22/2023 18:34:40,23.59,,,
3056,06/22/2023 18:37:40,23.25,,,
3057,06/22/2023 18:40:40,22.91,,,
3058,06/22/2023 18:43:40,22.82,,,
3059,06/22/2023 18:46:40,22.95,,,
3060,06/22/2023 18:49:40,22.65,,,
3061,06/22/2023 18:52:40,22.65,,,
3062,06/22/2023 18:55:40,22.61,,,
3063,06/22/2023 18:58:40,22.61,,,
3064,06/22/2023 19:01:40,22.56,,,
3065,06/22/2023 19:04:40,21.79,,,
3066,06/22/2023 19:07:40,20.80,,,
3067,06/22/2023 19:10:40,20.59,,,
3068,06/22/2023 19:13:40,20.76,,,
3069,06/22/2023 19:16:40,21.10,,,
3070,06/22/2023 19:19:40,20.68,,,
3071,06/22/2023 19:22:40,20.25,,,
3072,06/22/2023 19:25:40,20.16,,,
3073,06/22/2023 19:28:40,20.16,,,
3074,06/22/2023 19:31:40,19.65,,,
3075,06/22/2023 19:34:40,19.30,,,
3076,06/22/2023 19:37:40,18.92,,,
3077,06/22/2023 19:40:40,18.23,,,
3078,06/22/2023 19:43:40,17.80,,,
3079,06/22/2023 19:46:40,17.93,,,
3080,06/22/2023 19:49:40,17.37,,,
3081,06/22/2023 19:52:40,17.07,,,
3082,06/22/2023 19:55:40,16.69,,,
3083,06/22/2023 19:58:40,16.17,,,
3084,06/22/2023 20:01:40,16.43,,,
3085,06/22/2023 20:04:40,16.51,,,
3086,06/22/2023 20:07:40,16.21,,,
3087,06/22/2023 20:10:40,15.53,,,
3088,06/22/2023 20:13:40,15.23,,,
3089,06/22/2023 20:16:40,14.80,,,
3090,06/22/2023 20:19:40,15.10,,,
3091,06/22/2023 20:22:40,14.41,,,
3092,06/22/2023 20:25:40,13.64,,,
3093,06/22/2023 20:28:40,13.12,,,
3094,06/22/2023 20:31:40,12.82,,,
3095,06/22/2023 20:34:40,12.91,,,
3096,06/22/2023 20:37:40,12.91,,,
3097,06/22/2023 20:40:40,12.70,,,
3098,06/22/2023 20:43:40,12.48,,,
3099,06/22/2023 20:46:40,12.57,,,
3100,06/22/2023 20:49:40,12.31,,,
3101,06/22/2023 20:52:40,11.58,,,
3102,06/22/2023 20:55:40,11.19,,,
3103,06/22/2023 20:58:40,10.94,,,
3104,06/22/2023 21:01:40,10.68,,,
3105,06/22/2023 21:04:40,10.42,,,
3106,06/22/2023 21:07:40,10.25,,,
3107,06/22/2023 21:10:40,9.95,,,
3108,06/22/2023 21:13:40,9.65,,,
3109,06/22/2023 21:16:40,9.22,,,
3110,06/22/2023 21:19:40,9.52,,,
3111,06/22/2023 21:22:40,9.65,,,
3112,06/22/2023 21:25:40,9.35,,,
3113,06/22/2023 21:28:40,9.31,,,
3114,06/22/2023 21:31:40,9.14,,,
3115,06/22/2023 21:34:40,9.48,,,
3116,06/22/2023 21:37:40,9.69,,,
3117,06/22/2023 21:40:40,9.48,,,
3118,06/22/2023 21:43:40,9.61,,,
3119,06/22/2023 21:46:40,9.26,,,
3120,06/22/2023 21:49:40,9.31,,,
3121,06/22/2023 21:52:40,9.01,,,
3122,06/22/2023 21:55:40,8.49,,,
3123,06/22/2023 21:58:40,8.23,,,
3124,06/22/2023 22:01:40,7.81,,,
3125,06/22/2023 22:04:40,8.02,,,
3126,06/22/2023 22:07:40,7.59,,,
3127,06/22/2023 22:10:40,7.85,,,
3128,06/22/2023 22:13:40,7.76,,,
3129,06/22/2023 22:16:40,8.23,,,
3130,06/22/2023 22:19:40,8.41,,,
3131,06/22/2023 22:22:40,8.36,,,
3132,06/22/2023 22:25:40,8.45,,,
3133,06/22/2023 22:28:40,8.41,,,
3134,06/22/2023 22:31:40,8.36,,,
3135,06/22/2023 22:34:40,8.32,,,
3136,06/22/2023 22:37:40,8.06,,,
3137,06/22/2023 22:40:40,7.98,,,
3138,06/22/2023 22:43:40,8.02,,,
3139,06/22/2023 22:46:40,7.72,,,
3140,06/22/2023 22:49:40,7.33,,,
3141,06/22/2023 22:52:40,6.86,,,
3142,06/22/2023 22:55:40,6.73,,,
3143,06/22/2023 22:58:40,6.65,,,
3144,06/22/2023 23:01:40,6.48,,,
3145,06/22/2023 23:04:40,6.35,,,
3146,06/22/2023 23:07:40,6.52,,,
3147,06/22/2023 23:10:40,6.52,,,
3148,06/22/2023 23:13:40,6.09,,,
3149,06/22/2023 23:16:40,5.70,,,
3150,06/22/2023 23:19:40,5.57,,,
3151,06/22/2023 23:22:40,5.49,,,
3152,06/22/2023 23:25:40,5.53,,,
3153,06/22/2023 23:28:40,5.83,,,
3154,06/22/2023 23:31:40,6.13,,,
3155,06/22/2023 23:34:40,6.30,,,
3156,06/22/2023 23:37:40,6.26,,,
3157,06/22/2023 23:40:40,6.17,,,
3158,06/22/2023 23:43:40,6.22,,,
3159,06/22/2023 23:46:40,5.96,,,
3160,06/22/2023 23:49:40,5.57,,,
3161,06/22/2023 23:52:40,5.70,,,
3162,06/22/2023 23:55:40,5.83,,,
3163,06/22/2023 23:58:40,5.87,,,
3164,06/23/2023 00:01:40,5.75,,,
3165,06/23/2023 00:04:40,6.09,,,
3166,06/23/2023 00:07:40,6.22,,,
3167,06/23/2023 00:10:40,6.17,,,
3168,06/23/2023 00:13:40,6.00,,,
3169,06/23/2023 00:16:40,6.05,,,
3170,06/23/2023 00:19:40,5.83,,,
3171,06/23/2023 00:22:40,5.66,,,
3172,06/23/2023 00:25:40,6.13,,,
3173,06/23/2023 00:28:40,6.17,,,
3174,06/23/2023 00:31:40,5.87,,,
3175,06/23/2023 00:34:40,5.53,,,
3176,06/23/2023 00:37:40,5.32,,,
3177,06/23/2023 00:40:40,5.27,,,
3178,06/23/2023 00:43:40,5.10,,,
3179,06/23/2023 00:46:40,5.27,,,
3180,06/23/2023 00:49:40,5.57,,,
3181,06/23/2023 00:52:40,5.53,,,
3182,06/23/2023 00:55:40,5.19,,,
3183,06/23/2023 00:58:40,5.02,,,
3184,06/23/2023 01:01:40,5.06,,,
3185,06/23/2023 01:04:40,5.45,,,
3186,06/23/2023 01:07:40,5.45,,,
3187,06/23/2023 01:10:40,5.19,,,
3188,06/23/2023 01:13:40,5.27,,,
3189,06/23/2023 01:16:40,5.23,,,
3190,06/23/2023 01:19:40,5.06,,,
3191,06/23/2023 01:22:40,5.02,,,
3192,06/23/2023 01:25:40,4.84,,,
3193,06/23/2023 01:28:40,4.80,,,
3194,06/23/2023 01:31:40,4.63,,,
3195,06/23/2023 01:34:40,4.42,,,
3196,06/23/2023 01:37:40,4.76,,,
3197,06/23/2023 01:40:40,4.33,,,
3198,06/23/2023 01:43:40,4.20,,,
3199,06/23/2023 01:46:40,3.94,,,
3200,06/23/2023 01:49:40,3.64,,,
3201,06/23/2023 01:52:40,3.47,,,
3202,06/23/2023 01:55:40,3.52,,,
3203,06/23/2023 01:58:40,3.64,,,
3204,06/23/2023 02:01:40,4.03,,,
3205,06/23/2023 02:04:40,4.54,,,
3206,06/23/2023 02:07:40,4.29,,,
3207,06/23/2023 02:10:40,4.12,,,
3208,06/23/2023 02:13:40,3.82,,,
3209,06/23/2023 02:16:40,3.52,,,
3210,06/23/2023 02:19:40,3.21,,,
3211,06/23/2023 02:22:40,3.21,,,
3212,06/23/2023 02:25:40,3.09,,,
3213,06/23/2023 02:28:40,3.39,,,
3214,06/23/2023 02:31:40,3.34,,,
3215,06/23/2023 02:34:40,3.26,,,
3216,06/23/2023 02:37:40,3.09,,,
3217,06/23/2023 02:40:40,3.09,,,
3218,06/23/2023 02:43:40,3.09,,,
3219,06/23/2023 02:46:40,3.09,,,
3220,06/23/2023 02:49:40,3.04,,,
3221,06/23/2023 02:52:40,2.66,,,
3222,06/23/2023 02:55:40,2.61,,,
3223,06/23/2023 02:58:40,2.87,,,
3224,06/23/2023 03:01:40,2.66,,,
3225,06/23/2023 03:04:40,2.49,,,
3226,06/23/2023 03:07:40,2.57,,,
3227,06/23/2023 03:10:40,2.70,,,
3228,06/23/2023 03:13:40,2.61,,,
3229,06/23/2023 03:16:40,2.40,,,
3230,06/23/2023 03:19:40,2.44,,,
3231,06/23/2023 03:22:40,2.44,,,
3232,06/23/2023 03:25:40,2.61,,,
3233,06/23/2023 03:28:40,2.74,,,
3234,06/23/2023 03:31:40,2.36,,,
3235,06/23/2023 03:34:40,2.14,,,
3236,06/23/2023 03:37:40,1.93,,,
3237,06/23/2023 03:40:40,1.84,,,
3238,06/23/2023 03:43:40,2.01,,,
3239,06/23/2023 03:46:40,2.10,,,
3240,06/23/2023 03:49:40,2.01,,,
3241,06/23/2023 03:52:40,1.84,,,
3242,06/23/2023 03:55:40,1.80,,,
3243,06/23/2023 03:58:40,1.54,,,
3244,06/23/2023 04:01:40,1.50,,,
3245,06/23/2023 04:04:40,2.06,,,
3246,06/23/2023 04:07:40,2.23,,,
3247,06/23/2023 04:10:40,1.93,,,
3248,06/23/2023 04:13:40,1.88,,,
3249,06/23/2023 04:16:40,1.58,,,
3250,06/23/2023 04:19:40,1.33,,,
3251,06/23/2023 04:22:40,1.67,,,
3252,06/23/2023 04:25:40,1.88,,,
3253,06/23/2023 04:28:40,1.76,,,
3254,06/23/2023 04:31:40,1.28,,,
3255,06/23/2023 04:34:40,1.20,,,
3256,06/23/2023 04:37:40,1.46,,,
3257,06/23/2023 04:40:40,1.50,,,
3258,06/23/2023 04:43:40,1.67,,,
3259,06/23/2023 04:46:40,1.37,,,
3260,06/23/2023 04:49:40,1.28,,,
3261,06/23/2023 04:52:40,1.24,,,
3262,06/23/2023 04:55:40,1.11,,,
3263,06/23/2023 04:58:40,0.77,,,
3264,06/23/2023 05:01:40,0.94,,,
3265,06/23/2023 05:04:40,1.20,,,
3266,06/23/2023 05:07:40,0.98,,,
3267,06/23/2023 05:10:40,0.64,,,
3268,06/23/2023 05:13:40,0.73,,,
3269,06/23/2023 05:16:40,0.73,,,
3270,06/23/2023 05:19:40,0.77,,,
3271,06/23/2023 05:22:40,0.38,,,
3272,06/23/2023 05:25:40,0.34,,,
3273,06/23/2023 05:28:40,0.34,,,
3274,06/23/2023 05:31:40,0.55,,,
3275,06/23/2023 05:34:40,0.43,,,
3276,06/23/2023 05:37:40,0.43,,,
3277,06/23/2023 05:40:40,0.77,,,
3278,06/23/2023 05:43:40,0.30,,,
3279,06/23/2023 05:46:40,0.51,,,
3280,06/23/2023 05:49:40,0.47,,,
3281,06/23/2023 05:52:40,0.90,,,
3282,06/23/2023 05:55:40,0.81,,,
3283,06/23/2023 05:58:40,0.43,,,
3284,06/23/2023 06:01:40,0.13,,,
3285,06/23/2023 06:04:40,0.00,,,
3286,06/23/2023 06:07:40,0.08,,,
3287,06/23/2023 06:10:40,0.04,,,
3288,06/23/2023 06:13:40,0.34,,,
3289,06/23/2023 06:16:40,0.43,,,
3290,06/23/2023 06:19:40,0.25,,,
3291,06/23/2023 06:22:40,0.13,,,
3292,06/23/2023 06:25:40,0.25,,,
3293,06/23/2023 06:28:40,0.60,,,
3294,06/23/2023 06:31:40,0.90,,,
3295,06/23/2023 06:34:40,1.28,,,
3296,06/23/2023 06:37:40,1.41,,,
3297,06/23/2023 06:40:40,1.37,,,
3298,06/23/2023 06:43:40,1.58,,,
3299,06/23/2023 06:46:40,1.84,,,
3300,06/23/2023 06:49:40,2.36,,,
3301,06/23/2023 06:52:40,3.17,,,
3302,06/23/2023 06:55:40,3.99,,,
3303,06/23/2023 06:58:40,4.67,,,
3304,06/23/2023 07:01:40,4.50,,,
3305,06/23/2023 07:04:40,4.54,,,
3306,06/23/2023 07:07:40,4.80,,,
3307,06/23/2023 07:10:40,5.53,,,
3308,06/23/2023 07:13:40,5.92,,,
3309,06/23/2023 07:16:40,6.26,,,
3310,06/23/2023 07:19:40,6.69,,,
3311,06/23/2023 07:22:40,6.99,,,
3312,06/23/2023 07:25:40,7.29,,,
3313,06/23/2023 07:28:40,7.85,,,
3314,06/23/2023 07:31:40,8.62,,,
3315,06/23/2023 07:34:40,8.88,,,
3316,06/23/2023 07:37:40,8.79,,,
3317,06/23/2023 07:40:40,9.39,,,
3318,06/23/2023 07:43:40,9.18,,,
3319,06/23/2023 07:46:40,9.69,,,
3320,06/23/2023 07:49:40,10.46,,,
3321,06/23/2023 07:52:40,10.51,,,
3322,06/23/2023 07:55:40,10.81,,,
3323,06/23/2023 07:58:40,10.72,,,
3324,06/23/2023 08:01:40,11.07,,,
3325,06/23/2023 08:04:40,11.71,,,
3326,06/23/2023 08:07:40,12.78,,,
3327,06/23/2023 08:10:40,12.87,,,
3328,06/23/2023 08:13:40,13.00,,,
3329,06/23/2023 08:16:40,13.25,,,
3330,06/23/2023 08:19:40,14.07,,,
3331,06/23/2023 08:22:40,14.07,,,
3332,06/23/2023 08:25:40,14.28,,,
3333,06/23/2023 08:28:40,14.84,,,
3334,06/23/2023 08:31:40,14.33,,,
3335,06/23/2023 08:34:40,14.75,,,
3336,06/23/2023 08:37:40,14.58,,,
3337,06/23/2023 08:40:40,16.00,,,
3338,06/23/2023 08:43:40,16.64,,,
3339,06/23/2023 08:46:40,17.24,,,
3340,06/23/2023 08:49:40,17.50,,,
3341,06/23/2023 08:52:40,16.34,,,
3342,06/23/2023 08:55:40,16.34,,,
3343,06/23/2023 08:58:40,16.34,,,
3344,06/23/2023 09:01:40,17.50,,,
3345,06/23/2023 09:04:40,17.67,,,
3346,06/23/2023 09:07:40,18.40,,,
3347,06/23/2023 09:10:40,19.13,,,
3348,06/23/2023 09:13:40,19.82,,,
3349,06/23/2023 09:16:40,19.86,,,
3350,06/23/2023 09:19:40,20.25,,,
3351,06/23/2023 09:22:40,19.77,,,
3352,06/23/2023 09:25:40,18.49,,,
3353,06/23/2023 09:28:40,19.05,,,
3354,06/23/2023 09:31:40,17.67,,,
3355,06/23/2023 09:34:40,17.29,,,
3356,06/23/2023 09:37:40,17.89,,,
3357,06/23/2023 09:40:40,17.97,,,
3358,06/23/2023 09:43:40,18.02,,,
3359,06/23/2023 09:46:40,18.70,,,
3360,06/23/2023 09:49:40,18.70,,,
3361,06/23/2023 09:52:40,18.10,,,
3362,06/23/2023 09:55:40,18.87,,,
3363,06/23/2023 09:58:40,18.40,,,
3364,06/23/2023 10:01:40,18.74,,,
3365,06/23/2023 10:04:40,18.83,,,
3366,06/23/2023 10:07:40,19.52,,,
3367,06/23/2023 10:10:40,19.05,,,
3368,06/23/2023 10:13:40,19.39,,,
3369,06/23/2023 10:16:40,19.43,,,
3370,06/23/2023 10:19:40,19.47,,,
3371,06/23/2023 10:22:40,19.77,,,
3372,06/23/2023 10:25:40,19.77,,,
3373,06/23/2023 10:28:40,19.60,,,
3374,06/23/2023 10:31:40,20.07,,,
3375,06/23/2023 10:34:40,19.90,,,
3376,06/23/2023 10:37:40,19.99,,,
3377,06/23/2023 10:40:40,20.46,,,
3378,06/23/2023 10:43:40,19.99,,,
3379,06/23/2023 10:46:40,20.63,,,
3380,06/23/2023 10:49:40,20.33,,,
3381,06/23/2023 10:52:40,20.68,,,
3382,06/23/2023 10:55:40,20.72,,,
3383,06/23/2023 10:58:40,20.63,,,
3384,06/23/2023 11:01:40,20.80,,,
3385,06/23/2023 11:04:40,20.59,,,
3386,06/23/2023 11:07:40,20.93,,,
3387,06/23/2023 11:10:40,20.76,,,
3388,06/23/2023 11:13:40,20.80,,,
3389,06/23/2023 11:16:40,20.46,,,
3390,06/23/2023 11:19:40,20.85,,,
3391,06/23/2023 11:22:40,20.80,,,
3392,06/23/2023 11:25:40,22.26,,,
3393,06/23/2023 11:28:40,22.13,,,
3394,06/23/2023 11:31:40,21.36,,,
3395,06/23/2023 11:34:40,21.75,,,
3396,06/23/2023 11:37:40,22.48,,,
3397,06/23/2023 11:40:40,21.66,,,
3398,06/23/2023 11:43:40,21.40,,,
3399,06/23/2023 11:46:40,21.49,,,
3400,06/23/2023 11:49:40,21.40,,,
3401,06/23/2023 11:52:40,21.79,,,
3402,06/23/2023 11:55:40,21.06,,,
3403,06/23/2023 11:58:40,21.96,,,
3404,06/23/2023 12:01:40,21.88,,,
3405,06/23/2023 12:04:40,22.31,,,
3406,06/23/2023 12:07:40,23.21,,,
3407,06/23/2023 12:10:40,21.70,,,
3408,06/23/2023 12:13:40,21.58,,,
3409,06/23/2023 12:16:40,21.70,,,
3410,06/23/2023 12:19:40,21.83,,,
3411,06/23/2023 12:22:40,22.18,,,
3412,06/23/2023 12:25:40,21.88,,,
3413,06/23/2023 12:28:40,21.88,,,
3414,06/23/2023 12:31:40,22.43,,,
3415,06/23/2023 12:34:40,22.61,,,
3416,06/23/2023 12:37:40,22.78,,,
3417,06/23/2023 12:40:40,23.59,,,
3418,06/23/2023 12:43:40,23.21,,,
3419,06/23/2023 12:46:40,23.81,,,
3420,06/23/2023 12:49:40,23.42,,,
3421,06/23/2023 12:52:40,22.01,,,
3422,06/23/2023 12:55:40,22.18,,,
3423,06/23/2023 12:58:40,21.88,,,
3424,06/23/2023 13:01:40,22.82,,,
3425,06/23/2023 13:04:40,22.82,,,
3426,06/23/2023 13:07:40,22.91,,,
3427,06/23/2023 13:10:40,23.03,,,
3428,06/23/2023 13:13:40,23.68,,,
3429,06/23/2023 13:16:40,22.61,,,
3430,06/23/2023 13:19:40,22.48,,,
3431,06/23/2023 13:22:40,23.46,,,
3432,06/23/2023 13:25:40,23.98,,,
3433,06/23/2023 13:28:40,23.55,,,
3434,06/23/2023 13:31:40,23.34,,,
3435,06/23/2023 13:34:40,23.25,,,
3436,06/23/2023 13:37:40,23.16,,,
3437,06/23/2023 13:40:40,23.25,,,
3438,06/23/2023 13:43:40,23.16,,,
3439,06/23/2023 13:46:40,23.64,,,
3440,06/23/2023 13:49:40,23.89,,,
3441,06/23/2023 13:52:40,23.64,,,
3442,06/23/2023 13:55:40,24.32,,,
3443,06/23/2023 13:58:40,23.21,,,
3444,06/23/2023 14:01:40,23.64,,,
3445,06/23/2023 14:04:40,23.68,,,
3446,06/23/2023 14:07:40,23.68,,,
3447,06/23/2023 14:10:40,23.76,,,
3448,06/23/2023 14:13:40,23.81,,,
3449,06/23/2023 14:16:40,23.46,,,
3450,06/23/2023 14:19:40,24.11,,,
3451,06/23/2023 14:22:40,23.21,,,
3452,06/23/2023 14:25:40,23.21,,,
3453,06/23/2023 14:28:40,23.46,,,
3454,06/23/2023 14:31:40,23.55,,,
3455,06/23/2023 14:34:40,22.95,,,
3456,06/23/2023 14:37:40,23.51,,,
3457,06/23/2023 14:40:40,23.25,,,
3458,06/23/2023 14:43:40,23.34,,,
3459,06/23/2023 14:46:40,22.91,,,
3460,06/23/2023 14:49:40,23.25,,,
3461,06/23/2023 14:52:40,23.46,,,
3462,06/23/2023 14:55:40,23.34,,,
3463,06/23/2023 14:58:40,24.54,,,
3464,06/23/2023 15:01:40,24.19,,,
3465,06/23/2023 15:04:40,23.16,,,
3466,06/23/2023 15:07:40,23.46,,,
3467,06/23/2023 15:10:40,24.32,,,
3468,06/23/2023 15:13:40,23.89,,,
3469,06/23/2023 15:16:40,24.06,,,
3470,06/23/2023 15:19:40,23.51,,,
3471,06/23/2023 15:22:40,22.43,,,
3472,06/23/2023 15:25:40,22.13,,,
3473,06/23/2023 15:28:40,22.73,,,
3474,06/23/2023 15:31:40,21.79,,,
3475,06/23/2023 15:34:40,22.82,,,
3476,06/23/2023 15:37:40,22.26,,,
3477,06/23/2023 15:40:40,21.10,,,
3478,06/23/2023 15:43:40,21.66,,,
3479,06/23/2023 15:46:40,21.83,,,
3480,06/23/2023 15:49:40,21.62,,,
3481,06/23/2023 15:52:40,21.92,,,
3482,06/23/2023 15:55:40,21.49,,,
3483,06/23/2023 15:58:40,22.86,,,
3484,06/23/2023 16:01:40,23.81,,,
3485,06/23/2023 16:04:40,23.68,,,
3486,06/23/2023 16:07:40,23.64,,,
3487,06/23/2023 16:10:40,24.11,,,
3488,06/23/2023 16:13:40,23.51,,,
3489,06/23/2023 16:16:40,22.05,,,
3490,06/23/2023 16:19:40,22.91,,,
3491,06/23/2023 16:22:40,23.21,,,
3492,06/23/2023 16:25:40,22.56,,,
3493,06/23/2023 16:28:40,22.26,,,
3494,06/23/2023 16:31:40,20.80,,,
3495,06/23/2023 16:34:40,22.35,,,
3496,06/23/2023 16:37:40,23.08,,,
3497,06/23/2023 16:40:40,21.79,,,
3498,06/23/2023 16:43:40,22.52,,,
3499,06/23/2023 16:46:40,23.42,,,
3500,06/23/2023 16:49:40,22.69,,,
3501,06/23/2023 16:52:40,23.16,,,
3502,06/23/2023 16:55:40,23.34,,,
3503,06/23/2023 16:58:40,23.12,,,
3504,06/23/2023 17:01:40,22.91,,,
3505,06/23/2023 17:04:40,23.81,,,
3506,06/23/2023 17:07:40,24.06,,,
3507,06/23/2023 17:10:40,23.85,,,
3508,06/23/2023 17:13:40,23.03,,,
3509,06/23/2023 17:16:40,22.99,,,
3510,06/23/2023 17:19:40,23.21,,,
3511,06/23/2023 17:22:40,23.46,,,
3512,06/23/2023 17:25:40,22.91,,,
3513,06/23/2023 17:28:40,22.43,,,
3514,06/23/2023 17:31:40,22.48,,,
3515,06/23/2023 17:34:40,22.48,,,
3516,06/23/2023 17:37:40,22.01,,,
3517,06/23/2023 17:40:40,22.31,,,
3518,06/23/2023 17:43:40,21.88,,,
3519,06/23/2023 17:46:40,21.75,,,
3520,06/23/2023 17:49:40,21.92,,,
3521,06/23/2023 17:52:40,22.09,,,
3522,06/23/2023 17:55:40,21.79,,,
3523,06/23/2023 17:58:40,21.79,,,
3524,06/23/2023 18:01:40,21.92,,,
3525,06/23/2023 18:04:40,21.83,,,
3526,06/23/2023 18:07:40,21.53,,,
3527,06/23/2023 18:10:40,21.23,,,
3528,06/23/2023 18:13:40,21.45,,,
3529,06/23/2023 18:16:40,21.62,,,
3530,06/23/2023 18:19:40,21.92,,,
3531,06/23/2023 18:22:40,21.70,,,
3532,06/23/2023 18:25:40,21.45,,,
3533,06/23/2023 18:28:40,21.49,,,
3534,06/23/2023 18:31:40,20.76,,,
3535,06/23/2023 18:34:40,20.55,,,
3536,06/23/2023 18:37:40,20.68,,,
3537,06/23/2023 18:40:40,20.42,,,
3538,06/23/2023 18:43:40,20.42,,,
3539,06/23/2023 18:46:40,20.20,,,
3540,06/23/2023 18:49:40,20.25,,,
3541,06/23/2023 18:52:40,20.33,,,
3542,06/23/2023 18:55:40,20.07,,,
3543,06/23/2023 18:58:40,20.12,,,
3544,06/23/2023 19:01:40,20.20,,,
3545,06/23/2023 19:04:40,20.12,,,
3546,06/23/2023 19:07:40,19.82,,,
3547,06/23/2023 19:10:40,19.60,,,
3548,06/23/2023 19:13:40,19.22,,,
3549,06/23/2023 19:16:40,18.79,,,
3550,06/23/2023 19:19:40,19.05,,,
3551,06/23/2023 19:22:40,18.96,,,
3552,06/23/2023 19:25:40,18.74,,,
3553,06/23/2023 19:28:40,18.57,,,
3554,06/23/2023 19:31:40,18.36,,,
3555,06/23/2023 19:34:40,18.02,,,
3556,06/23/2023 19:37:40,17.29,,,
3557,06/23/2023 19:40:40,16.77,,,
3558,06/23/2023 19:43:40,16.86,,,
3559,06/23/2023 19:46:40,17.24,,,
3560,06/23/2023 19:49:40,17.16,,,
3561,06/23/2023 19:52:40,16.60,,,
3562,06/23/2023 19:55:40,16.21,,,
3563,06/23/2023 19:58:40,15.78,,,
3564,06/23/2023 20:01:40,15.40,,,
3565,06/23/2023 20:04:40,15.18,,,
3566,06/23/2023 20:07:40,14.97,,,
3567,06/23/2023 20:10:40,14.54,,,
3568,06/23/2023 20:13:40,14.45,,,
3569,06/23/2023 20:16:40,14.24,,,
3570,06/23/2023 20:19:40,13.85,,,
3571,06/23/2023 20:22:40,13.60,,,
3572,06/23/2023 20:25:40,13.25,,,
3573,06/23/2023 20:28:40,13.81,,,
3574,06/23/2023 20:31:40,13.94,,,
3575,06/23/2023 20:34:40,14.11,,,
3576,06/23/2023 20:37:40,14.20,,,
3577,06/23/2023 20:40:40,13.68,,,
3578,06/23/2023 20:43:40,14.33,,,
3579,06/23/2023 20:46:40,14.45,,,
3580,06/23/2023 20:49:40,13.73,,,
3581,06/23/2023 20:52:40,13.12,,,
3582,06/23/2023 20:55:40,12.91,,,
3583,06/23/2023 20:58:40,11.97,,,
3584,06/23/2023 21:01:40,11.75,,,
3585,06/23/2023 21:04:40,12.01,,,
3586,06/23/2023 21:07:40,11.07,,,
3587,06/23/2023 21:10:40,10.34,,,
3588,06/23/2023 21:13:40,10.51,,,
3589,06/23/2023 21:16:40,10.55,,,
3590,06/23/2023 21:19:40,9.82,,,
3591,06/23/2023 21:22:40,9.31,,,
3592,06/23/2023 21:25:40,9.22,,,
3593,06/23/2023 21:28:40,9.26,,,
3594,06/23/2023 21:31:40,9.01,,,
3595,06/23/2023 21:34:40,9.26,,,
3596,06/23/2023 21:37:40,8.83,,,
3597,06/23/2023 21:40:40,7.93,,,
3598,06/23/2023 21:43:40,8.23,,,
3599,06/23/2023 21:46:40,8.96,,,
3600,06/23/2023 21:49:40,8.19,,,
3601,06/23/2023 21:52:40,7.93,,,
3602,06/23/2023 21:55:40,7.46,,,
3603,06/23/2023 21:58:40,7.16,,,
3604,06/23/2023 22:01:40,6.90,,,
3605,06/23/2023 22:04:40,6.82,,,
3606,06/23/2023 22:07:40,6.95,,,
3607,06/23/2023 22:10:40,6.17,,,
3608,06/23/2023 22:13:40,5.92,,,
3609,06/23/2023 22:16:40,5.83,,,
3610,06/23/2023 22:19:40,5.70,,,
3611,06/23/2023 22:22:40,5.62,,,
3612,06/23/2023 22:25:40,5.62,,,
3613,06/23/2023 22:28:40,5.66,,,
3614,06/23/2023 22:31:40,5.53,,,
3615,06/23/2023 22:34:40,5.10,,,
3616,06/23/2023 22:37:40,5.06,,,
3617,06/23/2023 22:40:40,5.15,,,
3618,06/23/2023 22:43:40,5.15,,,
3619,06/23/2023 22:46:40,5.06,,,
3620,06/23/2023 22:49:40,4.93,,,
3621,06/23/2023 22:52:40,5.19,,,
3622,06/23/2023 22:55:40,4.97,,,
3623,06/23/2023 22:58:40,4.54,,,
3624,06/23/2023 23:01:40,4.50,,,
3625,06/23/2023 23:04:40,4.37,,,
3626,06/23/2023 23:07:40,4.33,,,
3627,06/23/2023 23:10:40,4.12,,,
3628,06/23/2023 23:13:40,3.86,,,
3629,06/23/2023 23:16:40,3.43,,,
3630,06/23/2023 23:19:40,3.00,,,
3631,06/23/2023 23:22:40,3.21,,,
3632,06/23/2023 23:25:40,2.79,,,
3633,06/23/2023 23:28:40,2.83,,,
3634,06/23/2023 23:31:40,2.91,,,
3635,06/23/2023 23:34:40,2.61,,,
3636,06/23/2023 23:37:40,2.40,,,
3637,06/23/2023 23:40:40,2.31,,,
3638,06/23/2023 23:43:40,2.87,,,
3639,06/23/2023 23:46:40,2.44,,,
3640,06/23/2023 23:49:40,2.66,,,
3641,06/23/2023 23:52:40,2.36,,,
3642,06/23/2023 23:55:40,2.74,,,
3643,06/23/2023 23:58:40,2.66,,,
3644,06/24/2023 00:01:40,2.36,,,
3645,06/24/2023 00:04:40,2.36,,,
3646,06/24/2023 00:07:40,1.88,,,
3647,06/24/2023 00:10:40,1.93,,,
3648,06/24/2023 00:13:40,1.80,,,
3649,06/24/2023 00:16:40,1.67,,,
3650,06/24/2023 00:19:40,1.37,,,
3651,06/24/2023 00:22:40,1.58,,,
3652,06/24/2023 00:25:40,1.71,,,
3653,06/24/2023 00:28:40,1.80,,,
3654,06/24/2023 00:31:40,1.84,,,
3655,06/24/2023 00:34:40,1.71,,,
3656,06/24/2023 00:37:40,1.80,,,
3657,06/24/2023 00:40:40,1.67,,,
3658,06/24/2023 00:43:40,1.88,,,
3659,06/24/2023 00:46:40,1.50,,,
3660,06/24/2023 00:49:40,1.33,,,
3661,06/24/2023 00:52:40,1.24,,,
3662,06/24/2023 00:55:40,1.33,,,
3663,06/24/2023 00:58:40,2.06,,,
3664,06/24/2023 01:01:40,1.41,,,
3665,06/24/2023 01:04:40,1.41,,,
3666,06/24/2023 01:07:40,1.24,,,
3667,06/24/2023 01:10:40,1.24,,,
3668,06/24/2023 01:13:40,0.90,,,
3669,06/24/2023 01:16:40,1.11,,,
3670,06/24/2023 01:19:40,0.86,,,
3671,06/24/2023 01:22:40,0.98,,,
3672,06/24/2023 01:25:40,0.60,,,
3673,06/24/2023 01:28:40,1.97,,,
3674,06/24/2023 01:31:40,0.68,,,
3675,06/24/2023 01:34:40,0.68,,,
3676,06/24/2023 01:37:40,0.81,,,
3677,06/24/2023 01:40:40,0.60,,,
3678,06/24/2023 01:43:40,0.30,,,
3679,06/24/2023 01:46:40,0.38,,,
3680,06/24/2023 01:49:40,0.43,,,
3681,06/24/2023 01:52:40,0.60,,,
3682,06/24/2023 01:55:40,0.38,,,
3683,06/24/2023 01:58:40,0.21,,,
3684,06/24/2023 02:01:40,0.17,,,
3685,06/24/2023 02:04:40,0.17,,,
3686,06/24/2023 02:07:40,-0.17,,,
3687,06/24/2023 02:10:40,-0.22,,,
3688,06/24/2023 02:13:40,-0.35,,,
3689,06/24/2023 02:16:40,0.08,,,
3690,06/24/2023 02:19:40,-0.22,,,
3691,06/24/2023 02:22:40,-0.90,,,
3692,06/24/2023 02:25:40,-0.69,,,
3693,06/24/2023 02:28:40,-0.60,,,
3694,06/24/2023 02:31:40,-0.52,,,
3695,06/24/2023 02:34:40,-0.60,,,
3696,06/24/2023 02:37:40,-0.86,,,
3697,06/24/2023 02:40:40,-0.86,,,
3698,06/24/2023 02:43:40,-0.73,,,
3699,06/24/2023 02:46:40,-0.65,,,
3700,06/24/2023 02:49:40,-0.26,,,
3701,06/24/2023 02:52:40,-0.56,,,
3702,06/24/2023 02:55:40,-0.99,,,
3703,06/24/2023 02:58:40,-0.82,,,
3704,06/24/2023 03:01:40,-0.65,,,
3705,06/24/2023 03:04:40,-1.08,,,
3706,06/24/2023 03:07:40,-1.08,,,
3707,06/24/2023 03:10:40,-1.03,,,
3708,06/24/2023 03:13:40,-0.95,,,
3709,06/24/2023 03:16:40,-0.82,,,
3710,06/24/2023 03:19:40,-0.77,,,
3711,06/24/2023 03:22:40,-0.26,,,
3712,06/24/2023 03:25:40,-0.43,,,
3713,06/24/2023 03:28:40,-0.52,,,
3714,06/24/2023 03:31:40,-1.12,,,
3715,06/24/2023 03:34:40,-1.29,,,
3716,06/24/2023 03:37:40,-1.33,,,
3717,06/24/2023 03:40:40,-0.95,,,
3718,06/24/2023 03:43:40,-0.90,,,
3719,06/24/2023 03:46:40,-1.33,,,
3720,06/24/2023 03:49:40,-1.72,,,
3721,06/24/2023 03:52:40,-1.85,,,
3722,06/24/2023 03:55:40,-1.93,,,
3723,06/24/2023 03:58:40,-1.46,,,
3724,06/24/2023 04:01:40,-1.59,,,
3725,06/24/2023 04:04:40,-1.85,,,
3726,06/24/2023 04:07:40,-1.93,,,
3727,06/24/2023 04:10:40,-2.10,,,
3728,06/24/2023 04:13:40,-1.93,,,
3729,06/24/2023 04:16:40,-1.93,,,
3730,06/24/2023 04:19:40,-2.15,,,
3731,06/24/2023 04:22:40,-2.15,,,
3732,06/24/2023 04:25:40,-2.06,,,
3733,06/24/2023 04:28:40,-2.19,,,
3734,06/24/2023 04:31:40,-1.98,,,
3735,06/24/2023 04:34:40,-2.10,,,
3736,06/24/2023 04:37:40,-2.19,,,
3737,06/24/2023 04:40:40,-2.36,,,
3738,06/24/2023 04:43:40,-2.66,,,
3739,06/24/2023 04:46:40,-2.71,,,
3740,06/24/2023 04:49:40,-2.49,,,
3741,06/24/2023 04:52:40,-2.36,,,
3742,06/24/2023 04:55:40,-2.53,,,
3743,06/24/2023 04:58:40,-2.32,,,
3744,06/24/2023 05:01:40,-2.10,,,
3745,06/24/2023 05:04:40,-2.28,,,
3746,06/24/2023 05:07:40,-2.45,,,
3747,06/24/2023 05:10:40,-2.23,,,
3748,06/24/2023 05:13:40,-2.49,,,
3749,06/24/2023 05:16:40,-2.32,,,
3750,06/24/2023 05:19:40,-2.23,,,
3751,06/24/2023 05:22:40,-2.32,,,
3752,06/24/2023 05:25:40,-2.71,,,
3753,06/24/2023 05:28:40,-2.58,,,
3754,06/24/2023 05:31:40,-2.36,,,
3755,06/24/2023 05:34:40,-2.36,,,
3756,06/24/2023 05:37:40,-2.66,,,
3757,06/24/2023 05:40:40,-2.83,,,
3758,06/24/2023 05:43:40,-2.92,,,
3759,06/24/2023 05:46:40,-3.18,,,
3760,06/24/2023 05:49:40,-2.92,,,
3761,06/24/2023 05:52:40,-2.92,,,
3762,06/24/2023 05:55:40,-3.01,,,
3763,06/24/2023 05:58:40,-3.09,,,
3764,06/24/2023 06:01:40,-3.18,,,
3765,06/24/2023 06:04:40,-2.92,,,
3766,06/24/2023 06:07:40,-2.92,,,
3767,06/24/2023 06:10:40,-2.62,,,
3768,06/24/2023 06:13:40,-2.49,,,
3769,06/24/2023 06:16:40,-2.53,,,
3770,06/24/2023 06:19:40,-2.62,,,
3771,06/24/2023 06:22:40,-2.75,,,
3772,06/24/2023 06:25:40,-2.58,,,
3773,06/24/2023 06:28:40,-2.83,,,
3774,06/24/2023 06:31:40,-2.66,,,
3775,06/24/2023 06:34:40,-2.36,,,
3776,06/24/2023 06:37:40,-1.93,,,
3777,06/24/2023 06:40:40,-1.55,,,
3778,06/24/2023 06:43:40,-1.85,,,
3779,06/24/2023 06:46:40,-1.76,,,
3780,06/24/2023 06:49:40,-1.12,,,
3781,06/24/2023 06:52:40,-0.65,,,
3782,06/24/2023 06:55:40,-0.30,,,
3783,06/24/2023 06:58:40,0.00,,,
3784,06/24/2023 07:01:40,0.81,,,
3785,06/24/2023 07:04:40,0.98,,,
3786,06/24/2023 07:07:40,1.46,,,
3787,06/24/2023 07:10:40,1.50,,,
3788,06/24/2023 07:13:40,1.54,,,
3789,06/24/2023 07:16:40,2.36,,,
3790,06/24/2023 07:19:40,2.53,,,
3791,06/24/2023 07:22:40,3.60,,,
3792,06/24/2023 07:25:40,4.29,,,
3793,06/24/2023 07:28:40,4.63,,,
3794,06/24/2023 07:31:40,5.19,,,
3795,06/24/2023 07:34:40,5.10,,,
3796,06/24/2023 07:37:40,5.10,,,
3797,06/24/2023 07:40:40,5.53,,,
3798,06/24/2023 07:43:40,6.00,,,
3799,06/24/2023 07:46:40,6.43,,,
3800,06/24/2023 07:49:40,6.99,,,
3801,06/24/2023 07:52:40,6.95,,,
3802,06/24/2023 07:55:40,7.20,,,
3803,06/24/2023 07:58:40,7.68,,,
3804,06/24/2023 08:01:40,8.23,,,
3805,06/24/2023 08:04:40,8.92,,,
3806,06/24/2023 08:07:40,9.05,,,
3807,06/24/2023 08:10:40,9.48,,,
3808,06/24/2023 08:13:40,9.18,,,
3809,06/24/2023 08:16:40,9.31,,,
3810,06/24/2023 08:19:40,10.29,,,
3811,06/24/2023 08:22:40,10.29,,,
3812,06/24/2023 08:25:40,10.42,,,
3813,06/24/2023 08:28:40,10.85,,,
3814,06/24/2023 08:31:40,11.54,,,
3815,06/24/2023 08:34:40,12.18,,,
3816,06/24/2023 08:37:40,12.74,,,
3817,06/24/2023 08:40:40,13.43,,,
3818,06/24/2023 08:43:40,15.10,,,
3819,06/24/2023 08:46:40,16.08,,,
3820,06/24/2023 08:49:40,14.50,,,
3821,06/24/2023 08:52:40,13.04,,,
3822,06/24/2023 08:55:40,12.82,,,
3823,06/24/2023 08:58:40,12.61,,,
3824,06/24/2023 09:01:40,13.12,,,
3825,06/24/2023 09:04:40,13.98,,,
3826,06/24/2023 09:07:40,13.34,,,
3827,06/24/2023 09:10:40,13.68,,,
3828,06/24/2023 09:13:40,13.12,,,
3829,06/24/2023 09:16:40,13.73,,,
3830,06/24/2023 09:19:40,13.81,,,
3831,06/24/2023 09:22:40,13.34,,,
3832,06/24/2023 09:25:40,13.85,,,
3833,06/24/2023 09:28:40,13.43,,,
3834,06/24/2023 09:31:40,13.73,,,
3835,06/24/2023 09:34:40,13.60,,,
3836,06/24/2023 09:37:40,13.73,,,
3837,06/24/2023 09:40:40,13.90,,,
3838,06/24/2023 09:43:40,13.85,,,
3839,06/24/2023 09:46:40,14.45,,,
3840,06/24/2023 09:49:40,14.37,,,
3841,06/24/2023 09:52:40,14.33,,,
3842,06/24/2023 09:55:40,14.84,,,
3843,06/24/2023 09:58:40,15.27,,,
3844,06/24/2023 10:01:40,14.88,,,
3845,06/24/2023 10:04:40,14.88,,,
3846,06/24/2023 10:07:40,16.04,,,
3847,06/24/2023 10:10:40,15.31,,,
3848,06/24/2023 10:13:40,16.17,,,
3849,06/24/2023 10:16:40,16.64,,,
3850,06/24/2023 10:19:40,16.77,,,
3851,06/24/2023 10:22:40,16.86,,,
3852,06/24/2023 10:25:40,17.29,,,
3853,06/24/2023 10:28:40,16.60,,,
3854,06/24/2023 10:31:40,16.43,,,
3855,06/24/2023 10:34:40,16.47,,,
3856,06/24/2023 10:37:40,15.96,,,
3857,06/24/2023 10:40:40,16.43,,,
3858,06/24/2023 10:43:40,17.07,,,
3859,06/24/2023 10:46:40,18.32,,,
3860,06/24/2023 10:49:40,16.90,,,
3861,06/24/2023 10:52:40,16.90,,,
3862,06/24/2023 10:55:40,17.03,,,
3863,06/24/2023 10:58:40,17.93,,,
3864,06/24/2023 11:01:40,17.76,,,
3865,06/24/2023 11:04:40,17.59,,,
3866,06/24/2023 11:07:40,17.29,,,
3867,06/24/2023 11:10:40,17.93,,,
3868,06/24/2023 11:13:40,17.97,,,
3869,06/24/2023 11:16:40,17.72,,,
3870,06/24/2023 11:19:40,17.84,,,
3871,06/24/2023 11:22:40,17.72,,,
3872,06/24/2023 11:25:40,18.02,,,
3873,06/24/2023 11:28:40,18.06,,,
3874,06/24/2023 11:31:40,18.32,,,
3875,06/24/2023 11:34:40,18.02,,,
3876,06/24/2023 11:37:40,18.27,,,
3877,06/24/2023 11:40:40,18.23,,,
3878,06/24/2023 11:43:40,18.62,,,
3879,06/24/2023 11:46:40,18.70,,,
3880,06/24/2023 11:49:40,18.96,,,
3881,06/24/2023 11:52:40,19.47,,,
3882,06/24/2023 11:55:40,19.13,,,
3883,06/24/2023 11:58:40,18.92,,,
3884,06/24/2023 12:01:40,18.87,,,
3885,06/24/2023 12:04:40,19.26,,,
3886,06/24/2023 12:07:40,19.69,,,
3887,06/24/2023 12:10:40,20.59,,,
3888,06/24/2023 12:13:40,21.02,,,
3889,06/24/2023 12:16:40,19.82,,,
3890,06/24/2023 12:19:40,19.82,,,
3891,06/24/2023 12:22:40,19.95,,,
3892,06/24/2023 12:25:40,20.07,,,
3893,06/24/2023 12:28:40,20.68,,,
3894,06/24/2023 12:31:40,21.62,,,
3895,06/24/2023 12:34:40,21.79,,,
3896,06/24/2023 12:37:40,21.02,,,
3897,06/24/2023 12:40:40,21.53,,,
3898,06/24/2023 12:43:40,22.48,,,
3899,06/24/2023 12:46:40,21.96,,,
3900,06/24/2023 12:49:40,21.28,,,
3901,06/24/2023 12:52:40,22.09,,,
3902,06/24/2023 12:55:40,21.96,,,
3903,06/24/2023 12:58:40,22.01,,,
3904,06/24/2023 13:01:40,21.88,,,
3905,06/24/2023 13:04:40,21.02,,,
3906,06/24/2023 13:07:40,21.45,,,
3907,06/24/2023 13:10:40,21.49,,,
3908,06/24/2023 13:13:40,21.36,,,
3909,06/24/2023 13:16:40,21.53,,,
3910,06/24/2023 13:19:40,21.66,,,
3911,06/24/2023 13:22:40,21.23,,,
3912,06/24/2023 13:25:40,21.06,,,
3913,06/24/2023 13:28:40,21.23,,,
3914,06/24/2023 13:31:40,20.85,,,
3915,06/24/2023 13:34:40,21.23,,,
3916,06/24/2023 13:37:40,21.06,,,
3917,06/24/2023 13:40:40,21.28,,,
3918,06/24/2023 13:43:40,21.40,,,
3919,06/24/2023 13:46:40,21.58,,,
3920,06/24/2023 13:49:40,21.36,,,
3921,06/24/2023 13:52:40,21.23,,,
3922,06/24/2023 13:55:40,21.06,,,
3923,06/24/2023 13:58:40,21.70,,,
3924,06/24/2023 14:01:40,21.53,,,
3925,06/24/2023 14:04:40,21.92,,,
3926,06/24/2023 14:07:40,21.62,,,
3927,06/24/2023 14:10:40,21.06,,,
3928,06/24/2023 14:13:40,21.19,,,
3929,06/24/2023 14:16:40,21.66,,,
3930,06/24/2023 14:19:40,21.58,,,
3931,06/24/2023 14:22:40,21.62,,,
3932,06/24/2023 14:25:40,21.40,,,
3933,06/24/2023 14:28:40,21.58,,,
3934,06/24/2023 14:31:40,21.79,,,
3935,06/24/2023 14:34:40,21.62,,,
3936,06/24/2023 14:37:40,21.62,,,
3937,06/24/2023 14:40:40,21.70,,,
3938,06/24/2023 14:43:40,21.79,,,
3939,06/24/2023 14:46:40,21.66,,,
3940,06/24/2023 14:49:40,21.79,,,
3941,06/24/2023 14:52:40,21.92,,,
3942,06/24/2023 14:55:40,22.13,,,
3943,06/24/2023 14:58:40,21.70,,,
3944,06/24/2023 15:01:40,21.58,,,
3945,06/24/2023 15:04:40,21.92,,,
3946,06/24/2023 15:07:40,21.79,,,
3947,06/24/2023 15:10:40,21.75,,,
3948,06/24/2023 15:13:40,21.66,,,
3949,06/24/2023 15:16:40,21.45,,,
3950,06/24/2023 15:19:40,21.49,,,
3951,06/24/2023 15:22:40,21.49,,,
3952,06/24/2023 15:25:40,21.28,,,
3953,06/24/2023 15:28:40,22.13,,,
3954,06/24/2023 15:31:40,21.75,,,
3955,06/24/2023 15:34:40,21.58,,,
3956,06/24/2023 15:37:40,21.79,,,
3957,06/24/2023 15:40:40,21.49,,,
3958,06/24/2023 15:43:40,22.01,,,
3959,06/24/2023 15:46:40,21.88,,,
3960,06/24/2023 15:49:40,22.13,,,
3961,06/24/2023 15:52:40,22.05,,,
3962,06/24/2023 15:55:40,22.01,,,
3963,06/24/2023 15:58:40,21.83,,,
3964,06/24/2023 16:01:40,21.23,,,
3965,06/24/2023 16:04:40,21.79,,,
3966,06/24/2023 16:07:40,21.79,,,
3967,06/24/2023 16:10:40,22.13,,,
3968,06/24/2023 16:13:40,22.18,,,
3969,06/24/2023 16:16:40,22.31,,,
3970,06/24/2023 16:19:40,23.21,,,
3971,06/24/2023 16:22:40,23.34,,,
3972,06/24/2023 16:25:40,23.21,,,
3973,06/24/2023 16:28:40,23.51,,,
3974,06/24/2023 16:31:40,22.48,,,
3975,06/24/2023 16:34:40,22.39,,,
3976,06/24/2023 16:37:40,23.38,,,
3977,06/24/2023 16:40:40,23.38,,,
3978,06/24/2023 16:43:40,23.29,,,
3979,06/24/2023 16:46:40,23.25,,,
3980,06/24/2023 16:49:40,22.73,,,
3981,06/24/2023 16:52:40,22.39,,,
3982,06/24/2023 16:55:40,22.39,,,
3983,06/24/2023 16:58:40,22.01,,,
3984,06/24/2023 17:01:40,21.66,,,
3985,06/24/2023 17:04:40,21.62,,,
3986,06/24/2023 17:07:40,21.75,,,
3987,06/24/2023 17:10:40,21.49,,,
3988,06/24/2023 17:13:40,21.88,,,
3989,06/24/2023 17:16:40,22.13,,,
3990,06/24/2023 17:19:40,22.09,,,
3991,06/24/2023 17:22:40,21.58,,,
3992,06/24/2023 17:25:40,21.96,,,
3993,06/24/2023 17:28:40,21.75,,,
3994,06/24/2023 17:31:40,21.66,,,
3995,06/24/2023 17:34:40,21.83,,,
3996,06/24/2023 17:37:40,21.53,,,
3997,06/24/2023 17:40:40,21.40,,,
3998,06/24/2023 17:43:40,21.10,,,
3999,06/24/2023 17:46:40,21.32,,,
4000,06/24/2023 17:49:40,21.10,,,
4001,06/24/2023 17:52:40,21.36,,,
4002,06/24/2023 17:55:40,21.36,,,
4003,06/24/2023 17:58:40,21.79,,,
4004,06/24/2023 18:01:40,21.10,,,
4005,06/24/2023 18:04:40,21.02,,,
4006,06/24/2023 18:07:40,21.06,,,
4007,06/24/2023 18:10:40,20.80,,,
4008,06/24/2023 18:13:40,20.80,,,
4009,06/24/2023 18:16:40,20.93,,,
4010,06/24/2023 18:19:40,21.19,,,
4011,06/24/2023 18:22:40,21.32,,,
4012,06/24/2023 18:25:40,20.98,,,
4013,06/24/2023 18:28:40,20.72,,,
4014,06/24/2023 18:31:40,20.72,,,
4015,06/24/2023 18:34:40,20.72,,,
4016,06/24/2023 18:37:40,19.82,,,
4017,06/24/2023 18:40:40,19.77,,,
4018,06/24/2023 18:43:40,20.03,,,
4019,06/24/2023 18:46:40,19.86,,,
4020,06/24/2023 18:49:40,19.65,,,
4021,06/24/2023 18:52:40,19.56,,,
4022,06/24/2023 18:55:40,19.47,,,
4023,06/24/2023 18:58:40,19.13,,,
4024,06/24/2023 19:01:40,19.13,,,
4025,06/24/2023 19:04:40,18.96,,,
4026,06/24/2023 19:07:40,18.79,,,
4027,06/24/2023 19:10:40,18.79,,,
4028,06/24/2023 19:13:40,18.87,,,
4029,06/24/2023 19:16:40,18.32,,,
4030,06/24/2023 19:19:40,17.46,,,
4031,06/24/2023 19:22:40,17.07,,,
4032,06/24/2023 19:25:40,17.03,,,
4033,06/24/2023 19:28:40,17.46,,,
4034,06/24/2023 19:31:40,17.46,,,
4035,06/24/2023 19:34:40,17.54,,,
4036,06/24/2023 19:37:40,17.03,,,
4037,06/24/2023 19:40:40,16.56,,,
4038,06/24/2023 19:43:40,16.47,,,
4039,06/24/2023 19:46:40,16.43,,,
4040,06/24/2023 19:49:40,16.39,,,
4041,06/24/2023 19:52:40,16.30,,,
4042,06/24/2023 19:55:40,16.13,,,
4043,06/24/2023 19:58:40,15.87,,,
4044,06/24/2023 20:01:40,15.57,,,
4045,06/24/2023 20:04:40,15.18,,,
4046,06/24/2023 20:07:40,15.14,,,
4047,06/24/2023 20:10:40,14.50,,,
4048,06/24/2023 20:13:40,14.11,,,
4049,06/24/2023 20:16:40,13.77,,,
4050,06/24/2023 20:19:40,13.00,,,
4051,06/24/2023 20:22:40,12.44,,,
4052,06/24/2023 20:25:40,12.14,,,
4053,06/24/2023 20:28:40,11.54,,,
4054,06/24/2023 20:31:40,11.28,,,
4055,06/24/2023 20:34:40,10.94,,,
4056,06/24/2023 20:37:40,10.72,,,
4057,06/24/2023 20:40:40,10.42,,,
4058,06/24/2023 20:43:40,10.38,,,
4059,06/24/2023 20:46:40,10.21,,,
4060,06/24/2023 20:49:40,10.12,,,
4061,06/24/2023 20:52:40,10.42,,,
4062,06/24/2023 20:55:40,10.08,,,
4063,06/24/2023 20:58:40,9.56,,,
4064,06/24/2023 21:01:40,9.44,,,
4065,06/24/2023 21:04:40,9.18,,,
4066,06/24/2023 21:07:40,8.79,,,
4067,06/24/2023 21:10:40,8.41,,,
4068,06/24/2023 21:13:40,8.23,,,
4069,06/24/2023 21:16:40,8.11,,,
4070,06/24/2023 21:19:40,7.76,,,
4071,06/24/2023 21:22:40,7.98,,,
4072,06/24/2023 21:25:40,7.72,,,
4073,06/24/2023 21:28:40,7.85,,,
4074,06/24/2023 21:31:40,7.76,,,
4075,06/24/2023 21:34:40,7.46,,,
4076,06/24/2023 21:37:40,6.65,,,
4077,06/24/2023 21:40:40,6.56,,,
4078,06/24/2023 21:43:40,6.69,,,
4079,06/24/2023 21:46:40,6.60,,,
4080,06/24/2023 21:49:40,6.35,,,
4081,06/24/2023 21:52:40,6.30,,,
4082,06/24/2023 21:55:40,6.09,,,
4083,06/24/2023 21:58:40,6.00,,,
4084,06/24/2023 22:01:40,6.26,,,
4085,06/24/2023 22:04:40,5.92,,,
4086,06/24/2023 22:07:40,5.40,,,
4087,06/24/2023 22:10:40,4.97,,,
4088,06/24/2023 22:13:40,4.63,,,
4089,06/24/2023 22:16:40,4.97,,,
4090,06/24/2023 22:19:40,4.84,,,
4091,06/24/2023 22:22:40,4.54,,,
4092,06/24/2023 22:25:40,4.50,,,
4093,06/24/2023 22:28:40,4.72,,,
4094,06/24/2023 22:31:40,4.89,,,
4095,06/24/2023 22:34:40,4.97,,,
4096,06/24/2023 22:37:40,5.45,,,
4097,06/24/2023 22:40:40,5.27,,,
4098,06/24/2023 22:43:40,4.89,,,
4099,06/24/2023 22:46:40,4.46,,,
4100,06/24/2023 22:49:40,4.33,,,
4101,06/24/2023 22:52:40,4.59,,,
4102,06/24/2023 22:55:40,4.24,,,
4103,06/24/2023 22:58:40,4.16,,,
4104,06/24/2023 23:01:40,4.20,,,
4105,06/24/2023 23:04:40,4.07,,,
4106,06/24/2023 23:07:40,4.16,,,
4107,06/24/2023 23:10:40,3.94,,,
4108,06/24/2023 23:13:40,3.82,,,
4109,06/24/2023 23:16:40,4.29,,,
4110,06/24/2023 23:19:40,3.86,,,
4111,06/24/2023 23:22:40,3.34,,,
4112,06/24/2023 23:25:40,3.47,,,
4113,06/24/2023 23:28:40,3.60,,,
4114,06/24/2023 23:31:40,3.52,,,
4115,06/24/2023 23:34:40,3.73,,,
4116,06/24/2023 23:37:40,3.60,,,
4117,06/24/2023 23:40:40,3.39,,,
4118,06/24/2023 23:43:40,3.30,,,
4119,06/24/2023 23:46:40,3.13,,,
4120,06/24/2023 23:49:40,3.21,,,
4121,06/24/2023 23:52:40,2.61,,,
4122,06/24/2023 23:55:40,2.53,,,
4123,06/24/2023 23:58:40,2.70,,,
4124,06/25/2023 00:01:40,2.61,,,
4125,06/25/2023 00:04:40,2.31,,,
4126,06/25/2023 00:07:40,2.23,,,
4127,06/25/2023 00:10:40,2.31,,,
4128,06/25/2023 00:13:40,2.27,,,
4129,06/25/2023 00:16:40,2.19,,,
4130,06/25/2023 00:19:40,2.36,,,
4131,06/25/2023 00:22:40,1.97,,,
4132,06/25/2023 00:25:40,1.93,,,
4133,06/25/2023 00:28:40,1.88,,,
4134,06/25/2023 00:31:40,1.93,,,
4135,06/25/2023 00:34:40,1.71,,,
4136,06/25/2023 00:37:40,1.41,,,
4137,06/25/2023 00:40:40,1.58,,,
4138,06/25/2023 00:43:40,1.33,,,
4139,06/25/2023 00:46:40,1.37,,,
4140,06/25/2023 00:49:40,1.33,,,
4141,06/25/2023 00:52:40,1.46,,,
4142,06/25/2023 00:55:40,1.46,,,
4143,06/25/2023 00:58:40,1.41,,,
4144,06/25/2023 01:01:40,1.41,,,
4145,06/25/2023 01:04:40,1.16,,,
4146,06/25/2023 01:07:40,0.90,,,
4147,06/25/2023 01:10:40,0.64,,,
4148,06/25/2023 01:13:40,0.98,,,
4149,06/25/2023 01:16:40,0.98,,,
4150,06/25/2023 01:19:40,1.03,,,
4151,06/25/2023 01:22:40,0.94,,,
4152,06/25/2023 01:25:40,0.81,,,
4153,06/25/2023 01:28:40,0.94,,,
4154,06/25/2023 01:31:40,1.03,,,
4155,06/25/2023 01:34:40,1.46,,,
4156,06/25/2023 01:37:40,1.20,,,
4157,06/25/2023 01:40:40,0.90,,,
4158,06/25/2023 01:43:40,0.94,,,
4159,06/25/2023 01:46:40,0.94,,,
4160,06/25/2023 01:49:40,0.64,,,
4161,06/25/2023 01:52:40,0.47,,,
4162,06/25/2023 01:55:40,0.43,,,
4163,06/25/2023 01:58:40,0.60,,,
4164,06/25/2023 02:01:40,0.68,,,
4165,06/25/2023 02:04:40,0.60,,,
4166,06/25/2023 02:07:40,0.38,,,
4167,06/25/2023 02:10:40,0.43,,,
4168,06/25/2023 02:13:40,0.30,,,
4169,06/25/2023 02:16:40,0.17,,,
4170,06/25/2023 02:19:40,-0.05,,,
4171,06/25/2023 02:22:40,-0.05,,,
4172,06/25/2023 02:25:40,0.17,,,
4173,06/25/2023 02:28:40,-0.13,,,
4174,06/25/2023 02:31:40,-0.13,,,
4175,06/25/2023 02:34:40,-0.09,,,
4176,06/25/2023 02:37:40,-0.22,,,
4177,06/25/2023 02:40:40,-0.30,,,
4178,06/25/2023 02:43:40,-0.43,,,
4179,06/25/2023 02:46:40,-0.09,,,
4180,06/25/2023 02:49:40,-0.22,,,
4181,06/25/2023 02:52:40,-0.13,,,
4182,06/25/2023 02:55:40,-0.43,,,
4183,06/25/2023 02:58:40,-0.60,,,
4184,06/25/2023 03:01:40,-0.82,,,
4185,06/25/2023 03:04:40,-0.69,,,
4186,06/25/2023 03:07:40,-0.52,,,
4187,06/25/2023 03:10:40,-0.60,,,
4188,06/25/2023 03:13:40,-0.56,,,
4189,06/25/2023 03:16:40,-0.52,,,
4190,06/25/2023 03:19:40,-0.82,,,
4191,06/25/2023 03:22:40,-0.47,,,
4192,06/25/2023 03:25:40,-0.65,,,
4193,06/25/2023 03:28:40,-0.86,,,
4194,06/25/2023 03:31:40,-0.90,,,
4195,06/25/2023 03:34:40,-1.08,,,
4196,06/25/2023 03:37:40,-0.99,,,
4197,06/25/2023 03:40:40,-0.95,,,
4198,06/25/2023 03:43:40,-0.86,,,
4199,06/25/2023 03:46:40,-1.03,,,
4200,06/25/2023 03:49:40,-0.90,,,
4201,06/25/2023 03:52:40,-1.08,,,
4202,06/25/2023 03:55:40,-1.38,,,
4203,06/25/2023 03:58:40,-1.20,,,
4204,06/25/2023 04:01:40,-1.12,,,
4205,06/25/2023 04:04:40,-0.73,,,
4206,06/25/2023 04:07:40,-1.08,,,
4207,06/25/2023 04:10:40,-1.42,,,
4208,06/25/2023 04:13:40,-1.03,,,
4209,06/25/2023 04:16:40,-1.29,,,
4210,06/25/2023 04:19:40,-1.46,,,
4211,06/25/2023 04:22:40,-1.29,,,
4212,06/25/2023 04:25:40,-1.46,,,
4213,06/25/2023 04:28:40,-1.20,,,
4214,06/25/2023 04:31:40,-1.12,,,
4215,06/25/2023 04:34:40,-1.42,,,
4216,06/25/2023 04:37:40,-1.29,,,
4217,06/25/2023 04:40:40,-1.03,,,
4218,06/25/2023 04:43:40,-0.95,,,
4219,06/25/2023 04:46:40,-1.25,,,
4220,06/25/2023 04:49:40,-1.55,,,
4221,06/25/2023 04:52:40,-1.59,,,
4222,06/25/2023 04:55:40,-1.59,,,
4223,06/25/2023 04:58:40,-1.42,,,
4224,06/25/2023 05:01:40,-1.33,,,
4225,06/25/2023 05:04:40,-1.33,,,
4226,06/25/2023 05:07:40,-1.33,,,
4227,06/25/2023 05:10:40,-1.63,,,
4228,06/25/2023 05:13:40,-1.63,,,
4229,06/25/2023 05:16:40,-1.63,,,
4230,06/25/2023 05:19:40,-1.68,,,
4231,06/25/2023 05:22:40,-1.68,,,
4232,06/25/2023 05:25:40,-1.72,,,
4233,06/25/2023 05:28:40,-1.80,,,
4234,06/25/2023 05:31:40,-1.98,,,
4235,06/25/2023 05:34:40,-1.98,,,
4236,06/25/2023 05:37:40,-1.89,,,
4237,06/25/2023 05:40:40,-1.93,,,
4238,06/25/2023 05:43:40,-2.06,,,
4239,06/25/2023 05:46:40,-2.02,,,
4240,06/25/2023 05:49:40,-1.98,,,
4241,06/25/2023 05:52:40,-2.06,,,
4242,06/25/2023 05:55:40,-2.02,,,
4243,06/25/2023 05:58:40,-1.98,,,
4244,06/25/2023 06:01:40,-1.85,,,
4245,06/25/2023 06:04:40,-1.80,,,
4246,06/25/2023 06:07:40,-1.68,,,
4247,06/25/2023 06:10:40,-1.63,,,
4248,06/25/2023 06:13:40,-1.33,,,
4249,06/25/2023 06:16:40,-1.33,,,
4250,06/25/2023 06:19:40,-1.50,,,
4251,06/25/2023 06:22:40,-1.38,,,
4252,06/25/2023 06:25:40,-1.55,,,
4253,06/25/2023 06:28:40,-1.63,,,
4254,06/25/2023 06:31:40,-1.59,,,
4255,06/25/2023 06:34:40,-1.29,,,
4256,06/25/2023 06:37:40,-1.03,,,
4257,06/25/2023 06:40:40,-0.95,,,
4258,06/25/2023 06:43:40,-0.90,,,
4259,06/25/2023 06:46:40,-0.60,,,
4260,06/25/2023 06:49:40,0.00,,,
4261,06/25/2023 06:52:40,0.68,,,
4262,06/25/2023 06:55:40,1.50,,,
4263,06/25/2023 06:58:40,2.01,,,
4264,06/25/2023 07:01:40,2.44,,,
4265,06/25/2023 07:04:40,2.31,,,
4266,06/25/2023 07:07:40,2.36,,,
4267,06/25/2023 07:10:40,2.79,,,
4268,06/25/2023 07:13:40,3.39,,,
4269,06/25/2023 07:16:40,4.12,,,
4270,06/25/2023 07:19:40,4.59,,,
4271,06/25/2023 07:22:40,5.06,,,
4272,06/25/2023 07:25:40,5.32,,,
4273,06/25/2023 07:28:40,5.53,,,
4274,06/25/2023 07:31:40,5.36,,,
4275,06/25/2023 07:34:40,5.45,,,
4276,06/25/2023 07:37:40,5.49,,,
4277,06/25/2023 07:40:40,5.96,,,
4278,06/25/2023 07:43:40,6.65,,,
4279,06/25/2023 07:46:40,6.65,,,
4280,06/25/2023 07:49:40,7.16,,,
4281,06/25/2023 07:52:40,8.19,,,
4282,06/25/2023 07:55:40,9.09,,,
4283,06/25/2023 07:58:40,9.26,,,
4284,06/25/2023 08:01:40,9.95,,,
4285,06/25/2023 08:04:40,10.81,,,
4286,06/25/2023 08:07:40,11.24,,,
4287,06/25/2023 08:10:40,12.27,,,
4288,06/25/2023 08:13:40,10.89,,,
4289,06/25/2023 08:16:40,10.25,,,
4290,06/25/2023 08:19:40,10.04,,,
4291,06/25/2023 08:22:40,9.99,,,
4292,06/25/2023 08:25:40,9.91,,,
4293,06/25/2023 08:28:40,10.08,,,
4294,06/25/2023 08:31:40,10.51,,,
4295,06/25/2023 08:34:40,10.81,,,
4296,06/25/2023 08:37:40,10.94,,,
4297,06/25/2023 08:40:40,11.11,,,
4298,06/25/2023 08:43:40,11.54,,,
4299,06/25/2023 08:46:40,12.91,,,
4300,06/25/2023 08:49:40,11.79,,,
4301,06/25/2023 08:52:40,12.52,,,
4302,06/25/2023 08:55:40,13.43,,,
4303,06/25/2023 08:58:40,13.81,,,
4304,06/25/2023 09:01:40,13.55,,,
4305,06/25/2023 09:04:40,13.43,,,
4306,06/25/2023 09:07:40,13.34,,,
4307,06/25/2023 09:10:40,14.11,,,
4308,06/25/2023 09:13:40,15.10,,,
4309,06/25/2023 09:16:40,15.53,,,
4310,06/25/2023 09:19:40,16.34,,,
4311,06/25/2023 09:22:40,16.69,,,
4312,06/25/2023 09:25:40,16.34,,,
4313,06/25/2023 09:28:40,15.96,,,
4314,06/25/2023 09:31:40,16.60,,,
4315,06/25/2023 09:34:40,17.54,,,
4316,06/25/2023 09:37:40,17.33,,,
4317,06/25/2023 09:40:40,16.69,,,
4318,06/25/2023 09:43:40,17.59,,,
4319,06/25/2023 09:46:40,17.59,,,
4320,06/25/2023 09:49:40,16.69,,,
4321,06/25/2023 09:52:40,16.08,,,
4322,06/25/2023 09:55:40,16.17,,,
4323,06/25/2023 09:58:40,16.30,,,
4324,06/25/2023 10:01:40,17.37,,,
4325,06/25/2023 10:04:40,17.72,,,
4326,06/25/2023 10:07:40,17.54,,,
4327,06/25/2023 10:10:40,18.23,,,
4328,06/25/2023 10:13:40,18.62,,,
4329,06/25/2023 10:16:40,19.60,,,
4330,06/25/2023 10:19:40,18.79,,,
4331,06/25/2023 10:22:40,19.13,,,
4332,06/25/2023 10:25:40,18.70,,,
4333,06/25/2023 10:28:40,19.77,,,
4334,06/25/2023 10:31:40,19.43,,,
4335,06/25/2023 10:34:40,19.39,,,
4336,06/25/2023 10:37:40,19.73,,,
4337,06/25/2023 10:40:40,20.25,,,
4338,06/25/2023 10:43:40,20.46,,,
4339,06/25/2023 10:46:40,19.99,,,
4340,06/25/2023 10:49:40,20.12,,,
4341,06/25/2023 10:52:40,20.55,,,
4342,06/25/2023 10:55:40,19.77,,,
4343,06/25/2023 10:58:40,20.16,,,
4344,06/25/2023 11:01:40,19.86,,,
4345,06/25/2023 11:04:40,21.10,,,
4346,06/25/2023 11:07:40,20.98,,,
4347,06/25/2023 11:10:40,21.23,,,
4348,06/25/2023 11:13:40,20.85,,,
4349,06/25/2023 11:16:40,20.76,,,
4350,06/25/2023 11:19:40,20.55,,,
4351,06/25/2023 11:22:40,20.42,,,
4352,06/25/2023 11:25:40,20.76,,,
4353,06/25/2023 11:28:40,21.23,,,
4354,06/25/2023 11:31:40,21.53,,,
4355,06/25/2023 11:34:40,21.62,,,
4356,06/25/2023 11:37:40,21.70,,,
4357,06/25/2023 11:40:40,21.62,,,
4358,06/25/2023 11:43:40,21.15,,,
4359,06/25/2023 11:46:40,21.79,,,
4360,06/25/2023 11:49:40,22.39,,,
4361,06/25/2023 11:52:40,22.43,,,
4362,06/25/2023 11:55:40,21.58,,,
4363,06/25/2023 11:58:40,22.01,,,
4364,06/25/2023 12:01:40,22.01,,,
4365,06/25/2023 12:04:40,22.61,,,
4366,06/25/2023 12:07:40,22.91,,,
4367,06/25/2023 12:10:40,22.91,,,
4368,06/25/2023 12:13:40,22.91,,,
4369,06/25/2023 12:16:40,23.21,,,
4370,06/25/2023 12:19:40,23.85,,,
4371,06/25/2023 12:22:40,24.45,,,
4372,06/25/2023 12:25:40,23.59,,,
4373,06/25/2023 12:28:40,22.78,,,
4374,06/25/2023 12:31:40,23.08,,,
4375,06/25/2023 12:34:40,23.08,,,
4376,06/25/2023 12:37:40,23.38,,,
4377,06/25/2023 12:40:40,23.81,,,
4378,06/25/2023 12:43:40,25.05,,,
4379,06/25/2023 12:46:40,24.49,,,
4380,06/25/2023 12:49:40,25.65,,,
4381,06/25/2023 12:52:40,25.52,,,
4382,06/25/2023 12:55:40,24.88,,,
4383,06/25/2023 12:58:40,25.27,,,
4384,06/25/2023 13:01:40,24.45,,,
4385,06/25/2023 13:04:40,24.66,,,
4386,06/25/2023 13:07:40,24.24,,,
4387,06/25/2023 13:10:40,25.01,,,
4388,06/25/2023 13:13:40,25.22,,,
4389,06/25/2023 13:16:40,25.22,,,
4390,06/25/2023 13:19:40,25.05,,,
4391,06/25/2023 13:22:40,25.14,,,
4392,06/25/2023 13:25:40,25.31,,,
4393,06/25/2023 13:28:40,25.48,,,
4394,06/25/2023 13:31:40,25.27,,,
4395,06/25/2023 13:34:40,25.39,,,
4396,06/25/2023 13:37:40,25.01,,,
4397,06/25/2023 13:40:40,25.61,,,
4398,06/25/2023 13:43:40,25.22,,,
4399,06/25/2023 13:46:40,25.22,,,
4400,06/25/2023 13:49:40,25.01,,,
4401,06/25/2023 13:52:40,25.14,,,
4402,06/25/2023 13:55:40,25.01,,,
4403,06/25/2023 13:58:40,24.66,,,
4404,06/25/2023 14:01:40,24.45,,,
4405,06/25/2023 14:04:40,25.18,,,
4406,06/25/2023 14:07:40,25.31,,,
4407,06/25/2023 14:10:40,25.91,,,
4408,06/25/2023 14:13:40,25.05,,,
4409,06/25/2023 14:16:40,25.31,,,
4410,06/25/2023 14:19:40,25.01,,,
4411,06/25/2023 14:22:40,24.88,,,
4412,06/25/2023 14:25:40,25.09,,,
4413,06/25/2023 14:28:40,26.51,,,
4414,06/25/2023 14:31:40,26.81,,,
4415,06/25/2023 14:34:40,25.95,,,
4416,06/25/2023 14:37:40,26.17,,,
4417,06/25/2023 14:40:40,26.42,,,
4418,06/25/2023 14:43:40,25.57,,,
4419,06/25/2023 14:46:40,25.52,,,
4420,06/25/2023 14:49:40,25.57,,,
4421,06/25/2023 14:52:40,25.01,,,
4422,06/25/2023 14:55:40,26.12,,,
4423,06/25/2023 14:58:40,25.39,,,
4424,06/25/2023 15:01:40,25.65,,,
4425,06/25/2023 15:04:40,25.57,,,
4426,06/25/2023 15:07:40,25.57,,,
4427,06/25/2023 15:10:40,25.27,,,
4428,06/25/2023 15:13:40,24.97,,,
4429,06/25/2023 15:16:40,25.52,,,
4430,06/25/2023 15:19:40,26.38,,,
4431,06/25/2023 15:22:40,26.98,,,
4432,06/25/2023 15:25:40,27.11,,,
4433,06/25/2023 15:28:40,26.55,,,
4434,06/25/2023 15:31:40,25.27,,,
4435,06/25/2023 15:34:40,25.78,,,
4436,06/25/2023 15:37:40,25.27,,,
4437,06/25/2023 15:40:40,24.75,,,
4438,06/25/2023 15:43:40,25.35,,,
4439,06/25/2023 15:46:40,26.42,,,
4440,06/25/2023 15:49:40,26.47,,,
4441,06/25/2023 15:52:40,25.09,,,
4442,06/25/2023 15:55:40,25.14,,,
4443,06/25/2023 15:58:40,25.05,,,
4444,06/25/2023 16:01:40,25.87,,,
4445,06/25/2023 16:04:40,26.38,,,
4446,06/25/2023 16:07:40,25.14,,,
4447,06/25/2023 16:10:40,24.97,,,
4448,06/25/2023 16:13:40,24.97,,,
4449,06/25/2023 16:16:40,25.09,,,
4450,06/25/2023 16:19:40,25.82,,,
4451,06/25/2023 16:22:40,25.31,,,
4452,06/25/2023 16:25:40,26.12,,,
4453,06/25/2023 16:28:40,26.34,,,
4454,06/25/2023 16:31:40,26.25,,,
4455,06/25/2023 16:34:40,26.55,,,
4456,06/25/2023 16:37:40,27.28,,,
4457,06/25/2023 16:40:40,26.60,,,
4458,06/25/2023 16:43:40,26.51,,,
4459,06/25/2023 16:46:40,26.25,,,
4460,06/25/2023 16:49:40,25.57,,,
4461,06/25/2023 16:52:40,26.38,,,
4462,06/25/2023 16:55:40,26.12,,,
4463,06/25/2023 16:58:40,25.95,,,
4464,06/25/2023 17:01:40,25.57,,,
4465,06/25/2023 17:04:40,26.17,,,
4466,06/25/2023 17:07:40,26.51,,,
4467,06/25/2023 17:10:40,26.81,,,
4468,06/25/2023 17:13:40,25.69,,,
4469,06/25/2023 17:16:40,25.18,,,
4470,06/25/2023 17:19:40,24.97,,,
4471,06/25/2023 17:22:40,25.18,,,
4472,06/25/2023 17:25:40,25.31,,,
4473,06/25/2023 17:28:40,25.27,,,
4474,06/25/2023 17:31:40,25.74,,,
4475,06/25/2023 17:34:40,25.69,,,
4476,06/25/2023 17:37:40,25.74,,,
4477,06/25/2023 17:40:40,25.52,,,
4478,06/25/2023 17:43:40,24.79,,,
4479,06/25/2023 17:46:40,25.35,,,
4480,06/25/2023 17:49:40,25.09,,,
4481,06/25/2023 17:52:40,25.14,,,
4482,06/25/2023 17:55:40,24.88,,,
4483,06/25/2023 17:58:40,25.52,,,
4484,06/25/2023 18:01:40,25.65,,,
4485,06/25/2023 18:04:40,24.62,,,
4486,06/25/2023 18:07:40,24.28,,,
4487,06/25/2023 18:10:40,24.19,,,
4488,06/25/2023 18:13:40,24.24,,,
4489,06/25/2023 18:16:40,24.41,,,
4490,06/25/2023 18:19:40,23.98,,,
4491,06/25/2023 18:22:40,24.02,,,
4492,06/25/2023 18:25:40,23.85,,,
4493,06/25/2023 18:28:40,23.68,,,
4494,06/25/2023 18:31:40,23.72,,,
4495,06/25/2023 18:34:40,23.72,,,
4496,06/25/2023 18:37:40,23.98,,,
4497,06/25/2023 18:40:40,24.11,,,
4498,06/25/2023 18:43:40,23.98,,,
4499,06/25/2023 18:46:40,24.02,,,
4500,06/25/2023 18:49:40,24.11,,,
4501,06/25/2023 18:52:40,23.34,,,
4502,06/25/2023 18:55:40,23.08,,,
4503,06/25/2023 18:58:40,22.65,,,
4504,06/25/2023 19:01:40,22.82,,,
4505,06/25/2023 19:04:40,22.48,,,
4506,06/25/2023 19:07:40,22.52,,,
4507,06/25/2023 19:10:40,22.56,,,
4508,06/25/2023 19:13:40,22.35,,,
4509,06/25/2023 19:16:40,22.05,,,
4510,06/25/2023 19:19:40,21.79,,,
4511,06/25/2023 19:22:40,21.53,,,
4512,06/25/2023 19:25:40,21.49,,,
4513,06/25/2023 19:28:40,21.32,,,
4514,06/25/2023 19:31:40,20.93,,,
4515,06/25/2023 19:34:40,20.98,,,
4516,06/25/2023 19:37:40,20.85,,,
4517,06/25/2023 19:40:40,20.16,,,
4518,06/25/2023 19:43:40,19.90,,,
4519,06/25/2023 19:46:40,19.39,,,
4520,06/25/2023 19:49:40,18.87,,,
4521,06/25/2023 19:52:40,19.00,,,
4522,06/25/2023 19:55:40,18.96,,,
4523,06/25/2023 19:58:40,18.87,,,
4524,06/25/2023 20:01:40,18.49,,,
4525,06/25/2023 20:04:40,18.74,,,
4526,06/25/2023 20:07:40,17.93,,,
4527,06/25/2023 20:10:40,17.03,,,
4528,06/25/2023 20:13:40,16.39,,,
4529,06/25/2023 20:16:40,16.13,,,
4530,06/25/2023 20:19:40,15.31,,,
4531,06/25/2023 20:22:40,15.23,,,
4532,06/25/2023 20:25:40,14.33,,,
4533,06/25/2023 20:28:40,13.90,,,
4534,06/25/2023 20:31:40,13.51,,,
4535,06/25/2023 20:34:40,13.08,,,
4536,06/25/2023 20:37:40,13.17,,,
4537,06/25/2023 20:40:40,12.35,,,
4538,06/25/2023 20:43:40,11.75,,,
4539,06/25/2023 20:46:40,12.05,,,
4540,06/25/2023 20:49:40,11.58,,,
4541,06/25/2023 20:52:40,11.07,,,
4542,06/25/2023 20:55:40,10.94,,,
4543,06/25/2023 20:58:40,11.11,,,
4544,06/25/2023 21:01:40,10.34,,,
4545,06/25/2023 21:04:40,9.91,,,
4546,06/25/2023 21:07:40,9.91,,,
4547,06/25/2023 21:10:40,9.91,,,
4548,06/25/2023 21:13:40,9.65,,,
4549,06/25/2023 21:16:40,9.65,,,
4550,06/25/2023 21:19:40,10.04,,,
4551,06/25/2023 21:22:40,10.25,,,
4552,06/25/2023 21:25:40,9.78,,,
4553,06/25/2023 21:28:40,9.26,,,
4554,06/25/2023 21:31:40,8.88,,,
4555,06/25/2023 21:34:40,8.19,,,
4556,06/25/2023 21:37:40,8.62,,,
4557,06/25/2023 21:40:40,8.28,,,
4558,06/25/2023 21:43:40,8.19,,,
4559,06/25/2023 21:46:40,8.28,,,
4560,06/25/2023 21:49:40,7.98,,,
4561,06/25/2023 21:52:40,8.49,,,
4562,06/25/2023 21:55:40,8.06,,,
4563,06/25/2023 21:58:40,7.93,,,
4564,06/25/2023 22:01:40,7.76,,,
4565,06/25/2023 22:04:40,7.46,,,
4566,06/25/2023 22:07:40,8.23,,,
4567,06/25/2023 22:10:40,8.28,,,
4568,06/25/2023 22:13:40,8.62,,,
4569,06/25/2023 22:16:40,7.68,,,
4570,06/25/2023 22:19:40,7.25,,,
4571,06/25/2023 22:22:40,7.16,,,
4572,06/25/2023 22:25:40,7.33,,,
4573,06/25/2023 22:28:40,6.90,,,
4574,06/25/2023 22:31:40,6.78,,,
4575,06/25/2023 22:34:40,7.03,,,
4576,06/25/2023 22:37:40,6.90,,,
4577,06/25/2023 22:40:40,7.20,,,
4578,06/25/2023 22:43:40,6.99,,,
4579,06/25/2023 22:46:40,6.69,,,
4580,06/25/2023 22:49:40,6.90,,,
4581,06/25/2023 22:52:40,6.56,,,
4582,06/25/2023 22:55:40,6.43,,,
4583,06/25/2023 22:58:40,6.22,,,
4584,06/25/2023 23:01:40,6.35,,,
4585,06/25/2023 23:04:40,6.09,,,
4586,06/25/2023 23:07:40,5.96,,,
4587,06/25/2023 23:10:40,5.83,,,
4588,06/25/2023 23:13:40,5.53,,,
4589,06/25/2023 23:16:40,5.57,,,
4590,06/25/2023 23:19:40,5.49,,,
4591,06/25/2023 23:22:40,5.27,,,
4592,06/25/2023 23:25:40,5.45,,,
4593,06/25/2023 23:28:40,5.66,,,
4594,06/25/2023 23:31:40,5.40,,,
4595,06/25/2023 23:34:40,5.15,,,
4596,06/25/2023 23:37:40,5.23,,,
4597,06/25/2023 23:40:40,5.70,,,
4598,06/25/2023 23:43:40,5.87,,,
4599,06/25/2023 23:46:40,5.27,,,
4600,06/25/2023 23:49:40,4.59,,,
4601,06/25/2023 23:52:40,5.06,,,
4602,06/25/2023 23:55:40,5.06,,,
4603,06/25/2023 23:58:40,5.45,,,
4604,06/26/2023 00:01:40,5.27,,,
4605,06/26/2023 00:04:40,4.59,,,
4606,06/26/2023 00:07:40,4.29,,,
4607,06/26/2023 00:10:40,3.94,,,
4608,06/26/2023 00:13:40,3.69,,,
4609,06/26/2023 00:16:40,3.69,,,
4610,06/26/2023 00:19:40,4.33,,,
4611,06/26/2023 00:22:40,3.94,,,
4612,06/26/2023 00:25:40,3.69,,,
4613,06/26/2023 00:28:40,3.64,,,
4614,06/26/2023 00:31:40,3.34,,,
4615,06/26/2023 00:34:40,3.26,,,
4616,06/26/2023 00:37:40,2.91,,,
4617,06/26/2023 00:40:40,2.74,,,
4618,06/26/2023 00:43:40,2.61,,,
4619,06/26/2023 00:46:40,2.79,,,
4620,06/26/2023 00:49:40,2.44,,,
4621,06/26/2023 00:52:40,2.49,,,
4622,06/26/2023 00:55:40,2.31,,,
4623,06/26/2023 00:58:40,2.44,,,
4624,06/26/2023 01:01:40,2.23,,,
4625,06/26/2023 01:04:40,2.31,,,
4626,06/26/2023 01:07:40,2.14,,,
4627,06/26/2023 01:10:40,2.01,,,
4628,06/26/2023 01:13:40,2.27,,,
4629,06/26/2023 01:16:40,2.10,,,
4630,06/26/2023 01:19:40,1.76,,,
4631,06/26/2023 01:22:40,1.71,,,
4632,06/26/2023 01:25:40,1.80,,,
4633,06/26/2023 01:28:40,1.84,,,
4634,06/26/2023 01:31:40,1.71,,,
4635,06/26/2023 01:34:40,1.97,,,
4636,06/26/2023 01:37:40,1.88,,,
4637,06/26/2023 01:40:40,1.58,,,
4638,06/26/2023 01:43:40,1.67,,,
4639,06/26/2023 01:46:40,1.58,,,
4640,06/26/2023 01:49:40,1.46,,,
4641,06/26/2023 01:52:40,1.41,,,
4642,06/26/2023 01:55:40,1.37,,,
4643,06/26/2023 01:58:40,1.41,,,
4644,06/26/2023 02:01:40,1.37,,,
4645,06/26/2023 02:04:40,0.98,,,
4646,06/26/2023 02:07:40,0.98,,,
4647,06/26/2023 02:10:40,1.03,,,
4648,06/26/2023 02:13:40,1.41,,,
4649,06/26/2023 02:16:40,1.33,,,
4650,06/26/2023 02:19:40,1.24,,,
4651,06/26/2023 02:22:40,1.07,,,
4652,06/26/2023 02:25:40,0.98,,,
4653,06/26/2023 02:28:40,0.68,,,
4654,06/26/2023 02:31:40,0.60,,,
4655,06/26/2023 02:34:40,0.90,,,
4656,06/26/2023 02:37:40,0.90,,,
4657,06/26/2023 02:40:40,0.98,,,
4658,06/26/2023 02:43:40,1.24,,,
4659,06/26/2023 02:46:40,0.86,,,
4660,06/26/2023 02:49:40,0.73,,,
4661,06/26/2023 02:52:40,0.94,,,
4662,06/26/2023 02:55:40,1.20,,,
4663,06/26/2023 02:58:40,0.90,,,
4664,06/26/2023 03:01:40,0.81,,,
4665,06/26/2023 03:04:40,0.55,,,
4666,06/26/2023 03:07:40,0.51,,,
4667,06/26/2023 03:10:40,0.43,,,
4668,06/26/2023 03:13:40,0.51,,,
4669,06/26/2023 03:16:40,0.38,,,
4670,06/26/2023 03:19:40,0.64,,,
4671,06/26/2023 03:22:40,0.55,,,
4672,06/26/2023 03:25:40,0.77,,,
4673,06/26/2023 03:28:40,0.60,,,
4674,06/26/2023 03:31:40,0.43,,,
4675,06/26/2023 03:34:40,0.17,,,
4676,06/26/2023 03:37:40,-0.05,,,
4677,06/26/2023 03:40:40,0.17,,,
4678,06/26/2023 03:43:40,-0.09,,,
4679,06/26/2023 03:46:40,0.00,,,
4680,06/26/2023 03:49:40,0.08,,,
4681,06/26/2023 03:52:40,-0.09,,,
4682,06/26/2023 03:55:40,-0.17,,,
4683,06/26/2023 03:58:40,-0.26,,,
4684,06/26/2023 04:01:40,0.04,,,
4685,06/26/2023 04:04:40,-0.22,,,
4686,06/26/2023 04:07:40,-0.05,,,
4687,06/26/2023 04:10:40,-0.26,,,
4688,06/26/2023 04:13:40,-0.17,,,
4689,06/26/2023 04:16:40,-0.13,,,
4690,06/26/2023 04:19:40,-0.26,,,
4691,06/26/2023 04:22:40,-0.30,,,
4692,06/26/2023 04:25:40,-0.22,,,
4693,06/26/2023 04:28:40,-0.26,,,
4694,06/26/2023 04:31:40,-0.17,,,
4695,06/26/2023 04:34:40,-0.30,,,
4696,06/26/2023 04:37:40,-0.60,,,
4697,06/26/2023 04:40:40,-0.17,,,
4698,06/26/2023 04:43:40,-0.09,,,
4699,06/26/2023 04:46:40,-0.56,,,
4700,06/26/2023 04:49:40,-0.60,,,
4701,06/26/2023 04:52:40,-0.39,,,
4702,06/26/2023 04:55:40,-0.52,,,
4703,06/26/2023 04:58:40,-0.73,,,
4704,06/26/2023 05:01:40,-1.08,,,
4705,06/26/2023 05:04:40,-0.95,,,
4706,06/26/2023 05:07:40,-0.56,,,
4707,06/26/2023 05:10:40,-0.69,,,
4708,06/26/2023 05:13:40,-0.52,,,
4709,06/26/2023 05:16:40,-0.65,,,
4710,06/26/2023 05:19:40,-0.65,,,
4711,06/26/2023 05:22:40,-0.60,,,
4712,06/26/2023 05:25:40,-0.77,,,
4713,06/26/2023 05:28:40,-0.82,,,
4714,06/26/2023 05:31:40,-1.12,,,
4715,06/26/2023 05:34:40,-1.20,,,
4716,06/26/2023 05:37:40,-1.16,,,
4717,06/26/2023 05:40:40,-0.82,,,
4718,06/26/2023 05:43:40,-0.86,,,
4719,06/26/2023 05:46:40,-1.08,,,
4720,06/26/2023 05:49:40,-0.99,,,
4721,06/26/2023 05:52:40,-1.03,,,
4722,06/26/2023 05:55:40,-0.86,,,
4723,06/26/2023 05:58:40,-0.90,,,
4724,06/26/2023 06:01:40,-1.16,,,
4725,06/26/2023 06:04:40,-1.25,,,
4726,06/26/2023 06:07:40,-1.12,,,
4727,06/26/2023 06:10:40,-0.95,,,
4728,06/26/2023 06:13:40,-1.20,,,
4729,06/26/2023 06:16:40,-1.25,,,
4730,06/26/2023 06:19:40,-1.03,,,
4731,06/26/2023 06:22:40,-0.82,,,
4732,06/26/2023 06:25:40,-0.86,,,
4733,06/26/2023 06:28:40,-1.03,,,
4734,06/26/2023 06:31:40,-1.03,,,
4735,06/26/2023 06:34:40,-0.52,,,
4736,06/26/2023 06:37:40,-0.26,,,
4737,06/26/2023 06:40:40,-0.39,,,
4738,06/26/2023 06:43:40,-0.47,,,
4739,06/26/2023 06:46:40,-0.13,,,
4740,06/26/2023 06:49:40,0.47,,,
4741,06/26/2023 06:52:40,1.33,,,
4742,06/26/2023 06:55:40,2.23,,,
4743,06/26/2023 06:58:40,2.53,,,
4744,06/26/2023 07:01:40,2.96,,,
4745,06/26/2023 07:04:40,3.09,,,
4746,06/26/2023 07:07:40,3.39,,,
4747,06/26/2023 07:10:40,3.64,,,
4748,06/26/2023 07:13:40,4.29,,,
4749,06/26/2023 07:16:40,4.29,,,
4750,06/26/2023 07:19:40,4.33,,,
4751,06/26/2023 07:22:40,5.02,,,
4752,06/26/2023 07:25:40,5.32,,,
4753,06/26/2023 07:28:40,5.92,,,
4754,06/26/2023 07:31:40,6.56,,,
4755,06/26/2023 07:34:40,6.73,,,
4756,06/26/2023 07:37:40,7.76,,,
4757,06/26/2023 07:40:40,8.49,,,
4758,06/26/2023 07:43:40,9.14,,,
4759,06/26/2023 07:46:40,8.88,,,
4760,06/26/2023 07:49:40,9.48,,,
4761,06/26/2023 07:52:40,9.91,,,
4762,06/26/2023 07:55:40,10.25,,,
4763,06/26/2023 07:58:40,10.38,,,
4764,06/26/2023 08:01:40,9.91,,,
4765,06/26/2023 08:04:40,9.99,,,
4766,06/26/2023 08:07:40,10.21,,,
4767,06/26/2023 08:10:40,10.98,,,
4768,06/26/2023 08:13:40,11.07,,,
4769,06/26/2023 08:16:40,11.79,,,
4770,06/26/2023 08:19:40,12.35,,,
4771,06/26/2023 08:22:40,12.40,,,
4772,06/26/2023 08:25:40,12.40,,,
4773,06/26/2023 08:28:40,12.65,,,
4774,06/26/2023 08:31:40,13.34,,,
4775,06/26/2023 08:34:40,13.94,,,
4776,06/26/2023 08:37:40,13.73,,,
4777,06/26/2023 08:40:40,14.15,,,
4778,06/26/2023 08:43:40,14.54,,,
4779,06/26/2023 08:46:40,15.74,,,
4780,06/26/2023 08:49:40,16.39,,,
4781,06/26/2023 08:52:40,16.60,,,
4782,06/26/2023 08:55:40,17.07,,,
4783,06/26/2023 08:58:40,16.56,,,
4784,06/26/2023 09:01:40,17.07,,,
4785,06/26/2023 09:04:40,18.92,,,
4786,06/26/2023 09:07:40,18.79,,,
4787,06/26/2023 09:10:40,17.63,,,
4788,06/26/2023 09:13:40,17.11,,,
4789,06/26/2023 09:16:40,16.77,,,
4790,06/26/2023 09:19:40,17.76,,,
4791,06/26/2023 09:22:40,16.94,,,
4792,06/26/2023 09:25:40,16.77,,,
4793,06/26/2023 09:28:40,17.03,,,
4794,06/26/2023 09:31:40,16.99,,,
4795,06/26/2023 09:34:40,16.94,,,
4796,06/26/2023 09:37:40,16.90,,,
4797,06/26/2023 09:40:40,16.99,,,
4798,06/26/2023 09:43:40,17.11,,,
4799,06/26/2023 09:46:40,16.99,,,
4800,06/26/2023 09:49:40,17.33,,,
4801,06/26/2023 09:52:40,18.36,,,
4802,06/26/2023 09:55:40,18.32,,,
4803,06/26/2023 09:58:40,17.80,,,
4804,06/26/2023 10:01:40,18.19,,,
4805,06/26/2023 10:04:40,18.10,,,
4806,06/26/2023 10:07:40,18.83,,,
4807,06/26/2023 10:10:40,18.53,,,
4808,06/26/2023 10:13:40,18.74,,,
4809,06/26/2023 10:16:40,18.49,,,
4810,06/26/2023 10:19:40,18.53,,,
4811,06/26/2023 10:22:40,19.13,,,
4812,06/26/2023 10:25:40,18.57,,,
4813,06/26/2023 10:28:40,18.87,,,
4814,06/26/2023 10:31:40,19.43,,,
4815,06/26/2023 10:34:40,19.47,,,
4816,06/26/2023 10:37:40,19.99,,,
4817,06/26/2023 10:40:40,20.98,,,
4818,06/26/2023 10:43:40,20.37,,,
4819,06/26/2023 10:46:40,19.73,,,
4820,06/26/2023 10:49:40,20.37,,,
4821,06/26/2023 10:52:40,20.33,,,
4822,06/26/2023 10:55:40,20.46,,,
4823,06/26/2023 10:58:40,20.42,,,
4824,06/26/2023 11:01:40,20.29,,,
4825,06/26/2023 11:04:40,20.68,,,
4826,06/26/2023 11:07:40,20.89,,,
4827,06/26/2023 11:10:40,20.85,,,
4828,06/26/2023 11:13:40,22.22,,,
4829,06/26/2023 11:16:40,22.95,,,
4830,06/26/2023 11:19:40,21.66,,,
4831,06/26/2023 11:22:40,21.19,,,
4832,06/26/2023 11:25:40,21.28,,,
4833,06/26/2023 11:28:40,21.83,,,
4834,06/26/2023 11:31:40,22.52,,,
4835,06/26/2023 11:34:40,23.38,,,
4836,06/26/2023 11:37:40,23.34,,,
4837,06/26/2023 11:40:40,23.55,,,
4838,06/26/2023 11:43:40,23.08,,,
4839,06/26/2023 11:46:40,23.29,,,
4840,06/26/2023 11:49:40,24.19,,,
4841,06/26/2023 11:52:40,23.68,,,
4842,06/26/2023 11:55:40,23.85,,,
4843,06/26/2023 11:58:40,24.19,,,
4844,06/26/2023 12:01:40,23.98,,,
4845,06/26/2023 12:04:40,24.36,,,
4846,06/26/2023 12:07:40,24.79,,,
4847,06/26/2023 12:10:40,25.22,,,
4848,06/26/2023 12:13:40,24.02,,,
4849,06/26/2023 12:16:40,23.81,,,
4850,06/26/2023 12:19:40,23.94,,,
4851,06/26/2023 12:22:40,24.32,,,
4852,06/26/2023 12:25:40,24.88,,,
4853,06/26/2023 12:28:40,24.71,,,
4854,06/26/2023 12:31:40,24.97,,,
4855,06/26/2023 12:34:40,24.62,,,
4856,06/26/2023 12:37:40,25.22,,,
4857,06/26/2023 12:40:40,25.57,,,
4858,06/26/2023 12:43:40,25.22,,,
4859,06/26/2023 12:46:40,25.18,,,
4860,06/26/2023 12:49:40,25.35,,,
4861,06/26/2023 12:52:40,25.69,,,
4862,06/26/2023 12:55:40,25.82,,,
4863,06/26/2023 12:58:40,25.87,,,
4864,06/26/2023 13:01:40,26.08,,,
4865,06/26/2023 13:04:40,24.84,,,
4866,06/26/2023 13:07:40,25.52,,,
4867,06/26/2023 13:10:40,25.18,,,
4868,06/26/2023 13:13:40,25.27,,,
4869,06/26/2023 13:16:40,26.04,,,
4870,06/26/2023 13:19:40,26.51,,,
4871,06/26/2023 13:22:40,26.04,,,
4872,06/26/2023 13:25:40,25.48,,,
4873,06/26/2023 13:28:40,25.95,,,
4874,06/26/2023 13:31:40,26.17,,,
4875,06/26/2023 13:34:40,26.34,,,
4876,06/26/2023 13:37:40,25.61,,,
4877,06/26/2023 13:40:40,25.35,,,
4878,06/26/2023 13:43:40,26.21,,,
4879,06/26/2023 13:46:40,25.52,,,
4880,06/26/2023 13:49:40,26.21,,,
4881,06/26/2023 13:52:40,26.34,,,
4882,06/26/2023 13:55:40,25.87,,,
4883,06/26/2023 13:58:40,25.61,,,
4884,06/26/2023 14:01:40,26.68,,,
4885,06/26/2023 14:04:40,26.98,,,
4886,06/26/2023 14:07:40,26.81,,,
4887,06/26/2023 14:10:40,26.85,,,
4888,06/26/2023 14:13:40,26.42,,,
4889,06/26/2023 14:16:40,26.47,,,
4890,06/26/2023 14:19:40,25.95,,,
4891,06/26/2023 14:22:40,25.87,,,
4892,06/26/2023 14:25:40,25.65,,,
4893,06/26/2023 14:28:40,26.04,,,
4894,06/26/2023 14:31:40,26.08,,,
4895,06/26/2023 14:34:40,26.77,,,
4896,06/26/2023 14:37:40,26.55,,,
4897,06/26/2023 14:40:40,26.42,,,
4898,06/26/2023 14:43:40,25.57,,,
4899,06/26/2023 14:46:40,25.52,,,
4900,06/26/2023 14:49:40,25.52,,,
4901,06/26/2023 14:52:40,25.74,,,
4902,06/26/2023 14:55:40,25.65,,,
4903,06/26/2023 14:58:40,25.44,,,
4904,06/26/2023 15:01:40,25.95,,,
4905,06/26/2023 15:04:40,26.77,,,
4906,06/26/2023 15:07:40,26.72,,,
4907,06/26/2023 15:10:40,26.77,,,
4908,06/26/2023 15:13:40,26.94,,,
4909,06/26/2023 15:16:40,26.08,,,
4910,06/26/2023 15:19:40,26.30,,,
4911,06/26/2023 15:22:40,26.38,,,
4912,06/26/2023 15:25:40,26.77,,,
4913,06/26/2023 15:28:40,26.21,,,
4914,06/26/2023 15:31:40,25.99,,,
4915,06/26/2023 15:34:40,26.08,,,
4916,06/26/2023 15:37:40,25.78,,,
4917,06/26/2023 15:40:40,26.51,,,
4918,06/26/2023 15:43:40,27.02,,,
4919,06/26/2023 15:46:40,27.67,,,
4920,06/26/2023 15:49:40,27.02,,,
4921,06/26/2023 15:52:40,26.98,,,
4922,06/26/2023 15:55:40,26.72,,,
4923,06/26/2023 15:58:40,26.30,,,
4924,06/26/2023 16:01:40,26.81,,,
4925,06/26/2023 16:04:40,26.47,,,
4926,06/26/2023 16:07:40,26.21,,,
4927,06/26/2023 16:10:40,26.68,,,
4928,06/26/2023 16:13:40,26.77,,,
4929,06/26/2023 16:16:40,26.42,,,
4930,06/26/2023 16:19:40,26.55,,,
4931,06/26/2023 16:22:40,27.45,,,
4932,06/26/2023 16:25:40,26.98,,,
4933,06/26/2023 16:28:40,26.51,,,
4934,06/26/2023 16:31:40,26.94,,,
4935,06/26/2023 16:34:40,26.30,,,
4936,06/26/2023 16:37:40,26.81,,,
4937,06/26/2023 16:40:40,27.07,,,
4938,06/26/2023 16:43:40,26.64,,,
4939,06/26/2023 16:46:40,26.64,,,
4940,06/26/2023 16:49:40,26.34,,,
4941,06/26/2023 16:52:40,26.98,,,
4942,06/26/2023 16:55:40,26.90,,,
4943,06/26/2023 16:58:40,26.47,,,
4944,06/26/2023 17:01:40,26.60,,,
4945,06/26/2023 17:04:40,26.85,,,
4946,06/26/2023 17:07:40,26.08,,,
4947,06/26/2023 17:10:40,25.65,,,
4948,06/26/2023 17:13:40,25.95,,,
4949,06/26/2023 17:16:40,25.82,,,
4950,06/26/2023 17:19:40,26.38,,,
4951,06/26/2023 17:22:40,26.77,,,
4952,06/26/2023 17:25:40,26.04,,,
4953,06/26/2023 17:28:40,25.31,,,
4954,06/26/2023 17:31:40,25.95,,,
4955,06/26/2023 17:34:40,25.87,,,
4956,06/26/2023 17:37:40,26.34,,,
4957,06/26/2023 17:40:40,26.04,,,
4958,06/26/2023 17:43:40,26.04,,,
4959,06/26/2023 17:46:40,25.82,,,
4960,06/26/2023 17:49:40,25.61,,,
4961,06/26/2023 17:52:40,25.82,,,
4962,06/26/2023 17:55:40,25.61,,,
4963,06/26/2023 17:58:40,25.18,,,
4964,06/26/2023 18:01:40,25.35,,,
4965,06/26/2023 18:04:40,25.82,,,
4966,06/26/2023 18:07:40,25.78,,,
4967,06/26/2023 18:10:40,25.61,,,
4968,06/26/2023 18:13:40,25.57,,,
4969,06/26/2023 18:16:40,25.69,,,
4970,06/26/2023 18:19:40,25.65,,,
4971,06/26/2023 18:22:40,25.87,,,
4972,06/26/2023 18:25:40,25.09,,,
4973,06/26/2023 18:28:40,25.35,,,
4974,06/26/2023 18:31:40,25.48,,,
4975,06/26/2023 18:34:40,25.48,,,
4976,06/26/2023 18:37:40,25.44,,,
4977,06/26/2023 18:40:40,24.36,,,
4978,06/26/2023 18:43:40,24.24,,,
4979,06/26/2023 18:46:40,24.15,,,
4980,06/26/2023 18:49:40,24.11,,,
4981,06/26/2023 18:52:40,24.36,,,
4982,06/26/2023 18:55:40,25.14,,,
4983,06/26/2023 18:58:40,25.27,,,
4984,06/26/2023 19:01:40,24.75,,,
4985,06/26/2023 19:04:40,23.46,,,
4986,06/26/2023 19:07:40,22.61,,,
4987,06/26/2023 19:10:40,21.92,,,
4988,06/26/2023 19:13:40,21.79,,,
4989,06/26/2023 19:16:40,21.70,,,
4990,06/26/2023 19:19:40,21.19,,,
4991,06/26/2023 19:22:40,20.89,,,
4992,06/26/2023 19:25:40,20.59,,,
4993,06/26/2023 19:28:40,21.32,,,
4994,06/26/2023 19:31:40,20.89,,,
4995,06/26/2023 19:34:40,20.46,,,
4996,06/26/2023 19:37:40,19.90,,,
4997,06/26/2023 19:40:40,19.22,,,
4998,06/26/2023 19:43:40,19.13,,,
4999,06/26/2023 19:46:40,19.43,,,
5000,06/26/2023 19:49:40,19.47,,,
5001,06/26/2023 19:52:40,19.65,,,
5002,06/26/2023 19:55:40,19.47,,,
5003,06/26/2023 19:58:40,20.03,,,
5004,06/26/2023 20:01:40,20.55,,,
5005,06/26/2023 20:04:40,20.20,,,
5006,06/26/2023 20:07:40,20.29,,,
5007,06/26/2023 20:10:40,19.99,,,
5008,06/26/2023 20:13:40,19.35,,,
5009,06/26/2023 20:16:40,20.12,,,
5010,06/26/2023 20:19:40,20.20,,,
5011,06/26/2023 20:22:40,19.73,,,
5012,06/26/2023 20:25:40,19.60,,,
5013,06/26/2023 20:28:40,19.77,,,
5014,06/26/2023 20:31:40,19.65,,,
5015,06/26/2023 20:34:40,19.47,,,
5016,06/26/2023 20:37:40,18.74,,,
5017,06/26/2023 20:40:40,18.53,,,
5018,06/26/2023 20:43:40,18.44,,,
5019,06/26/2023 20:46:40,18.23,,,
5020,06/26/2023 20:49:40,17.72,,,
5021,06/26/2023 20:52:40,17.63,,,
5022,06/26/2023 20:55:40,17.54,,,
5023,06/26/2023 20:58:40,18.06,,,
5024,06/26/2023 21:01:40,17.67,,,
5025,06/26/2023 21:04:40,18.06,,,
5026,06/26/2023 21:07:40,17.54,,,
5027,06/26/2023 21:10:40,17.50,,,
5028,06/26/2023 21:13:40,17.07,,,
5029,06/26/2023 21:16:40,16.17,,,
5030,06/26/2023 21:19:40,15.96,,,
5031,06/26/2023 21:22:40,16.04,,,
5032,06/26/2023 21:25:40,16.34,,,
5033,06/26/2023 21:28:40,16.77,,,
5034,06/26/2023 21:31:40,16.60,,,
5035,06/26/2023 21:34:40,16.94,,,
5036,06/26/2023 21:37:40,16.00,,,
5037,06/26/2023 21:40:40,15.44,,,
5038,06/26/2023 21:43:40,15.10,,,
5039,06/26/2023 21:46:40,14.71,,,
5040,06/26/2023 21:49:40,14.33,,,
5041,06/26/2023 21:52:40,14.67,,,
5042,06/26/2023 21:55:40,14.75,,,
5043,06/26/2023 21:58:40,14.71,,,
5044,06/26/2023 22:01:40,14.88,,,
5045,06/26/2023 22:04:40,14.45,,,
5046,06/26/2023 22:07:40,14.33,,,
5047,06/26/2023 22:10:40,13.77,,,
5048,06/26/2023 22:13:40,13.30,,,
5049,06/26/2023 22:16:40,13.34,,,
5050,06/26/2023 22:19:40,13.25,,,
5051,06/26/2023 22:22:40,13.25,,,
5052,06/26/2023 22:25:40,13.38,,,
5053,06/26/2023 22:28:40,13.51,,,
5054,06/26/2023 22:31:40,13.43,,,
5055,06/26/2023 22:34:40,13.25,,,
5056,06/26/2023 22:37:40,13.43,,,
5057,06/26/2023 22:40:40,13.00,,,
5058,06/26/2023 22:43:40,12.35,,,
5059,06/26/2023 22:46:40,11.79,,,
5060,06/26/2023 22:49:40,12.18,,,
5061,06/26/2023 22:52:40,12.14,,,
5062,06/26/2023 22:55:40,12.14,,,
5063,06/26/2023 22:58:40,11.49,,,
5064,06/26/2023 23:01:40,11.24,,,
5065,06/26/2023 23:04:40,11.19,,,
5066,06/26/2023 23:07:40,10.72,,,
5067,06/26/2023 23:10:40,10.77,,,
5068,06/26/2023 23:13:40,10.72,,,
5069,06/26/2023 23:16:40,10.38,,,
5070,06/26/2023 23:19:40,9.99,,,
5071,06/26/2023 23:22:40,9.95,,,
5072,06/26/2023 23:25:40,9.65,,,
5073,06/26/2023 23:28:40,9.65,,,
5074,06/26/2023 23:31:40,9.74,,,
5075,06/26/2023 23:34:40,9.74,,,
5076,06/26/2023 23:37:40,9.48,,,
5077,06/26/2023 23:40:40,9.18,,,
5078,06/26/2023 23:43:40,9.22,,,
5079,06/26/2023 23:46:40,9.22,,,
5080,06/26/2023 23:49:40,9.09,,,
5081,06/26/2023 23:52:40,9.09,,,
5082,06/26/2023 23:55:40,9.01,,,
5083,06/26/2023 23:58:40,8.92,,,
5084,06/27/2023 00:01:40,8.79,,,
5085,06/27/2023 00:04:40,8.53,,,
5086,06/27/2023 00:07:40,8.62,,,
5087,06/27/2023 00:10:40,8.41,,,
5088,06/27/2023 00:13:40,8.53,,,
5089,06/27/2023 00:16:40,8.71,,,
5090,06/27/2023 00:19:40,8.88,,,
5091,06/27/2023 00:22:40,8.66,,,
5092,06/27/2023 00:25:40,8.53,,,
5093,06/27/2023 00:28:40,8.28,,,
5094,06/27/2023 00:31:40,8.49,,,
5095,06/27/2023 00:34:40,8.53,,,
5096,06/27/2023 00:37:40,8.23,,,
5097,06/27/2023 00:40:40,7.89,,,
5098,06/27/2023 00:43:40,7.55,,,
5099,06/27/2023 00:46:40,7.55,,,
5100,06/27/2023 00:49:40,7.81,,,
5101,06/27/2023 00:52:40,7.98,,,
5102,06/27/2023 00:55:40,7.68,,,
5103,06/27/2023 00:58:40,7.29,,,
5104,06/27/2023 01:01:40,7.68,,,
5105,06/27/2023 01:04:40,7.46,,,
5106,06/27/2023 01:07:40,7.20,,,
5107,06/27/2023 01:10:40,7.25,,,
5108,06/27/2023 01:13:40,7.16,,,
5109,06/27/2023 01:16:40,7.16,,,
5110,06/27/2023 01:19:40,6.90,,,
5111,06/27/2023 01:22:40,7.46,,,
5112,06/27/2023 01:25:40,7.42,,,
5113,06/27/2023 01:28:40,7.16,,,
5114,06/27/2023 01:31:40,6.86,,,
5115,06/27/2023 01:34:40,6.43,,,
5116,06/27/2023 01:37:40,6.43,,,
5117,06/27/2023 01:40:40,6.48,,,
5118,06/27/2023 01:43:40,6.43,,,
5119,06/27/2023 01:46:40,6.69,,,
5120,06/27/2023 01:49:40,6.65,,,
5121,06/27/2023 01:52:40,6.56,,,
5122,06/27/2023 01:55:40,6.13,,,
5123,06/27/2023 01:58:40,6.17,,,
5124,06/27/2023 02:01:40,6.43,,,
5125,06/27/2023 02:04:40,6.48,,,
5126,06/27/2023 02:07:40,6.48,,,
5127,06/27/2023 02:10:40,6.26,,,
5128,06/27/2023 02:13:40,6.17,,,
5129,06/27/2023 02:16:40,6.00,,,
5130,06/27/2023 02:19:40,6.00,,,
5131,06/27/2023 02:22:40,6.13,,,
5132,06/27/2023 02:25:40,6.00,,,
5133,06/27/2023 02:28:40,5.92,,,
5134,06/27/2023 02:31:40,5.92,,,
5135,06/27/2023 02:34:40,6.26,,,
5136,06/27/2023 02:37:40,6.13,,,
5137,06/27/2023 02:40:40,5.70,,,
5138,06/27/2023 02:43:40,5.79,,,
5139,06/27/2023 02:46:40,5.70,,,
5140,06/27/2023 02:49:40,5.66,,,
5141,06/27/2023 02:52:40,5.15,,,
5142,06/27/2023 02:55:40,5.15,,,
5143,06/27/2023 02:58:40,5.19,,,
5144,06/27/2023 03:01:40,5.40,,,
5145,06/27/2023 03:04:40,5.57,,,
5146,06/27/2023 03:07:40,5.79,,,
5147,06/27/2023 03:10:40,5.70,,,
5148,06/27/2023 03:13:40,5.53,,,
5149,06/27/2023 03:16:40,5.87,,,
5150,06/27/2023 03:19:40,5.92,,,
5151,06/27/2023 03:22:40,5.96,,,
5152,06/27/2023 03:25:40,6.13,,,
5153,06/27/2023 03:28:40,6.39,,,
5154,06/27/2023 03:31:40,6.30,,,
5155,06/27/2023 03:34:40,6.26,,,
5156,06/27/2023 03:37:40,6.05,,,
5157,06/27/2023 03:40:40,6.09,,,
5158,06/27/2023 03:43:40,6.09,,,
5159,06/27/2023 03:46:40,6.39,,,
5160,06/27/2023 03:49:40,6.48,,,
5161,06/27/2023 03:52:40,6.43,,,
5162,06/27/2023 03:55:40,6.60,,,
5163,06/27/2023 03:58:40,6.82,,,
5164,06/27/2023 04:01:40,6.69,,,
5165,06/27/2023 04:04:40,6.52,,,
5166,06/27/2023 04:07:40,6.43,,,
5167,06/27/2023 04:10:40,6.05,,,
5168,06/27/2023 04:13:40,6.05,,,
5169,06/27/2023 04:16:40,6.09,,,
5170,06/27/2023 04:19:40,6.65,,,
5171,06/27/2023 04:22:40,6.73,,,
5172,06/27/2023 04:25:40,6.73,,,
5173,06/27/2023 04:28:40,6.65,,,
5174,06/27/2023 04:31:40,6.73,,,
5175,06/27/2023 04:34:40,6.56,,,
5176,06/27/2023 04:37:40,6.90,,,
5177,06/27/2023 04:40:40,6.73,,,
5178,06/27/2023 04:43:40,6.73,,,
5179,06/27/2023 04:46:40,6.60,,,
5180,06/27/2023 04:49:40,6.26,,,
5181,06/27/2023 04:52:40,6.00,,,
5182,06/27/2023 04:55:40,6.05,,,
5183,06/27/2023 04:58:40,6.17,,,
5184,06/27/2023 05:01:40,5.92,,,
5185,06/27/2023 05:04:40,5.83,,,
5186,06/27/2023 05:07:40,5.66,,,
5187,06/27/2023 05:10:40,5.96,,,
5188,06/27/2023 05:13:40,6.65,,,
5189,06/27/2023 05:16:40,6.43,,,
5190,06/27/2023 05:19:40,6.43,,,
5191,06/27/2023 05:22:40,6.00,,,
5192,06/27/2023 05:25:40,5.79,,,
5193,06/27/2023 05:28:40,6.05,,,
5194,06/27/2023 05:31:40,6.56,,,
5195,06/27/2023 05:34:40,6.60,,,
5196,06/27/2023 05:37:40,6.69,,,
5197,06/27/2023 05:40:40,6.90,,,
5198,06/27/2023 05:43:40,6.65,,,
5199,06/27/2023 05:46:40,6.90,,,
5200,06/27/2023 05:49:40,6.39,,,
5201,06/27/2023 05:52:40,6.13,,,
5202,06/27/2023 05:55:40,6.00,,,
5203,06/27/2023 05:58:40,5.92,,,
5204,06/27/2023 06:01:40,5.75,,,
5205,06/27/2023 06:04:40,6.00,,,
5206,06/27/2023 06:07:40,6.00,,,
5207,06/27/2023 06:10:40,6.17,,,
5208,06/27/2023 06:13:40,6.22,,,
5209,06/27/2023 06:16:40,6.13,,,
5210,06/27/2023 06:19:40,6.30,,,
5211,06/27/2023 06:22:40,6.39,,,
5212,06/27/2023 06:25:40,6.35,,,
5213,06/27/2023 06:28:40,6.48,,,
5214,06/27/2023 06:31:40,6.56,,,
5215,06/27/2023 06:34:40,6.56,,,
5216,06/27/2023 06:37:40,6.52,,,
5217,06/27/2023 06:40:40,6.39,,,
5218,06/27/2023 06:43:40,6.48,,,
5219,06/27/2023 06:46:40,6.69,,,
5220,06/27/2023 06:49:40,6.90,,,
5221,06/27/2023 06:52:40,7.03,,,
5222,06/27/2023 06:55:40,7.29,,,
5223,06/27/2023 06:58:40,7.55,,,
5224,06/27/2023 07:01:40,7.98,,,
5225,06/27/2023 07:04:40,8.23,,,
5226,06/27/2023 07:07:40,8.32,,,
5227,06/27/2023 07:10:40,8.32,,,
5228,06/27/2023 07:13:40,9.22,,,
5229,06/27/2023 07:16:40,9.95,,,
5230,06/27/2023 07:19:40,10.98,,,
5231,06/27/2023 07:22:40,10.29,,,
5232,06/27/2023 07:25:40,10.46,,,
5233,06/27/2023 07:28:40,10.89,,,
5234,06/27/2023 07:31:40,11.41,,,
5235,06/27/2023 07:34:40,11.84,,,
5236,06/27/2023 07:37:40,11.84,,,
5237,06/27/2023 07:40:40,11.45,,,
5238,06/27/2023 07:43:40,12.05,,,
5239,06/27/2023 07:46:40,12.95,,,
5240,06/27/2023 07:49:40,12.22,,,
5241,06/27/2023 07:52:40,12.95,,,
5242,06/27/2023 07:55:40,12.87,,,
5243,06/27/2023 07:58:40,13.08,,,
5244,06/27/2023 08:01:40,13.43,,,
5245,06/27/2023 08:04:40,13.98,,,
5246,06/27/2023 08:07:40,14.03,,,
5247,06/27/2023 08:10:40,14.54,,,
5248,06/27/2023 08:13:40,14.58,,,
5249,06/27/2023 08:16:40,15.57,,,
5250,06/27/2023 08:19:40,15.78,,,
5251,06/27/2023 08:22:40,15.66,,,
5252,06/27/2023 08:25:40,16.94,,,
5253,06/27/2023 08:28:40,19.26,,,
5254,06/27/2023 08:31:40,20.42,,,
5255,06/27/2023 08:34:40,20.85,,,
5256,06/27/2023 08:37:40,19.22,,,
5257,06/27/2023 08:40:40,18.74,,,
5258,06/27/2023 08:43:40,18.92,,,
5259,06/27/2023 08:46:40,18.92,,,
5260,06/27/2023 08:49:40,20.76,,,
5261,06/27/2023 08:52:40,20.42,,,
5262,06/27/2023 08:55:40,20.25,,,
5263,06/27/2023 08:58:40,20.76,,,
5264,06/27/2023 09:01:40,20.93,,,
5265,06/27/2023 09:04:40,22.22,,,
5266,06/27/2023 09:07:40,22.95,,,
5267,06/27/2023 09:10:40,22.56,,,
5268,06/27/2023 09:13:40,22.26,,,
5269,06/27/2023 09:16:40,22.56,,,
5270,06/27/2023 09:19:40,21.83,,,
5271,06/27/2023 09:22:40,23.51,,,
5272,06/27/2023 09:25:40,22.86,,,
5273,06/27/2023 09:28:40,22.82,,,
5274,06/27/2023 09:31:40,22.95,,,
5275,06/27/2023 09:34:40,22.86,,,
5276,06/27/2023 09:37:40,23.59,,,
5277,06/27/2023 09:40:40,23.68,,,
5278,06/27/2023 09:43:40,23.34,,,
5279,06/27/2023 09:46:40,22.35,,,
5280,06/27/2023 09:49:40,22.05,,,
5281,06/27/2023 09:52:40,22.39,,,
5282,06/27/2023 09:55:40,22.09,,,
5283,06/27/2023 09:58:40,22.18,,,
5284,06/27/2023 10:01:40,22.78,,,
5285,06/27/2023 10:04:40,22.82,,,
5286,06/27/2023 10:07:40,22.86,,,
5287,06/27/2023 10:10:40,23.51,,,
5288,06/27/2023 10:13:40,24.06,,,
5289,06/27/2023 10:16:40,23.12,,,
5290,06/27/2023 10:19:40,22.35,,,
5291,06/27/2023 10:22:40,22.31,,,
5292,06/27/2023 10:25:40,22.39,,,
5293,06/27/2023 10:28:40,23.16,,,
5294,06/27/2023 10:31:40,22.95,,,
5295,06/27/2023 10:34:40,23.34,,,
5296,06/27/2023 10:37:40,23.51,,,
5297,06/27/2023 10:40:40,23.72,,,
5298,06/27/2023 10:43:40,23.98,,,
5299,06/27/2023 10:46:40,23.72,,,
5300,06/27/2023 10:49:40,23.34,,,
5301,06/27/2023 10:52:40,23.64,,,
5302,06/27/2023 10:55:40,24.45,,,
5303,06/27/2023 10:58:40,23.89,,,
5304,06/27/2023 11:01:40,23.98,,,
5305,06/27/2023 11:04:40,23.98,,,
5306,06/27/2023 11:07:40,23.98,,,
5307,06/27/2023 11:10:40,24.32,,,
5308,06/27/2023 11:13:40,24.24,,,
5309,06/27/2023 11:16:40,23.89,,,
5310,06/27/2023 11:19:40,23.94,,,
5311,06/27/2023 11:22:40,24.62,,,
5312,06/27/2023 11:25:40,24.75,,,
5313,06/27/2023 11:28:40,24.97,,,
5314,06/27/2023 11:31:40,24.36,,,
5315,06/27/2023 11:34:40,24.28,,,
5316,06/27/2023 11:37:40,24.19,,,
5317,06/27/2023 11:40:40,24.54,,,
5318,06/27/2023 11:43:40,24.28,,,
5319,06/27/2023 11:46:40,24.15,,,
5320,06/27/2023 11:49:40,24.15,,,
5321,06/27/2023 11:52:40,24.75,,,
5322,06/27/2023 11:55:40,24.66,,,
5323,06/27/2023 11:58:40,24.66,,,
5324,06/27/2023 12:01:40,24.06,,,
5325,06/27/2023 12:04:40,24.62,,,
5326,06/27/2023 12:07:40,24.92,,,
5327,06/27/2023 12:10:40,25.14,,,
5328,06/27/2023 12:13:40,24.49,,,
5329,06/27/2023 12:16:40,24.97,,,
5330,06/27/2023 12:19:40,25.22,,,
5331,06/27/2023 12:22:40,24.97,,,
5332,06/27/2023 12:25:40,25.52,,,
5333,06/27/2023 12:28:40,24.54,,,
5334,06/27/2023 12:31:40,24.79,,,
5335,06/27/2023 12:34:40,24.71,,,
5336,06/27/2023 12:37:40,25.22,,,
5337,06/27/2023 12:40:40,24.41,,,
5338,06/27/2023 12:43:40,24.02,,,
5339,06/27/2023 12:46:40,24.75,,,
5340,06/27/2023 12:49:40,24.79,,,
5341,06/27/2023 12:52:40,25.27,,,
5342,06/27/2023 12:55:40,25.35,,,
5343,06/27/2023 12:58:40,24.62,,,
5344,06/27/2023 13:01:40,24.79,,,
5345,06/27/2023 13:04:40,25.31,,,
5346,06/27/2023 13:07:40,24.84,,,
5347,06/27/2023 13:10:40,25.57,,,
5348,06/27/2023 13:13:40,24.88,,,
5349,06/27/2023 13:16:40,25.22,,,
5350,06/27/2023 13:19:40,25.01,,,
5351,06/27/2023 13:22:40,24.15,,,
5352,06/27/2023 13:25:40,24.75,,,
5353,06/27/2023 13:28:40,24.97,,,
5354,06/27/2023 13:31:40,25.18,,,
5355,06/27/2023 13:34:40,25.78,,,
5356,06/27/2023 13:37:40,25.05,,,
5357,06/27/2023 13:40:40,24.88,,,
5358,06/27/2023 13:43:40,25.39,,,
5359,06/27/2023 13:46:40,25.39,,,
5360,06/27/2023 13:49:40,25.22,,,
5361,06/27/2023 13:52:40,25.35,,,
5362,06/27/2023 13:55:40,25.22,,,
5363,06/27/2023 13:58:40,24.92,,,
5364,06/27/2023 14:01:40,25.14,,,
5365,06/27/2023 14:04:40,24.92,,,
5366,06/27/2023 14:07:40,25.31,,,
5367,06/27/2023 14:10:40,25.69,,,
5368,06/27/2023 14:13:40,25.09,,,
5369,06/27/2023 14:16:40,25.09,,,
5370,06/27/2023 14:19:40,25.78,,,
5371,06/27/2023 14:22:40,25.05,,,
5372,06/27/2023 14:25:40,25.31,,,
5373,06/27/2023 14:28:40,25.57,,,
5374,06/27/2023 14:31:40,25.87,,,
5375,06/27/2023 14:34:40,25.27,,,
5376,06/27/2023 14:37:40,25.57,,,
5377,06/27/2023 14:40:40,25.78,,,
5378,06/27/2023 14:43:40,25.44,,,
5379,06/27/2023 14:46:40,25.87,,,
5380,06/27/2023 14:49:40,25.61,,,
5381,06/27/2023 14:52:40,25.48,,,
5382,06/27/2023 14:55:40,25.61,,,
5383,06/27/2023 14:58:40,25.48,,,
5384,06/27/2023 15:01:40,25.82,,,
5385,06/27/2023 15:04:40,26.51,,,
5386,06/27/2023 15:07:40,25.91,,,
5387,06/27/2023 15:10:40,25.91,,,
5388,06/27/2023 15:13:40,25.87,,,
5389,06/27/2023 15:16:40,25.35,,,
5390,06/27/2023 15:19:40,25.35,,,
5391,06/27/2023 15:22:40,26.30,,,
5392,06/27/2023 15:25:40,26.08,,,
5393,06/27/2023 15:28:40,25.87,,,
5394,06/27/2023 15:31:40,24.97,,,
5395,06/27/2023 15:34:40,26.12,,,
5396,06/27/2023 15:37:40,26.21,,,
5397,06/27/2023 15:40:40,26.12,,,
5398,06/27/2023 15:43:40,25.78,,,
5399,06/27/2023 15:46:40,26.64,,,
5400,06/27/2023 15:49:40,26.42,,,
5401,06/27/2023 15:52:40,26.38,,,
5402,06/27/2023 15:55:40,25.87,,,
5403,06/27/2023 15:58:40,26.08,,,
5404,06/27/2023 16:01:40,26.64,,,
5405,06/27/2023 16:04:40,26.12,,,
5406,06/27/2023 16:07:40,25.69,,,
5407,06/27/2023 16:10:40,25.65,,,
5408,06/27/2023 16:13:40,26.04,,,
5409,06/27/2023 16:16:40,25.95,,,
5410,06/27/2023 16:19:40,25.22,,,
5411,06/27/2023 16:22:40,25.48,,,
5412,06/27/2023 16:25:40,25.35,,,
5413,06/27/2023 16:28:40,25.18,,,
5414,06/27/2023 16:31:40,25.57,,,
5415,06/27/2023 16:34:40,25.05,,,
5416,06/27/2023 16:37:40,25.35,,,
5417,06/27/2023 16:40:40,25.44,,,
5418,06/27/2023 16:43:40,26.08,,,
5419,06/27/2023 16:46:40,26.42,,,
5420,06/27/2023 16:49:40,26.34,,,
5421,06/27/2023 16:52:40,26.04,,,
5422,06/27/2023 16:55:40,25.87,,,
5423,06/27/2023 16:58:40,26.12,,,
5424,06/27/2023 17:01:40,24.92,,,
5425,06/27/2023 17:04:40,25.44,,,
5426,06/27/2023 17:07:40,25.57,,,
5427,06/27/2023 17:10:40,26.04,,,
5428,06/27/2023 17:13:40,25.22,,,
5429,06/27/2023 17:16:40,25.39,,,
5430,06/27/2023 17:19:40,24.92,,,
5431,06/27/2023 17:22:40,25.01,,,
5432,06/27/2023 17:25:40,25.22,,,
5433,06/27/2023 17:28:40,25.39,,,
5434,06/27/2023 17:31:40,25.99,,,
5435,06/27/2023 17:34:40,25.39,,,
5436,06/27/2023 17:37:40,24.79,,,
5437,06/27/2023 17:40:40,24.97,,,
5438,06/27/2023 17:43:40,25.14,,,
5439,06/27/2023 17:46:40,24.79,,,
5440,06/27/2023 17:49:40,25.22,,,
5441,06/27/2023 17:52:40,25.31,,,
5442,06/27/2023 17:55:40,25.31,,,
5443,06/27/2023 17:58:40,24.66,,,
5444,06/27/2023 18:01:40,24.58,,,
5445,06/27/2023 18:04:40,24.88,,,
5446,06/27/2023 18:07:40,24.11,,,
5447,06/27/2023 18:10:40,24.15,,,
5448,06/27/2023 18:13:40,24.28,,,
5449,06/27/2023 18:16:40,24.49,,,
5450,06/27/2023 18:19:40,24.58,,,
5451,06/27/2023 18:22:40,24.41,,,
5452,06/27/2023 18:25:40,23.98,,,
5453,06/27/2023 18:28:40,24.24,,,
5454,06/27/2023 18:31:40,24.24,,,
5455,06/27/2023 18:34:40,24.28,,,
5456,06/27/2023 18:37:40,23.81,,,
5457,06/27/2023 18:40:40,23.89,,,
5458,06/27/2023 18:43:40,23.98,,,
5459,06/27/2023 18:46:40,23.64,,,
5460,06/27/2023 18:49:40,23.81,,,
5461,06/27/2023 18:52:40,23.64,,,
5462,06/27/2023 18:55:40,23.64,,,
5463,06/27/2023 18:58:40,23.42,,,
5464,06/27/2023 19:01:40,23.51,,,
5465,06/27/2023 19:04:40,23.64,,,
5466,06/27/2023 19:07:40,23.29,,,
5467,06/27/2023 19:10:40,22.82,,,
5468,06/27/2023 19:13:40,22.43,,,
5469,06/27/2023 19:16:40,22.31,,,
5470,06/27/2023 19:19:40,22.22,,,
5471,06/27/2023 19:22:40,22.13,,,
5472,06/27/2023 19:25:40,21.96,,,
5473,06/27/2023 19:28:40,22.01,,,
5474,06/27/2023 19:31:40,22.05,,,
5475,06/27/2023 19:34:40,21.49,,,
5476,06/27/2023 19:37:40,21.23,,,
5477,06/27/2023 19:40:40,20.98,,,
5478,06/27/2023 19:43:40,20.55,,,
5479,06/27/2023 19:46:40,20.46,,,
5480,06/27/2023 19:49:40,20.03,,,
5481,06/27/2023 19:52:40,20.33,,,
5482,06/27/2023 19:55:40,20.16,,,
5483,06/27/2023 19:58:40,19.86,,,
5484,06/27/2023 20:01:40,19.99,,,
5485,06/27/2023 20:04:40,20.55,,,
5486,06/27/2023 20:07:40,19.82,,,
5487,06/27/2023 20:10:40,19.17,,,
5488,06/27/2023 20:13:40,19.00,,,
5489,06/27/2023 20:16:40,19.39,,,
5490,06/27/2023 20:19:40,19.52,,,
5491,06/27/2023 20:22:40,18.87,,,
5492,06/27/2023 20:25:40,18.66,,,
5493,06/27/2023 20:28:40,17.97,,,
5494,06/27/2023 20:31:40,18.02,,,
5495,06/27/2023 20:34:40,18.14,,,
5496,06/27/2023 20:37:40,17.41,,,
5497,06/27/2023 20:40:40,16.73,,,
5498,06/27/2023 20:43:40,15.87,,,
5499,06/27/2023 20:46:40,15.10,,,
5500,06/27/2023 20:49:40,15.31,,,
5501,06/27/2023 20:52:40,14.24,,,
5502,06/27/2023 20:55:40,13.60,,,
5503,06/27/2023 20:58:40,13.17,,,
5504,06/27/2023 21:01:40,13.51,,,
5505,06/27/2023 21:04:40,13.21,,,
5506,06/27/2023 21:07:40,13.17,,,
5507,06/27/2023 21:10:40,12.78,,,
5508,06/27/2023 21:13:40,12.48,,,
5509,06/27/2023 21:16:40,12.27,,,
5510,06/27/2023 21:19:40,12.40,,,
5511,06/27/2023 21:22:40,11.84,,,
5512,06/27/2023 21:25:40,11.54,,,
5513,06/27/2023 21:28:40,11.67,,,
5514,06/27/2023 21:31:40,11.37,,,
5515,06/27/2023 21:34:40,11.79,,,
5516,06/27/2023 21:37:40,10.85,,,
5517,06/27/2023 21:40:40,10.68,,,
5518,06/27/2023 21:43:40,10.29,,,
5519,06/27/2023 21:46:40,9.56,,,
5520,06/27/2023 21:49:40,9.61,,,
5521,06/27/2023 21:52:40,9.65,,,
5522,06/27/2023 21:55:40,9.65,,,
5523,06/27/2023 21:58:40,9.52,,,
5524,06/27/2023 22:01:40,9.65,,,
5525,06/27/2023 22:04:40,9.65,,,
5526,06/27/2023 22:07:40,9.31,,,
5527,06/27/2023 22:10:40,8.96,,,
5528,06/27/2023 22:13:40,9.18,,,
5529,06/27/2023 22:16:40,8.83,,,
5530,06/27/2023 22:19:40,8.41,,,
5531,06/27/2023 22:22:40,8.58,,,
5532,06/27/2023 22:25:40,8.53,,,
5533,06/27/2023 22:28:40,8.49,,,
5534,06/27/2023 22:31:40,8.15,,,
5535,06/27/2023 22:34:40,8.19,,,
5536,06/27/2023 22:37:40,8.28,,,
5537,06/27/2023 22:40:40,8.23,,,
5538,06/27/2023 22:43:40,7.93,,,
5539,06/27/2023 22:46:40,7.81,,,
5540,06/27/2023 22:49:40,8.11,,,
5541,06/27/2023 22:52:40,8.06,,,
5542,06/27/2023 22:55:40,8.79,,,
5543,06/27/2023 22:58:40,8.62,,,
5544,06/27/2023 23:01:40,8.28,,,
5545,06/27/2023 23:04:40,8.15,,,
5546,06/27/2023 23:07:40,8.15,,,
5547,06/27/2023 23:10:40,8.23,,,
5548,06/27/2023 23:13:40,8.02,,,
5549,06/27/2023 23:16:40,7.55,,,
5550,06/27/2023 23:19:40,7.12,,,
5551,06/27/2023 23:22:40,6.95,,,
5552,06/27/2023 23:25:40,7.25,,,
5553,06/27/2023 23:28:40,7.12,,,
5554,06/27/2023 23:31:40,6.78,,,
5555,06/27/2023 23:34:40,6.99,,,
5556,06/27/2023 23:37:40,7.29,,,
5557,06/27/2023 23:40:40,7.38,,,
5558,06/27/2023 23:43:40,7.55,,,
5559,06/27/2023 23:46:40,7.25,,,
5560,06/27/2023 23:49:40,6.86,,,
5561,06/27/2023 23:52:40,6.13,,,
5562,06/27/2023 23:55:40,5.87,,,
5563,06/27/2023 23:58:40,6.26,,,
5564,06/28/2023 00:01:40,6.39,,,
5565,06/28/2023 00:04:40,5.87,,,
5566,06/28/2023 00:07:40,5.57,,,
5567,06/28/2023 00:10:40,5.36,,,
5568,06/28/2023 00:13:40,5.32,,,
5569,06/28/2023 00:16:40,5.79,,,
5570,06/28/2023 00:19:40,4.97,,,
5571,06/28/2023 00:22:40,4.54,,,
5572,06/28/2023 00:25:40,5.53,,,
5573,06/28/2023 00:28:40,5.06,,,
5574,06/28/2023 00:31:40,4.93,,,
5575,06/28/2023 00:34:40,4.63,,,
5576,06/28/2023 00:37:40,4.29,,,
5577,06/28/2023 00:40:40,4.07,,,
5578,06/28/2023 00:43:40,3.99,,,
5579,06/28/2023 00:46:40,3.94,,,
5580,06/28/2023 00:49:40,3.64,,,
5581,06/28/2023 00:52:40,3.52,,,
5582,06/28/2023 00:55:40,3.52,,,
5583,06/28/2023 00:58:40,3.52,,,
5584,06/28/2023 01:01:40,3.26,,,
5585,06/28/2023 01:04:40,3.43,,,
5586,06/28/2023 01:07:40,3.52,,,
5587,06/28/2023 01:10:40,3.34,,,
5588,06/28/2023 01:13:40,3.13,,,
5589,06/28/2023 01:16:40,2.70,,,
5590,06/28/2023 01:19:40,2.61,,,
5591,06/28/2023 01:22:40,2.53,,,
5592,06/28/2023 01:25:40,2.91,,,
5593,06/28/2023 01:28:40,3.21,,,
5594,06/28/2023 01:31:40,3.21,,,
5595,06/28/2023 01:34:40,2.91,,,
5596,06/28/2023 01:37:40,2.70,,,
5597,06/28/2023 01:40:40,2.36,,,
5598,06/28/2023 01:43:40,3.00,,,
5599,06/28/2023 01:46:40,3.21,,,
5600,06/28/2023 01:49:40,2.87,,,
5601,06/28/2023 01:52:40,2.70,,,
5602,06/28/2023 01:55:40,3.17,,,
5603,06/28/2023 01:58:40,2.79,,,
5604,06/28/2023 02:01:40,2.57,,,
5605,06/28/2023 02:04:40,2.66,,,
5606,06/28/2023 02:07:40,2.91,,,
5607,06/28/2023 02:10:40,2.79,,,
5608,06/28/2023 02:13:40,2.61,,,
5609,06/28/2023 02:16:40,2.27,,,
5610,06/28/2023 02:19:40,2.49,,,
5611,06/28/2023 02:22:40,2.31,,,
5612,06/28/2023 02:25:40,2.36,,,
5613,06/28/2023 02:28:40,2.10,,,
5614,06/28/2023 02:31:40,1.76,,,
5615,06/28/2023 02:34:40,1.54,,,
5616,06/28/2023 02:37:40,1.76,,,
5617,06/28/2023 02:40:40,1.97,,,
5618,06/28/2023 02:43:40,1.84,,,
5619,06/28/2023 02:46:40,1.76,,,
5620,06/28/2023 02:49:40,2.19,,,
5621,06/28/2023 02:52:40,1.93,,,
5622,06/28/2023 02:55:40,1.97,,,
5623,06/28/2023 02:58:40,1.84,,,
5624,06/28/2023 03:01:40,1.76,,,
5625,06/28/2023 03:04:40,2.14,,,
5626,06/28/2023 03:07:40,1.97,,,
5627,06/28/2023 03:10:40,1.88,,,
5628,06/28/2023 03:13:40,1.67,,,
5629,06/28/2023 03:16:40,1.28,,,
5630,06/28/2023 03:19:40,1.03,,,
5631,06/28/2023 03:22:40,1.11,,,
5632,06/28/2023 03:25:40,0.98,,,
5633,06/28/2023 03:28:40,1.20,,,
5634,06/28/2023 03:31:40,1.11,,,
5635,06/28/2023 03:34:40,0.94,,,
5636,06/28/2023 03:37:40,1.07,,,
5637,06/28/2023 03:40:40,1.24,,,
5638,06/28/2023 03:43:40,1.33,,,
5639,06/28/2023 03:46:40,1.20,,,
5640,06/28/2023 03:49:40,1.11,,,
5641,06/28/2023 03:52:40,1.07,,,
5642,06/28/2023 03:55:40,0.90,,,
5643,06/28/2023 03:58:40,0.98,,,
5644,06/28/2023 04:01:40,0.81,,,
5645,06/28/2023 04:04:40,1.20,,,
5646,06/28/2023 04:07:40,0.94,,,
5647,06/28/2023 04:10:40,0.98,,,
5648,06/28/2023 04:13:40,0.86,,,
5649,06/28/2023 04:16:40,0.90,,,
5650,06/28/2023 04:19:40,1.11,,,
5651,06/28/2023 04:22:40,1.16,,,
5652,06/28/2023 04:25:40,1.11,,,
5653,06/28/2023 04:28:40,0.94,,,
5654,06/28/2023 04:31:40,0.81,,,
5655,06/28/2023 04:34:40,0.64,,,
5656,06/28/2023 04:37:40,0.55,,,
5657,06/28/2023 04:40:40,0.30,,,
5658,06/28/2023 04:43:40,0.34,,,
5659,06/28/2023 04:46:40,0.17,,,
5660,06/28/2023 04:49:40,0.55,,,
5661,06/28/2023 04:52:40,0.55,,,
5662,06/28/2023 04:55:40,0.81,,,
5663,06/28/2023 04:58:40,0.55,,,
5664,06/28/2023 05:01:40,0.73,,,
5665,06/28/2023 05:04:40,0.73,,,
5666,06/28/2023 05:07:40,0.68,,,
5667,06/28/2023 05:10:40,0.30,,,
5668,06/28/2023 05:13:40,0.43,,,
5669,06/28/2023 05:16:40,0.30,,,
5670,06/28/2023 05:19:40,-0.09,,,
5671,06/28/2023 05:22:40,0.00,,,
5672,06/28/2023 05:25:40,0.60,,,
5673,06/28/2023 05:28:40,0.64,,,
5674,06/28/2023 05:31:40,0.98,,,
5675,06/28/2023 05:34:40,0.73,,,
5676,06/28/2023 05:37:40,0.47,,,
5677,06/28/2023 05:40:40,0.25,,,
5678,06/28/2023 05:43:40,0.25,,,
5679,06/28/2023 05:46:40,0.43,,,
5680,06/28/2023 05:49:40,0.47,,,
5681,06/28/2023 05:52:40,0.04,,,
5682,06/28/2023 05:55:40,-0.13,,,
5683,06/28/2023 05:58:40,-0.30,,,
5684,06/28/2023 06:01:40,-0.05,,,
5685,06/28/2023 06:04:40,0.30,,,
5686,06/28/2023 06:07:40,-0.05,,,
5687,06/28/2023 06:10:40,-0.09,,,
5688,06/28/2023 06:13:40,-0.05,,,
5689,06/28/2023 06:16:40,-0.13,,,
5690,06/28/2023 06:19:40,0.25,,,
5691,06/28/2023 06:22:40,0.43,,,
5692,06/28/2023 06:25:40,0.38,,,
5693,06/28/2023 06:28:40,0.25,,,
5694,06/28/2023 06:31:40,0.00,,,
5695,06/28/2023 06:34:40,0.21,,,
5696,06/28/2023 06:37:40,0.34,,,
5697,06/28/2023 06:40:40,0.68,,,
5698,06/28/2023 06:43:40,1.24,,,
5699,06/28/2023 06:46:40,1.63,,,
5700,06/28/2023 06:49:40,2.14,,,
5701,06/28/2023 06:52:40,2.44,,,
5702,06/28/2023 06:55:40,3.64,,,
5703,06/28/2023 06:58:40,3.94,,,
5704,06/28/2023 07:01:40,4.33,,,
5705,06/28/2023 07:04:40,4.93,,,
5706,06/28/2023 07:07:40,5.83,,,
5707,06/28/2023 07:10:40,5.75,,,
5708,06/28/2023 07:13:40,6.05,,,
5709,06/28/2023 07:16:40,6.48,,,
5710,06/28/2023 07:19:40,6.95,,,
5711,06/28/2023 07:22:40,8.62,,,
5712,06/28/2023 07:25:40,8.53,,,
5713,06/28/2023 07:28:40,8.96,,,
5714,06/28/2023 07:31:40,11.32,,,
5715,06/28/2023 07:34:40,11.24,,,
5716,06/28/2023 07:37:40,10.94,,,
5717,06/28/2023 07:40:40,10.25,,,
5718,06/28/2023 07:43:40,9.78,,,
5719,06/28/2023 07:46:40,9.86,,,
5720,06/28/2023 07:49:40,10.12,,,
5721,06/28/2023 07:52:40,10.25,,,
5722,06/28/2023 07:55:40,11.02,,,
5723,06/28/2023 07:58:40,11.49,,,
5724,06/28/2023 08:01:40,11.07,,,
5725,06/28/2023 08:04:40,11.41,,,
5726,06/28/2023 08:07:40,11.71,,,
5727,06/28/2023 08:10:40,11.41,,,
5728,06/28/2023 08:13:40,11.67,,,
5729,06/28/2023 08:16:40,12.14,,,
5730,06/28/2023 08:19:40,12.70,,,
5731,06/28/2023 08:22:40,12.48,,,
5732,06/28/2023 08:25:40,13.12,,,
5733,06/28/2023 08:28:40,14.80,,,
5734,06/28/2023 08:31:40,15.66,,,
5735,06/28/2023 08:34:40,14.33,,,
5736,06/28/2023 08:37:40,14.67,,,
5737,06/28/2023 08:40:40,13.73,,,
5738,06/28/2023 08:43:40,13.90,,,
5739,06/28/2023 08:46:40,13.94,,,
5740,06/28/2023 08:49:40,14.07,,,
5741,06/28/2023 08:52:40,13.60,,,
5742,06/28/2023 08:55:40,14.50,,,
5743,06/28/2023 08:58:40,14.15,,,
5744,06/28/2023 09:01:40,15.10,,,
5745,06/28/2023 09:04:40,15.40,,,
5746,06/28/2023 09:07:40,15.14,,,
5747,06/28/2023 09:10:40,15.01,,,
5748,06/28/2023 09:13:40,15.31,,,
5749,06/28/2023 09:16:40,17.76,,,
5750,06/28/2023 09:19:40,16.69,,,
5751,06/28/2023 09:22:40,16.34,,,
5752,06/28/2023 09:25:40,16.73,,,
5753,06/28/2023 09:28:40,16.43,,,
5754,06/28/2023 09:31:40,17.37,,,
5755,06/28/2023 09:34:40,18.02,,,
5756,06/28/2023 09:37:40,17.97,,,
5757,06/28/2023 09:40:40,17.97,,,
5758,06/28/2023 09:43:40,16.94,,,
5759,06/28/2023 09:46:40,16.69,,,
5760,06/28/2023 09:49:40,18.06,,,
5761,06/28/2023 09:52:40,18.36,,,
5762,06/28/2023 09:55:40,17.63,,,
5763,06/28/2023 09:58:40,18.32,,,
5764,06/28/2023 10:01:40,17.89,,,
5765,06/28/2023 10:04:40,17.67,,,
5766,06/28/2023 10:07:40,18.06,,,
5767,06/28/2023 10:10:40,18.36,,,
5768,06/28/2023 10:13:40,18.14,,,
5769,06/28/2023 10:16:40,18.40,,,
5770,06/28/2023 10:19:40,19.22,,,
5771,06/28/2023 10:22:40,19.30,,,
5772,06/28/2023 10:25:40,19.52,,,
5773,06/28/2023 10:28:40,19.69,,,
5774,06/28/2023 10:31:40,19.95,,,
5775,06/28/2023 10:34:40,20.29,,,
5776,06/28/2023 10:37:40,20.98,,,
5777,06/28/2023 10:40:40,20.20,,,
5778,06/28/2023 10:43:40,20.46,,,
5779,06/28/2023 10:46:40,20.33,,,
5780,06/28/2023 10:49:40,21.02,,,
5781,06/28/2023 10:52:40,20.68,,,
5782,06/28/2023 10:55:40,21.79,,,
5783,06/28/2023 10:58:40,23.38,,,
5784,06/28/2023 11:01:40,21.53,,,
5785,06/28/2023 11:04:40,21.92,,,
5786,06/28/2023 11:07:40,21.96,,,
5787,06/28/2023 11:10:40,22.86,,,
5788,06/28/2023 11:13:40,21.75,,,
5789,06/28/2023 11:16:40,21.92,,,
5790,06/28/2023 11:19:40,22.73,,,
5791,06/28/2023 11:22:40,23.03,,,
5792,06/28/2023 11:25:40,22.48,,,
5793,06/28/2023 11:28:40,22.39,,,
5794,06/28/2023 11:31:40,22.43,,,
5795,06/28/2023 11:34:40,22.31,,,
5796,06/28/2023 11:37:40,23.25,,,
5797,06/28/2023 11:40:40,23.46,,,
5798,06/28/2023 11:43:40,24.19,,,
5799,06/28/2023 11:46:40,23.81,,,
5800,06/28/2023 11:49:40,23.42,,,
5801,06/28/2023 11:52:40,23.85,,,
5802,06/28/2023 11:55:40,23.68,,,
5803,06/28/2023 11:58:40,23.08,,,
5804,06/28/2023 12:01:40,23.25,,,
5805,06/28/2023 12:04:40,23.16,,,
5806,06/28/2023 12:07:40,23.85,,,
5807,06/28/2023 12:10:40,23.42,,,
5808,06/28/2023 12:13:40,23.21,,,
5809,06/28/2023 12:16:40,24.24,,,
5810,06/28/2023 12:19:40,24.32,,,
5811,06/28/2023 12:22:40,25.01,,,
5812,06/28/2023 12:25:40,24.15,,,
5813,06/28/2023 12:28:40,24.84,,,
5814,06/28/2023 12:31:40,24.92,,,
5815,06/28/2023 12:34:40,24.92,,,
5816,06/28/2023 12:37:40,24.62,,,
5817,06/28/2023 12:40:40,24.41,,,
5818,06/28/2023 12:43:40,24.49,,,
5819,06/28/2023 12:46:40,24.62,,,
5820,06/28/2023 12:49:40,24.19,,,
5821,06/28/2023 12:52:40,24.79,,,
5822,06/28/2023 12:55:40,25.35,,,
5823,06/28/2023 12:58:40,24.97,,,
5824,06/28/2023 13:01:40,24.84,,,
5825,06/28/2023 13:04:40,24.41,,,
5826,06/28/2023 13:07:40,24.71,,,
5827,06/28/2023 13:10:40,25.05,,,
5828,06/28/2023 13:13:40,24.58,,,
5829,06/28/2023 13:16:40,24.75,,,
5830,06/28/2023 13:19:40,24.62,,,
5831,06/28/2023 13:22:40,24.58,,,
5832,06/28/2023 13:25:40,24.58,,,
5833,06/28/2023 13:28:40,25.39,,,
5834,06/28/2023 13:31:40,24.97,,,
5835,06/28/2023 13:34:40,24.36,,,
5836,06/28/2023 13:37:40,24.79,,,
5837,06/28/2023 13:40:40,24.45,,,
5838,06/28/2023 13:43:40,24.62,,,
5839,06/28/2023 13:46:40,24.71,,,
5840,06/28/2023 13:49:40,24.32,,,
5841,06/28/2023 13:52:40,24.62,,,
5842,06/28/2023 13:55:40,24.36,,,
5843,06/28/2023 13:58:40,24.49,,,
5844,06/28/2023 14:01:40,24.36,,,
5845,06/28/2023 14:04:40,24.62,,,
5846,06/28/2023 14:07:40,24.58,,,
5847,06/28/2023 14:10:40,25.61,,,
5848,06/28/2023 14:13:40,25.35,,,
5849,06/28/2023 14:16:40,25.18,,,
5850,06/28/2023 14:19:40,25.52,,,
5851,06/28/2023 14:22:40,25.44,,,
5852,06/28/2023 14:25:40,25.78,,,
5853,06/28/2023 14:28:40,25.05,,,
5854,06/28/2023 14:31:40,25.39,,,
5855,06/28/2023 14:34:40,25.74,,,
5856,06/28/2023 14:37:40,25.65,,,
5857,06/28/2023 14:40:40,25.35,,,
5858,06/28/2023 14:43:40,25.65,,,
5859,06/28/2023 14:46:40,25.57,,,
5860,06/28/2023 14:49:40,25.31,,,
5861,06/28/2023 14:52:40,24.75,,,
5862,06/28/2023 14:55:40,24.92,,,
5863,06/28/2023 14:58:40,24.75,,,
5864,06/28/2023 15:01:40,24.79,,,
5865,06/28/2023 15:04:40,24.62,,,
5866,06/28/2023 15:07:40,25.05,,,
5867,06/28/2023 15:10:40,24.92,,,
5868,06/28/2023 15:13:40,25.18,,,
5869,06/28/2023 15:16:40,25.05,,,
5870,06/28/2023 15:19:40,25.48,,,
5871,06/28/2023 15:22:40,25.14,,,
5872,06/28/2023 15:25:40,25.09,,,
5873,06/28/2023 15:28:40,25.05,,,
5874,06/28/2023 15:31:40,25.39,,,
5875,06/28/2023 15:34:40,25.09,,,
5876,06/28/2023 15:37:40,25.44,,,
5877,06/28/2023 15:40:40,24.62,,,
5878,06/28/2023 15:43:40,24.66,,,
5879,06/28/2023 15:46:40,25.78,,,
5880,06/28/2023 15:49:40,24.88,,,
5881,06/28/2023 15:52:40,25.22,,,
5882,06/28/2023 15:55:40,24.79,,,
5883,06/28/2023 15:58:40,25.35,,,
5884,06/28/2023 16:01:40,25.52,,,
5885,06/28/2023 16:04:40,25.95,,,
5886,06/28/2023 16:07:40,25.18,,,
5887,06/28/2023 16:10:40,25.09,,,
5888,06/28/2023 16:13:40,24.75,,,
5889,06/28/2023 16:16:40,25.65,,,
5890,06/28/2023 16:19:40,26.04,,,
5891,06/28/2023 16:22:40,25.61,,,
5892,06/28/2023 16:25:40,25.82,,,
5893,06/28/2023 16:28:40,25.95,,,
5894,06/28/2023 16:31:40,25.82,,,
5895,06/28/2023 16:34:40,25.48,,,
5896,06/28/2023 16:37:40,25.91,,,
5897,06/28/2023 16:40:40,24.88,,,
5898,06/28/2023 16:43:40,24.92,,,
5899,06/28/2023 16:46:40,25.52,,,
5900,06/28/2023 16:49:40,25.52,,,
5901,06/28/2023 16:52:40,25.74,,,
5902,06/28/2023 16:55:40,24.62,,,
5903,06/28/2023 16:58:40,24.19,,,
5904,06/28/2023 17:01:40,24.54,,,
5905,06/28/2023 17:04:40,24.58,,,
5906,06/28/2023 17:07:40,24.66,,,
5907,06/28/2023 17:10:40,25.01,,,
5908,06/28/2023 17:13:40,24.54,,,
5909,06/28/2023 17:16:40,24.58,,,
5910,06/28/2023 17:19:40,24.66,,,
5911,06/28/2023 17:22:40,24.92,,,
5912,06/28/2023 17:25:40,24.54,,,
5913,06/28/2023 17:28:40,24.32,,,
5914,06/28/2023 17:31:40,24.88,,,
5915,06/28/2023 17:34:40,24.88,,,
5916,06/28/2023 17:37:40,24.75,,,
5917,06/28/2023 17:40:40,24.92,,,
5918,06/28/2023 17:43:40,25.31,,,
5919,06/28/2023 17:46:40,24.36,,,
5920,06/28/2023 17:49:40,24.49,,,
5921,06/28/2023 17:52:40,24.24,,,
5922,06/28/2023 17:55:40,24.11,,,
5923,06/28/2023 17:58:40,24.06,,,
5924,06/28/2023 18:01:40,23.85,,,
5925,06/28/2023 18:04:40,24.06,,,
5926,06/28/2023 18:07:40,24.15,,,
5927,06/28/2023 18:10:40,23.98,,,
5928,06/28/2023 18:13:40,24.02,,,
5929,06/28/2023 18:16:40,23.89,,,
5930,06/28/2023 18:19:40,23.81,,,
5931,06/28/2023 18:22:40,23.42,,,
5932,06/28/2023 18:25:40,23.64,,,
5933,06/28/2023 18:28:40,23.72,,,
5934,06/28/2023 18:31:40,23.85,,,
5935,06/28/2023 18:34:40,23.59,,,
5936,06/28/2023 18:37:40,23.42,,,
5937,06/28/2023 18:40:40,23.55,,,
5938,06/28/2023 18:43:40,23.29,,,
5939,06/28/2023 18:46:40,23.42,,,
5940,06/28/2023 18:49:40,23.29,,,
5941,06/28/2023 18:52:40,23.29,,,
5942,06/28/2023 18:55:40,23.25,,,
5943,06/28/2023 18:58:40,23.21,,,
5944,06/28/2023 19:01:40,23.25,,,
5945,06/28/2023 19:04:40,23.08,,,
5946,06/28/2023 19:07:40,22.82,,,
5947,06/28/2023 19:10:40,22.69,,,
5948,06/28/2023 19:13:40,22.69,,,
5949,06/28/2023 19:16:40,22.61,,,
5950,06/28/2023 19:19:40,22.31,,,
5951,06/28/2023 19:22:40,22.13,,,
5952,06/28/2023 19:25:40,22.09,,,
5953,06/28/2023 19:28:40,21.66,,,
5954,06/28/2023 19:31:40,21.15,,,
5955,06/28/2023 19:34:40,20.63,,,
5956,06/28/2023 19:37:40,20.29,,,
5957,06/28/2023 19:40:40,19.99,,,
5958,06/28/2023 19:43:40,19.65,,,
5959,06/28/2023 19:46:40,19.39,,,
5960,06/28/2023 19:49:40,18.96,,,
5961,06/28/2023 19:52:40,18.57,,,
5962,06/28/2023 19:55:40,18.57,,,
5963,06/28/2023 19:58:40,18.27,,,
5964,06/28/2023 20:01:40,17.46,,,
5965,06/28/2023 20:04:40,16.81,,,
5966,06/28/2023 20:07:40,16.81,,,
5967,06/28/2023 20:10:40,16.00,,,
5968,06/28/2023 20:13:40,15.70,,,
5969,06/28/2023 20:16:40,15.40,,,
5970,06/28/2023 20:19:40,14.97,,,
5971,06/28/2023 20:22:40,14.20,,,
5972,06/28/2023 20:25:40,14.24,,,
5973,06/28/2023 20:28:40,13.94,,,
5974,06/28/2023 20:31:40,13.51,,,
5975,06/28/2023 20:34:40,13.25,,,
5976,06/28/2023 20:37:40,13.08,,,
5977,06/28/2023 20:40:40,13.08,,,
5978,06/28/2023 20:43:40,13.64,,,
5979,06/28/2023 20:46:40,13.04,,,
5980,06/28/2023 20:49:40,12.87,,,
5981,06/28/2023 20:52:40,12.70,,,
5982,06/28/2023 20:55:40,12.57,,,
5983,06/28/2023 20:58:40,11.88,,,
5984,06/28/2023 21:01:40,11.15,,,
5985,06/28/2023 21:04:40,11.11,,,
5986,06/28/2023 21:07:40,11.41,,,
5987,06/28/2023 21:10:40,11.02,,,
5988,06/28/2023 21:13:40,10.51,,,
5989,06/28/2023 21:16:40,10.29,,,
5990,06/28/2023 21:19:40,10.12,,,
5991,06/28/2023 21:22:40,9.86,,,
5992,06/28/2023 21:25:40,10.04,,,
5993,06/28/2023 21:28:40,9.78,,,
5994,06/28/2023 21:31:40,9.65,,,
5995,06/28/2023 21:34:40,9.31,,,
5996,06/28/2023 21:37:40,9.09,,,
5997,06/28/2023 21:40:40,9.26,,,
5998,06/28/2023 21:43:40,9.01,,,
5999,06/28/2023 21:46:40,8.96,,,
6000,06/28/2023 21:49:40,8.53,,,
6001,06/28/2023 21:52:40,8.66,,,
6002,06/28/2023 21:55:40,8.49,,,
6003,06/28/2023 21:58:40,8.83,,,
6004,06/28/2023 22:01:40,9.26,,,
6005,06/28/2023 22:04:40,8.88,,,
6006,06/28/2023 22:07:40,8.62,,,
6007,06/28/2023 22:10:40,8.28,,,
6008,06/28/2023 22:13:40,8.02,,,
6009,06/28/2023 22:16:40,8.02,,,
6010,06/28/2023 22:19:40,8.75,,,
6011,06/28/2023 22:22:40,8.28,,,
6012,06/28/2023 22:25:40,7.72,,,
6013,06/28/2023 22:28:40,7.72,,,
6014,06/28/2023 22:31:40,7.72,,,
6015,06/28/2023 22:34:40,7.46,,,
6016,06/28/2023 22:37:40,7.25,,,
6017,06/28/2023 22:40:40,7.42,,,
6018,06/28/2023 22:43:40,7.25,,,
6019,06/28/2023 22:46:40,7.03,,,
6020,06/28/2023 22:49:40,6.69,,,
6021,06/28/2023 22:52:40,6.73,,,
6022,06/28/2023 22:55:40,6.73,,,
6023,06/28/2023 22:58:40,6.60,,,
6024,06/28/2023 23:01:40,6.13,,,
6025,06/28/2023 23:04:40,5.96,,,
6026,06/28/2023 23:07:40,6.43,,,
6027,06/28/2023 23:10:40,6.30,,,
6028,06/28/2023 23:13:40,6.17,,,
6029,06/28/2023 23:16:40,6.13,,,
6030,06/28/2023 23:19:40,5.96,,,
6031,06/28/2023 23:22:40,5.83,,,
6032,06/28/2023 23:25:40,5.87,,,
6033,06/28/2023 23:28:40,5.75,,,
6034,06/28/2023 23:31:40,5.75,,,
6035,06/28/2023 23:34:40,5.87,,,
6036,06/28/2023 23:37:40,5.83,,,
6037,06/28/2023 23:40:40,5.62,,,
6038,06/28/2023 23:43:40,5.32,,,
6039,06/28/2023 23:46:40,5.49,,,
6040,06/28/2023 23:49:40,5.66,,,
6041,06/28/2023 23:52:40,5.62,,,
6042,06/28/2023 23:55:40,5.53,,,
6043,06/28/2023 23:58:40,5.36,,,
6044,06/29/2023 00:01:40,5.06,,,
6045,06/29/2023 00:04:40,5.23,,,
6046,06/29/2023 00:07:40,5.45,,,
6047,06/29/2023 00:10:40,5.02,,,
6048,06/29/2023 00:13:40,5.23,,,
6049,06/29/2023 00:16:40,5.19,,,
6050,06/29/2023 00:19:40,5.36,,,
6051,06/29/2023 00:22:40,5.53,,,
6052,06/29/2023 00:25:40,5.06,,,
6053,06/29/2023 00:28:40,4.80,,,
6054,06/29/2023 00:31:40,4.54,,,
6055,06/29/2023 00:34:40,4.37,,,
6056,06/29/2023 00:37:40,4.12,,,
6057,06/29/2023 00:40:40,4.12,,,
6058,06/29/2023 00:43:40,4.20,,,
6059,06/29/2023 00:46:40,4.24,,,
6060,06/29/2023 00:49:40,4.16,,,
6061,06/29/2023 00:52:40,3.86,,,
6062,06/29/2023 00:55:40,3.73,,,
6063,06/29/2023 00:58:40,3.69,,,
6064,06/29/2023 01:01:40,3.47,,,
6065,06/29/2023 01:04:40,3.39,,,
6066,06/29/2023 01:07:40,3.60,,,
6067,06/29/2023 01:10:40,3.69,,,
6068,06/29/2023 01:13:40,3.56,,,
6069,06/29/2023 01:16:40,3.60,,,
6070,06/29/2023 01:19:40,3.43,,,
6071,06/29/2023 01:22:40,3.43,,,
6072,06/29/2023 01:25:40,3.43,,,
6073,06/29/2023 01:28:40,3.34,,,
6074,06/29/2023 01:31:40,3.34,,,
6075,06/29/2023 01:34:40,3.13,,,
6076,06/29/2023 01:37:40,3.34,,,
6077,06/29/2023 01:40:40,3.13,,,
6078,06/29/2023 01:43:40,2.91,,,
6079,06/29/2023 01:46:40,2.91,,,
6080,06/29/2023 01:49:40,2.83,,,
6081,06/29/2023 01:52:40,2.70,,,
6082,06/29/2023 01:55:40,2.61,,,
6083,06/29/2023 01:58:40,2.87,,,
6084,06/29/2023 02:01:40,3.21,,,
6085,06/29/2023 02:04:40,2.83,,,
6086,06/29/2023 02:07:40,2.74,,,
6087,06/29/2023 02:10:40,2.44,,,
6088,06/29/2023 02:13:40,2.14,,,
6089,06/29/2023 02:16:40,2.57,,,
6090,06/29/2023 02:19:40,2.40,,,
6091,06/29/2023 02:22:40,2.44,,,
6092,06/29/2023 02:25:40,2.36,,,
6093,06/29/2023 02:28:40,2.27,,,
6094,06/29/2023 02:31:40,2.01,,,
6095,06/29/2023 02:34:40,2.01,,,
6096,06/29/2023 02:37:40,1.76,,,
6097,06/29/2023 02:40:40,1.76,,,
6098,06/29/2023 02:43:40,1.71,,,
6099,06/29/2023 02:46:40,1.88,,,
6100,06/29/2023 02:49:40,1.67,,,
6101,06/29/2023 02:52:40,1.46,,,
6102,06/29/2023 02:55:40,1.24,,,
6103,06/29/2023 02:58:40,1.20,,,
6104,06/29/2023 03:01:40,1.11,,,
6105,06/29/2023 03:04:40,1.24,,,
6106,06/29/2023 03:07:40,1.24,,,
6107,06/29/2023 03:10:40,1.28,,,
6108,06/29/2023 03:13:40,1.33,,,
6109,06/29/2023 03:16:40,1.16,,,
6110,06/29/2023 03:19:40,0.81,,,
6111,06/29/2023 03:22:40,0.90,,,
6112,06/29/2023 03:25:40,0.94,,,
6113,06/29/2023 03:28:40,0.98,,,
6114,06/29/2023 03:31:40,0.94,,,
6115,06/29/2023 03:34:40,0.81,,,
6116,06/29/2023 03:37:40,0.98,,,
6117,06/29/2023 03:40:40,0.90,,,
6118,06/29/2023 03:43:40,0.98,,,
6119,06/29/2023 03:46:40,1.07,,,
6120,06/29/2023 03:49:40,1.11,,,
6121,06/29/2023 03:52:40,0.86,,,
6122,06/29/2023 03:55:40,0.64,,,
6123,06/29/2023 03:58:40,0.68,,,
6124,06/29/2023 04:01:40,0.60,,,
6125,06/29/2023 04:04:40,0.68,,,
6126,06/29/2023 04:07:40,0.51,,,
6127,06/29/2023 04:10:40,0.38,,,
6128,06/29/2023 04:13:40,0.47,,,
6129,06/29/2023 04:16:40,0.81,,,
6130,06/29/2023 04:19:40,0.77,,,
6131,06/29/2023 04:22:40,0.51,,,
6132,06/29/2023 04:25:40,0.81,,,
6133,06/29/2023 04:28:40,1.11,,,
6134,06/29/2023 04:31:40,0.77,,,
6135,06/29/2023 04:34:40,0.43,,,
6136,06/29/2023 04:37:40,0.43,,,
6137,06/29/2023 04:40:40,0.25,,,
6138,06/29/2023 04:43:40,0.00,,,
6139,06/29/2023 04:46:40,0.04,,,
6140,06/29/2023 04:49:40,0.47,,,
6141,06/29/2023 04:52:40,0.90,,,
6142,06/29/2023 04:55:40,1.16,,,
6143,06/29/2023 04:58:40,1.24,,,
6144,06/29/2023 05:01:40,1.11,,,
6145,06/29/2023 05:04:40,1.07,,,
6146,06/29/2023 05:07:40,0.98,,,
6147,06/29/2023 05:10:40,0.55,,,
6148,06/29/2023 05:13:40,0.17,,,
6149,06/29/2023 05:16:40,0.08,,,
6150,06/29/2023 05:19:40,-0.17,,,
6151,06/29/2023 05:22:40,-0.26,,,
6152,06/29/2023 05:25:40,-0.30,,,
6153,06/29/2023 05:28:40,-0.22,,,
6154,06/29/2023 05:31:40,-0.05,,,
6155,06/29/2023 05:34:40,-0.09,,,
6156,06/29/2023 05:37:40,-0.26,,,
6157,06/29/2023 05:40:40,-0.47,,,
6158,06/29/2023 05:43:40,-0.17,,,
6159,06/29/2023 05:46:40,-0.05,,,
6160,06/29/2023 05:49:40,-0.13,,,
6161,06/29/2023 05:52:40,-0.52,,,
6162,06/29/2023 05:55:40,-0.52,,,
6163,06/29/2023 05:58:40,-0.30,,,
6164,06/29/2023 06:01:40,-0.05,,,
6165,06/29/2023 06:04:40,-0.26,,,
6166,06/29/2023 06:07:40,-0.39,,,
6167,06/29/2023 06:10:40,-0.26,,,
6168,06/29/2023 06:13:40,-0.17,,,
6169,06/29/2023 06:16:40,-0.05,,,
6170,06/29/2023 06:19:40,0.04,,,
6171,06/29/2023 06:22:40,0.34,,,
6172,06/29/2023 06:25:40,0.68,,,
6173,06/29/2023 06:28:40,0.68,,,
6174,06/29/2023 06:31:40,0.55,,,
6175,06/29/2023 06:34:40,0.30,,,
6176,06/29/2023 06:37:40,0.38,,,
6177,06/29/2023 06:40:40,0.64,,,
6178,06/29/2023 06:43:40,0.90,,,
6179,06/29/2023 06:46:40,1.16,,,
6180,06/29/2023 06:49:40,1.41,,,
6181,06/29/2023 06:52:40,1.80,,,
6182,06/29/2023 06:55:40,2.57,,,
6183,06/29/2023 06:58:40,3.04,,,
6184,06/29/2023 07:01:40,3.43,,,
6185,06/29/2023 07:04:40,3.86,,,
6186,06/29/2023 07:07:40,4.29,,,
6187,06/29/2023 07:10:40,4.59,,,
6188,06/29/2023 07:13:40,5.15,,,
6189,06/29/2023 07:16:40,5.79,,,
6190,06/29/2023 07:19:40,6.39,,,
6191,06/29/2023 07:22:40,6.43,,,
6192,06/29/2023 07:25:40,7.03,,,
6193,06/29/2023 07:28:40,7.03,,,
6194,06/29/2023 07:31:40,7.20,,,
6195,06/29/2023 07:34:40,8.19,,,
6196,06/29/2023 07:37:40,8.88,,,
6197,06/29/2023 07:40:40,8.96,,,
6198,06/29/2023 07:43:40,9.95,,,
6199,06/29/2023 07:46:40,10.08,,,
6200,06/29/2023 07:49:40,10.08,,,
6201,06/29/2023 07:52:40,10.59,,,
6202,06/29/2023 07:55:40,11.71,,,
6203,06/29/2023 07:58:40,11.75,,,
6204,06/29/2023 08:01:40,12.82,,,
6205,06/29/2023 08:04:40,13.43,,,
6206,06/29/2023 08:07:40,13.51,,,
6207,06/29/2023 08:10:40,14.07,,,
6208,06/29/2023 08:13:40,14.03,,,
6209,06/29/2023 08:16:40,14.24,,,
6210,06/29/2023 08:19:40,13.55,,,
6211,06/29/2023 08:22:40,13.98,,,
6212,06/29/2023 08:25:40,15.06,,,
6213,06/29/2023 08:28:40,15.53,,,
6214,06/29/2023 08:31:40,15.40,,,
6215,06/29/2023 08:34:40,15.48,,,
6216,06/29/2023 08:37:40,15.61,,,
6217,06/29/2023 08:40:40,15.96,,,
6218,06/29/2023 08:43:40,15.23,,,
6219,06/29/2023 08:46:40,15.48,,,
6220,06/29/2023 08:49:40,15.78,,,
6221,06/29/2023 08:52:40,15.40,,,
6222,06/29/2023 08:55:40,15.53,,,
6223,06/29/2023 08:58:40,15.87,,,
6224,06/29/2023 09:01:40,16.08,,,
6225,06/29/2023 09:04:40,16.47,,,
6226,06/29/2023 09:07:40,16.56,,,
6227,06/29/2023 09:10:40,18.02,,,
6228,06/29/2023 09:13:40,18.19,,,
6229,06/29/2023 09:16:40,17.63,,,
6230,06/29/2023 09:19:40,17.80,,,
6231,06/29/2023 09:22:40,17.89,,,
6232,06/29/2023 09:25:40,17.84,,,
6233,06/29/2023 09:28:40,18.14,,,
6234,06/29/2023 09:31:40,18.32,,,
6235,06/29/2023 09:34:40,17.97,,,
6236,06/29/2023 09:37:40,17.63,,,
6237,06/29/2023 09:40:40,18.40,,,
6238,06/29/2023 09:43:40,17.76,,,
6239,06/29/2023 09:46:40,17.97,,,
6240,06/29/2023 09:49:40,17.97,,,
6241,06/29/2023 09:52:40,18.66,,,
6242,06/29/2023 09:55:40,19.00,,,
6243,06/29/2023 09:58:40,19.00,,,
6244,06/29/2023 10:01:40,18.66,,,
6245,06/29/2023 10:04:40,18.83,,,
6246,06/29/2023 10:07:40,18.57,,,
6247,06/29/2023 10:10:40,18.92,,,
6248,06/29/2023 10:13:40,19.35,,,
6249,06/29/2023 10:16:40,19.47,,,
6250,06/29/2023 10:19:40,20.89,,,
6251,06/29/2023 10:22:40,21.15,,,
6252,06/29/2023 10:25:40,22.43,,,
6253,06/29/2023 10:28:40,22.09,,,
6254,06/29/2023 10:31:40,20.98,,,
6255,06/29/2023 10:34:40,20.59,,,
6256,06/29/2023 10:37:40,20.63,,,
6257,06/29/2023 10:40:40,21.02,,,
6258,06/29/2023 10:43:40,21.15,,,
6259,06/29/2023 10:46:40,21.58,,,
6260,06/29/2023 10:49:40,21.40,,,
6261,06/29/2023 10:52:40,21.32,,,
6262,06/29/2023 10:55:40,21.49,,,
6263,06/29/2023 10:58:40,21.45,,,
6264,06/29/2023 11:01:40,21.58,,,
6265,06/29/2023 11:04:40,21.19,,,
6266,06/29/2023 11:07:40,21.19,,,
6267,06/29/2023 11:10:40,21.88,,,
6268,06/29/2023 11:13:40,22.01,,,
6269,06/29/2023 11:16:40,22.26,,,
6270,06/29/2023 11:19:40,22.05,,,
6271,06/29/2023 11:22:40,22.26,,,
6272,06/29/2023 11:25:40,22.35,,,
6273,06/29/2023 11:28:40,22.13,,,
6274,06/29/2023 11:31:40,22.61,,,
6275,06/29/2023 11:34:40,23.64,,,
6276,06/29/2023 11:37:40,22.95,,,
6277,06/29/2023 11:40:40,22.78,,,
6278,06/29/2023 11:43:40,23.42,,,
6279,06/29/2023 11:46:40,24.02,,,
6280,06/29/2023 11:49:40,24.11,,,
6281,06/29/2023 11:52:40,23.29,,,
6282,06/29/2023 11:55:40,24.36,,,
6283,06/29/2023 11:58:40,23.46,,,
6284,06/29/2023 12:01:40,23.34,,,
6285,06/29/2023 12:04:40,23.46,,,
6286,06/29/2023 12:07:40,23.81,,,
6287,06/29/2023 12:10:40,24.49,,,
6288,06/29/2023 12:13:40,24.97,,,
6289,06/29/2023 12:16:40,24.75,,,
6290,06/29/2023 12:19:40,23.59,,,
6291,06/29/2023 12:22:40,23.55,,,
6292,06/29/2023 12:25:40,23.64,,,
6293,06/29/2023 12:28:40,23.76,,,
6294,06/29/2023 12:31:40,23.51,,,
6295,06/29/2023 12:34:40,23.59,,,
6296,06/29/2023 12:37:40,23.72,,,
6297,06/29/2023 12:40:40,24.75,,,
6298,06/29/2023 12:43:40,23.98,,,
6299,06/29/2023 12:46:40,23.25,,,
6300,06/29/2023 12:49:40,23.38,,,
6301,06/29/2023 12:52:40,23.08,,,
6302,06/29/2023 12:55:40,24.06,,,
6303,06/29/2023 12:58:40,24.71,,,
6304,06/29/2023 13:01:40,23.76,,,
6305,06/29/2023 13:04:40,23.94,,,
6306,06/29/2023 13:07:40,24.11,,,
6307,06/29/2023 13:10:40,24.24,,,
6308,06/29/2023 13:13:40,23.98,,,
6309,06/29/2023 13:16:40,24.15,,,
6310,06/29/2023 13:19:40,24.79,,,
6311,06/29/2023 13:22:40,24.49,,,
6312,06/29/2023 13:25:40,23.42,,,
6313,06/29/2023 13:28:40,24.54,,,
6314,06/29/2023 13:31:40,25.01,,,
6315,06/29/2023 13:34:40,26.12,,,
6316,06/29/2023 13:37:40,25.87,,,
6317,06/29/2023 13:40:40,25.14,,,
6318,06/29/2023 13:43:40,25.44,,,
6319,06/29/2023 13:46:40,26.51,,,
6320,06/29/2023 13:49:40,26.47,,,
6321,06/29/2023 13:52:40,25.35,,,
6322,06/29/2023 13:55:40,24.66,,,
6323,06/29/2023 13:58:40,23.81,,,
6324,06/29/2023 14:01:40,23.94,,,
6325,06/29/2023 14:04:40,24.62,,,
6326,06/29/2023 14:07:40,24.66,,,
6327,06/29/2023 14:10:40,24.75,,,
6328,06/29/2023 14:13:40,24.45,,,
6329,06/29/2023 14:16:40,23.08,,,
6330,06/29/2023 14:19:40,22.73,,,
6331,06/29/2023 14:22:40,23.76,,,
6332,06/29/2023 14:25:40,24.28,,,
6333,06/29/2023 14:28:40,24.32,,,
6334,06/29/2023 14:31:40,23.38,,,
6335,06/29/2023 14:34:40,23.12,,,
6336,06/29/2023 14:37:40,23.03,,,
6337,06/29/2023 14:40:40,22.86,,,
6338,06/29/2023 14:43:40,22.61,,,
6339,06/29/2023 14:46:40,22.31,,,
6340,06/29/2023 14:49:40,22.91,,,
6341,06/29/2023 14:52:40,22.78,,,
6342,06/29/2023 14:55:40,22.39,,,
6343,06/29/2023 14:58:40,22.01,,,
6344,06/29/2023 15:01:40,22.39,,,
6345,06/29/2023 15:04:40,22.31,,,
6346,06/29/2023 15:07:40,22.82,,,
6347,06/29/2023 15:10:40,22.65,,,
6348,06/29/2023 15:13:40,23.12,,,
6349,06/29/2023 15:16:40,23.25,,,
6350,06/29/2023 15:19:40,22.65,,,
6351,06/29/2023 15:22:40,22.31,,,
6352,06/29/2023 15:25:40,23.12,,,
6353,06/29/2023 15:28:40,23.81,,,
6354,06/29/2023 15:31:40,24.15,,,
6355,06/29/2023 15:34:40,24.54,,,
6356,06/29/2023 15:37:40,24.79,,,
6357,06/29/2023 15:40:40,25.09,,,
6358,06/29/2023 15:43:40,24.92,,,
6359,06/29/2023 15:46:40,25.18,,,
6360,06/29/2023 15:49:40,24.75,,,
6361,06/29/2023 15:52:40,23.81,,,
6362,06/29/2023 15:55:40,24.58,,,
6363,06/29/2023 15:58:40,24.84,,,
6364,06/29/2023 16:01:40,24.75,,,
6365,06/29/2023 16:04:40,24.06,,,
6366,06/29/2023 16:07:40,23.34,,,
6367,06/29/2023 16:10:40,22.52,,,
6368,06/29/2023 16:13:40,22.35,,,
6369,06/29/2023 16:16:40,23.29,,,
6370,06/29/2023 16:19:40,23.72,,,
6371,06/29/2023 16:22:40,23.03,,,
6372,06/29/2023 16:25:40,22.82,,,
6373,06/29/2023 16:28:40,22.22,,,
6374,06/29/2023 16:31:40,21.96,,,
6375,06/29/2023 16:34:40,21.70,,,
6376,06/29/2023 16:37:40,21.49,,,
6377,06/29/2023 16:40:40,21.28,,,
6378,06/29/2023 16:43:40,21.40,,,
6379,06/29/2023 16:46:40,21.40,,,
6380,06/29/2023 16:49:40,20.80,,,
6381,06/29/2023 16:52:40,20.89,,,
6382,06/29/2023 16:55:40,20.76,,,
6383,06/29/2023 16:58:40,20.68,,,
6384,06/29/2023 17:01:40,20.76,,,
6385,06/29/2023 17:04:40,20.93,,,
6386,06/29/2023 17:07:40,20.85,,,
6387,06/29/2023 17:10:40,20.76,,,
6388,06/29/2023 17:13:40,20.89,,,
6389,06/29/2023 17:16:40,20.80,,,
6390,06/29/2023 17:19:40,20.80,,,
6391,06/29/2023 17:22:40,20.76,,,
6392,06/29/2023 17:25:40,20.80,,,
6393,06/29/2023 17:28:40,20.85,,,
6394,06/29/2023 17:31:40,21.32,,,
6395,06/29/2023 17:34:40,21.32,,,
6396,06/29/2023 17:37:40,21.06,,,
6397,06/29/2023 17:40:40,20.76,,,
6398,06/29/2023 17:43:40,20.72,,,
6399,06/29/2023 17:46:40,20.89,,,
6400,06/29/2023 17:49:40,21.28,,,
6401,06/29/2023 17:52:40,20.76,,,
6402,06/29/2023 17:55:40,20.46,,,
6403,06/29/2023 17:58:40,20.37,,,
6404,06/29/2023 18:01:40,20.16,,,
6405,06/29/2023 18:04:40,19.73,,,
6406,06/29/2023 18:07:40,19.52,,,
6407,06/29/2023 18:10:40,19.35,,,
6408,06/29/2023 18:13:40,18.87,,,
6409,06/29/2023 18:16:40,18.36,,,
6410,06/29/2023 18:19:40,20.16,,,
6411,06/29/2023 18:22:40,20.42,,,
6412,06/29/2023 18:25:40,20.25,,,
6413,06/29/2023 18:28:40,19.99,,,
6414,06/29/2023 18:31:40,20.07,,,
6415,06/29/2023 18:34:40,20.12,,,
6416,06/29/2023 18:37:40,19.60,,,
6417,06/29/2023 18:40:40,19.56,,,
6418,06/29/2023 18:43:40,20.37,,,
6419,06/29/2023 18:46:40,20.80,,,
6420,06/29/2023 18:49:40,20.68,,,
6421,06/29/2023 18:52:40,20.29,,,
6422,06/29/2023 18:55:40,19.90,,,
6423,06/29/2023 18:58:40,19.73,,,
6424,06/29/2023 19:01:40,19.69,,,
6425,06/29/2023 19:04:40,18.96,,,
6426,06/29/2023 19:07:40,18.10,,,
6427,06/29/2023 19:10:40,18.23,,,
6428,06/29/2023 19:13:40,18.27,,,
6429,06/29/2023 19:16:40,17.76,,,
6430,06/29/2023 19:19:40,17.20,,,
6431,06/29/2023 19:22:40,19.17,,,
6432,06/29/2023 19:25:40,19.69,,,
6433,06/29/2023 19:28:40,18.79,,,
6434,06/29/2023 19:31:40,18.32,,,
6435,06/29/2023 19:34:40,18.10,,,
6436,06/29/2023 19:37:40,17.72,,,
6437,06/29/2023 19:40:40,17.72,,,
6438,06/29/2023 19:43:40,18.79,,,
6439,06/29/2023 19:46:40,19.26,,,
6440,06/29/2023 19:49:40,19.26,,,
6441,06/29/2023 19:52:40,19.05,,,
6442,06/29/2023 19:55:40,18.44,,,
6443,06/29/2023 19:58:40,18.49,,,
6444,06/29/2023 20:01:40,18.14,,,
6445,06/29/2023 20:04:40,17.72,,,
6446,06/29/2023 20:07:40,17.29,,,
6447,06/29/2023 20:10:40,16.99,,,
6448,06/29/2023 20:13:40,16.51,,,
6449,06/29/2023 20:16:40,16.21,,,
6450,06/29/2023 20:19:40,15.91,,,
6451,06/29/2023 20:22:40,15.14,,,
6452,06/29/2023 20:25:40,14.93,,,
6453,06/29/2023 20:28:40,14.67,,,
6454,06/29/2023 20:31:40,14.24,,,
6455,06/29/2023 20:34:40,14.15,,,
6456,06/29/2023 20:37:40,14.24,,,
6457,06/29/2023 20:40:40,14.20,,,
6458,06/29/2023 20:43:40,13.81,,,
6459,06/29/2023 20:46:40,13.43,,,
6460,06/29/2023 20:49:40,13.51,,,
6461,06/29/2023 20:52:40,13.25,,,
6462,06/29/2023 20:55:40,13.17,,,
6463,06/29/2023 20:58:40,13.12,,,
6464,06/29/2023 21:01:40,13.34,,,
6465,06/29/2023 21:04:40,13.51,,,
6466,06/29/2023 21:07:40,13.21,,,
6467,06/29/2023 21:10:40,13.51,,,
6468,06/29/2023 21:13:40,13.94,,,
6469,06/29/2023 21:16:40,14.20,,,
6470,06/29/2023 21:19:40,13.73,,,
6471,06/29/2023 21:22:40,13.08,,,
6472,06/29/2023 21:25:40,13.30,,,
6473,06/29/2023 21:28:40,13.30,,,
6474,06/29/2023 21:31:40,13.00,,,
6475,06/29/2023 21:34:40,13.21,,,
6476,06/29/2023 21:37:40,13.25,,,
6477,06/29/2023 21:40:40,13.00,,,
6478,06/29/2023 21:43:40,12.31,,,
6479,06/29/2023 21:46:40,12.10,,,
6480,06/29/2023 21:49:40,11.92,,,
6481,06/29/2023 21:52:40,11.84,,,
6482,06/29/2023 21:55:40,11.49,,,
6483,06/29/2023 21:58:40,11.02,,,
6484,06/29/2023 22:01:40,10.59,,,
6485,06/29/2023 22:04:40,10.59,,,
6486,06/29/2023 22:07:40,10.21,,,
6487,06/29/2023 22:10:40,10.04,,,
6488,06/29/2023 22:13:40,10.04,,,
6489,06/29/2023 22:16:40,9.69,,,
6490,06/29/2023 22:19:40,9.52,,,
6491,06/29/2023 22:22:40,9.31,,,
6492,06/29/2023 22:25:40,9.22,,,
6493,06/29/2023 22:28:40,9.14,,,
6494,06/29/2023 22:31:40,8.83,,,
6495,06/29/2023 22:34:40,8.75,,,
6496,06/29/2023 22:37:40,8.45,,,
6497,06/29/2023 22:40:40,8.58,,,
6498,06/29/2023 22:43:40,7.76,,,
6499,06/29/2023 22:46:40,7.42,,,
6500,06/29/2023 22:49:40,7.25,,,
6501,06/29/2023 22:52:40,7.29,,,
6502,06/29/2023 22:55:40,7.46,,,
6503,06/29/2023 22:58:40,7.33,,,
6504,06/29/2023 23:01:40,7.12,,,
6505,06/29/2023 23:04:40,7.16,,,
6506,06/29/2023 23:07:40,7.46,,,
6507,06/29/2023 23:10:40,7.33,,,
6508,06/29/2023 23:13:40,7.55,,,
6509,06/29/2023 23:16:40,7.50,,,
6510,06/29/2023 23:19:40,7.50,,,
6511,06/29/2023 23:22:40,7.20,,,
6512,06/29/2023 23:25:40,6.82,,,
6513,06/29/2023 23:28:40,6.90,,,
6514,06/29/2023 23:31:40,7.16,,,
6515,06/29/2023 23:34:40,7.29,,,
6516,06/29/2023 23:37:40,7.03,,,
6517,06/29/2023 23:40:40,6.56,,,
6518,06/29/2023 23:43:40,6.26,,,
6519,06/29/2023 23:46:40,6.22,,,
6520,06/29/2023 23:49:40,6.05,,,
6521,06/29/2023 23:52:40,6.05,,,
6522,06/29/2023 23:55:40,6.43,,,
6523,06/29/2023 23:58:40,6.65,,,
6524,06/30/2023 00:01:40,6.43,,,
6525,06/30/2023 00:04:40,5.92,,,
6526,06/30/2023 00:07:40,5.70,,,
6527,06/30/2023 00:10:40,6.13,,,
6528,06/30/2023 00:13:40,5.83,,,
6529,06/30/2023 00:16:40,5.62,,,
6530,06/30/2023 00:19:40,6.09,,,
6531,06/30/2023 00:22:40,5.70,,,
6532,06/30/2023 00:25:40,5.75,,,
6533,06/30/2023 00:28:40,5.92,,,
6534,06/30/2023 00:31:40,5.53,,,
6535,06/30/2023 00:34:40,5.45,,,
6536,06/30/2023 00:37:40,6.17,,,
6537,06/30/2023 00:40:40,5.79,,,
6538,06/30/2023 00:43:40,5.27,,,
6539,06/30/2023 00:46:40,5.32,,,
6540,06/30/2023 00:49:40,5.53,,,
6541,06/30/2023 00:52:40,5.19,,,
6542,06/30/2023 00:55:40,4.67,,,
6543,06/30/2023 00:58:40,4.16,,,
6544,06/30/2023 01:01:40,3.82,,,
6545,06/30/2023 01:04:40,3.94,,,
6546,06/30/2023 01:07:40,3.86,,,
6547,06/30/2023 01:10:40,3.60,,,
6548,06/30/2023 01:13:40,3.60,,,
6549,06/30/2023 01:16:40,3.73,,,
6550,06/30/2023 01:19:40,3.69,,,
6551,06/30/2023 01:22:40,3.52,,,
6552,06/30/2023 01:25:40,3.34,,,
6553,06/30/2023 01:28:40,3.30,,,
6554,06/30/2023 01:31:40,3.34,,,
6555,06/30/2023 01:34:40,3.17,,,
6556,06/30/2023 01:37:40,3.13,,,
6557,06/30/2023 01:40:40,3.34,,,
6558,06/30/2023 01:43:40,3.13,,,
6559,06/30/2023 01:46:40,3.26,,,
6560,06/30/2023 01:49:40,3.30,,,
6561,06/30/2023 01:52:40,3.21,,,
6562,06/30/2023 01:55:40,2.96,,,
6563,06/30/2023 01:58:40,3.04,,,
6564,06/30/2023 02:01:40,2.96,,,
6565,06/30/2023 02:04:40,2.91,,,
6566,06/30/2023 02:07:40,2.91,,,
6567,06/30/2023 02:10:40,2.66,,,
6568,06/30/2023 02:13:40,2.57,,,
6569,06/30/2023 02:16:40,2.70,,,
6570,06/30/2023 02:19:40,2.66,,,
6571,06/30/2023 02:22:40,2.83,,,
6572,06/30/2023 02:25:40,2.74,,,
6573,06/30/2023 02:28:40,2.70,,,
6574,06/30/2023 02:31:40,2.79,,,
6575,06/30/2023 02:34:40,2.61,,,
6576,06/30/2023 02:37:40,2.61,,,
6577,06/30/2023 02:40:40,2.74,,,
6578,06/30/2023 02:43:40,2.83,,,
6579,06/30/2023 02:46:40,2.96,,,
6580,06/30/2023 02:49:40,2.70,,,
6581,06/30/2023 02:52:40,2.74,,,
6582,06/30/2023 02:55:40,3.04,,,
6583,06/30/2023 02:58:40,3.21,,,
6584,06/30/2023 03:01:40,3.43,,,
6585,06/30/2023 03:04:40,3.39,,,
6586,06/30/2023 03:07:40,3.43,,,
6587,06/30/2023 03:10:40,3.43,,,
6588,06/30/2023 03:13:40,3.17,,,
6589,06/30/2023 03:16:40,3.09,,,
6590,06/30/2023 03:19:40,3.30,,,
6591,06/30/2023 03:22:40,3.47,,,
6592,06/30/2023 03:25:40,3.39,,,
6593,06/30/2023 03:28:40,2.91,,,
6594,06/30/2023 03:31:40,2.79,,,
6595,06/30/2023 03:34:40,2.87,,,
6596,06/30/2023 03:37:40,2.91,,,
6597,06/30/2023 03:40:40,2.83,,,
6598,06/30/2023 03:43:40,2.66,,,
6599,06/30/2023 03:46:40,2.66,,,
6600,06/30/2023 03:49:40,2.87,,,
6601,06/30/2023 03:52:40,2.91,,,
6602,06/30/2023 03:55:40,2.91,,,
6603,06/30/2023 03:58:40,3.00,,,
6604,06/30/2023 04:01:40,2.74,,,
6605,06/30/2023 04:04:40,2.79,,,
6606,06/30/2023 04:07:40,2.44,,,
6607,06/30/2023 04:10:40,2.57,,,
6608,06/30/2023 04:13:40,2.66,,,
6609,06/30/2023 04:16:40,2.87,,,
6610,06/30/2023 04:19:40,2.66,,,
6611,06/30/2023 04:22:40,2.53,,,
6612,06/30/2023 04:25:40,2.49,,,
6613,06/30/2023 04:28:40,2.53,,,
6614,06/30/2023 04:31:40,2.23,,,
6615,06/30/2023 04:34:40,2.19,,,
6616,06/30/2023 04:37:40,2.31,,,
6617,06/30/2023 04:40:40,2.49,,,
6618,06/30/2023 04:43:40,2.66,,,
6619,06/30/2023 04:46:40,2.74,,,
6620,06/30/2023 04:49:40,2.74,,,
6621,06/30/2023 04:52:40,3.09,,,
6622,06/30/2023 04:55:40,3.13,,,
6623,06/30/2023 04:58:40,3.77,,,
6624,06/30/2023 05:01:40,3.94,,,
6625,06/30/2023 05:04:40,3.64,,,
6626,06/30/2023 05:07:40,3.64,,,
6627,06/30/2023 05:10:40,4.07,,,
6628,06/30/2023 05:13:40,4.20,,,
6629,06/30/2023 05:16:40,4.16,,,
6630,06/30/2023 05:19:40,4.12,,,
6631,06/30/2023 05:22:40,3.99,,,
6632,06/30/2023 05:25:40,3.90,,,
6633,06/30/2023 05:28:40,3.69,,,
6634,06/30/2023 05:31:40,3.43,,,
6635,06/30/2023 05:34:40,3.26,,,
6636,06/30/2023 05:37:40,3.17,,,
6637,06/30/2023 05:40:40,3.21,,,
6638,06/30/2023 05:43:40,3.00,,,
6639,06/30/2023 05:46:40,2.70,,,
6640,06/30/2023 05:49:40,2.61,,,
6641,06/30/2023 05:52:40,2.91,,,
6642,06/30/2023 05:55:40,3.17,,,
6643,06/30/2023 05:58:40,3.69,,,
6644,06/30/2023 06:01:40,3.77,,,
6645,06/30/2023 06:04:40,3.77,,,
6646,06/30/2023 06:07:40,3.86,,,
6647,06/30/2023 06:10:40,3.99,,,
6648,06/30/2023 06:13:40,4.03,,,
6649,06/30/2023 06:16:40,4.24,,,
6650,06/30/2023 06:19:40,4.37,,,
6651,06/30/2023 06:22:40,4.59,,,
6652,06/30/2023 06:25:40,4.84,,,
6653,06/30/2023 06:28:40,5.10,,,
6654,06/30/2023 06:31:40,5.27,,,
6655,06/30/2023 06:34:40,5.40,,,
6656,06/30/2023 06:37:40,5.57,,,
6657,06/30/2023 06:40:40,5.75,,,
6658,06/30/2023 06:43:40,5.83,,,
6659,06/30/2023 06:46:40,6.00,,,
6660,06/30/2023 06:49:40,6.05,,,
6661,06/30/2023 06:52:40,5.75,,,
6662,06/30/2023 06:55:40,5.36,,,
6663,06/30/2023 06:58:40,5.53,,,
6664,06/30/2023 07:01:40,5.87,,,
6665,06/30/2023 07:04:40,5.53,,,
6666,06/30/2023 07:07:40,5.27,,,
6667,06/30/2023 07:10:40,4.84,,,
6668,06/30/2023 07:13:40,4.63,,,
6669,06/30/2023 07:16:40,4.63,,,
6670,06/30/2023 07:19:40,4.59,,,
6671,06/30/2023 07:22:40,4.29,,,
6672,06/30/2023 07:25:40,4.20,,,
6673,06/30/2023 07:28:40,4.33,,,
6674,06/30/2023 07:31:40,5.96,,,
6675,06/30/2023 07:34:40,6.86,,,
6676,06/30/2023 07:37:40,7.38,,,
6677,06/30/2023 07:40:40,7.72,,,
6678,06/30/2023 07:43:40,6.78,,,
6679,06/30/2023 07:46:40,7.46,,,
6680,06/30/2023 07:49:40,9.14,,,
6681,06/30/2023 07:52:40,8.88,,,
6682,06/30/2023 07:55:40,9.26,,,
6683,06/30/2023 07:58:40,9.78,,,
6684,06/30/2023 08:01:40,10.29,,,
6685,06/30/2023 08:04:40,10.64,,,
6686,06/30/2023 08:07:40,11.32,,,
6687,06/30/2023 08:10:40,11.28,,,
6688,06/30/2023 08:13:40,11.07,,,
6689,06/30/2023 08:16:40,11.75,,,
6690,06/30/2023 08:19:40,12.70,,,
6691,06/30/2023 08:22:40,13.00,,,
6692,06/30/2023 08:25:40,13.25,,,
6693,06/30/2023 08:28:40,13.25,,,
6694,06/30/2023 08:31:40,13.00,,,
6695,06/30/2023 08:34:40,13.30,,,
6696,06/30/2023 08:37:40,13.64,,,
6697,06/30/2023 08:40:40,14.03,,,
6698,06/30/2023 08:43:40,14.20,,,
6699,06/30/2023 08:46:40,14.63,,,
6700,06/30/2023 08:49:40,14.88,,,
6701,06/30/2023 08:52:40,14.80,,,
6702,06/30/2023 08:55:40,15.87,,,
6703,06/30/2023 08:58:40,16.86,,,
6704,06/30/2023 09:01:40,16.60,,,
6705,06/30/2023 09:04:40,16.69,,,
6706,06/30/2023 09:07:40,16.21,,,
6707,06/30/2023 09:10:40,17.59,,,
6708,06/30/2023 09:13:40,18.06,,,
6709,06/30/2023 09:16:40,15.83,,,
6710,06/30/2023 09:19:40,14.84,,,
6711,06/30/2023 09:22:40,14.33,,,
6712,06/30/2023 09:25:40,14.54,,,
6713,06/30/2023 09:28:40,14.80,,,
6714,06/30/2023 09:31:40,15.01,,,
6715,06/30/2023 09:34:40,15.10,,,
6716,06/30/2023 09:37:40,15.23,,,
6717,06/30/2023 09:40:40,15.23,,,
6718,06/30/2023 09:43:40,15.53,,,
6719,06/30/2023 09:46:40,15.70,,,
6720,06/30/2023 09:49:40,16.17,,,
6721,06/30/2023 09:52:40,16.21,,,
6722,06/30/2023 09:55:40,16.81,,,
6723,06/30/2023 09:58:40,16.43,,,
6724,06/30/2023 10:01:40,16.39,,,
6725,06/30/2023 10:04:40,16.56,,,
6726,06/30/2023 10:07:40,17.07,,,
6727,06/30/2023 10:10:40,17.33,,,
6728,06/30/2023 10:13:40,17.50,,,
6729,06/30/2023 10:16:40,17.11,,,
6730,06/30/2023 10:19:40,16.90,,,
6731,06/30/2023 10:22:40,17.72,,,
6732,06/30/2023 10:25:40,17.50,,,
6733,06/30/2023 10:28:40,17.84,,,
6734,06/30/2023 10:31:40,18.27,,,
6735,06/30/2023 10:34:40,18.06,,,
6736,06/30/2023 10:37:40,18.10,,,
6737,06/30/2023 10:40:40,18.06,,,
6738,06/30/2023 10:43:40,18.53,,,
6739,06/30/2023 10:46:40,18.49,,,
6740,06/30/2023 10:49:40,18.14,,,
6741,06/30/2023 10:52:40,16.73,,,
6742,06/30/2023 10:55:40,18.23,,,
6743,06/30/2023 10:58:40,18.40,,,
6744,06/30/2023 11:01:40,18.79,,,
6745,06/30/2023 11:04:40,19.17,,,
6746,06/30/2023 11:07:40,18.23,,,
6747,06/30/2023 11:10:40,18.74,,,
6748,06/30/2023 11:13:40,18.49,,,
6749,06/30/2023 11:16:40,19.56,,,
6750,06/30/2023 11:19:40,18.53,,,
6751,06/30/2023 11:22:40,18.10,,,
6752,06/30/2023 11:25:40,19.39,,,
6753,06/30/2023 11:28:40,19.60,,,
6754,06/30/2023 11:31:40,18.49,,,
6755,06/30/2023 11:34:40,19.73,,,
6756,06/30/2023 11:37:40,18.23,,,
6757,06/30/2023 11:40:40,17.46,,,
6758,06/30/2023 11:43:40,17.16,,,
6759,06/30/2023 11:46:40,16.77,,,
6760,06/30/2023 11:49:40,16.56,,,
6761,06/30/2023 11:52:40,16.34,,,
6762,06/30/2023 11:55:40,17.80,,,
6763,06/30/2023 11:58:40,18.96,,,
6764,06/30/2023 12:01:40,19.82,,,
6765,06/30/2023 12:04:40,20.80,,,
6766,06/30/2023 12:07:40,21.45,,,
6767,06/30/2023 12:10:40,20.89,,,
6768,06/30/2023 12:13:40,20.12,,,
6769,06/30/2023 12:16:40,19.52,,,
6770,06/30/2023 12:19:40,19.95,,,
6771,06/30/2023 12:22:40,19.82,,,
6772,06/30/2023 12:25:40,19.77,,,
6773,06/30/2023 12:28:40,19.86,,,
6774,06/30/2023 12:31:40,20.07,,,
6775,06/30/2023 12:34:40,19.99,,,
6776,06/30/2023 12:37:40,20.46,,,
6777,06/30/2023 12:40:40,21.66,,,
6778,06/30/2023 12:43:40,22.22,,,
6779,06/30/2023 12:46:40,21.02,,,
6780,06/30/2023 12:49:40,20.12,,,
6781,06/30/2023 12:52:40,19.43,,,
6782,06/30/2023 12:55:40,20.16,,,
6783,06/30/2023 12:58:40,19.73,,,
6784,06/30/2023 13:01:40,20.59,,,
6785,06/30/2023 13:04:40,20.16,,,
6786,06/30/2023 13:07:40,19.56,,,
6787,06/30/2023 13:10:40,19.13,,,
6788,06/30/2023 13:13:40,19.69,,,
6789,06/30/2023 13:16:40,19.69,,,
6790,06/30/2023 13:19:40,20.72,,,
6791,06/30/2023 13:22:40,19.95,,,
6792,06/30/2023 13:25:40,19.60,,,
6793,06/30/2023 13:28:40,20.42,,,
6794,06/30/2023 13:31:40,20.76,,,
6795,06/30/2023 13:34:40,20.25,,,
6796,06/30/2023 13:37:40,20.63,,,
6797,06/30/2023 13:40:40,20.29,,,
6798,06/30/2023 13:43:40,20.76,,,
6799,06/30/2023 13:46:40,21.19,,,
6800,06/30/2023 13:49:40,20.85,,,
6801,06/30/2023 13:52:40,19.86,,,
6802,06/30/2023 13:55:40,19.52,,,
6803,06/30/2023 13:58:40,20.16,,,
6804,06/30/2023 14:01:40,21.02,,,
6805,06/30/2023 14:04:40,23.03,,,
6806,06/30/2023 14:07:40,22.48,,,
6807,06/30/2023 14:10:40,22.86,,,
6808,06/30/2023 14:13:40,22.95,,,
6809,06/30/2023 14:16:40,23.03,,,
6810,06/30/2023 14:19:40,23.89,,,
6811,06/30/2023 14:22:40,23.59,,,
6812,06/30/2023 14:25:40,23.59,,,
6813,06/30/2023 14:28:40,22.99,,,
6814,06/30/2023 14:31:40,22.13,,,
6815,06/30/2023 14:34:40,22.82,,,
6816,06/30/2023 14:37:40,22.18,,,
6817,06/30/2023 14:40:40,21.88,,,
6818,06/30/2023 14:43:40,22.52,,,
6819,06/30/2023 14:46:40,21.88,,,
6820,06/30/2023 14:49:40,22.18,,,
6821,06/30/2023 14:52:40,21.06,,,
6822,06/30/2023 14:55:40,20.89,,,
6823,06/30/2023 14:58:40,21.45,,,
6824,06/30/2023 15:01:40,21.49,,,
6825,06/30/2023 15:04:40,21.70,,,
6826,06/30/2023 15:07:40,22.52,,,
6827,06/30/2023 15:10:40,22.05,,,
6828,06/30/2023 15:13:40,21.83,,,
6829,06/30/2023 15:16:40,21.15,,,
6830,06/30/2023 15:19:40,21.06,,,
6831,06/30/2023 15:22:40,21.62,,,
6832,06/30/2023 15:25:40,21.83,,,
6833,06/30/2023 15:28:40,21.79,,,
6834,06/30/2023 15:31:40,21.88,,,
6835,06/30/2023 15:34:40,19.86,,,
6836,06/30/2023 15:37:40,20.42,,,
6837,06/30/2023 15:40:40,20.50,,,
6838,06/30/2023 15:43:40,21.15,,,
6839,06/30/2023 15:46:40,20.07,,,
6840,06/30/2023 15:49:40,20.72,,,
6841,06/30/2023 15:52:40,21.23,,,
6842,06/30/2023 15:55:40,21.19,,,
6843,06/30/2023 15:58:40,21.15,,,
6844,06/30/2023 16:01:40,21.36,,,
6845,06/30/2023 16:04:40,21.10,,,
6846,06/30/2023 16:07:40,20.46,,,
6847,06/30/2023 16:10:40,20.85,,,
6848,06/30/2023 16:13:40,19.43,,,
6849,06/30/2023 16:16:40,20.50,,,
6850,06/30/2023 16:19:40,21.15,,,
6851,06/30/2023 16:22:40,20.50,,,
6852,06/30/2023 16:25:40,21.28,,,
6853,06/30/2023 16:28:40,20.76,,,
6854,06/30/2023 16:31:40,21.15,,,
6855,06/30/2023 16:34:40,20.46,,,
6856,06/30/2023 16:37:40,20.46,,,
6857,06/30/2023 16:40:40,20.80,,,
6858,06/30/2023 16:43:40,21.19,,,
6859,06/30/2023 16:46:40,20.80,,,
6860,06/30/2023 16:49:40,20.98,,,
6861,06/30/2023 16:52:40,21.06,,,
6862,06/30/2023 16:55:40,21.02,,,
6863,06/30/2023 16:58:40,21.19,,,
6864,06/30/2023 17:01:40,20.63,,,
6865,06/30/2023 17:04:40,21.19,,,
6866,06/30/2023 17:07:40,21.19,,,
6867,06/30/2023 17:10:40,20.72,,,
6868,06/30/2023 17:13:40,20.80,,,
6869,06/30/2023 17:16:40,21.15,,,
6870,06/30/2023 17:19:40,21.06,,,
6871,06/30/2023 17:22:40,20.98,,,
6872,06/30/2023 17:25:40,20.63,,,
6873,06/30/2023 17:28:40,20.85,,,
6874,06/30/2023 17:31:40,20.46,,,
6875,06/30/2023 17:34:40,20.50,,,
6876,06/30/2023 17:37:40,20.55,,,
6877,06/30/2023 17:40:40,20.63,,,
6878,06/30/2023 17:43:40,20.55,,,
6879,06/30/2023 17:46:40,20.20,,,
6880,06/30/2023 17:49:40,20.12,,,
6881,06/30/2023 17:52:40,20.42,,,
6882,06/30/2023 17:55:40,20.33,,,
6883,06/30/2023 17:58:40,20.68,,,
6884,06/30/2023 18:01:40,20.25,,,
6885,06/30/2023 18:04:40,20.33,,,
6886,06/30/2023 18:07:40,20.37,,,
6887,06/30/2023 18:10:40,20.37,,,
6888,06/30/2023 18:13:40,20.25,,,
6889,06/30/2023 18:16:40,20.20,,,
6890,06/30/2023 18:19:40,20.46,,,
6891,06/30/2023 18:22:40,20.12,,,
6892,06/30/2023 18:25:40,20.07,,,
6893,06/30/2023 18:28:40,20.29,,,
6894,06/30/2023 18:31:40,20.12,,,
6895,06/30/2023 18:34:40,20.20,,,
6896,06/30/2023 18:37:40,20.20,,,
6897,06/30/2023 18:40:40,19.47,,,
6898,06/30/2023 18:43:40,18.70,,,
6899,06/30/2023 18:46:40,19.05,,,
6900,06/30/2023 18:49:40,19.13,,,
6901,06/30/2023 18:52:40,19.09,,,
6902,06/30/2023 18:55:40,19.00,,,
6903,06/30/2023 18:58:40,19.00,,,
6904,06/30/2023 19:01:40,19.22,,,
6905,06/30/2023 19:04:40,19.13,,,
6906,06/30/2023 19:07:40,18.96,,,
6907,06/30/2023 19:10:40,18.57,,,
6908,06/30/2023 19:13:40,18.32,,,
6909,06/30/2023 19:16:40,18.06,,,
6910,06/30/2023 19:19:40,18.06,,,
6911,06/30/2023 19:22:40,17.93,,,
6912,06/30/2023 19:25:40,17.76,,,
6913,06/30/2023 19:28:40,17.59,,,
6914,06/30/2023 19:31:40,17.29,,,
6915,06/30/2023 19:34:40,17.16,,,
6916,06/30/2023 19:37:40,16.94,,,
6917,06/30/2023 19:40:40,16.90,,,
6918,06/30/2023 19:43:40,16.51,,,
6919,06/30/2023 19:46:40,16.21,,,
6920,06/30/2023 19:49:40,16.13,,,
6921,06/30/2023 19:52:40,15.87,,,
6922,06/30/2023 19:55:40,15.66,,,
6923,06/30/2023 19:58:40,15.44,,,
6924,06/30/2023 20:01:40,15.23,,,
6925,06/30/2023 20:04:40,14.93,,,
6926,06/30/2023 20:07:40,14.45,,,
6927,06/30/2023 20:10:40,13.98,,,
6928,06/30/2023 20:13:40,13.47,,,
6929,06/30/2023 20:16:40,13.12,,,
6930,06/30/2023 20:19:40,12.91,,,
6931,06/30/2023 20:22:40,12.61,,,
6932,06/30/2023 20:25:40,12.22,,,
6933,06/30/2023 20:28:40,12.01,,,
6934,06/30/2023 20:31:40,11.88,,,
6935,06/30/2023 20:34:40,11.62,,,
6936,06/30/2023 20:37:40,11.28,,,
6937,06/30/2023 20:40:40,11.24,,,
6938,06/30/2023 20:43:40,11.58,,,
6939,06/30/2023 20:46:40,11.28,,,
6940,06/30/2023 20:49:40,10.94,,,
6941,06/30/2023 20:52:40,10.55,,,
6942,06/30/2023 20:55:40,10.42,,,
6943,06/30/2023 20:58:40,10.29,,,
6944,06/30/2023 21:01:40,10.21,,,
6945,06/30/2023 21:04:40,9.78,,,
6946,06/30/2023 21:07:40,9.95,,,
6947,06/30/2023 21:10:40,9.95,,,
6948,06/30/2023 21:13:40,9.78,,,
6949,06/30/2023 21:16:40,9.61,,,
6950,06/30/2023 21:19:40,9.65,,,
6951,06/30/2023 21:22:40,9.82,,,
6952,06/30/2023 21:25:40,9.52,,,
6953,06/30/2023 21:28:40,9.22,,,
6954,06/30/2023 21:31:40,9.01,,,
6955,06/30/2023 21:34:40,8.83,,,
6956,06/30/2023 21:37:40,8.62,,,
6957,06/30/2023 21:40:40,8.36,,,
6958,06/30/2023 21:43:40,8.23,,,
6959,06/30/2023 21:46:40,8.19,,,
6960,06/30/2023 21:49:40,8.62,,,
6961,06/30/2023 21:52:40,8.32,,,
6962,06/30/2023 21:55:40,8.36,,,
6963,06/30/2023 21:58:40,8.92,,,
6964,06/30/2023 22:01:40,8.79,,,
6965,06/30/2023 22:04:40,8.62,,,
6966,06/30/2023 22:07:40,8.23,,,
6967,06/30/2023 22:10:40,7.89,,,
6968,06/30/2023 22:13:40,8.02,,,
6969,06/30/2023 22:16:40,8.02,,,
6970,06/30/2023 22:19:40,7.85,,,
6971,06/30/2023 22:22:40,7.98,,,
6972,06/30/2023 22:25:40,7.89,,,
6973,06/30/2023 22:28:40,7.59,,,
6974,06/30/2023 22:31:40,7.29,,,
6975,06/30/2023 22:34:40,7.42,,,
6976,06/30/2023 22:37:40,7.50,,,
6977,06/30/2023 22:40:40,7.55,,,
6978,06/30/2023 22:43:40,7.55,,,
6979,06/30/2023 22:46:40,7.46,,,
6980,06/30/2023 22:49:40,7.03,,,
6981,06/30/2023 22:52:40,6.90,,,
6982,06/30/2023 22:55:40,6.78,,,
6983,06/30/2023 22:58:40,6.60,,,
6984,06/30/2023 23:01:40,6.39,,,
6985,06/30/2023 23:04:40,6.35,,,
6986,06/30/2023 23:07:40,6.43,,,
6987,06/30/2023 23:10:40,6.35,,,
6988,06/30/2023 23:13:40,6.30,,,
6989,06/30/2023 23:16:40,6.48,,,
6990,06/30/2023 23:19:40,6.48,,,
6991,06/30/2023 23:22:40,6.30,,,
6992,06/30/2023 23:25:40,6.17,,,
6993,06/30/2023 23:28:40,6.09,,,
6994,06/30/2023 23:31:40,6.09,,,
6995,06/30/2023 23:34:40,6.13,,,
6996,06/30/2023 23:37:40,6.43,,,
6997,06/30/2023 23:40:40,6.17,,,
6998,06/30/2023 23:43:40,6.05,,,
6999,06/30/2023 23:46:40,5.96,,,
7000,06/30/2023 23:49:40,6.05,,,
7001,06/30/2023 23:52:40,6.00,,,
7002,06/30/2023 23:55:40,6.13,,,
7003,06/30/2023 23:58:40,6.09,,,
7004,07/01/2023 00:01:40,5.79,,,
7005,07/01/2023 00:04:40,5.70,,,
7006,07/01/2023 00:07:40,5.75,,,
7007,07/01/2023 00:10:40,5.40,,,
7008,07/01/2023 00:13:40,5.15,,,
7009,07/01/2023 00:16:40,5.10,,,
7010,07/01/2023 00:19:40,5.06,,,
7011,07/01/2023 00:22:40,5.02,,,
7012,07/01/2023 00:25:40,5.27,,,
7013,07/01/2023 00:28:40,4.93,,,
7014,07/01/2023 00:31:40,4.33,,,
7015,07/01/2023 00:34:40,4.46,,,
7016,07/01/2023 00:37:40,4.46,,,
7017,07/01/2023 00:40:40,4.80,,,
7018,07/01/2023 00:43:40,5.02,,,
7019,07/01/2023 00:46:40,5.19,,,
7020,07/01/2023 00:49:40,5.10,,,
7021,07/01/2023 00:52:40,5.02,,,
7022,07/01/2023 00:55:40,4.97,,,
7023,07/01/2023 00:58:40,5.15,,,
7024,07/01/2023 01:01:40,5.15,,,
7025,07/01/2023 01:04:40,4.89,,,
7026,07/01/2023 01:07:40,4.84,,,
7027,07/01/2023 01:10:40,4.63,,,
7028,07/01/2023 01:13:40,4.97,,,
7029,07/01/2023 01:16:40,5.15,,,
7030,07/01/2023 01:19:40,4.67,,,
7031,07/01/2023 01:22:40,4.50,,,
7032,07/01/2023 01:25:40,4.12,,,
7033,07/01/2023 01:28:40,3.90,,,
7034,07/01/2023 01:31:40,3.77,,,
7035,07/01/2023 01:34:40,3.73,,,
7036,07/01/2023 01:37:40,3.77,,,
7037,07/01/2023 01:40:40,3.82,,,
7038,07/01/2023 01:43:40,3.82,,,
7039,07/01/2023 01:46:40,3.73,,,
7040,07/01/2023 01:49:40,3.86,,,
7041,07/01/2023 01:52:40,3.69,,,
7042,07/01/2023 01:55:40,3.73,,,
7043,07/01/2023 01:58:40,3.73,,,
7044,07/01/2023 02:01:40,3.86,,,
7045,07/01/2023 02:04:40,4.03,,,
7046,07/01/2023 02:07:40,3.86,,,
7047,07/01/2023 02:10:40,3.90,,,
7048,07/01/2023 02:13:40,3.99,,,
7049,07/01/2023 02:16:40,4.12,,,
7050,07/01/2023 02:19:40,3.82,,,
7051,07/01/2023 02:22:40,3.60,,,
7052,07/01/2023 02:25:40,3.43,,,
7053,07/01/2023 02:28:40,3.47,,,
7054,07/01/2023 02:31:40,3.47,,,
7055,07/01/2023 02:34:40,3.34,,,
7056,07/01/2023 02:37:40,3.34,,,
7057,07/01/2023 02:40:40,3.43,,,
7058,07/01/2023 02:43:40,3.13,,,
7059,07/01/2023 02:46:40,3.30,,,
7060,07/01/2023 02:49:40,3.26,,,
7061,07/01/2023 02:52:40,3.34,,,
7062,07/01/2023 02:55:40,3.21,,,
7063,07/01/2023 02:58:40,3.26,,,
7064,07/01/2023 03:01:40,3.34,,,
7065,07/01/2023 03:04:40,3.43,,,
7066,07/01/2023 03:07:40,3.73,,,
7067,07/01/2023 03:10:40,3.69,,,
7068,07/01/2023 03:13:40,3.64,,,
7069,07/01/2023 03:16:40,3.30,,,
7070,07/01/2023 03:19:40,3.09,,,
7071,07/01/2023 03:22:40,2.91,,,
7072,07/01/2023 03:25:40,2.70,,,
7073,07/01/2023 03:28:40,3.09,,,
7074,07/01/2023 03:31:40,3.13,,,
7075,07/01/2023 03:34:40,3.04,,,
7076,07/01/2023 03:37:40,3.00,,,
7077,07/01/2023 03:40:40,2.79,,,
7078,07/01/2023 03:43:40,2.70,,,
7079,07/01/2023 03:46:40,2.57,,,
7080,07/01/2023 03:49:40,2.66,,,
7081,07/01/2023 03:52:40,2.74,,,
7082,07/01/2023 03:55:40,2.66,,,
7083,07/01/2023 03:58:40,2.57,,,
7084,07/01/2023 04:01:40,2.44,,,
7085,07/01/2023 04:04:40,2.14,,,
7086,07/01/2023 04:07:40,2.40,,,
7087,07/01/2023 04:10:40,2.61,,,
7088,07/01/2023 04:13:40,2.31,,,
7089,07/01/2023 04:16:40,1.80,,,
7090,07/01/2023 04:19:40,1.80,,,
7091,07/01/2023 04:22:40,1.63,,,
7092,07/01/2023 04:25:40,1.46,,,
7093,07/01/2023 04:28:40,1.37,,,
7094,07/01/2023 04:31:40,1.33,,,
7095,07/01/2023 04:34:40,1.88,,,
7096,07/01/2023 04:37:40,1.63,,,
7097,07/01/2023 04:40:40,1.46,,,
7098,07/01/2023 04:43:40,1.76,,,
7099,07/01/2023 04:46:40,1.71,,,
7100,07/01/2023 04:49:40,1.67,,,
7101,07/01/2023 04:52:40,1.76,,,
7102,07/01/2023 04:55:40,1.76,,,
7103,07/01/2023 04:58:40,1.37,,,
7104,07/01/2023 05:01:40,1.07,,,
7105,07/01/2023 05:04:40,1.11,,,
7106,07/01/2023 05:07:40,0.86,,,
7107,07/01/2023 05:10:40,0.98,,,
7108,07/01/2023 05:13:40,0.94,,,
7109,07/01/2023 05:16:40,0.90,,,
7110,07/01/2023 05:19:40,0.98,,,
7111,07/01/2023 05:22:40,1.07,,,
7112,07/01/2023 05:25:40,0.98,,,
7113,07/01/2023 05:28:40,0.73,,,
7114,07/01/2023 05:31:40,0.86,,,
7115,07/01/2023 05:34:40,0.77,,,
7116,07/01/2023 05:37:40,0.73,,,
7117,07/01/2023 05:40:40,0.94,,,
7118,07/01/2023 05:43:40,1.03,,,
7119,07/01/2023 05:46:40,0.73,,,
7120,07/01/2023 05:49:40,0.73,,,
7121,07/01/2023 05:52:40,0.64,,,
7122,07/01/2023 05:55:40,0.55,,,
7123,07/01/2023 05:58:40,0.64,,,
7124,07/01/2023 06:01:40,0.73,,,
7125,07/01/2023 06:04:40,0.90,,,
7126,07/01/2023 06:07:40,0.90,,,
7127,07/01/2023 06:10:40,1.07,,,
7128,07/01/2023 06:13:40,0.81,,,
7129,07/01/2023 06:16:40,0.81,,,
7130,07/01/2023 06:19:40,0.81,,,
7131,07/01/2023 06:22:40,0.98,,,
7132,07/01/2023 06:25:40,1.11,,,
7133,07/01/2023 06:28:40,0.98,,,
7134,07/01/2023 06:31:40,0.98,,,
7135,07/01/2023 06:34:40,1.03,,,
7136,07/01/2023 06:37:40,1.24,,,
7137,07/01/2023 06:40:40,1.37,,,
7138,07/01/2023 06:43:40,1.58,,,
7139,07/01/2023 06:46:40,1.80,,,
7140,07/01/2023 06:49:40,2.23,,,
7141,07/01/2023 06:52:40,2.66,,,
7142,07/01/2023 06:55:40,3.30,,,
7143,07/01/2023 06:58:40,3.94,,,
7144,07/01/2023 07:01:40,4.37,,,
7145,07/01/2023 07:04:40,4.67,,,
7146,07/01/2023 07:07:40,4.93,,,
7147,07/01/2023 07:10:40,5.32,,,
7148,07/01/2023 07:13:40,5.79,,,
7149,07/01/2023 07:16:40,6.17,,,
7150,07/01/2023 07:19:40,6.48,,,
7151,07/01/2023 07:22:40,6.82,,,
7152,07/01/2023 07:25:40,6.90,,,
7153,07/01/2023 07:28:40,6.95,,,
7154,07/01/2023 07:31:40,7.25,,,
7155,07/01/2023 07:34:40,7.50,,,
7156,07/01/2023 07:37:40,7.63,,,
7157,07/01/2023 07:40:40,7.81,,,
7158,07/01/2023 07:43:40,8.41,,,
7159,07/01/2023 07:46:40,8.83,,,
7160,07/01/2023 07:49:40,9.35,,,
7161,07/01/2023 07:52:40,9.91,,,
7162,07/01/2023 07:55:40,10.42,,,
7163,07/01/2023 07:58:40,10.72,,,
7164,07/01/2023 08:01:40,11.11,,,
7165,07/01/2023 08:04:40,11.45,,,
7166,07/01/2023 08:07:40,11.79,,,
7167,07/01/2023 08:10:40,12.65,,,
7168,07/01/2023 08:13:40,13.60,,,
7169,07/01/2023 08:16:40,14.15,,,
7170,07/01/2023 08:19:40,13.81,,,
7171,07/01/2023 08:22:40,13.38,,,
7172,07/01/2023 08:25:40,12.78,,,
7173,07/01/2023 08:28:40,12.52,,,
7174,07/01/2023 08:31:40,12.40,,,
7175,07/01/2023 08:34:40,12.35,,,
7176,07/01/2023 08:37:40,12.91,,,
7177,07/01/2023 08:40:40,12.82,,,
7178,07/01/2023 08:43:40,12.74,,,
7179,07/01/2023 08:46:40,13.17,,,
7180,07/01/2023 08:49:40,13.34,,,
7181,07/01/2023 08:52:40,13.08,,,
7182,07/01/2023 08:55:40,13.73,,,
7183,07/01/2023 08:58:40,13.98,,,
7184,07/01/2023 09:01:40,14.07,,,
7185,07/01/2023 09:04:40,14.45,,,
7186,07/01/2023 09:07:40,14.54,,,
7187,07/01/2023 09:10:40,13.81,,,
7188,07/01/2023 09:13:40,14.33,,,
7189,07/01/2023 09:16:40,14.33,,,
7190,07/01/2023 09:19:40,14.58,,,
7191,07/01/2023 09:22:40,14.63,,,
7192,07/01/2023 09:25:40,14.54,,,
7193,07/01/2023 09:28:40,15.10,,,
7194,07/01/2023 09:31:40,15.18,,,
7195,07/01/2023 09:34:40,15.06,,,
7196,07/01/2023 09:37:40,15.10,,,
7197,07/01/2023 09:40:40,14.93,,,
7198,07/01/2023 09:43:40,15.23,,,
7199,07/01/2023 09:46:40,15.74,,,
7200,07/01/2023 09:49:40,15.83,,,
7201,07/01/2023 09:52:40,16.08,,,
7202,07/01/2023 09:55:40,15.87,,,
7203,07/01/2023 09:58:40,16.39,,,
7204,07/01/2023 10:01:40,17.07,,,
7205,07/01/2023 10:04:40,17.16,,,
7206,07/01/2023 10:07:40,16.47,,,
7207,07/01/2023 10:10:40,16.94,,,
7208,07/01/2023 10:13:40,16.99,,,
7209,07/01/2023 10:16:40,17.33,,,
7210,07/01/2023 10:19:40,17.03,,,
7211,07/01/2023 10:22:40,18.62,,,
7212,07/01/2023 10:25:40,17.93,,,
7213,07/01/2023 10:28:40,17.97,,,
7214,07/01/2023 10:31:40,17.89,,,
7215,07/01/2023 10:34:40,17.67,,,
7216,07/01/2023 10:37:40,17.63,,,
7217,07/01/2023 10:40:40,17.54,,,
7218,07/01/2023 10:43:40,18.27,,,
7219,07/01/2023 10:46:40,18.02,,,
7220,07/01/2023 10:49:40,17.93,,,
7221,07/01/2023 10:52:40,18.06,,,
7222,07/01/2023 10:55:40,18.49,,,
7223,07/01/2023 10:58:40,18.19,,,
7224,07/01/2023 11:01:40,18.19,,,
7225,07/01/2023 11:04:40,19.05,,,
7226,07/01/2023 11:07:40,19.52,,,
7227,07/01/2023 11:10:40,19.95,,,
7228,07/01/2023 11:13:40,20.33,,,
7229,07/01/2023 11:16:40,20.07,,,
7230,07/01/2023 11:19:40,20.12,,,
7231,07/01/2023 11:22:40,20.25,,,
7232,07/01/2023 11:25:40,20.37,,,
7233,07/01/2023 11:28:40,20.80,,,
7234,07/01/2023 11:31:40,20.46,,,
7235,07/01/2023 11:34:40,21.10,,,
7236,07/01/2023 11:37:40,22.09,,,
7237,07/01/2023 11:40:40,22.09,,,
7238,07/01/2023 11:43:40,22.18,,,
7239,07/01/2023 11:46:40,23.12,,,
7240,07/01/2023 11:49:40,22.82,,,
7241,07/01/2023 11:52:40,23.12,,,
7242,07/01/2023 11:55:40,22.99,,,
7243,07/01/2023 11:58:40,22.31,,,
7244,07/01/2023 12:01:40,23.59,,,
7245,07/01/2023 12:04:40,23.68,,,
7246,07/01/2023 12:07:40,23.42,,,
7247,07/01/2023 12:10:40,22.95,,,
7248,07/01/2023 12:13:40,22.48,,,
7249,07/01/2023 12:16:40,22.56,,,
7250,07/01/2023 12:19:40,22.86,,,
7251,07/01/2023 12:22:40,21.62,,,
7252,07/01/2023 12:25:40,22.43,,,
7253,07/01/2023 12:28:40,22.78,,,
7254,07/01/2023 12:31:40,24.15,,,
7255,07/01/2023 12:34:40,24.24,,,
7256,07/01/2023 12:37:40,23.08,,,
7257,07/01/2023 12:40:40,23.51,,,
7258,07/01/2023 12:43:40,23.21,,,
7259,07/01/2023 12:46:40,22.69,,,
7260,07/01/2023 12:49:40,23.51,,,
7261,07/01/2023 12:52:40,23.46,,,
7262,07/01/2023 12:55:40,23.25,,,
7263,07/01/2023 12:58:40,23.34,,,
7264,07/01/2023 13:01:40,23.72,,,
7265,07/01/2023 13:04:40,24.11,,,
7266,07/01/2023 13:07:40,23.76,,,
7267,07/01/2023 13:10:40,23.64,,,
7268,07/01/2023 13:13:40,23.64,,,
7269,07/01/2023 13:16:40,23.42,,,
7270,07/01/2023 13:19:40,23.59,,,
7271,07/01/2023 13:22:40,23.72,,,
7272,07/01/2023 13:25:40,23.51,,,
7273,07/01/2023 13:28:40,23.51,,,
7274,07/01/2023 13:31:40,23.76,,,
7275,07/01/2023 13:34:40,22.82,,,
7276,07/01/2023 13:37:40,22.99,,,
7277,07/01/2023 13:40:40,23.42,,,
7278,07/01/2023 13:43:40,22.82,,,
7279,07/01/2023 13:46:40,23.94,,,
7280,07/01/2023 13:49:40,22.91,,,
7281,07/01/2023 13:52:40,23.21,,,
7282,07/01/2023 13:55:40,23.08,,,
7283,07/01/2023 13:58:40,23.42,,,
7284,07/01/2023 14:01:40,23.55,,,
7285,07/01/2023 14:04:40,23.72,,,
7286,07/01/2023 14:07:40,23.21,,,
7287,07/01/2023 14:10:40,23.08,,,
7288,07/01/2023 14:13:40,23.55,,,
7289,07/01/2023 14:16:40,23.46,,,
7290,07/01/2023 14:19:40,23.21,,,
7291,07/01/2023 14:22:40,23.98,,,
7292,07/01/2023 14:25:40,23.55,,,
7293,07/01/2023 14:28:40,23.42,,,
7294,07/01/2023 14:31:40,23.38,,,
7295,07/01/2023 14:34:40,23.38,,,
7296,07/01/2023 14:37:40,23.46,,,
7297,07/01/2023 14:40:40,23.72,,,
7298,07/01/2023 14:43:40,23.34,,,
7299,07/01/2023 14:46:40,23.16,,,
7300,07/01/2023 14:49:40,23.46,,,
7301,07/01/2023 14:52:40,23.72,,,
7302,07/01/2023 14:55:40,23.72,,,
7303,07/01/2023 14:58:40,23.98,,,
7304,07/01/2023 15:01:40,24.41,,,
7305,07/01/2023 15:04:40,24.62,,,
7306,07/01/2023 15:07:40,23.81,,,
7307,07/01/2023 15:10:40,23.42,,,
7308,07/01/2023 15:13:40,23.85,,,
7309,07/01/2023 15:16:40,24.15,,,
7310,07/01/2023 15:19:40,24.32,,,
7311,07/01/2023 15:22:40,24.24,,,
7312,07/01/2023 15:25:40,24.06,,,
7313,07/01/2023 15:28:40,24.06,,,
7314,07/01/2023 15:31:40,23.55,,,
7315,07/01/2023 15:34:40,23.94,,,
7316,07/01/2023 15:37:40,23.64,,,
7317,07/01/2023 15:40:40,23.68,,,
7318,07/01/2023 15:43:40,24.75,,,
7319,07/01/2023 15:46:40,24.06,,,
7320,07/01/2023 15:49:40,23.64,,,
7321,07/01/2023 15:52:40,23.25,,,
7322,07/01/2023 15:55:40,23.46,,,
7323,07/01/2023 15:58:40,23.46,,,
7324,07/01/2023 16:01:40,24.06,,,
7325,07/01/2023 16:04:40,23.72,,,
7326,07/01/2023 16:07:40,23.59,,,
7327,07/01/2023 16:10:40,23.72,,,
7328,07/01/2023 16:13:40,23.89,,,
7329,07/01/2023 16:16:40,23.25,,,
7330,07/01/2023 16:19:40,23.21,,,
7331,07/01/2023 16:22:40,23.42,,,
7332,07/01/2023 16:25:40,23.38,,,
7333,07/01/2023 16:28:40,23.42,,,
7334,07/01/2023 16:31:40,23.59,,,
7335,07/01/2023 16:34:40,23.98,,,
7336,07/01/2023 16:37:40,23.42,,,
7337,07/01/2023 16:40:40,23.46,,,
7338,07/01/2023 16:43:40,23.68,,,
7339,07/01/2023 16:46:40,23.42,,,
7340,07/01/2023 16:49:40,23.68,,,
7341,07/01/2023 16:52:40,23.59,,,
7342,07/01/2023 16:55:40,23.68,,,
7343,07/01/2023 16:58:40,23.68,,,
7344,07/01/2023 17:01:40,23.72,,,
7345,07/01/2023 17:04:40,24.02,,,
7346,07/01/2023 17:07:40,24.24,,,
7347,07/01/2023 17:10:40,23.51,,,
7348,07/01/2023 17:13:40,23.34,,,
7349,07/01/2023 17:16:40,23.76,,,
7350,07/01/2023 17:19:40,24.19,,,
7351,07/01/2023 17:22:40,23.55,,,
7352,07/01/2023 17:25:40,23.64,,,
7353,07/01/2023 17:28:40,23.89,,,
7354,07/01/2023 17:31:40,23.85,,,
7355,07/01/2023 17:34:40,23.59,,,
7356,07/01/2023 17:37:40,23.25,,,
7357,07/01/2023 17:40:40,23.21,,,
7358,07/01/2023 17:43:40,23.59,,,
7359,07/01/2023 17:46:40,23.29,,,
7360,07/01/2023 17:49:40,23.42,,,
7361,07/01/2023 17:52:40,23.29,,,
7362,07/01/2023 17:55:40,23.12,,,
7363,07/01/2023 17:58:40,22.86,,,
7364,07/01/2023 18:01:40,22.95,,,
7365,07/01/2023 18:04:40,22.95,,,
7366,07/01/2023 18:07:40,23.12,,,
7367,07/01/2023 18:10:40,22.99,,,
7368,07/01/2023 18:13:40,22.65,,,
7369,07/01/2023 18:16:40,22.82,,,
7370,07/01/2023 18:19:40,22.78,,,
7371,07/01/2023 18:22:40,22.69,,,
7372,07/01/2023 18:25:40,22.69,,,
7373,07/01/2023 18:28:40,22.48,,,
7374,07/01/2023 18:31:40,22.65,,,
7375,07/01/2023 18:34:40,22.56,,,
7376,07/01/2023 18:37:40,22.52,,,
7377,07/01/2023 18:40:40,22.26,,,
7378,07/01/2023 18:43:40,22.22,,,
7379,07/01/2023 18:46:40,22.18,,,
7380,07/01/2023 18:49:40,22.01,,,
7381,07/01/2023 18:52:40,21.88,,,
7382,07/01/2023 18:55:40,21.66,,,
7383,07/01/2023 18:58:40,21.58,,,
7384,07/01/2023 19:01:40,21.49,,,
7385,07/01/2023 19:04:40,21.45,,,
7386,07/01/2023 19:07:40,21.36,,,
7387,07/01/2023 19:10:40,21.15,,,
7388,07/01/2023 19:13:40,20.98,,,
7389,07/01/2023 19:16:40,20.80,,,
7390,07/01/2023 19:19:40,20.63,,,
7391,07/01/2023 19:22:40,20.46,,,
7392,07/01/2023 19:25:40,20.37,,,
7393,07/01/2023 19:28:40,20.03,,,
7394,07/01/2023 19:31:40,19.82,,,
7395,07/01/2023 19:34:40,19.60,,,
7396,07/01/2023 19:37:40,19.17,,,
7397,07/01/2023 19:40:40,18.74,,,
7398,07/01/2023 19:43:40,18.53,,,
7399,07/01/2023 19:46:40,18.36,,,
7400,07/01/2023 19:49:40,18.02,,,
7401,07/01/2023 19:52:40,17.72,,,
7402,07/01/2023 19:55:40,17.37,,,
7403,07/01/2023 19:58:40,17.03,,,
7404,07/01/2023 20:01:40,16.73,,,
7405,07/01/2023 20:04:40,16.47,,,
7406,07/01/2023 20:07:40,16.39,,,
7407,07/01/2023 20:10:40,16.08,,,
7408,07/01/2023 20:13:40,15.83,,,
7409,07/01/2023 20:16:40,15.74,,,
7410,07/01/2023 20:19:40,15.83,,,
7411,07/01/2023 20:22:40,15.48,,,
7412,07/01/2023 20:25:40,14.97,,,
7413,07/01/2023 20:28:40,14.50,,,
7414,07/01/2023 20:31:40,14.15,,,
7415,07/01/2023 20:34:40,14.15,,,
7416,07/01/2023 20:37:40,14.11,,,
7417,07/01/2023 20:40:40,13.98,,,
7418,07/01/2023 20:43:40,13.68,,,
7419,07/01/2023 20:46:40,13.30,,,
7420,07/01/2023 20:49:40,13.00,,,
7421,07/01/2023 20:52:40,12.70,,,
7422,07/01/2023 20:55:40,12.48,,,
7423,07/01/2023 20:58:40,12.52,,,
7424,07/01/2023 21:01:40,12.44,,,
7425,07/01/2023 21:04:40,12.01,,,
7426,07/01/2023 21:07:40,11.79,,,
7427,07/01/2023 21:10:40,11.75,,,
7428,07/01/2023 21:13:40,11.71,,,
7429,07/01/2023 21:16:40,11.58,,,
7430,07/01/2023 21:19:40,11.75,,,
7431,07/01/2023 21:22:40,12.14,,,
7432,07/01/2023 21:25:40,12.10,,,
7433,07/01/2023 21:28:40,12.40,,,
7434,07/01/2023 21:31:40,12.27,,,
7435,07/01/2023 21:34:40,12.05,,,
7436,07/01/2023 21:37:40,11.84,,,
7437,07/01/2023 21:40:40,11.58,,,
7438,07/01/2023 21:43:40,11.49,,,
7439,07/01/2023 21:46:40,11.62,,,
7440,07/01/2023 21:49:40,11.71,,,
7441,07/01/2023 21:52:40,11.67,,,
7442,07/01/2023 21:55:40,11.49,,,
7443,07/01/2023 21:58:40,10.98,,,
7444,07/01/2023 22:01:40,10.59,,,
7445,07/01/2023 22:04:40,10.42,,,
7446,07/01/2023 22:07:40,10.29,,,
7447,07/01/2023 22:10:40,10.34,,,
7448,07/01/2023 22:13:40,10.29,,,
7449,07/01/2023 22:16:40,10.46,,,
7450,07/01/2023 22:19:40,10.29,,,
7451,07/01/2023 22:22:40,10.12,,,
7452,07/01/2023 22:25:40,10.21,,,
7453,07/01/2023 22:28:40,9.82,,,
7454,07/01/2023 22:31:40,9.82,,,
7455,07/01/2023 22:34:40,9.91,,,
7456,07/01/2023 22:37:40,9.91,,,
7457,07/01/2023 22:40:40,9.56,,,
7458,07/01/2023 22:43:40,9.35,,,
7459,07/01/2023 22:46:40,9.22,,,
7460,07/01/2023 22:49:40,9.74,,,
7461,07/01/2023 22:52:40,9.86,,,
7462,07/01/2023 22:55:40,9.74,,,
7463,07/01/2023 22:58:40,9.48,,,
7464,07/01/2023 23:01:40,9.65,,,
7465,07/01/2023 23:04:40,9.86,,,
7466,07/01/2023 23:07:40,9.95,,,
7467,07/01/2023 23:10:40,9.78,,,
7468,07/01/2023 23:13:40,9.52,,,
7469,07/01/2023 23:16:40,9.52,,,
7470,07/01/2023 23:19:40,9.56,,,
7471,07/01/2023 23:22:40,9.48,,,
7472,07/01/2023 23:25:40,9.39,,,
7473,07/01/2023 23:28:40,8.92,,,
7474,07/01/2023 23:31:40,8.49,,,
7475,07/01/2023 23:34:40,8.58,,,
7476,07/01/2023 23:37:40,8.49,,,
7477,07/01/2023 23:40:40,8.06,,,
7478,07/01/2023 23:43:40,7.72,,,
7479,07/01/2023 23:46:40,7.72,,,
7480,07/01/2023 23:49:40,7.63,,,
7481,07/01/2023 23:52:40,7.63,,,
7482,07/01/2023 23:55:40,7.50,,,
7483,07/01/2023 23:58:40,7.33,,,
7484,07/02/2023 00:01:40,7.46,,,
7485,07/02/2023 00:04:40,8.11,,,
7486,07/02/2023 00:07:40,7.89,,,
7487,07/02/2023 00:10:40,7.59,,,
7488,07/02/2023 00:13:40,7.59,,,
7489,07/02/2023 00:16:40,7.42,,,
7490,07/02/2023 00:19:40,7.55,,,
7491,07/02/2023 00:22:40,7.25,,,
7492,07/02/2023 00:25:40,7.20,,,
7493,07/02/2023 00:28:40,7.16,,,
7494,07/02/2023 00:31:40,7.08,,,
7495,07/02/2023 00:34:40,7.08,,,
7496,07/02/2023 00:37:40,7.25,,,
7497,07/02/2023 00:40:40,7.29,,,
7498,07/02/2023 00:43:40,6.82,,,
7499,07/02/2023 00:46:40,6.69,,,
7500,07/02/2023 00:49:40,6.56,,,
7501,07/02/2023 00:52:40,6.48,,,
7502,07/02/2023 00:55:40,6.56,,,
7503,07/02/2023 00:58:40,6.48,,,
7504,07/02/2023 01:01:40,6.48,,,
7505,07/02/2023 01:04:40,6.52,,,
7506,07/02/2023 01:07:40,6.65,,,
7507,07/02/2023 01:10:40,6.30,,,
7508,07/02/2023 01:13:40,5.96,,,
7509,07/02/2023 01:16:40,5.96,,,
7510,07/02/2023 01:19:40,6.00,,,
7511,07/02/2023 01:22:40,6.17,,,
7512,07/02/2023 01:25:40,6.22,,,
7513,07/02/2023 01:28:40,6.35,,,
7514,07/02/2023 01:31:40,6.30,,,
7515,07/02/2023 01:34:40,6.30,,,
7516,07/02/2023 01:37:40,6.13,,,
7517,07/02/2023 01:40:40,5.66,,,
7518,07/02/2023 01:43:40,5.49,,,
7519,07/02/2023 01:46:40,5.27,,,
7520,07/02/2023 01:49:40,5.23,,,
7521,07/02/2023 01:52:40,5.15,,,
7522,07/02/2023 01:55:40,5.23,,,
7523,07/02/2023 01:58:40,5.15,,,
7524,07/02/2023 02:01:40,4.89,,,
7525,07/02/2023 02:04:40,4.93,,,
7526,07/02/2023 02:07:40,4.72,,,
7527,07/02/2023 02:10:40,4.54,,,
7528,07/02/2023 02:13:40,4.59,,,
7529,07/02/2023 02:16:40,4.46,,,
7530,07/02/2023 02:19:40,4.37,,,
7531,07/02/2023 02:22:40,4.29,,,
7532,07/02/2023 02:25:40,4.46,,,
7533,07/02/2023 02:28:40,4.33,,,
7534,07/02/2023 02:31:40,4.33,,,
7535,07/02/2023 02:34:40,4.54,,,
7536,07/02/2023 02:37:40,4.89,,,
7537,07/02/2023 02:40:40,4.76,,,
7538,07/02/2023 02:43:40,4.37,,,
7539,07/02/2023 02:46:40,4.16,,,
7540,07/02/2023 02:49:40,4.03,,,
7541,07/02/2023 02:52:40,3.94,,,
7542,07/02/2023 02:55:40,4.12,,,
7543,07/02/2023 02:58:40,3.94,,,
7544,07/02/2023 03:01:40,3.69,,,
7545,07/02/2023 03:04:40,3.77,,,
7546,07/02/2023 03:07:40,3.94,,,
7547,07/02/2023 03:10:40,3.99,,,
7548,07/02/2023 03:13:40,4.07,,,
7549,07/02/2023 03:16:40,3.86,,,
7550,07/02/2023 03:19:40,3.56,,,
7551,07/02/2023 03:22:40,3.39,,,
7552,07/02/2023 03:25:40,3.17,,,
7553,07/02/2023 03:28:40,3.21,,,
7554,07/02/2023 03:31:40,3.39,,,
7555,07/02/2023 03:34:40,3.39,,,
7556,07/02/2023 03:37:40,3.26,,,
7557,07/02/2023 03:40:40,3.09,,,
7558,07/02/2023 03:43:40,3.17,,,
7559,07/02/2023 03:46:40,3.21,,,
7560,07/02/2023 03:49:40,3.43,,,
7561,07/02/2023 03:52:40,3.30,,,
7562,07/02/2023 03:55:40,3.00,,,
7563,07/02/2023 03:58:40,2.87,,,
7564,07/02/2023 04:01:40,2.83,,,
7565,07/02/2023 04:04:40,2.79,,,
7566,07/02/2023 04:07:40,3.21,,,
7567,07/02/2023 04:10:40,3.39,,,
7568,07/02/2023 04:13:40,3.52,,,
7569,07/02/2023 04:16:40,3.26,,,
7570,07/02/2023 04:19:40,3.00,,,
7571,07/02/2023 04:22:40,2.87,,,
7572,07/02/2023 04:25:40,2.74,,,
7573,07/02/2023 04:28:40,2.70,,,
7574,07/02/2023 04:31:40,2.91,,,
7575,07/02/2023 04:34:40,2.91,,,
7576,07/02/2023 04:37:40,3.00,,,
7577,07/02/2023 04:40:40,2.96,,,
7578,07/02/2023 04:43:40,3.00,,,
7579,07/02/2023 04:46:40,3.04,,,
7580,07/02/2023 04:49:40,3.13,,,
7581,07/02/2023 04:52:40,2.87,,,
7582,07/02/2023 04:55:40,2.66,,,
7583,07/02/2023 04:58:40,2.53,,,
7584,07/02/2023 05:01:40,2.70,,,
7585,07/02/2023 05:04:40,2.57,,,
7586,07/02/2023 05:07:40,2.44,,,
7587,07/02/2023 05:10:40,2.36,,,
7588,07/02/2023 05:13:40,2.40,,,
7589,07/02/2023 05:16:40,2.44,,,
7590,07/02/2023 05:19:40,2.61,,,
7591,07/02/2023 05:22:40,2.74,,,
7592,07/02/2023 05:25:40,2.70,,,
7593,07/02/2023 05:28:40,2.87,,,
7594,07/02/2023 05:31:40,2.91,,,
7595,07/02/2023 05:34:40,2.91,,,
7596,07/02/2023 05:37:40,2.70,,,
7597,07/02/2023 05:40:40,2.57,,,
7598,07/02/2023 05:43:40,2.44,,,
7599,07/02/2023 05:46:40,2.44,,,
7600,07/02/2023 05:49:40,2.44,,,
7601,07/02/2023 05:52:40,2.53,,,
7602,07/02/2023 05:55:40,2.70,,,
7603,07/02/2023 05:58:40,2.44,,,
7604,07/02/2023 06:01:40,2.23,,,
7605,07/02/2023 06:04:40,2.36,,,
7606,07/02/2023 06:07:40,2.44,,,
7607,07/02/2023 06:10:40,2.36,,,
7608,07/02/2023 06:13:40,2.44,,,
7609,07/02/2023 06:16:40,2.83,,,
7610,07/02/2023 06:19:40,3.00,,,
7611,07/02/2023 06:22:40,3.04,,,
7612,07/02/2023 06:25:40,3.13,,,
7613,07/02/2023 06:28:40,3.17,,,
7614,07/02/2023 06:31:40,3.30,,,
7615,07/02/2023 06:34:40,3.26,,,
7616,07/02/2023 06:37:40,3.26,,,
7617,07/02/2023 06:40:40,3.13,,,
7618,07/02/2023 06:43:40,3.21,,,
7619,07/02/2023 06:46:40,3.30,,,
7620,07/02/2023 06:49:40,3.69,,,
7621,07/02/2023 06:52:40,4.37,,,
7622,07/02/2023 06:55:40,5.40,,,
7623,07/02/2023 06:58:40,6.78,,,
7624,07/02/2023 07:01:40,8.28,,,
7625,07/02/2023 07:04:40,8.15,,,
7626,07/02/2023 07:07:40,8.15,,,
7627,07/02/2023 07:10:40,8.45,,,
7628,07/02/2023 07:13:40,9.14,,,
7629,07/02/2023 07:16:40,9.39,,,
7630,07/02/2023 07:19:40,9.86,,,
7631,07/02/2023 07:22:40,10.16,,,
7632,07/02/2023 07:25:40,9.95,,,
7633,07/02/2023 07:28:40,10.55,,,
7634,07/02/2023 07:31:40,10.89,,,
7635,07/02/2023 07:34:40,10.77,,,
7636,07/02/2023 07:37:40,11.02,,,
7637,07/02/2023 07:40:40,11.24,,,
7638,07/02/2023 07:43:40,10.68,,,
7639,07/02/2023 07:46:40,10.64,,,
7640,07/02/2023 07:49:40,11.24,,,
7641,07/02/2023 07:52:40,11.58,,,
7642,07/02/2023 07:55:40,12.10,,,
7643,07/02/2023 07:58:40,12.44,,,
7644,07/02/2023 08:01:40,12.05,,,
7645,07/02/2023 08:04:40,12.14,,,
7646,07/02/2023 08:07:40,12.70,,,
7647,07/02/2023 08:10:40,13.60,,,
7648,07/02/2023 08:13:40,14.93,,,
7649,07/02/2023 08:16:40,14.45,,,
7650,07/02/2023 08:19:40,14.07,,,
7651,07/02/2023 08:22:40,14.03,,,
7652,07/02/2023 08:25:40,14.20,,,
7653,07/02/2023 08:28:40,14.03,,,
7654,07/02/2023 08:31:40,13.55,,,
7655,07/02/2023 08:34:40,13.94,,,
7656,07/02/2023 08:37:40,13.98,,,
7657,07/02/2023 08:40:40,14.28,,,
7658,07/02/2023 08:43:40,14.63,,,
7659,07/02/2023 08:46:40,14.50,,,
7660,07/02/2023 08:49:40,14.50,,,
7661,07/02/2023 08:52:40,14.58,,,
7662,07/02/2023 08:55:40,14.20,,,
7663,07/02/2023 08:58:40,14.15,,,
7664,07/02/2023 09:01:40,14.93,,,
7665,07/02/2023 09:04:40,15.18,,,
7666,07/02/2023 09:07:40,15.18,,,
7667,07/02/2023 09:10:40,15.31,,,
7668,07/02/2023 09:13:40,15.53,,,
7669,07/02/2023 09:16:40,15.61,,,
7670,07/02/2023 09:19:40,16.34,,,
7671,07/02/2023 09:22:40,16.51,,,
7672,07/02/2023 09:25:40,16.73,,,
7673,07/02/2023 09:28:40,16.51,,,
7674,07/02/2023 09:31:40,17.07,,,
7675,07/02/2023 09:34:40,17.11,,,
7676,07/02/2023 09:37:40,16.60,,,
7677,07/02/2023 09:40:40,16.81,,,
7678,07/02/2023 09:43:40,17.29,,,
7679,07/02/2023 09:46:40,17.07,,,
7680,07/02/2023 09:49:40,17.46,,,
7681,07/02/2023 09:52:40,17.84,,,
7682,07/02/2023 09:55:40,18.23,,,
7683,07/02/2023 09:58:40,18.14,,,
7684,07/02/2023 10:01:40,18.27,,,
7685,07/02/2023 10:04:40,18.83,,,
7686,07/02/2023 10:07:40,18.66,,,
7687,07/02/2023 10:10:40,18.79,,,
7688,07/02/2023 10:13:40,19.13,,,
7689,07/02/2023 10:16:40,19.22,,,
7690,07/02/2023 10:19:40,19.82,,,
7691,07/02/2023 10:22:40,21.32,,,
7692,07/02/2023 10:25:40,20.46,,,
7693,07/02/2023 10:28:40,20.89,,,
7694,07/02/2023 10:31:40,20.42,,,
7695,07/02/2023 10:34:40,21.58,,,
7696,07/02/2023 10:37:40,21.79,,,
7697,07/02/2023 10:40:40,21.23,,,
7698,07/02/2023 10:43:40,20.55,,,
7699,07/02/2023 10:46:40,20.46,,,
7700,07/02/2023 10:49:40,20.46,,,
7701,07/02/2023 10:52:40,18.79,,,
7702,07/02/2023 10:55:40,18.02,,,
7703,07/02/2023 10:58:40,18.87,,,
7704,07/02/2023 11:01:40,20.72,,,
7705,07/02/2023 11:04:40,21.23,,,
7706,07/02/2023 11:07:40,21.92,,,
7707,07/02/2023 11:10:40,22.43,,,
7708,07/02/2023 11:13:40,21.79,,,
7709,07/02/2023 11:16:40,20.76,,,
7710,07/02/2023 11:19:40,20.42,,,
7711,07/02/2023 11:22:40,21.70,,,
7712,07/02/2023 11:25:40,22.22,,,
7713,07/02/2023 11:28:40,22.35,,,
7714,07/02/2023 11:31:40,23.12,,,
7715,07/02/2023 11:34:40,23.21,,,
7716,07/02/2023 11:37:40,22.78,,,
7717,07/02/2023 11:40:40,23.38,,,
7718,07/02/2023 11:43:40,23.94,,,
7719,07/02/2023 11:46:40,24.36,,,
7720,07/02/2023 11:49:40,23.25,,,
7721,07/02/2023 11:52:40,24.06,,,
7722,07/02/2023 11:55:40,22.86,,,
7723,07/02/2023 11:58:40,22.65,,,
7724,07/02/2023 12:01:40,22.05,,,
7725,07/02/2023 12:04:40,21.49,,,
7726,07/02/2023 12:07:40,20.93,,,
7727,07/02/2023 12:10:40,20.72,,,
7728,07/02/2023 12:13:40,20.42,,,
7729,07/02/2023 12:16:40,19.47,,,
7730,07/02/2023 12:19:40,19.05,,,
7731,07/02/2023 12:22:40,19.00,,,
7732,07/02/2023 12:25:40,19.43,,,
7733,07/02/2023 12:28:40,21.28,,,
7734,07/02/2023 12:31:40,21.10,,,
7735,07/02/2023 12:34:40,20.20,,,
7736,07/02/2023 12:37:40,19.17,,,
7737,07/02/2023 12:40:40,18.79,,,
7738,07/02/2023 12:43:40,18.87,,,
7739,07/02/2023 12:46:40,18.70,,,
7740,07/02/2023 12:49:40,18.36,,,
7741,07/02/2023 12:52:40,18.53,,,
7742,07/02/2023 12:55:40,18.44,,,
7743,07/02/2023 12:58:40,18.44,,,
7744,07/02/2023 13:01:40,18.66,,,
7745,07/02/2023 13:04:40,19.09,,,
7746,07/02/2023 13:07:40,19.56,,,
7747,07/02/2023 13:10:40,19.52,,,
7748,07/02/2023 13:13:40,19.95,,,
7749,07/02/2023 13:16:40,20.25,,,
7750,07/02/2023 13:19:40,20.33,,,
7751,07/02/2023 13:22:40,20.37,,,
7752,07/02/2023 13:25:40,20.72,,,
7753,07/02/2023 13:28:40,19.22,,,
7754,07/02/2023 13:31:40,18.32,,,
7755,07/02/2023 13:34:40,18.14,,,
7756,07/02/2023 13:37:40,18.57,,,
7757,07/02/2023 13:40:40,19.52,,,
7758,07/02/2023 13:43:40,20.46,,,
7759,07/02/2023 13:46:40,20.68,,,
7760,07/02/2023 13:49:40,20.59,,,
7761,07/02/2023 13:52:40,20.85,,,
7762,07/02/2023 13:55:40,21.06,,,
7763,07/02/2023 13:58:40,21.40,,,
7764,07/02/2023 14:01:40,21.53,,,
7765,07/02/2023 14:04:40,22.01,,,
7766,07/02/2023 14:07:40,22.43,,,
7767,07/02/2023 14:10:40,22.78,,,
7768,07/02/2023 14:13:40,22.26,,,
7769,07/02/2023 14:16:40,22.78,,,
7770,07/02/2023 14:19:40,23.12,,,
7771,07/02/2023 14:22:40,23.51,,,
7772,07/02/2023 14:25:40,23.94,,,
7773,07/02/2023 14:28:40,23.89,,,
7774,07/02/2023 14:31:40,23.68,,,
7775,07/02/2023 14:34:40,23.68,,,
7776,07/02/2023 14:37:40,24.15,,,
7777,07/02/2023 14:40:40,23.85,,,
7778,07/02/2023 14:43:40,24.62,,,
7779,07/02/2023 14:46:40,24.02,,,
7780,07/02/2023 14:49:40,24.36,,,
7781,07/02/2023 14:52:40,25.01,,,
7782,07/02/2023 14:55:40,25.18,,,
7783,07/02/2023 14:58:40,24.02,,,
7784,07/02/2023 15:01:40,23.12,,,
7785,07/02/2023 15:04:40,22.78,,,
7786,07/02/2023 15:07:40,22.31,,,
7787,07/02/2023 15:10:40,22.52,,,
7788,07/02/2023 15:13:40,22.61,,,
7789,07/02/2023 15:16:40,22.48,,,
7790,07/02/2023 15:19:40,22.65,,,
7791,07/02/2023 15:22:40,23.89,,,
7792,07/02/2023 15:25:40,23.51,,,
7793,07/02/2023 15:28:40,23.42,,,
7794,07/02/2023 15:31:40,23.89,,,
7795,07/02/2023 15:34:40,24.02,,,
7796,07/02/2023 15:37:40,23.25,,,
7797,07/02/2023 15:40:40,24.32,,,
7798,07/02/2023 15:43:40,24.19,,,
7799,07/02/2023 15:46:40,24.19,,,
7800,07/02/2023 15:49:40,22.78,,,
7801,07/02/2023 15:52:40,23.16,,,
7802,07/02/2023 15:55:40,24.49,,,
7803,07/02/2023 15:58:40,24.19,,,
7804,07/02/2023 16:01:40,24.41,,,
7805,07/02/2023 16:04:40,24.49,,,
7806,07/02/2023 16:07:40,24.62,,,
7807,07/02/2023 16:10:40,24.41,,,
7808,07/02/2023 16:13:40,23.42,,,
7809,07/02/2023 16:16:40,22.13,,,
7810,07/02/2023 16:19:40,22.48,,,
7811,07/02/2023 16:22:40,24.02,,,
7812,07/02/2023 16:25:40,23.94,,,
7813,07/02/2023 16:28:40,23.76,,,
7814,07/02/2023 16:31:40,24.02,,,
7815,07/02/2023 16:34:40,24.06,,,
7816,07/02/2023 16:37:40,23.94,,,
7817,07/02/2023 16:40:40,24.24,,,
7818,07/02/2023 16:43:40,23.64,,,
7819,07/02/2023 16:46:40,23.98,,,
7820,07/02/2023 16:49:40,24.36,,,
7821,07/02/2023 16:52:40,24.45,,,
7822,07/02/2023 16:55:40,23.85,,,
7823,07/02/2023 16:58:40,24.06,,,
7824,07/02/2023 17:01:40,24.15,,,
7825,07/02/2023 17:04:40,24.24,,,
7826,07/02/2023 17:07:40,24.58,,,
7827,07/02/2023 17:10:40,24.32,,,
7828,07/02/2023 17:13:40,24.19,,,
7829,07/02/2023 17:16:40,24.11,,,
7830,07/02/2023 17:19:40,24.54,,,
7831,07/02/2023 17:22:40,24.36,,,
7832,07/02/2023 17:25:40,24.49,,,
7833,07/02/2023 17:28:40,24.06,,,
7834,07/02/2023 17:31:40,23.85,,,
7835,07/02/2023 17:34:40,23.98,,,
7836,07/02/2023 17:37:40,24.02,,,
7837,07/02/2023 17:40:40,24.36,,,
7838,07/02/2023 17:43:40,24.32,,,
7839,07/02/2023 17:46:40,24.49,,,
7840,07/02/2023 17:49:40,23.94,,,
7841,07/02/2023 17:52:40,23.64,,,
7842,07/02/2023 17:55:40,23.59,,,
7843,07/02/2023 17:58:40,23.29,,,
7844,07/02/2023 18:01:40,23.38,,,
7845,07/02/2023 18:04:40,23.21,,,
7846,07/02/2023 18:07:40,23.12,,,
7847,07/02/2023 18:10:40,22.73,,,
7848,07/02/2023 18:13:40,23.25,,,
7849,07/02/2023 18:16:40,23.03,,,
7850,07/02/2023 18:19:40,22.05,,,
7851,07/02/2023 18:22:40,21.40,,,
7852,07/02/2023 18:25:40,20.93,,,
7853,07/02/2023 18:28:40,20.68,,,
7854,07/02/2023 18:31:40,20.29,,,
7855,07/02/2023 18:34:40,19.56,,,
7856,07/02/2023 18:37:40,19.35,,,
7857,07/02/2023 18:40:40,19.39,,,
7858,07/02/2023 18:43:40,19.82,,,
7859,07/02/2023 18:46:40,19.86,,,
7860,07/02/2023 18:49:40,19.60,,,
7861,07/02/2023 18:52:40,19.35,,,
7862,07/02/2023 18:55:40,18.96,,,
7863,07/02/2023 18:58:40,18.32,,,
7864,07/02/2023 19:01:40,17.84,,,
7865,07/02/2023 19:04:40,17.54,,,
7866,07/02/2023 19:07:40,17.46,,,
7867,07/02/2023 19:10:40,17.24,,,
7868,07/02/2023 19:13:40,17.50,,,
7869,07/02/2023 19:16:40,17.54,,,
7870,07/02/2023 19:19:40,17.37,,,
7871,07/02/2023 19:22:40,17.16,,,
7872,07/02/2023 19:25:40,16.94,,,
7873,07/02/2023 19:28:40,16.73,,,
7874,07/02/2023 19:31:40,16.56,,,
7875,07/02/2023 19:34:40,16.34,,,
7876,07/02/2023 19:37:40,16.26,,,
7877,07/02/2023 19:40:40,16.56,,,
7878,07/02/2023 19:43:40,16.90,,,
7879,07/02/2023 19:46:40,17.07,,,
7880,07/02/2023 19:49:40,16.90,,,
7881,07/02/2023 19:52:40,16.86,,,
7882,07/02/2023 19:55:40,16.69,,,
7883,07/02/2023 19:58:40,16.34,,,
7884,07/02/2023 20:01:40,15.96,,,
7885,07/02/2023 20:04:40,15.44,,,
7886,07/02/2023 20:07:40,15.10,,,
7887,07/02/2023 20:10:40,14.84,,,
7888,07/02/2023 20:13:40,14.54,,,
7889,07/02/2023 20:16:40,14.07,,,
7890,07/02/2023 20:19:40,13.81,,,
7891,07/02/2023 20:22:40,13.47,,,
7892,07/02/2023 20:25:40,13.30,,,
7893,07/02/2023 20:28:40,13.21,,,
7894,07/02/2023 20:31:40,13.43,,,
7895,07/02/2023 20:34:40,13.12,,,
7896,07/02/2023 20:37:40,12.78,,,
7897,07/02/2023 20:40:40,12.61,,,
7898,07/02/2023 20:43:40,12.27,,,
7899,07/02/2023 20:46:40,11.92,,,
7900,07/02/2023 20:49:40,11.88,,,
7901,07/02/2023 20:52:40,11.71,,,
7902,07/02/2023 20:55:40,11.49,,,
7903,07/02/2023 20:58:40,11.24,,,
7904,07/02/2023 21:01:40,11.28,,,
7905,07/02/2023 21:04:40,10.89,,,
7906,07/02/2023 21:07:40,10.72,,,
7907,07/02/2023 21:10:40,10.55,,,
7908,07/02/2023 21:13:40,11.11,,,
7909,07/02/2023 21:16:40,11.19,,,
7910,07/02/2023 21:19:40,10.89,,,
7911,07/02/2023 21:22:40,10.68,,,
7912,07/02/2023 21:25:40,10.42,,,
7913,07/02/2023 21:28:40,10.29,,,
7914,07/02/2023 21:31:40,10.08,,,
7915,07/02/2023 21:34:40,9.82,,,
7916,07/02/2023 21:37:40,9.91,,,
7917,07/02/2023 21:40:40,9.86,,,
7918,07/02/2023 21:43:40,9.82,,,
7919,07/02/2023 21:46:40,9.61,,,
7920,07/02/2023 21:49:40,9.05,,,
7921,07/02/2023 21:52:40,8.96,,,
7922,07/02/2023 21:55:40,8.88,,,
7923,07/02/2023 21:58:40,8.66,,,
7924,07/02/2023 22:01:40,8.58,,,
7925,07/02/2023 22:04:40,8.58,,,
7926,07/02/2023 22:07:40,8.75,,,
7927,07/02/2023 22:10:40,8.66,,,
7928,07/02/2023 22:13:40,8.53,,,
7929,07/02/2023 22:16:40,8.32,,,
7930,07/02/2023 22:19:40,8.23,,,
7931,07/02/2023 22:22:40,8.28,,,
7932,07/02/2023 22:25:40,8.19,,,
7933,07/02/2023 22:28:40,8.11,,,
7934,07/02/2023 22:31:40,8.19,,,
7935,07/02/2023 22:34:40,8.11,,,
7936,07/02/2023 22:37:40,8.02,,,
7937,07/02/2023 22:40:40,7.72,,,
7938,07/02/2023 22:43:40,7.59,,,
7939,07/02/2023 22:46:40,7.76,,,
7940,07/02/2023 22:49:40,7.81,,,
7941,07/02/2023 22:52:40,7.85,,,
7942,07/02/2023 22:55:40,7.89,,,
7943,07/02/2023 22:58:40,7.93,,,
7944,07/02/2023 23:01:40,8.28,,,
7945,07/02/2023 23:04:40,8.19,,,
7946,07/02/2023 23:07:40,8.28,,,
7947,07/02/2023 23:10:40,8.49,,,
7948,07/02/2023 23:13:40,8.23,,,
7949,07/02/2023 23:16:40,7.85,,,
7950,07/02/2023 23:19:40,8.28,,,
7951,07/02/2023 23:22:40,8.36,,,
7952,07/02/2023 23:25:40,8.02,,,
7953,07/02/2023 23:28:40,7.85,,,
7954,07/02/2023 23:31:40,7.76,,,
7955,07/02/2023 23:34:40,8.02,,,
7956,07/02/2023 23:37:40,8.11,,,
7957,07/02/2023 23:40:40,7.81,,,
7958,07/02/2023 23:43:40,7.29,,,
7959,07/02/2023 23:46:40,7.38,,,
7960,07/02/2023 23:49:40,7.33,,,
7961,07/02/2023 23:52:40,6.99,,,
7962,07/02/2023 23:55:40,6.56,,,
7963,07/02/2023 23:58:40,6.86,,,
7964,07/03/2023 00:01:40,6.99,,,
7965,07/03/2023 00:04:40,7.08,,,
7966,07/03/2023 00:07:40,6.86,,,
7967,07/03/2023 00:10:40,6.69,,,
7968,07/03/2023 00:13:40,6.82,,,
7969,07/03/2023 00:16:40,6.60,,,
7970,07/03/2023 00:19:40,6.22,,,
7971,07/03/2023 00:22:40,6.09,,,
7972,07/03/2023 00:25:40,6.22,,,
7973,07/03/2023 00:28:40,6.13,,,
7974,07/03/2023 00:31:40,6.05,,,
7975,07/03/2023 00:34:40,5.83,,,
7976,07/03/2023 00:37:40,5.66,,,
7977,07/03/2023 00:40:40,5.70,,,
7978,07/03/2023 00:43:40,5.70,,,
7979,07/03/2023 00:46:40,5.92,,,
7980,07/03/2023 00:49:40,5.92,,,
7981,07/03/2023 00:52:40,6.05,,,
7982,07/03/2023 00:55:40,5.66,,,
7983,07/03/2023 00:58:40,5.36,,,
7984,07/03/2023 01:01:40,5.45,,,
7985,07/03/2023 01:04:40,5.32,,,
7986,07/03/2023 01:07:40,5.32,,,
7987,07/03/2023 01:10:40,5.32,,,
7988,07/03/2023 01:13:40,5.49,,,
7989,07/03/2023 01:16:40,5.36,,,
7990,07/03/2023 01:19:40,5.19,,,
7991,07/03/2023 01:22:40,5.10,,,
7992,07/03/2023 01:25:40,4.80,,,
7993,07/03/2023 01:28:40,4.63,,,
7994,07/03/2023 01:31:40,4.72,,,
7995,07/03/2023 01:34:40,4.76,,,
7996,07/03/2023 01:37:40,4.50,,,
7997,07/03/2023 01:40:40,4.42,,,
7998,07/03/2023 01:43:40,4.50,,,
7999,07/03/2023 01:46:40,4.76,,,
8000,07/03/2023 01:49:40,4.80,,,
8001,07/03/2023 01:52:40,4.84,,,
8002,07/03/2023 01:55:40,4.72,,,
8003,07/03/2023 01:58:40,4.42,,,
8004,07/03/2023 02:01:40,4.50,,,
8005,07/03/2023 02:04:40,4.59,,,
8006,07/03/2023 02:07:40,4.63,,,
8007,07/03/2023 02:10:40,4.63,,,
8008,07/03/2023 02:13:40,4.24,,,
8009,07/03/2023 02:16:40,4.03,,,
8010,07/03/2023 02:19:40,3.82,,,
8011,07/03/2023 02:22:40,3.94,,,
8012,07/03/2023 02:25:40,3.99,,,
8013,07/03/2023 02:28:40,4.07,,,
8014,07/03/2023 02:31:40,4.07,,,
8015,07/03/2023 02:34:40,3.77,,,
8016,07/03/2023 02:37:40,3.60,,,
8017,07/03/2023 02:40:40,3.73,,,
8018,07/03/2023 02:43:40,3.82,,,
8019,07/03/2023 02:46:40,4.03,,,
8020,07/03/2023 02:49:40,4.20,,,
8021,07/03/2023 02:52:40,4.24,,,
8022,07/03/2023 02:55:40,4.16,,,
8023,07/03/2023 02:58:40,3.82,,,
8024,07/03/2023 03:01:40,3.60,,,
8025,07/03/2023 03:04:40,3.43,,,
8026,07/03/2023 03:07:40,3.17,,,
8027,07/03/2023 03:10:40,3.21,,,
8028,07/03/2023 03:13:40,3.21,,,
8029,07/03/2023 03:16:40,3.60,,,
8030,07/03/2023 03:19:40,3.73,,,
8031,07/03/2023 03:22:40,3.60,,,
8032,07/03/2023 03:25:40,3.64,,,
8033,07/03/2023 03:28:40,3.56,,,
8034,07/03/2023 03:31:40,3.47,,,
8035,07/03/2023 03:34:40,3.13,,,
8036,07/03/2023 03:37:40,3.21,,,
8037,07/03/2023 03:40:40,3.56,,,
8038,07/03/2023 03:43:40,3.77,,,
8039,07/03/2023 03:46:40,3.56,,,
8040,07/03/2023 03:49:40,3.43,,,
8041,07/03/2023 03:52:40,3.21,,,
8042,07/03/2023 03:55:40,3.13,,,
8043,07/03/2023 03:58:40,2.91,,,
8044,07/03/2023 04:01:40,2.83,,,
8045,07/03/2023 04:04:40,2.79,,,
8046,07/03/2023 04:07:40,2.74,,,
8047,07/03/2023 04:10:40,2.57,,,
8048,07/03/2023 04:13:40,2.61,,,
8049,07/03/2023 04:16:40,2.61,,,
8050,07/03/2023 04:19:40,2.74,,,
8051,07/03/2023 04:22:40,3.17,,,
8052,07/03/2023 04:25:40,3.21,,,
8053,07/03/2023 04:28:40,3.21,,,
8054,07/03/2023 04:31:40,2.91,,,
8055,07/03/2023 04:34:40,2.70,,,
8056,07/03/2023 04:37:40,2.74,,,
8057,07/03/2023 04:40:40,2.79,,,
8058,07/03/2023 04:43:40,2.70,,,
8059,07/03/2023 04:46:40,2.70,,,
8060,07/03/2023 04:49:40,2.61,,,
8061,07/03/2023 04:52:40,2.49,,,
8062,07/03/2023 04:55:40,2.49,,,
8063,07/03/2023 04:58:40,2.66,,,
8064,07/03/2023 05:01:40,2.66,,,
8065,07/03/2023 05:04:40,2.61,,,
8066,07/03/2023 05:07:40,2.66,,,
8067,07/03/2023 05:10:40,2.66,,,
8068,07/03/2023 05:13:40,2.61,,,
8069,07/03/2023 05:16:40,2.49,,,
8070,07/03/2023 05:19:40,2.36,,,
8071,07/03/2023 05:22:40,2.74,,,
8072,07/03/2023 05:25:40,2.74,,,
8073,07/03/2023 05:28:40,2.27,,,
8074,07/03/2023 05:31:40,2.31,,,
8075,07/03/2023 05:34:40,2.53,,,
8076,07/03/2023 05:37:40,2.40,,,
8077,07/03/2023 05:40:40,2.14,,,
8078,07/03/2023 05:43:40,2.31,,,
8079,07/03/2023 05:46:40,2.19,,,
8080,07/03/2023 05:49:40,2.10,,,
8081,07/03/2023 05:52:40,2.06,,,
8082,07/03/2023 05:55:40,2.01,,,
8083,07/03/2023 05:58:40,2.06,,,
8084,07/03/2023 06:01:40,2.10,,,
8085,07/03/2023 06:04:40,2.19,,,
8086,07/03/2023 06:07:40,1.93,,,
8087,07/03/2023 06:10:40,1.80,,,
8088,07/03/2023 06:13:40,1.93,,,
8089,07/03/2023 06:16:40,2.06,,,
8090,07/03/2023 06:19:40,2.23,,,
8091,07/03/2023 06:22:40,2.36,,,
8092,07/03/2023 06:25:40,2.44,,,
8093,07/03/2023 06:28:40,2.27,,,
8094,07/03/2023 06:31:40,2.14,,,
8095,07/03/2023 06:34:40,2.49,,,
8096,07/03/2023 06:37:40,2.91,,,
8097,07/03/2023 06:40:40,2.83,,,
8098,07/03/2023 06:43:40,2.96,,,
8099,07/03/2023 06:46:40,3.04,,,
8100,07/03/2023 06:49:40,3.47,,,
8101,07/03/2023 06:52:40,4.03,,,
8102,07/03/2023 06:55:40,4.84,,,
8103,07/03/2023 06:58:40,5.70,,,
8104,07/03/2023 07:01:40,6.39,,,
8105,07/03/2023 07:04:40,6.82,,,
8106,07/03/2023 07:07:40,7.03,,,
8107,07/03/2023 07:10:40,6.90,,,
8108,07/03/2023 07:13:40,7.55,,,
8109,07/03/2023 07:16:40,7.12,,,
8110,07/03/2023 07:19:40,7.50,,,
8111,07/03/2023 07:22:40,8.23,,,
8112,07/03/2023 07:25:40,9.05,,,
8113,07/03/2023 07:28:40,9.48,,,
8114,07/03/2023 07:31:40,9.09,,,
8115,07/03/2023 07:34:40,9.14,,,
8116,07/03/2023 07:37:40,9.69,,,
8117,07/03/2023 07:40:40,9.91,,,
8118,07/03/2023 07:43:40,10.34,,,
8119,07/03/2023 07:46:40,10.64,,,
8120,07/03/2023 07:49:40,11.11,,,
8121,07/03/2023 07:52:40,10.94,,,
8122,07/03/2023 07:55:40,11.45,,,
8123,07/03/2023 07:58:40,11.49,,,
8124,07/03/2023 08:01:40,11.88,,,
8125,07/03/2023 08:04:40,12.18,,,
8126,07/03/2023 08:07:40,13.90,,,
8127,07/03/2023 08:10:40,14.45,,,
8128,07/03/2023 08:13:40,15.01,,,
8129,07/03/2023 08:16:40,14.97,,,
8130,07/03/2023 08:19:40,15.83,,,
8131,07/03/2023 08:22:40,14.28,,,
8132,07/03/2023 08:25:40,14.28,,,
8133,07/03/2023 08:28:40,14.84,,,
8134,07/03/2023 08:31:40,14.33,,,
8135,07/03/2023 08:34:40,14.67,,,
8136,07/03/2023 08:37:40,15.06,,,
8137,07/03/2023 08:40:40,15.40,,,
8138,07/03/2023 08:43:40,15.70,,,
8139,07/03/2023 08:46:40,15.70,,,
8140,07/03/2023 08:49:40,16.04,,,
8141,07/03/2023 08:52:40,16.99,,,
8142,07/03/2023 08:55:40,18.14,,,
8143,07/03/2023 08:58:40,17.80,,,
8144,07/03/2023 09:01:40,17.59,,,
8145,07/03/2023 09:04:40,18.83,,,
8146,07/03/2023 09:07:40,18.02,,,
8147,07/03/2023 09:10:40,18.44,,,
8148,07/03/2023 09:13:40,18.32,,,
8149,07/03/2023 09:16:40,18.92,,,
8150,07/03/2023 09:19:40,17.93,,,
8151,07/03/2023 09:22:40,19.09,,,
8152,07/03/2023 09:25:40,18.53,,,
8153,07/03/2023 09:28:40,18.14,,,
8154,07/03/2023 09:31:40,18.74,,,
8155,07/03/2023 09:34:40,19.60,,,
8156,07/03/2023 09:37:40,19.05,,,
8157,07/03/2023 09:40:40,18.70,,,
8158,07/03/2023 09:43:40,19.73,,,
8159,07/03/2023 09:46:40,19.69,,,
8160,07/03/2023 09:49:40,19.60,,,
8161,07/03/2023 09:52:40,19.69,,,
8162,07/03/2023 09:55:40,19.35,,,
8163,07/03/2023 09:58:40,20.93,,,
8164,07/03/2023 10:01:40,21.10,,,
8165,07/03/2023 10:04:40,19.43,,,
8166,07/03/2023 10:07:40,19.17,,,
8167,07/03/2023 10:10:40,19.69,,,
8168,07/03/2023 10:13:40,20.07,,,
8169,07/03/2023 10:16:40,19.99,,,
8170,07/03/2023 10:19:40,20.03,,,
8171,07/03/2023 10:22:40,20.16,,,
8172,07/03/2023 10:25:40,19.82,,,
8173,07/03/2023 10:28:40,20.42,,,
8174,07/03/2023 10:31:40,19.99,,,
8175,07/03/2023 10:34:40,20.33,,,
8176,07/03/2023 10:37:40,20.80,,,
8177,07/03/2023 10:40:40,20.07,,,
8178,07/03/2023 10:43:40,20.50,,,
8179,07/03/2023 10:46:40,20.46,,,
8180,07/03/2023 10:49:40,20.46,,,
8181,07/03/2023 10:52:40,20.59,,,
8182,07/03/2023 10:55:40,20.63,,,
8183,07/03/2023 10:58:40,20.33,,,
8184,07/03/2023 11:01:40,20.63,,,
8185,07/03/2023 11:04:40,20.33,,,
8186,07/03/2023 11:07:40,20.72,,,
8187,07/03/2023 11:10:40,20.50,,,
8188,07/03/2023 11:13:40,20.76,,,
8189,07/03/2023 11:16:40,20.98,,,
8190,07/03/2023 11:19:40,21.06,,,
8191,07/03/2023 11:22:40,21.45,,,
8192,07/03/2023 11:25:40,21.45,,,
8193,07/03/2023 11:28:40,21.40,,,
8194,07/03/2023 11:31:40,21.28,,,
8195,07/03/2023 11:34:40,21.62,,,
8196,07/03/2023 11:37:40,21.28,,,
8197,07/03/2023 11:40:40,21.53,,,
8198,07/03/2023 11:43:40,21.83,,,
8199,07/03/2023 11:46:40,22.13,,,
8200,07/03/2023 11:49:40,22.18,,,
8201,07/03/2023 11:52:40,22.61,,,
8202,07/03/2023 11:55:40,22.39,,,
8203,07/03/2023 11:58:40,22.43,,,
8204,07/03/2023 12:01:40,23.21,,,
8205,07/03/2023 12:04:40,23.03,,,
8206,07/03/2023 12:07:40,22.73,,,
8207,07/03/2023 12:10:40,23.29,,,
8208,07/03/2023 12:13:40,23.16,,,
8209,07/03/2023 12:16:40,23.12,,,
8210,07/03/2023 12:19:40,23.42,,,
8211,07/03/2023 12:22:40,23.98,,,
8212,07/03/2023 12:25:40,24.15,,,
8213,07/03/2023 12:28:40,24.66,,,
8214,07/03/2023 12:31:40,24.75,,,
8215,07/03/2023 12:34:40,25.09,,,
8216,07/03/2023 12:37:40,25.87,,,
8217,07/03/2023 12:40:40,26.17,,,
8218,07/03/2023 12:43:40,26.42,,,
8219,07/03/2023 12:46:40,25.87,,,
8220,07/03/2023 12:49:40,26.17,,,
8221,07/03/2023 12:52:40,26.08,,,
8222,07/03/2023 12:55:40,26.42,,,
8223,07/03/2023 12:58:40,26.38,,,
8224,07/03/2023 13:01:40,26.51,,,
8225,07/03/2023 13:04:40,26.08,,,
8226,07/03/2023 13:07:40,25.14,,,
8227,07/03/2023 13:10:40,25.69,,,
8228,07/03/2023 13:13:40,26.34,,,
8229,07/03/2023 13:16:40,26.04,,,
8230,07/03/2023 13:19:40,25.95,,,
8231,07/03/2023 13:22:40,26.17,,,
8232,07/03/2023 13:25:40,26.30,,,
8233,07/03/2023 13:28:40,26.17,,,
8234,07/03/2023 13:31:40,25.91,,,
8235,07/03/2023 13:34:40,25.87,,,
8236,07/03/2023 13:37:40,25.61,,,
8237,07/03/2023 13:40:40,25.95,,,
8238,07/03/2023 13:43:40,25.65,,,
8239,07/03/2023 13:46:40,25.65,,,
8240,07/03/2023 13:49:40,26.21,,,
8241,07/03/2023 13:52:40,26.04,,,
8242,07/03/2023 13:55:40,26.68,,,
8243,07/03/2023 13:58:40,26.25,,,
8244,07/03/2023 14:01:40,25.87,,,
8245,07/03/2023 14:04:40,26.17,,,
8246,07/03/2023 14:07:40,25.52,,,
8247,07/03/2023 14:10:40,26.21,,,
8248,07/03/2023 14:13:40,26.47,,,
8249,07/03/2023 14:16:40,26.72,,,
8250,07/03/2023 14:19:40,25.87,,,
8251,07/03/2023 14:22:40,25.44,,,
8252,07/03/2023 14:25:40,25.78,,,
8253,07/03/2023 14:28:40,26.04,,,
8254,07/03/2023 14:31:40,25.87,,,
8255,07/03/2023 14:34:40,26.30,,,
8256,07/03/2023 14:37:40,26.25,,,
8257,07/03/2023 14:40:40,26.08,,,
8258,07/03/2023 14:43:40,26.21,,,
8259,07/03/2023 14:46:40,26.34,,,
8260,07/03/2023 14:49:40,26.04,,,
8261,07/03/2023 14:52:40,25.57,,,
8262,07/03/2023 14:55:40,25.69,,,
8263,07/03/2023 14:58:40,26.47,,,
8264,07/03/2023 15:01:40,26.30,,,
8265,07/03/2023 15:04:40,26.38,,,
8266,07/03/2023 15:07:40,26.81,,,
8267,07/03/2023 15:10:40,26.55,,,
8268,07/03/2023 15:13:40,26.64,,,
8269,07/03/2023 15:16:40,26.90,,,
8270,07/03/2023 15:19:40,26.47,,,
8271,07/03/2023 15:22:40,26.34,,,
8272,07/03/2023 15:25:40,26.30,,,
8273,07/03/2023 15:28:40,26.47,,,
8274,07/03/2023 15:31:40,26.47,,,
8275,07/03/2023 15:34:40,26.77,,,
8276,07/03/2023 15:37:40,27.07,,,
8277,07/03/2023 15:40:40,27.02,,,
8278,07/03/2023 15:43:40,26.60,,,
8279,07/03/2023 15:46:40,27.07,,,
8280,07/03/2023 15:49:40,26.64,,,
8281,07/03/2023 15:52:40,26.21,,,
8282,07/03/2023 15:55:40,25.91,,,
8283,07/03/2023 15:58:40,26.38,,,
8284,07/03/2023 16:01:40,26.77,,,
8285,07/03/2023 16:04:40,26.77,,,
8286,07/03/2023 16:07:40,27.02,,,
8287,07/03/2023 16:10:40,27.32,,,
8288,07/03/2023 16:13:40,26.94,,,
8289,07/03/2023 16:16:40,26.25,,,
8290,07/03/2023 16:19:40,26.81,,,
8291,07/03/2023 16:22:40,26.60,,,
8292,07/03/2023 16:25:40,26.55,,,
8293,07/03/2023 16:28:40,26.55,,,
8294,07/03/2023 16:31:40,27.24,,,
8295,07/03/2023 16:34:40,26.60,,,
8296,07/03/2023 16:37:40,26.21,,,
8297,07/03/2023 16:40:40,26.55,,,
8298,07/03/2023 16:43:40,25.31,,,
8299,07/03/2023 16:46:40,24.84,,,
8300,07/03/2023 16:49:40,25.48,,,
8301,07/03/2023 16:52:40,26.04,,,
8302,07/03/2023 16:55:40,25.65,,,
8303,07/03/2023 16:58:40,25.91,,,
8304,07/03/2023 17:01:40,25.61,,,
8305,07/03/2023 17:04:40,25.14,,,
8306,07/03/2023 17:07:40,24.49,,,
8307,07/03/2023 17:10:40,23.76,,,
8308,07/03/2023 17:13:40,23.03,,,
8309,07/03/2023 17:16:40,23.21,,,
8310,07/03/2023 17:19:40,23.03,,,
8311,07/03/2023 17:22:40,23.12,,,
8312,07/03/2023 17:25:40,23.38,,,
8313,07/03/2023 17:28:40,23.46,,,
8314,07/03/2023 17:31:40,23.51,,,
8315,07/03/2023 17:34:40,23.59,,,
8316,07/03/2023 17:37:40,23.55,,,
8317,07/03/2023 17:40:40,23.42,,,
8318,07/03/2023 17:43:40,23.29,,,
8319,07/03/2023 17:46:40,22.73,,,
8320,07/03/2023 17:49:40,22.52,,,
8321,07/03/2023 17:52:40,22.48,,,
8322,07/03/2023 17:55:40,22.56,,,
8323,07/03/2023 17:58:40,23.08,,,
8324,07/03/2023 18:01:40,22.86,,,
8325,07/03/2023 18:04:40,22.31,,,
8326,07/03/2023 18:07:40,22.99,,,
8327,07/03/2023 18:10:40,23.12,,,
8328,07/03/2023 18:13:40,22.52,,,
8329,07/03/2023 18:16:40,23.81,,,
8330,07/03/2023 18:19:40,24.19,,,
8331,07/03/2023 18:22:40,24.06,,,
8332,07/03/2023 18:25:40,23.98,,,
8333,07/03/2023 18:28:40,23.64,,,
8334,07/03/2023 18:31:40,23.29,,,
8335,07/03/2023 18:34:40,23.08,,,
8336,07/03/2023 18:37:40,22.26,,,
8337,07/03/2023 18:40:40,21.75,,,
8338,07/03/2023 18:43:40,21.45,,,
8339,07/03/2023 18:46:40,21.19,,,
8340,07/03/2023 18:49:40,21.23,,,
8341,07/03/2023 18:52:40,21.23,,,
8342,07/03/2023 18:55:40,21.83,,,
8343,07/03/2023 18:58:40,22.35,,,
8344,07/03/2023 19:01:40,22.73,,,
8345,07/03/2023 19:04:40,22.73,,,
8346,07/03/2023 19:07:40,22.73,,,
8347,07/03/2023 19:10:40,22.65,,,
8348,07/03/2023 19:13:40,22.69,,,
8349,07/03/2023 19:16:40,22.35,,,
8350,07/03/2023 19:19:40,22.22,,,
8351,07/03/2023 19:22:40,22.18,,,
8352,07/03/2023 19:25:40,22.22,,,
8353,07/03/2023 19:28:40,22.31,,,
8354,07/03/2023 19:31:40,22.26,,,
8355,07/03/2023 19:34:40,21.40,,,
8356,07/03/2023 19:37:40,20.68,,,
8357,07/03/2023 19:40:40,20.29,,,
8358,07/03/2023 19:43:40,19.60,,,
8359,07/03/2023 19:46:40,19.13,,,
8360,07/03/2023 19:49:40,19.05,,,
8361,07/03/2023 19:52:40,18.83,,,
8362,07/03/2023 19:55:40,18.70,,,
8363,07/03/2023 19:58:40,18.49,,,
8364,07/03/2023 20:01:40,18.32,,,
8365,07/03/2023 20:04:40,18.02,,,
8366,07/03/2023 20:07:40,17.67,,,
8367,07/03/2023 20:10:40,17.54,,,
8368,07/03/2023 20:13:40,17.67,,,
8369,07/03/2023 20:16:40,17.72,,,
8370,07/03/2023 20:19:40,17.29,,,
8371,07/03/2023 20:22:40,17.07,,,
8372,07/03/2023 20:25:40,16.60,,,
8373,07/03/2023 20:28:40,16.34,,,
8374,07/03/2023 20:31:40,15.83,,,
8375,07/03/2023 20:34:40,15.23,,,
8376,07/03/2023 20:37:40,14.97,,,
8377,07/03/2023 20:40:40,14.50,,,
8378,07/03/2023 20:43:40,14.63,,,
8379,07/03/2023 20:46:40,14.45,,,
8380,07/03/2023 20:49:40,14.33,,,
8381,07/03/2023 20:52:40,14.15,,,
8382,07/03/2023 20:55:40,14.07,,,
8383,07/03/2023 20:58:40,14.03,,,
8384,07/03/2023 21:01:40,13.85,,,
8385,07/03/2023 21:04:40,13.68,,,
8386,07/03/2023 21:07:40,13.34,,,
8387,07/03/2023 21:10:40,12.61,,,
8388,07/03/2023 21:13:40,12.52,,,
8389,07/03/2023 21:16:40,12.65,,,
8390,07/03/2023 21:19:40,12.70,,,
8391,07/03/2023 21:22:40,12.40,,,
8392,07/03/2023 21:25:40,12.70,,,
8393,07/03/2023 21:28:40,13.12,,,
8394,07/03/2023 21:31:40,12.91,,,
8395,07/03/2023 21:34:40,12.74,,,
8396,07/03/2023 21:37:40,12.44,,,
8397,07/03/2023 21:40:40,11.88,,,
8398,07/03/2023 21:43:40,11.84,,,
8399,07/03/2023 21:46:40,11.79,,,
8400,07/03/2023 21:49:40,11.97,,,
8401,07/03/2023 21:52:40,12.31,,,
8402,07/03/2023 21:55:40,12.40,,,
8403,07/03/2023 21:58:40,12.05,,,
8404,07/03/2023 22:01:40,12.14,,,
8405,07/03/2023 22:04:40,11.88,,,
8406,07/03/2023 22:07:40,11.49,,,
8407,07/03/2023 22:10:40,11.37,,,
8408,07/03/2023 22:13:40,11.32,,,
8409,07/03/2023 22:16:40,11.41,,,
8410,07/03/2023 22:19:40,11.62,,,
8411,07/03/2023 22:22:40,11.75,,,
8412,07/03/2023 22:25:40,11.75,,,
8413,07/03/2023 22:28:40,11.54,,,
8414,07/03/2023 22:31:40,11.19,,,
8415,07/03/2023 22:34:40,11.11,,,
8416,07/03/2023 22:37:40,11.24,,,
8417,07/03/2023 22:40:40,11.28,,,
8418,07/03/2023 22:43:40,11.41,,,
8419,07/03/2023 22:46:40,11.49,,,
8420,07/03/2023 22:49:40,11.67,,,
8421,07/03/2023 22:52:40,11.84,,,
8422,07/03/2023 22:55:40,12.01,,,
8423,07/03/2023 22:58:40,11.97,,,
8424,07/03/2023 23:01:40,12.22,,,
8425,07/03/2023 23:04:40,12.22,,,
8426,07/03/2023 23:07:40,12.65,,,
8427,07/03/2023 23:10:40,13.21,,,
8428,07/03/2023 23:13:40,14.28,,,
8429,07/03/2023 23:16:40,15.10,,,
8430,07/03/2023 23:19:40,15.78,,,
8431,07/03/2023 23:22:40,16.17,,,
8432,07/03/2023 23:25:40,16.64,,,
8433,07/03/2023 23:28:40,17.33,,,
8434,07/03/2023 23:31:40,17.84,,,
8435,07/03/2023 23:34:40,17.80,,,
8436,07/03/2023 23:37:40,17.63,,,
8437,07/03/2023 23:40:40,17.76,,,
8438,07/03/2023 23:43:40,17.80,,,
8439,07/03/2023 23:46:40,17.84,,,
8440,07/03/2023 23:49:40,17.72,,,
8441,07/03/2023 23:52:40,17.93,,,
8442,07/03/2023 23:55:40,17.76,,,
8443,07/03/2023 23:58:40,17.03,,,
8444,07/04/2023 00:01:40,17.46,,,
8445,07/04/2023 00:04:40,18.57,,,
8446,07/04/2023 00:07:40,19.47,,,
8447,07/04/2023 00:10:40,19.17,,,
8448,07/04/2023 00:13:40,18.57,,,
8449,07/04/2023 00:16:40,18.83,,,
8450,07/04/2023 00:19:40,18.23,,,
8451,07/04/2023 00:22:40,18.10,,,
8452,07/04/2023 00:25:40,17.54,,,
8453,07/04/2023 00:28:40,16.99,,,
8454,07/04/2023 00:31:40,16.60,,,
8455,07/04/2023 00:34:40,16.30,,,
8456,07/04/2023 00:37:40,15.57,,,
8457,07/04/2023 00:40:40,15.44,,,
8458,07/04/2023 00:43:40,15.53,,,
8459,07/04/2023 00:46:40,15.40,,,
8460,07/04/2023 00:49:40,15.31,,,
8461,07/04/2023 00:52:40,15.91,,,
8462,07/04/2023 00:55:40,15.27,,,
8463,07/04/2023 00:58:40,14.41,,,
8464,07/04/2023 01:01:40,13.64,,,
8465,07/04/2023 01:04:40,12.87,,,
8466,07/04/2023 01:07:40,12.87,,,
8467,07/04/2023 01:10:40,13.17,,,
8468,07/04/2023 01:13:40,12.18,,,
8469,07/04/2023 01:16:40,11.54,,,
8470,07/04/2023 01:19:40,11.49,,,
8471,07/04/2023 01:22:40,11.24,,,
8472,07/04/2023 01:25:40,11.24,,,
8473,07/04/2023 01:28:40,11.19,,,
8474,07/04/2023 01:31:40,10.72,,,
8475,07/04/2023 01:34:40,10.72,,,
8476,07/04/2023 01:37:40,10.51,,,
8477,07/04/2023 01:40:40,9.91,,,
8478,07/04/2023 01:43:40,9.39,,,
8479,07/04/2023 01:46:40,9.48,,,
8480,07/04/2023 01:49:40,9.69,,,
8481,07/04/2023 01:52:40,10.04,,,
8482,07/04/2023 01:55:40,9.95,,,
8483,07/04/2023 01:58:40,9.65,,,
8484,07/04/2023 02:01:40,9.39,,,
8485,07/04/2023 02:04:40,8.92,,,
8486,07/04/2023 02:07:40,9.22,,,
8487,07/04/2023 02:10:40,9.39,,,
8488,07/04/2023 02:13:40,9.35,,,
8489,07/04/2023 02:16:40,9.22,,,
8490,07/04/2023 02:19:40,9.18,,,
8491,07/04/2023 02:22:40,9.26,,,
8492,07/04/2023 02:25:40,8.79,,,
8493,07/04/2023 02:28:40,8.45,,,
8494,07/04/2023 02:31:40,8.32,,,
8495,07/04/2023 02:34:40,8.28,,,
8496,07/04/2023 02:37:40,8.15,,,
8497,07/04/2023 02:40:40,8.41,,,
8498,07/04/2023 02:43:40,8.36,,,
8499,07/04/2023 02:46:40,8.28,,,
8500,07/04/2023 02:49:40,8.19,,,
8501,07/04/2023 02:52:40,8.36,,,
8502,07/04/2023 02:55:40,8.53,,,
8503,07/04/2023 02:58:40,9.05,,,
8504,07/04/2023 03:01:40,8.62,,,
8505,07/04/2023 03:04:40,8.75,,,
8506,07/04/2023 03:07:40,8.88,,,
8507,07/04/2023 03:10:40,9.05,,,
8508,07/04/2023 03:13:40,9.26,,,
8509,07/04/2023 03:16:40,9.35,,,
8510,07/04/2023 03:19:40,9.35,,,
8511,07/04/2023 03:22:40,9.56,,,
8512,07/04/2023 03:25:40,9.61,,,
8513,07/04/2023 03:28:40,9.56,,,
8514,07/04/2023 03:31:40,9.48,,,
8515,07/04/2023 03:34:40,9.56,,,
8516,07/04/2023 03:37:40,9.86,,,
8517,07/04/2023 03:40:40,9.95,,,
8518,07/04/2023 03:43:40,9.82,,,
8519,07/04/2023 03:46:40,9.18,,,
8520,07/04/2023 03:49:40,8.75,,,
8521,07/04/2023 03:52:40,8.36,,,
8522,07/04/2023 03:55:40,8.23,,,
8523,07/04/2023 03:58:40,9.01,,,
8524,07/04/2023 04:01:40,8.71,,,
8525,07/04/2023 04:04:40,8.53,,,
8526,07/04/2023 04:07:40,8.02,,,
8527,07/04/2023 04:10:40,8.02,,,
8528,07/04/2023 04:13:40,7.93,,,
8529,07/04/2023 04:16:40,7.63,,,
8530,07/04/2023 04:19:40,7.93,,,
8531,07/04/2023 04:22:40,8.79,,,
8532,07/04/2023 04:25:40,8.32,,,
8533,07/04/2023 04:28:40,8.28,,,
8534,07/04/2023 04:31:40,7.98,,,
8535,07/04/2023 04:34:40,7.38,,,
8536,07/04/2023 04:37:40,7.33,,,
8537,07/04/2023 04:40:40,6.78,,,
8538,07/04/2023 04:43:40,6.30,,,
8539,07/04/2023 04:46:40,6.13,,,
8540,07/04/2023 04:49:40,6.17,,,
8541,07/04/2023 04:52:40,6.26,,,
8542,07/04/2023 04:55:40,6.30,,,
8543,07/04/2023 04:58:40,6.13,,,
8544,07/04/2023 05:01:40,6.05,,,
8545,07/04/2023 05:04:40,6.17,,,
8546,07/04/2023 05:07:40,6.30,,,
8547,07/04/2023 05:10:40,6.17,,,
8548,07/04/2023 05:13:40,5.87,,,
8549,07/04/2023 05:16:40,5.57,,,
8550,07/04/2023 05:19:40,5.45,,,
8551,07/04/2023 05:22:40,5.45,,,
8552,07/04/2023 05:25:40,5.75,,,
8553,07/04/2023 05:28:40,5.79,,,
8554,07/04/2023 05:31:40,5.53,,,
8555,07/04/2023 05:34:40,5.27,,,
8556,07/04/2023 05:37:40,5.36,,,
8557,07/04/2023 05:40:40,5.23,,,
8558,07/04/2023 05:43:40,5.23,,,
8559,07/04/2023 05:46:40,5.23,,,
8560,07/04/2023 05:49:40,5.45,,,
8561,07/04/2023 05:52:40,5.62,,,
8562,07/04/2023 05:55:40,5.66,,,
8563,07/04/2023 05:58:40,5.75,,,
8564,07/04/2023 06:01:40,5.75,,,
8565,07/04/2023 06:04:40,5.66,,,
8566,07/04/2023 06:07:40,5.36,,,
8567,07/04/2023 06:10:40,5.23,,,
8568,07/04/2023 06:13:40,5.10,,,
8569,07/04/2023 06:16:40,5.15,,,
8570,07/04/2023 06:19:40,4.93,,,
8571,07/04/2023 06:22:40,4.84,,,
8572,07/04/2023 06:25:40,4.89,,,
8573,07/04/2023 06:28:40,4.93,,,
8574,07/04/2023 06:31:40,4.97,,,
8575,07/04/2023 06:34:40,5.19,,,
8576,07/04/2023 06:37:40,5.70,,,
8577,07/04/2023 06:40:40,6.22,,,
8578,07/04/2023 06:43:40,6.60,,,
8579,07/04/2023 06:46:40,7.42,,,
8580,07/04/2023 06:49:40,8.28,,,
8581,07/04/2023 06:52:40,8.83,,,
8582,07/04/2023 06:55:40,9.35,,,
8583,07/04/2023 06:58:40,9.91,,,
8584,07/04/2023 07:01:40,9.95,,,
8585,07/04/2023 07:04:40,9.65,,,
8586,07/04/2023 07:07:40,9.31,,,
8587,07/04/2023 07:10:40,9.31,,,
8588,07/04/2023 07:13:40,9.48,,,
8589,07/04/2023 07:16:40,9.74,,,
8590,07/04/2023 07:19:40,10.89,,,
8591,07/04/2023 07:22:40,12.22,,,
8592,07/04/2023 07:25:40,12.74,,,
8593,07/04/2023 07:28:40,12.40,,,
8594,07/04/2023 07:31:40,11.97,,,
8595,07/04/2023 07:34:40,11.28,,,
8596,07/04/2023 07:37:40,11.75,,,
8597,07/04/2023 07:40:40,12.82,,,
8598,07/04/2023 07:43:40,13.60,,,
8599,07/04/2023 07:46:40,13.64,,,
8600,07/04/2023 07:49:40,14.97,,,
8601,07/04/2023 07:52:40,15.87,,,
8602,07/04/2023 07:55:40,14.84,,,
8603,07/04/2023 07:58:40,14.58,,,
8604,07/04/2023 08:01:40,15.18,,,
8605,07/04/2023 08:04:40,16.43,,,
8606,07/04/2023 08:07:40,17.46,,,
8607,07/04/2023 08:10:40,16.90,,,
8608,07/04/2023 08:13:40,17.59,,,
8609,07/04/2023 08:16:40,18.06,,,
8610,07/04/2023 08:19:40,17.67,,,
8611,07/04/2023 08:22:40,18.49,,,
8612,07/04/2023 08:25:40,20.42,,,
8613,07/04/2023 08:28:40,19.52,,,
8614,07/04/2023 08:31:40,19.69,,,
8615,07/04/2023 08:34:40,20.37,,,
8616,07/04/2023 08:37:40,19.73,,,
8617,07/04/2023 08:40:40,20.59,,,
8618,07/04/2023 08:43:40,19.90,,,
8619,07/04/2023 08:46:40,18.83,,,
8620,07/04/2023 08:49:40,18.53,,,
8621,07/04/2023 08:52:40,18.66,,,
8622,07/04/2023 08:55:40,18.19,,,
8623,07/04/2023 08:58:40,17.20,,,
8624,07/04/2023 09:01:40,17.07,,,
8625,07/04/2023 09:04:40,17.37,,,
8626,07/04/2023 09:07:40,17.93,,,
8627,07/04/2023 09:10:40,18.36,,,
8628,07/04/2023 09:13:40,17.93,,,
8629,07/04/2023 09:16:40,18.06,,,
8630,07/04/2023 09:19:40,17.11,,,
8631,07/04/2023 09:22:40,17.07,,,
8632,07/04/2023 09:25:40,18.14,,,
8633,07/04/2023 09:28:40,19.17,,,
8634,07/04/2023 09:31:40,19.30,,,
8635,07/04/2023 09:34:40,19.77,,,
8636,07/04/2023 09:37:40,19.77,,,
8637,07/04/2023 09:40:40,20.59,,,
8638,07/04/2023 09:43:40,20.50,,,
8639,07/04/2023 09:46:40,21.10,,,
8640,07/04/2023 09:49:40,20.85,,,
8641,07/04/2023 09:52:40,20.07,,,
8642,07/04/2023 09:55:40,20.46,,,
8643,07/04/2023 09:58:40,20.85,,,
8644,07/04/2023 10:01:40,21.19,,,
8645,07/04/2023 10:04:40,22.01,,,
8646,07/04/2023 10:07:40,21.36,,,
8647,07/04/2023 10:10:40,22.22,,,
8648,07/04/2023 10:13:40,23.55,,,
8649,07/04/2023 10:16:40,24.24,,,
8650,07/04/2023 10:19:40,22.56,,,
8651,07/04/2023 10:22:40,22.18,,,
8652,07/04/2023 10:25:40,22.31,,,
8653,07/04/2023 10:28:40,22.69,,,
8654,07/04/2023 10:31:40,22.26,,,
8655,07/04/2023 10:34:40,20.20,,,
8656,07/04/2023 10:37:40,21.36,,,
8657,07/04/2023 10:40:40,23.59,,,
8658,07/04/2023 10:43:40,24.06,,,
8659,07/04/2023 10:46:40,24.75,,,
8660,07/04/2023 10:49:40,24.15,,,
8661,07/04/2023 10:52:40,24.79,,,
8662,07/04/2023 10:55:40,24.11,,,
8663,07/04/2023 10:58:40,23.55,,,
8664,07/04/2023 11:01:40,23.42,,,
8665,07/04/2023 11:04:40,23.03,,,
8666,07/04/2023 11:07:40,23.16,,,
8667,07/04/2023 11:10:40,23.42,,,
8668,07/04/2023 11:13:40,24.06,,,
8669,07/04/2023 11:16:40,22.95,,,
8670,07/04/2023 11:19:40,21.45,,,
8671,07/04/2023 11:22:40,20.89,,,
8672,07/04/2023 11:25:40,22.13,,,
8673,07/04/2023 11:28:40,23.34,,,
8674,07/04/2023 11:31:40,23.59,,,
8675,07/04/2023 11:34:40,23.94,,,
8676,07/04/2023 11:37:40,23.68,,,
8677,07/04/2023 11:40:40,23.76,,,
8678,07/04/2023 11:43:40,24.06,,,
8679,07/04/2023 11:46:40,23.98,,,
8680,07/04/2023 11:49:40,24.32,,,
8681,07/04/2023 11:52:40,23.55,,,
8682,07/04/2023 11:55:40,23.08,,,
8683,07/04/2023 11:58:40,22.99,,,
8684,07/04/2023 12:01:40,22.26,,,
8685,07/04/2023 12:04:40,22.18,,,
8686,07/04/2023 12:07:40,23.46,,,
8687,07/04/2023 12:10:40,23.76,,,
8688,07/04/2023 12:13:40,24.06,,,
8689,07/04/2023 12:16:40,23.38,,,
8690,07/04/2023 12:19:40,22.39,,,
8691,07/04/2023 12:22:40,22.35,,,
8692,07/04/2023 12:25:40,22.39,,,
8693,07/04/2023 12:28:40,22.09,,,
8694,07/04/2023 12:31:40,22.61,,,
8695,07/04/2023 12:34:40,24.49,,,
8696,07/04/2023 12:37:40,25.39,,,
8697,07/04/2023 12:40:40,25.14,,,
8698,07/04/2023 12:43:40,24.58,,,
8699,07/04/2023 12:46:40,26.60,,,
8700,07/04/2023 12:49:40,25.69,,,
8701,07/04/2023 12:52:40,24.84,,,
8702,07/04/2023 12:55:40,24.75,,,
8703,07/04/2023 12:58:40,25.27,,,
8704,07/04/2023 13:01:40,25.57,,,
8705,07/04/2023 13:04:40,24.49,,,
8706,07/04/2023 13:07:40,24.54,,,
8707,07/04/2023 13:10:40,24.28,,,
8708,07/04/2023 13:13:40,26.47,,,
8709,07/04/2023 13:16:40,26.68,,,
8710,07/04/2023 13:19:40,26.85,,,
8711,07/04/2023 13:22:40,27.50,,,
8712,07/04/2023 13:25:40,26.30,,,
8713,07/04/2023 13:28:40,25.87,,,
8714,07/04/2023 13:31:40,27.15,,,
8715,07/04/2023 13:34:40,26.77,,,
8716,07/04/2023 13:37:40,25.74,,,
8717,07/04/2023 13:40:40,27.37,,,
8718,07/04/2023 13:43:40,27.24,,,
8719,07/04/2023 13:46:40,27.32,,,
8720,07/04/2023 13:49:40,27.93,,,
8721,07/04/2023 13:52:40,26.30,,,
8722,07/04/2023 13:55:40,26.60,,,
8723,07/04/2023 13:58:40,28.18,,,
8724,07/04/2023 14:01:40,28.31,,,
8725,07/04/2023 14:04:40,28.48,,,
8726,07/04/2023 14:07:40,28.05,,,
8727,07/04/2023 14:10:40,27.28,,,
8728,07/04/2023 14:13:40,27.97,,,
8729,07/04/2023 14:16:40,28.14,,,
8730,07/04/2023 14:19:40,27.07,,,
8731,07/04/2023 14:22:40,26.08,,,
8732,07/04/2023 14:25:40,25.61,,,
8733,07/04/2023 14:28:40,25.22,,,
8734,07/04/2023 14:31:40,24.41,,,
8735,07/04/2023 14:34:40,24.92,,,
8736,07/04/2023 14:37:40,26.30,,,
8737,07/04/2023 14:40:40,26.17,,,
8738,07/04/2023 14:43:40,26.08,,,
8739,07/04/2023 14:46:40,26.85,,,
8740,07/04/2023 14:49:40,26.60,,,
8741,07/04/2023 14:52:40,26.21,,,
8742,07/04/2023 14:55:40,26.60,,,
8743,07/04/2023 14:58:40,26.12,,,
8744,07/04/2023 15:01:40,25.35,,,
8745,07/04/2023 15:04:40,24.32,,,
8746,07/04/2023 15:07:40,25.65,,,
8747,07/04/2023 15:10:40,25.74,,,
8748,07/04/2023 15:13:40,26.12,,,
8749,07/04/2023 15:16:40,25.35,,,
8750,07/04/2023 15:19:40,25.05,,,
8751,07/04/2023 15:22:40,24.75,,,
8752,07/04/2023 15:25:40,24.45,,,
8753,07/04/2023 15:28:40,24.11,,,
8754,07/04/2023 15:31:40,25.09,,,
8755,07/04/2023 15:34:40,26.12,,,
8756,07/04/2023 15:37:40,26.98,,,
8757,07/04/2023 15:40:40,27.32,,,
8758,07/04/2023 15:43:40,26.51,,,
8759,07/04/2023 15:46:40,26.64,,,
8760,07/04/2023 15:49:40,27.63,,,
8761,07/04/2023 15:52:40,28.18,,,
8762,07/04/2023 15:55:40,27.37,,,
8763,07/04/2023 15:58:40,25.48,,,
8764,07/04/2023 16:01:40,24.58,,,
8765,07/04/2023 16:04:40,24.41,,,
8766,07/04/2023 16:07:40,24.02,,,
8767,07/04/2023 16:10:40,24.24,,,
8768,07/04/2023 16:13:40,24.41,,,
8769,07/04/2023 16:16:40,23.42,,,
8770,07/04/2023 16:19:40,22.95,,,
8771,07/04/2023 16:22:40,22.82,,,
8772,07/04/2023 16:25:40,22.91,,,
8773,07/04/2023 16:28:40,23.08,,,
8774,07/04/2023 16:31:40,23.03,,,
8775,07/04/2023 16:34:40,22.65,,,
8776,07/04/2023 16:37:40,22.69,,,
8777,07/04/2023 16:40:40,22.65,,,
8778,07/04/2023 16:43:40,22.73,,,
8779,07/04/2023 16:46:40,23.38,,,
8780,07/04/2023 16:49:40,25.01,,,
8781,07/04/2023 16:52:40,25.99,,,
8782,07/04/2023 16:55:40,26.21,,,
8783,07/04/2023 16:58:40,26.81,,,
8784,07/04/2023 17:01:40,26.21,,,
8785,07/04/2023 17:04:40,26.04,,,
8786,07/04/2023 17:07:40,26.34,,,
8787,07/04/2023 17:10:40,26.42,,,
8788,07/04/2023 17:13:40,25.95,,,
8789,07/04/2023 17:16:40,26.04,,,
8790,07/04/2023 17:19:40,26.42,,,
8791,07/04/2023 17:22:40,26.21,,,
8792,07/04/2023 17:25:40,26.47,,,
8793,07/04/2023 17:28:40,26.12,,,
8794,07/04/2023 17:31:40,26.21,,,
8795,07/04/2023 17:34:40,26.60,,,
8796,07/04/2023 17:37:40,26.42,,,
8797,07/04/2023 17:40:40,26.42,,,
8798,07/04/2023 17:43:40,26.08,,,
8799,07/04/2023 17:46:40,24.71,,,
8800,07/04/2023 17:49:40,24.71,,,
8801,07/04/2023 17:52:40,25.61,,,
8802,07/04/2023 17:55:40,25.65,,,
8803,07/04/2023 17:58:40,25.61,,,
8804,07/04/2023 18:01:40,25.09,,,
8805,07/04/2023 18:04:40,24.71,,,
8806,07/04/2023 18:07:40,24.62,,,
8807,07/04/2023 18:10:40,25.69,,,
8808,07/04/2023 18:13:40,26.55,,,
8809,07/04/2023 18:16:40,27.37,,,
8810,07/04/2023 18:19:40,26.90,,,
8811,07/04/2023 18:22:40,26.77,,,
8812,07/04/2023 18:25:40,25.01,,,
8813,07/04/2023 18:28:40,24.66,,,
8814,07/04/2023 18:31:40,24.28,,,
8815,07/04/2023 18:34:40,24.11,,,
8816,07/04/2023 18:37:40,24.06,,,
8817,07/04/2023 18:40:40,24.62,,,
8818,07/04/2023 18:43:40,25.35,,,
8819,07/04/2023 18:46:40,26.04,,,
8820,07/04/2023 18:49:40,24.92,,,
8821,07/04/2023 18:52:40,23.72,,,
8822,07/04/2023 18:55:40,23.29,,,
8823,07/04/2023 18:58:40,23.25,,,
8824,07/04/2023 19:01:40,23.76,,,
8825,07/04/2023 19:04:40,24.15,,,
8826,07/04/2023 19:07:40,24.66,,,
8827,07/04/2023 19:10:40,24.54,,,
8828,07/04/2023 19:13:40,24.49,,,
8829,07/04/2023 19:16:40,24.19,,,
8830,07/04/2023 19:19:40,23.21,,,
8831,07/04/2023 19:22:40,22.69,,,
8832,07/04/2023 19:25:40,22.39,,,
8833,07/04/2023 19:28:40,22.31,,,
8834,07/04/2023 19:31:40,21.58,,,
8835,07/04/2023 19:34:40,20.76,,,
8836,07/04/2023 19:37:40,20.46,,,
8837,07/04/2023 19:40:40,20.12,,,
8838,07/04/2023 19:43:40,20.25,,,
8839,07/04/2023 19:46:40,20.59,,,
8840,07/04/2023 19:49:40,20.29,,,
8841,07/04/2023 19:52:40,19.56,,,
8842,07/04/2023 19:55:40,18.49,,,
8843,07/04/2023 19:58:40,17.97,,,
8844,07/04/2023 20:01:40,18.14,,,
8845,07/04/2023 20:04:40,18.32,,,
8846,07/04/2023 20:07:40,19.00,,,
8847,07/04/2023 20:10:40,17.97,,,
8848,07/04/2023 20:13:40,17.97,,,
8849,07/04/2023 20:16:40,17.11,,,
8850,07/04/2023 20:19:40,18.83,,,
8851,07/04/2023 20:22:40,21.49,,,
8852,07/04/2023 20:25:40,21.02,,,
8853,07/04/2023 20:28:40,20.07,,,
8854,07/04/2023 20:31:40,19.47,,,
8855,07/04/2023 20:34:40,19.17,,,
8856,07/04/2023 20:37:40,18.62,,,
8857,07/04/2023 20:40:40,17.72,,,
8858,07/04/2023 20:43:40,17.16,,,
8859,07/04/2023 20:46:40,16.34,,,
8860,07/04/2023 20:49:40,15.61,,,
8861,07/04/2023 20:52:40,15.44,,,
8862,07/04/2023 20:55:40,15.27,,,
8863,07/04/2023 20:58:40,15.36,,,
8864,07/04/2023 21:01:40,15.10,,,
8865,07/04/2023 21:04:40,15.10,,,
8866,07/04/2023 21:07:40,14.93,,,
8867,07/04/2023 21:10:40,14.67,,,
8868,07/04/2023 21:13:40,15.23,,,
8869,07/04/2023 21:16:40,15.53,,,
8870,07/04/2023 21:19:40,15.48,,,
8871,07/04/2023 21:22:40,15.10,,,
8872,07/04/2023 21:25:40,15.44,,,
8873,07/04/2023 21:28:40,14.63,,,
8874,07/04/2023 21:31:40,14.15,,,
8875,07/04/2023 21:34:40,14.24,,,
8876,07/04/2023 21:37:40,13.81,,,
8877,07/04/2023 21:40:40,13.21,,,
8878,07/04/2023 21:43:40,13.12,,,
8879,07/04/2023 21:46:40,12.65,,,
8880,07/04/2023 21:49:40,12.61,,,
8881,07/04/2023 21:52:40,12.18,,,
8882,07/04/2023 21:55:40,11.88,,,
8883,07/04/2023 21:58:40,12.01,,,
8884,07/04/2023 22:01:40,12.48,,,
8885,07/04/2023 22:04:40,13.73,,,
8886,07/04/2023 22:07:40,13.73,,,
8887,07/04/2023 22:10:40,13.12,,,
8888,07/04/2023 22:13:40,12.91,,,
8889,07/04/2023 22:16:40,13.60,,,
8890,07/04/2023 22:19:40,13.68,,,
8891,07/04/2023 22:22:40,13.51,,,
8892,07/04/2023 22:25:40,13.34,,,
8893,07/04/2023 22:28:40,13.30,,,
8894,07/04/2023 22:31:40,13.30,,,
8895,07/04/2023 22:34:40,12.70,,,
8896,07/04/2023 22:37:40,11.75,,,
8897,07/04/2023 22:40:40,11.28,,,
8898,07/04/2023 22:43:40,11.28,,,
8899,07/04/2023 22:46:40,10.98,,,
8900,07/04/2023 22:49:40,11.11,,,
8901,07/04/2023 22:52:40,11.37,,,
8902,07/04/2023 22:55:40,11.41,,,
8903,07/04/2023 22:58:40,11.41,,,
8904,07/04/2023 23:01:40,11.37,,,
8905,07/04/2023 23:04:40,11.37,,,
8906,07/04/2023 23:07:40,11.54,,,
8907,07/04/2023 23:10:40,11.75,,,
8908,07/04/2023 23:13:40,11.62,,,
8909,07/04/2023 23:16:40,11.19,,,
8910,07/04/2023 23:19:40,11.07,,,
8911,07/04/2023 23:22:40,11.88,,,
8912,07/04/2023 23:25:40,12.52,,,
8913,07/04/2023 23:28:40,13.77,,,
8914,07/04/2023 23:31:40,13.25,,,
8915,07/04/2023 23:34:40,13.51,,,
8916,07/04/2023 23:37:40,13.94,,,
8917,07/04/2023 23:40:40,14.28,,,
8918,07/04/2023 23:43:40,14.37,,,
8919,07/04/2023 23:46:40,13.51,,,
8920,07/04/2023 23:49:40,13.47,,,
8921,07/04/2023 23:52:40,13.60,,,
8922,07/04/2023 23:55:40,13.00,,,
8923,07/04/2023 23:58:40,12.57,,,
8924,07/05/2023 00:01:40,12.48,,,
8925,07/05/2023 00:04:40,12.40,,,
8926,07/05/2023 00:07:40,11.71,,,
8927,07/05/2023 00:10:40,11.79,,,
8928,07/05/2023 00:13:40,11.54,,,
8929,07/05/2023 00:16:40,11.15,,,
8930,07/05/2023 00:19:40,11.45,,,
8931,07/05/2023 00:22:40,11.32,,,
8932,07/05/2023 00:25:40,11.75,,,
8933,07/05/2023 00:28:40,11.62,,,
8934,07/05/2023 00:31:40,10.89,,,
8935,07/05/2023 00:34:40,11.41,,,
8936,07/05/2023 00:37:40,11.88,,,
8937,07/05/2023 00:40:40,11.41,,,
8938,07/05/2023 00:43:40,10.89,,,
8939,07/05/2023 00:46:40,10.68,,,
8940,07/05/2023 00:49:40,10.55,,,
8941,07/05/2023 00:52:40,10.85,,,
8942,07/05/2023 00:55:40,10.46,,,
8943,07/05/2023 00:58:40,10.59,,,
8944,07/05/2023 01:01:40,9.69,,,
8945,07/05/2023 01:04:40,9.69,,,
8946,07/05/2023 01:07:40,9.86,,,
8947,07/05/2023 01:10:40,9.39,,,
8948,07/05/2023 01:13:40,9.14,,,
8949,07/05/2023 01:16:40,9.05,,,
8950,07/05/2023 01:19:40,9.01,,,
8951,07/05/2023 01:22:40,9.14,,,
8952,07/05/2023 01:25:40,8.71,,,
8953,07/05/2023 01:28:40,8.41,,,
8954,07/05/2023 01:31:40,8.41,,,
8955,07/05/2023 01:34:40,8.45,,,
8956,07/05/2023 01:37:40,8.02,,,
8957,07/05/2023 01:40:40,7.98,,,
8958,07/05/2023 01:43:40,8.11,,,
8959,07/05/2023 01:46:40,8.11,,,
8960,07/05/2023 01:49:40,8.15,,,
8961,07/05/2023 01:52:40,8.02,,,
8962,07/05/2023 01:55:40,8.36,,,
8963,07/05/2023 01:58:40,8.19,,,
8964,07/05/2023 02:01:40,8.23,,,
8965,07/05/2023 02:04:40,8.58,,,
8966,07/05/2023 02:07:40,8.53,,,
8967,07/05/2023 02:10:40,8.36,,,
8968,07/05/2023 02:13:40,7.85,,,
8969,07/05/2023 02:16:40,7.46,,,
8970,07/05/2023 02:19:40,7.68,,,
8971,07/05/2023 02:22:40,7.76,,,
8972,07/05/2023 02:25:40,7.20,,,
8973,07/05/2023 02:28:40,7.33,,,
8974,07/05/2023 02:31:40,7.81,,,
8975,07/05/2023 02:34:40,7.68,,,
8976,07/05/2023 02:37:40,7.59,,,
8977,07/05/2023 02:40:40,7.33,,,
8978,07/05/2023 02:43:40,6.82,,,
8979,07/05/2023 02:46:40,6.56,,,
8980,07/05/2023 02:49:40,6.52,,,
8981,07/05/2023 02:52:40,6.43,,,
8982,07/05/2023 02:55:40,6.26,,,
8983,07/05/2023 02:58:40,6.17,,,
8984,07/05/2023 03:01:40,6.09,,,
8985,07/05/2023 03:04:40,6.13,,,
8986,07/05/2023 03:07:40,6.13,,,
8987,07/05/2023 03:10:40,5.92,,,
8988,07/05/2023 03:13:40,5.75,,,
8989,07/05/2023 03:16:40,5.62,,,
8990,07/05/2023 03:19:40,5.36,,,
8991,07/05/2023 03:22:40,5.40,,,
8992,07/05/2023 03:25:40,5.45,,,
8993,07/05/2023 03:28:40,5.27,,,
8994,07/05/2023 03:31:40,5.36,,,
8995,07/05/2023 03:34:40,5.23,,,
8996,07/05/2023 03:37:40,5.10,,,
8997,07/05/2023 03:40:40,4.93,,,
8998,07/05/2023 03:43:40,4.97,,,
8999,07/05/2023 03:46:40,4.89,,,
9000,07/05/2023 03:49:40,5.15,,,
9001,07/05/2023 03:52:40,5.27,,,
9002,07/05/2023 03:55:40,5.15,,,
9003,07/05/2023 03:58:40,4.89,,,
9004,07/05/2023 04:01:40,4.72,,,
9005,07/05/2023 04:04:40,4.89,,,
9006,07/05/2023 04:07:40,4.76,,,
9007,07/05/2023 04:10:40,4.67,,,
9008,07/05/2023 04:13:40,4.89,,,
9009,07/05/2023 04:16:40,4.84,,,
9010,07/05/2023 04:19:40,4.76,,,
9011,07/05/2023 04:22:40,4.80,,,
9012,07/05/2023 04:25:40,5.19,,,
9013,07/05/2023 04:28:40,5.40,,,
9014,07/05/2023 04:31:40,5.02,,,
9015,07/05/2023 04:34:40,5.23,,,
9016,07/05/2023 04:37:40,5.66,,,
9017,07/05/2023 04:40:40,6.48,,,
9018,07/05/2023 04:43:40,7.76,,,
9019,07/05/2023 04:46:40,8.53,,,
9020,07/05/2023 04:49:40,8.45,,,
9021,07/05/2023 04:52:40,7.81,,,
9022,07/05/2023 04:55:40,7.33,,,
9023,07/05/2023 04:58:40,6.73,,,
9024,07/05/2023 05:01:40,6.73,,,
9025,07/05/2023 05:04:40,6.95,,,
9026,07/05/2023 05:07:40,6.35,,,
9027,07/05/2023 05:10:40,5.79,,,
9028,07/05/2023 05:13:40,6.00,,,
9029,07/05/2023 05:16:40,5.96,,,
9030,07/05/2023 05:19:40,6.17,,,
9031,07/05/2023 05:22:40,6.00,,,
9032,07/05/2023 05:25:40,5.36,,,
9033,07/05/2023 05:28:40,4.97,,,
9034,07/05/2023 05:31:40,4.80,,,
9035,07/05/2023 05:34:40,4.67,,,
9036,07/05/2023 05:37:40,4.54,,,
9037,07/05/2023 05:40:40,4.59,,,
9038,07/05/2023 05:43:40,4.42,,,
9039,07/05/2023 05:46:40,4.46,,,
9040,07/05/2023 05:49:40,4.42,,,
9041,07/05/2023 05:52:40,4.20,,,
9042,07/05/2023 05:55:40,4.12,,,
9043,07/05/2023 05:58:40,3.99,,,
9044,07/05/2023 06:01:40,3.99,,,
9045,07/05/2023 06:04:40,3.94,,,
9046,07/05/2023 06:07:40,3.77,,,
9047,07/05/2023 06:10:40,3.56,,,
9048,07/05/2023 06:13:40,3.52,,,
9049,07/05/2023 06:16:40,3.77,,,
9050,07/05/2023 06:19:40,3.99,,,
9051,07/05/2023 06:22:40,3.86,,,
9052,07/05/2023 06:25:40,3.56,,,
9053,07/05/2023 06:28:40,3.47,,,
9054,07/05/2023 06:31:40,3.60,,,
9055,07/05/2023 06:34:40,3.77,,,
9056,07/05/2023 06:37:40,3.77,,,
9057,07/05/2023 06:40:40,3.77,,,
9058,07/05/2023 06:43:40,3.90,,,
9059,07/05/2023 06:46:40,4.20,,,
9060,07/05/2023 06:49:40,4.59,,,
9061,07/05/2023 06:52:40,4.76,,,
9062,07/05/2023 06:55:40,5.23,,,
9063,07/05/2023 06:58:40,6.00,,,
9064,07/05/2023 07:01:40,6.56,,,
9065,07/05/2023 07:04:40,6.82,,,
9066,07/05/2023 07:07:40,7.12,,,
9067,07/05/2023 07:10:40,7.50,,,
9068,07/05/2023 07:13:40,8.11,,,
9069,07/05/2023 07:16:40,8.62,,,
9070,07/05/2023 07:19:40,8.49,,,
9071,07/05/2023 07:22:40,9.09,,,
9072,07/05/2023 07:25:40,9.61,,,
9073,07/05/2023 07:28:40,9.74,,,
9074,07/05/2023 07:31:40,10.55,,,
9075,07/05/2023 07:34:40,11.24,,,
9076,07/05/2023 07:37:40,11.49,,,
9077,07/05/2023 07:40:40,11.67,,,
9078,07/05/2023 07:43:40,12.18,,,
9079,07/05/2023 07:46:40,12.31,,,
9080,07/05/2023 07:49:40,11.92,,,
9081,07/05/2023 07:52:40,12.10,,,
9082,07/05/2023 07:55:40,12.31,,,
9083,07/05/2023 07:58:40,12.52,,,
9084,07/05/2023 08:01:40,12.95,,,
9085,07/05/2023 08:04:40,13.43,,,
9086,07/05/2023 08:07:40,13.47,,,
9087,07/05/2023 08:10:40,13.68,,,
9088,07/05/2023 08:13:40,14.07,,,
9089,07/05/2023 08:16:40,14.24,,,
9090,07/05/2023 08:19:40,14.67,,,
9091,07/05/2023 08:22:40,15.40,,,
9092,07/05/2023 08:25:40,15.61,,,
9093,07/05/2023 08:28:40,15.66,,,
9094,07/05/2023 08:31:40,16.17,,,
9095,07/05/2023 08:34:40,16.77,,,
9096,07/05/2023 08:37:40,17.03,,,
9097,07/05/2023 08:40:40,17.59,,,
9098,07/05/2023 08:43:40,18.14,,,
9099,07/05/2023 08:46:40,18.36,,,
9100,07/05/2023 08:49:40,18.62,,,
9101,07/05/2023 08:52:40,18.74,,,
9102,07/05/2023 08:55:40,18.92,,,
9103,07/05/2023 08:58:40,19.30,,,
9104,07/05/2023 09:01:40,19.09,,,
9105,07/05/2023 09:04:40,19.43,,,
9106,07/05/2023 09:07:40,20.20,,,
9107,07/05/2023 09:10:40,20.76,,,
9108,07/05/2023 09:13:40,22.22,,,
9109,07/05/2023 09:16:40,21.10,,,
9110,07/05/2023 09:19:40,21.58,,,
9111,07/05/2023 09:22:40,21.96,,,
9112,07/05/2023 09:25:40,21.66,,,
9113,07/05/2023 09:28:40,21.62,,,
9114,07/05/2023 09:31:40,22.52,,,
9115,07/05/2023 09:34:40,21.19,,,
9116,07/05/2023 09:37:40,21.79,,,
9117,07/05/2023 09:40:40,21.62,,,
9118,07/05/2023 09:43:40,21.53,,,
9119,07/05/2023 09:46:40,22.26,,,
9120,07/05/2023 09:49:40,21.15,,,
9121,07/05/2023 09:52:40,21.10,,,
9122,07/05/2023 09:55:40,21.83,,,
9123,07/05/2023 09:58:40,21.75,,,
9124,07/05/2023 10:01:40,21.40,,,
9125,07/05/2023 10:04:40,22.05,,,
9126,07/05/2023 10:07:40,21.66,,,
9127,07/05/2023 10:10:40,21.45,,,
9128,07/05/2023 10:13:40,23.12,,,
9129,07/05/2023 10:16:40,22.61,,,
9130,07/05/2023 10:19:40,23.21,,,
9131,07/05/2023 10:22:40,24.45,,,
9132,07/05/2023 10:25:40,24.28,,,
9133,07/05/2023 10:28:40,23.42,,,
9134,07/05/2023 10:31:40,24.32,,,
9135,07/05/2023 10:34:40,23.94,,,
9136,07/05/2023 10:37:40,24.84,,,
9137,07/05/2023 10:40:40,23.94,,,
9138,07/05/2023 10:43:40,22.82,,,
9139,07/05/2023 10:46:40,22.35,,,
9140,07/05/2023 10:49:40,22.86,,,
9141,07/05/2023 10:52:40,23.68,,,
9142,07/05/2023 10:55:40,23.72,,,
9143,07/05/2023 10:58:40,24.19,,,
9144,07/05/2023 11:01:40,25.31,,,
9145,07/05/2023 11:04:40,26.04,,,
9146,07/05/2023 11:07:40,24.45,,,
9147,07/05/2023 11:10:40,23.55,,,
9148,07/05/2023 11:13:40,24.54,,,
9149,07/05/2023 11:16:40,24.49,,,
9150,07/05/2023 11:19:40,24.79,,,
9151,07/05/2023 11:22:40,24.71,,,
9152,07/05/2023 11:25:40,23.12,,,
9153,07/05/2023 11:28:40,23.25,,,
9154,07/05/2023 11:31:40,24.11,,,
9155,07/05/2023 11:34:40,24.19,,,
9156,07/05/2023 11:37:40,25.01,,,
9157,07/05/2023 11:40:40,25.39,,,
9158,07/05/2023 11:43:40,26.30,,,
9159,07/05/2023 11:46:40,26.60,,,
9160,07/05/2023 11:49:40,26.90,,,
9161,07/05/2023 11:52:40,24.84,,,
9162,07/05/2023 11:55:40,26.34,,,
9163,07/05/2023 11:58:40,26.21,,,
9164,07/05/2023 12:01:40,26.60,,,
9165,07/05/2023 12:04:40,25.99,,,
9166,07/05/2023 12:07:40,25.52,,,
9167,07/05/2023 12:10:40,26.47,,,
9168,07/05/2023 12:13:40,25.22,,,
9169,07/05/2023 12:16:40,26.81,,,
9170,07/05/2023 12:19:40,26.04,,,
9171,07/05/2023 12:22:40,25.61,,,
9172,07/05/2023 12:25:40,25.35,,,
9173,07/05/2023 12:28:40,24.28,,,
9174,07/05/2023 12:31:40,23.85,,,
9175,07/05/2023 12:34:40,23.12,,,
9176,07/05/2023 12:37:40,23.85,,,
9177,07/05/2023 12:40:40,23.72,,,
9178,07/05/2023 12:43:40,23.34,,,
9179,07/05/2023 12:46:40,23.55,,,
9180,07/05/2023 12:49:40,22.91,,,
9181,07/05/2023 12:52:40,23.94,,,
9182,07/05/2023 12:55:40,24.49,,,
9183,07/05/2023 12:58:40,24.71,,,
9184,07/05/2023 13:01:40,25.87,,,
9185,07/05/2023 13:04:40,26.42,,,
9186,07/05/2023 13:07:40,26.30,,,
9187,07/05/2023 13:10:40,25.74,,,
9188,07/05/2023 13:13:40,26.60,,,
9189,07/05/2023 13:16:40,26.72,,,
9190,07/05/2023 13:19:40,26.77,,,
9191,07/05/2023 13:22:40,26.47,,,
9192,07/05/2023 13:25:40,26.12,,,
9193,07/05/2023 13:28:40,24.97,,,
9194,07/05/2023 13:31:40,24.41,,,
9195,07/05/2023 13:34:40,25.14,,,
9196,07/05/2023 13:37:40,25.91,,,
9197,07/05/2023 13:40:40,26.38,,,
9198,07/05/2023 13:43:40,26.47,,,
9199,07/05/2023 13:46:40,26.94,,,
9200,07/05/2023 13:49:40,25.74,,,
9201,07/05/2023 13:52:40,24.49,,,
9202,07/05/2023 13:55:40,24.36,,,
9203,07/05/2023 13:58:40,25.52,,,
9204,07/05/2023 14:01:40,26.38,,,
9205,07/05/2023 14:04:40,25.78,,,
9206,07/05/2023 14:07:40,25.22,,,
9207,07/05/2023 14:10:40,27.07,,,
9208,07/05/2023 14:13:40,26.68,,,
9209,07/05/2023 14:16:40,25.65,,,
9210,07/05/2023 14:19:40,26.64,,,
9211,07/05/2023 14:22:40,27.20,,,
9212,07/05/2023 14:25:40,26.51,,,
9213,07/05/2023 14:28:40,26.72,,,
9214,07/05/2023 14:31:40,26.25,,,
9215,07/05/2023 14:34:40,25.87,,,
9216,07/05/2023 14:37:40,26.77,,,
9217,07/05/2023 14:40:40,27.32,,,
9218,07/05/2023 14:43:40,27.20,,,
9219,07/05/2023 14:46:40,26.42,,,
9220,07/05/2023 14:49:40,25.61,,,
9221,07/05/2023 14:52:40,24.75,,,
9222,07/05/2023 14:55:40,25.31,,,
9223,07/05/2023 14:58:40,25.95,,,
9224,07/05/2023 15:01:40,25.61,,,
9225,07/05/2023 15:04:40,26.21,,,
9226,07/05/2023 15:07:40,25.31,,,
9227,07/05/2023 15:10:40,24.36,,,
9228,07/05/2023 15:13:40,24.58,,,
9229,07/05/2023 15:16:40,25.52,,,
9230,07/05/2023 15:19:40,25.95,,,
9231,07/05/2023 15:22:40,25.95,,,
9232,07/05/2023 15:25:40,26.60,,,
9233,07/05/2023 15:28:40,26.64,,,
9234,07/05/2023 15:31:40,25.09,,,
9235,07/05/2023 15:34:40,25.82,,,
9236,07/05/2023 15:37:40,26.38,,,
9237,07/05/2023 15:40:40,25.39,,,
9238,07/05/2023 15:43:40,25.14,,,
9239,07/05/2023 15:46:40,26.77,,,
9240,07/05/2023 15:49:40,27.02,,,
9241,07/05/2023 15:52:40,26.94,,,
9242,07/05/2023 15:55:40,27.20,,,
9243,07/05/2023 15:58:40,26.12,,,
9244,07/05/2023 16:01:40,26.08,,,
9245,07/05/2023 16:04:40,26.34,,,
9246,07/05/2023 16:07:40,26.38,,,
9247,07/05/2023 16:10:40,26.25,,,
9248,07/05/2023 16:13:40,27.07,,,
9249,07/05/2023 16:16:40,27.15,,,
9250,07/05/2023 16:19:40,26.47,,,
9251,07/05/2023 16:22:40,25.52,,,
9252,07/05/2023 16:25:40,25.27,,,
9253,07/05/2023 16:28:40,24.97,,,
9254,07/05/2023 16:31:40,25.78,,,
9255,07/05/2023 16:34:40,25.82,,,
9256,07/05/2023 16:37:40,25.91,,,
9257,07/05/2023 16:40:40,25.99,,,
9258,07/05/2023 16:43:40,25.74,,,
9259,07/05/2023 16:46:40,25.65,,,
9260,07/05/2023 16:49:40,26.21,,,
9261,07/05/2023 16:52:40,26.42,,,
9262,07/05/2023 16:55:40,26.38,,,
9263,07/05/2023 16:58:40,26.17,,,
9264,07/05/2023 17:01:40,25.82,,,
9265,07/05/2023 17:04:40,26.12,,,
9266,07/05/2023 17:07:40,25.95,,,
9267,07/05/2023 17:10:40,26.51,,,
9268,07/05/2023 17:13:40,26.68,,,
9269,07/05/2023 17:16:40,26.64,,,
9270,07/05/2023 17:19:40,26.64,,,
9271,07/05/2023 17:22:40,26.94,,,
9272,07/05/2023 17:25:40,26.38,,,
9273,07/05/2023 17:28:40,26.38,,,
9274,07/05/2023 17:31:40,26.47,,,
9275,07/05/2023 17:34:40,25.99,,,
9276,07/05/2023 17:37:40,26.12,,,
9277,07/05/2023 17:40:40,26.38,,,
9278,07/05/2023 17:43:40,25.82,,,
9279,07/05/2023 17:46:40,25.74,,,
9280,07/05/2023 17:49:40,25.95,,,
9281,07/05/2023 17:52:40,25.95,,,
9282,07/05/2023 17:55:40,25.91,,,
9283,07/05/2023 17:58:40,26.12,,,
9284,07/05/2023 18:01:40,26.64,,,
9285,07/05/2023 18:04:40,26.30,,,
9286,07/05/2023 18:07:40,25.74,,,
9287,07/05/2023 18:10:40,25.95,,,
9288,07/05/2023 18:13:40,25.61,,,
9289,07/05/2023 18:16:40,25.48,,,
9290,07/05/2023 18:19:40,25.87,,,
9291,07/05/2023 18:22:40,25.57,,,
9292,07/05/2023 18:25:40,25.01,,,
9293,07/05/2023 18:28:40,25.18,,,
9294,07/05/2023 18:31:40,24.92,,,
9295,07/05/2023 18:34:40,24.88,,,
9296,07/05/2023 18:37:40,24.88,,,
9297,07/05/2023 18:40:40,24.97,,,
9298,07/05/2023 18:43:40,25.18,,,
9299,07/05/2023 18:46:40,24.97,,,
9300,07/05/2023 18:49:40,25.14,,,
9301,07/05/2023 18:52:40,25.05,,,
9302,07/05/2023 18:55:40,24.75,,,
9303,07/05/2023 18:58:40,24.45,,,
9304,07/05/2023 19:01:40,24.36,,,
9305,07/05/2023 19:04:40,24.36,,,
9306,07/05/2023 19:07:40,23.81,,,
9307,07/05/2023 19:10:40,23.94,,,
9308,07/05/2023 19:13:40,23.98,,,
9309,07/05/2023 19:16:40,23.72,,,
9310,07/05/2023 19:19:40,23.29,,,
9311,07/05/2023 19:22:40,22.86,,,
9312,07/05/2023 19:25:40,22.78,,,
9313,07/05/2023 19:28:40,22.52,,,
9314,07/05/2023 19:31:40,21.92,,,
9315,07/05/2023 19:34:40,21.66,,,
9316,07/05/2023 19:37:40,21.02,,,
9317,07/05/2023 19:40:40,20.85,,,
9318,07/05/2023 19:43:40,20.68,,,
9319,07/05/2023 19:46:40,19.69,,,
9320,07/05/2023 19:49:40,19.17,,,
9321,07/05/2023 19:52:40,18.53,,,
9322,07/05/2023 19:55:40,18.06,,,
9323,07/05/2023 19:58:40,18.14,,,
9324,07/05/2023 20:01:40,17.76,,,
9325,07/05/2023 20:04:40,17.54,,,
9326,07/05/2023 20:07:40,18.02,,,
9327,07/05/2023 20:10:40,17.76,,,
9328,07/05/2023 20:13:40,16.64,,,
9329,07/05/2023 20:16:40,16.43,,,
9330,07/05/2023 20:19:40,16.39,,,
9331,07/05/2023 20:22:40,16.17,,,
9332,07/05/2023 20:25:40,15.91,,,
9333,07/05/2023 20:28:40,15.70,,,
9334,07/05/2023 20:31:40,15.18,,,
9335,07/05/2023 20:34:40,15.14,,,
9336,07/05/2023 20:37:40,15.14,,,
9337,07/05/2023 20:40:40,14.93,,,
9338,07/05/2023 20:43:40,14.75,,,
9339,07/05/2023 20:46:40,14.75,,,
9340,07/05/2023 20:49:40,14.84,,,
9341,07/05/2023 20:52:40,14.71,,,
9342,07/05/2023 20:55:40,14.50,,,
9343,07/05/2023 20:58:40,14.45,,,
9344,07/05/2023 21:01:40,13.85,,,
9345,07/05/2023 21:04:40,13.34,,,
9346,07/05/2023 21:07:40,12.57,,,
9347,07/05/2023 21:10:40,12.10,,,
9348,07/05/2023 21:13:40,11.88,,,
9349,07/05/2023 21:16:40,11.41,,,
9350,07/05/2023 21:19:40,11.19,,,
9351,07/05/2023 21:22:40,11.24,,,
9352,07/05/2023 21:25:40,10.81,,,
9353,07/05/2023 21:28:40,10.64,,,
9354,07/05/2023 21:31:40,10.89,,,
9355,07/05/2023 21:34:40,10.89,,,
9356,07/05/2023 21:37:40,10.98,,,
9357,07/05/2023 21:40:40,10.64,,,
9358,07/05/2023 21:43:40,10.51,,,
9359,07/05/2023 21:46:40,10.21,,,
9360,07/05/2023 21:49:40,10.08,,,
9361,07/05/2023 21:52:40,9.65,,,
9362,07/05/2023 21:55:40,9.78,,,
9363,07/05/2023 21:58:40,10.08,,,
9364,07/05/2023 22:01:40,9.78,,,
9365,07/05/2023 22:04:40,9.44,,,
9366,07/05/2023 22:07:40,9.95,,,
9367,07/05/2023 22:10:40,9.65,,,
9368,07/05/2023 22:13:40,9.31,,,
9369,07/05/2023 22:16:40,8.96,,,
9370,07/05/2023 22:19:40,8.88,,,
9371,07/05/2023 22:22:40,8.62,,,
9372,07/05/2023 22:25:40,8.62,,,
9373,07/05/2023 22:28:40,9.01,,,
9374,07/05/2023 22:31:40,8.83,,,
9375,07/05/2023 22:34:40,9.09,,,
9376,07/05/2023 22:37:40,9.26,,,
9377,07/05/2023 22:40:40,9.14,,,
9378,07/05/2023 22:43:40,9.44,,,
9379,07/05/2023 22:46:40,9.22,,,
9380,07/05/2023 22:49:40,8.88,,,
9381,07/05/2023 22:52:40,8.88,,,
9382,07/05/2023 22:55:40,8.83,,,
9383,07/05/2023 22:58:40,8.58,,,
9384,07/05/2023 23:01:40,8.32,,,
9385,07/05/2023 23:04:40,8.53,,,
9386,07/05/2023 23:07:40,8.53,,,
9387,07/05/2023 23:10:40,8.23,,,
9388,07/05/2023 23:13:40,8.19,,,
9389,07/05/2023 23:16:40,8.15,,,
9390,07/05/2023 23:19:40,8.66,,,
9391,07/05/2023 23:22:40,8.79,,,
9392,07/05/2023 23:25:40,8.88,,,
9393,07/05/2023 23:28:40,8.62,,,
9394,07/05/2023 23:31:40,8.53,,,
9395,07/05/2023 23:34:40,8.19,,,
9396,07/05/2023 23:37:40,7.98,,,
9397,07/05/2023 23:40:40,7.81,,,
9398,07/05/2023 23:43:40,7.72,,,
9399,07/05/2023 23:46:40,7.55,,,
9400,07/05/2023 23:49:40,7.16,,,
9401,07/05/2023 23:52:40,8.19,,,
9402,07/05/2023 23:55:40,8.15,,,
9403,07/05/2023 23:58:40,7.50,,,
9404,07/06/2023 00:01:40,8.02,,,
9405,07/06/2023 00:04:40,7.72,,,
9406,07/06/2023 00:07:40,7.59,,,
9407,07/06/2023 00:10:40,7.42,,,
9408,07/06/2023 00:13:40,7.16,,,
9409,07/06/2023 00:16:40,6.82,,,
9410,07/06/2023 00:19:40,6.56,,,
9411,07/06/2023 00:22:40,6.99,,,
9412,07/06/2023 00:25:40,6.90,,,
9413,07/06/2023 00:28:40,6.30,,,
9414,07/06/2023 00:31:40,6.05,,,
9415,07/06/2023 00:34:40,5.75,,,
9416,07/06/2023 00:37:40,6.22,,,
9417,07/06/2023 00:40:40,5.87,,,
9418,07/06/2023 00:43:40,5.23,,,
9419,07/06/2023 00:46:40,5.32,,,
9420,07/06/2023 00:49:40,5.27,,,
9421,07/06/2023 00:52:40,5.45,,,
9422,07/06/2023 00:55:40,5.23,,,
9423,07/06/2023 00:58:40,4.97,,,
9424,07/06/2023 01:01:40,4.76,,,
9425,07/06/2023 01:04:40,4.59,,,
9426,07/06/2023 01:07:40,4.37,,,
9427,07/06/2023 01:10:40,4.33,,,
9428,07/06/2023 01:13:40,3.99,,,
9429,07/06/2023 01:16:40,4.12,,,
9430,07/06/2023 01:19:40,4.12,,,
9431,07/06/2023 01:22:40,4.50,,,
9432,07/06/2023 01:25:40,4.42,,,
9433,07/06/2023 01:28:40,4.12,,,
9434,07/06/2023 01:31:40,3.82,,,
9435,07/06/2023 01:34:40,3.77,,,
9436,07/06/2023 01:37:40,4.16,,,
9437,07/06/2023 01:40:40,4.54,,,
9438,07/06/2023 01:43:40,4.59,,,
9439,07/06/2023 01:46:40,4.24,,,
9440,07/06/2023 01:49:40,3.90,,,
9441,07/06/2023 01:52:40,3.82,,,
9442,07/06/2023 01:55:40,4.03,,,
9443,07/06/2023 01:58:40,3.82,,,
9444,07/06/2023 02:01:40,3.90,,,
9445,07/06/2023 02:04:40,3.60,,,
9446,07/06/2023 02:07:40,3.77,,,
9447,07/06/2023 02:10:40,3.47,,,
9448,07/06/2023 02:13:40,3.34,,,
9449,07/06/2023 02:16:40,3.34,,,
9450,07/06/2023 02:19:40,3.52,,,
9451,07/06/2023 02:22:40,3.60,,,
9452,07/06/2023 02:25:40,3.43,,,
9453,07/06/2023 02:28:40,3.47,,,
9454,07/06/2023 02:31:40,3.30,,,
9455,07/06/2023 02:34:40,3.34,,,
9456,07/06/2023 02:37:40,3.43,,,
9457,07/06/2023 02:40:40,3.26,,,
9458,07/06/2023 02:43:40,3.04,,,
9459,07/06/2023 02:46:40,3.13,,,
9460,07/06/2023 02:49:40,3.09,,,
9461,07/06/2023 02:52:40,3.04,,,
9462,07/06/2023 02:55:40,2.70,,,
9463,07/06/2023 02:58:40,2.83,,,
9464,07/06/2023 03:01:40,3.09,,,
9465,07/06/2023 03:04:40,2.96,,,
9466,07/06/2023 03:07:40,2.66,,,
9467,07/06/2023 03:10:40,2.83,,,
9468,07/06/2023 03:13:40,2.83,,,
9469,07/06/2023 03:16:40,2.91,,,
9470,07/06/2023 03:19:40,2.83,,,
9471,07/06/2023 03:22:40,2.61,,,
9472,07/06/2023 03:25:40,2.31,,,
9473,07/06/2023 03:28:40,2.27,,,
9474,07/06/2023 03:31:40,2.53,,,
9475,07/06/2023 03:34:40,2.61,,,
9476,07/06/2023 03:37:40,2.61,,,
9477,07/06/2023 03:40:40,2.49,,,
9478,07/06/2023 03:43:40,2.44,,,
9479,07/06/2023 03:46:40,2.40,,,
9480,07/06/2023 03:49:40,2.44,,,
9481,07/06/2023 03:52:40,2.14,,,
9482,07/06/2023 03:55:40,1.93,,,
9483,07/06/2023 03:58:40,2.27,,,
9484,07/06/2023 04:01:40,1.93,,,
9485,07/06/2023 04:04:40,1.84,,,
9486,07/06/2023 04:07:40,1.54,,,
9487,07/06/2023 04:10:40,1.63,,,
9488,07/06/2023 04:13:40,1.71,,,
9489,07/06/2023 04:16:40,1.67,,,
9490,07/06/2023 04:19:40,1.33,,,
9491,07/06/2023 04:22:40,1.46,,,
9492,07/06/2023 04:25:40,1.50,,,
9493,07/06/2023 04:28:40,1.76,,,
9494,07/06/2023 04:31:40,1.88,,,
9495,07/06/2023 04:34:40,1.93,,,
9496,07/06/2023 04:37:40,2.49,,,
9497,07/06/2023 04:40:40,2.06,,,
9498,07/06/2023 04:43:40,1.84,,,
9499,07/06/2023 04:46:40,1.67,,,
9500,07/06/2023 04:49:40,1.58,,,
9501,07/06/2023 04:52:40,1.80,,,
9502,07/06/2023 04:55:40,2.01,,,
9503,07/06/2023 04:58:40,1.80,,,
9504,07/06/2023 05:01:40,1.67,,,
9505,07/06/2023 05:04:40,1.37,,,
9506,07/06/2023 05:07:40,1.07,,,
9507,07/06/2023 05:10:40,0.98,,,
9508,07/06/2023 05:13:40,0.86,,,
9509,07/06/2023 05:16:40,0.86,,,
9510,07/06/2023 05:19:40,0.81,,,
9511,07/06/2023 05:22:40,0.98,,,
9512,07/06/2023 05:25:40,1.03,,,
9513,07/06/2023 05:28:40,1.11,,,
9514,07/06/2023 05:31:40,0.98,,,
9515,07/06/2023 05:34:40,0.94,,,
9516,07/06/2023 05:37:40,0.73,,,
9517,07/06/2023 05:40:40,0.86,,,
9518,07/06/2023 05:43:40,0.73,,,
9519,07/06/2023 05:46:40,0.98,,,
9520,07/06/2023 05:49:40,1.07,,,
9521,07/06/2023 05:52:40,0.98,,,
9522,07/06/2023 05:55:40,0.98,,,
9523,07/06/2023 05:58:40,0.90,,,
9524,07/06/2023 06:01:40,1.03,,,
9525,07/06/2023 06:04:40,1.11,,,
9526,07/06/2023 06:07:40,0.94,,,
9527,07/06/2023 06:10:40,1.16,,,
9528,07/06/2023 06:13:40,1.16,,,
9529,07/06/2023 06:16:40,0.98,,,
9530,07/06/2023 06:19:40,0.81,,,
9531,07/06/2023 06:22:40,0.94,,,
9532,07/06/2023 06:25:40,1.28,,,
9533,07/06/2023 06:28:40,1.67,,,
9534,07/06/2023 06:31:40,2.06,,,
9535,07/06/2023 06:34:40,1.80,,,
9536,07/06/2023 06:37:40,1.84,,,
9537,07/06/2023 06:40:40,1.93,,,
9538,07/06/2023 06:43:40,2.10,,,
9539,07/06/2023 06:46:40,2.23,,,
9540,07/06/2023 06:49:40,2.57,,,
9541,07/06/2023 06:52:40,2.96,,,
9542,07/06/2023 06:55:40,3.21,,,
9543,07/06/2023 06:58:40,3.86,,,
9544,07/06/2023 07:01:40,4.37,,,
9545,07/06/2023 07:04:40,4.80,,,
9546,07/06/2023 07:07:40,5.10,,,
9547,07/06/2023 07:10:40,5.66,,,
9548,07/06/2023 07:13:40,6.69,,,
9549,07/06/2023 07:16:40,6.82,,,
9550,07/06/2023 07:19:40,6.99,,,
9551,07/06/2023 07:22:40,6.90,,,
9552,07/06/2023 07:25:40,6.95,,,
9553,07/06/2023 07:28:40,7.42,,,
9554,07/06/2023 07:31:40,8.15,,,
9555,07/06/2023 07:34:40,8.45,,,
9556,07/06/2023 07:37:40,8.92,,,
9557,07/06/2023 07:40:40,9.69,,,
9558,07/06/2023 07:43:40,9.86,,,
9559,07/06/2023 07:46:40,10.34,,,
9560,07/06/2023 07:49:40,10.72,,,
9561,07/06/2023 07:52:40,10.77,,,
9562,07/06/2023 07:55:40,10.72,,,
9563,07/06/2023 07:58:40,10.72,,,
9564,07/06/2023 08:01:40,10.94,,,
9565,07/06/2023 08:04:40,11.15,,,
9566,07/06/2023 08:07:40,11.41,,,
9567,07/06/2023 08:10:40,12.01,,,
9568,07/06/2023 08:13:40,12.40,,,
9569,07/06/2023 08:16:40,12.78,,,
9570,07/06/2023 08:19:40,13.21,,,
9571,07/06/2023 08:22:40,13.55,,,
9572,07/06/2023 08:25:40,14.15,,,
9573,07/06/2023 08:28:40,14.11,,,
9574,07/06/2023 08:31:40,14.67,,,
9575,07/06/2023 08:34:40,15.10,,,
9576,07/06/2023 08:37:40,15.44,,,
9577,07/06/2023 08:40:40,16.13,,,
9578,07/06/2023 08:43:40,17.46,,,
9579,07/06/2023 08:46:40,18.96,,,
9580,07/06/2023 08:49:40,18.62,,,
9581,07/06/2023 08:52:40,18.02,,,
9582,07/06/2023 08:55:40,19.26,,,
9583,07/06/2023 08:58:40,19.77,,,
9584,07/06/2023 09:01:40,19.47,,,
9585,07/06/2023 09:04:40,18.36,,,
9586,07/06/2023 09:07:40,18.19,,,
9587,07/06/2023 09:10:40,18.23,,,
9588,07/06/2023 09:13:40,18.32,,,
9589,07/06/2023 09:16:40,18.62,,,
9590,07/06/2023 09:19:40,18.53,,,
9591,07/06/2023 09:22:40,18.53,,,
9592,07/06/2023 09:25:40,18.87,,,
9593,07/06/2023 09:28:40,19.22,,,
9594,07/06/2023 09:31:40,19.26,,,
9595,07/06/2023 09:34:40,19.13,,,
9596,07/06/2023 09:37:40,19.30,,,
9597,07/06/2023 09:40:40,19.30,,,
9598,07/06/2023 09:43:40,19.35,,,
9599,07/06/2023 09:46:40,19.69,,,
9600,07/06/2023 09:49:40,19.95,,,
9601,07/06/2023 09:52:40,20.80,,,
9602,07/06/2023 09:55:40,20.37,,,
9603,07/06/2023 09:58:40,20.63,,,
9604,07/06/2023 10:01:40,21.23,,,
9605,07/06/2023 10:04:40,20.80,,,
9606,07/06/2023 10:07:40,20.68,,,
9607,07/06/2023 10:10:40,21.92,,,
9608,07/06/2023 10:13:40,21.62,,,
9609,07/06/2023 10:16:40,22.48,,,
9610,07/06/2023 10:19:40,22.56,,,
9611,07/06/2023 10:22:40,21.58,,,
9612,07/06/2023 10:25:40,21.62,,,
9613,07/06/2023 10:28:40,21.53,,,
9614,07/06/2023 10:31:40,21.36,,,
9615,07/06/2023 10:34:40,21.58,,,
9616,07/06/2023 10:37:40,21.06,,,
9617,07/06/2023 10:40:40,21.45,,,
9618,07/06/2023 10:43:40,21.58,,,
9619,07/06/2023 10:46:40,21.19,,,
9620,07/06/2023 10:49:40,21.06,,,
9621,07/06/2023 10:52:40,22.18,,,
9622,07/06/2023 10:55:40,21.66,,,
9623,07/06/2023 10:58:40,21.28,,,
9624,07/06/2023 11:01:40,21.28,,,
9625,07/06/2023 11:04:40,21.36,,,
9626,07/06/2023 11:07:40,22.09,,,
9627,07/06/2023 11:10:40,22.13,,,
9628,07/06/2023 11:13:40,22.18,,,
9629,07/06/2023 11:16:40,22.48,,,
9630,07/06/2023 11:19:40,22.31,,,
9631,07/06/2023 11:22:40,22.43,,,
9632,07/06/2023 11:25:40,22.73,,,
9633,07/06/2023 11:28:40,22.82,,,
9634,07/06/2023 11:31:40,22.52,,,
9635,07/06/2023 11:34:40,22.13,,,
9636,07/06/2023 11:37:40,22.78,,,
9637,07/06/2023 11:40:40,23.08,,,
9638,07/06/2023 11:43:40,23.42,,,
9639,07/06/2023 11:46:40,24.02,,,
9640,07/06/2023 11:49:40,24.02,,,
9641,07/06/2023 11:52:40,24.11,,,
9642,07/06/2023 11:55:40,23.89,,,
9643,07/06/2023 11:58:40,24.75,,,
9644,07/06/2023 12:01:40,24.71,,,
9645,07/06/2023 12:04:40,24.84,,,
9646,07/06/2023 12:07:40,25.74,,,
9647,07/06/2023 12:10:40,25.31,,,
9648,07/06/2023 12:13:40,25.22,,,
9649,07/06/2023 12:16:40,25.48,,,
9650,07/06/2023 12:19:40,25.39,,,
9651,07/06/2023 12:22:40,25.95,,,
9652,07/06/2023 12:25:40,26.34,,,
9653,07/06/2023 12:28:40,25.87,,,
9654,07/06/2023 12:31:40,26.55,,,
9655,07/06/2023 12:34:40,26.68,,,
9656,07/06/2023 12:37:40,26.90,,,
9657,07/06/2023 12:40:40,26.81,,,
9658,07/06/2023 12:43:40,25.82,,,
9659,07/06/2023 12:46:40,26.77,,,
9660,07/06/2023 12:49:40,26.85,,,
9661,07/06/2023 12:52:40,26.51,,,
9662,07/06/2023 12:55:40,26.64,,,
9663,07/06/2023 12:58:40,26.85,,,
9664,07/06/2023 13:01:40,26.25,,,
9665,07/06/2023 13:04:40,25.87,,,
9666,07/06/2023 13:07:40,26.34,,,
9667,07/06/2023 13:10:40,25.95,,,
9668,07/06/2023 13:13:40,25.82,,,
9669,07/06/2023 13:16:40,25.95,,,
9670,07/06/2023 13:19:40,26.30,,,
9671,07/06/2023 13:22:40,26.25,,,
9672,07/06/2023 13:25:40,26.08,,,
9673,07/06/2023 13:28:40,26.25,,,
9674,07/06/2023 13:31:40,25.87,,,
9675,07/06/2023 13:34:40,26.72,,,
9676,07/06/2023 13:37:40,26.94,,,
9677,07/06/2023 13:40:40,26.68,,,
9678,07/06/2023 13:43:40,25.95,,,
9679,07/06/2023 13:46:40,26.47,,,
9680,07/06/2023 13:49:40,26.34,,,
9681,07/06/2023 13:52:40,26.38,,,
9682,07/06/2023 13:55:40,27.02,,,
9683,07/06/2023 13:58:40,26.94,,,
9684,07/06/2023 14:01:40,27.45,,,
9685,07/06/2023 14:04:40,26.98,,,
9686,07/06/2023 14:07:40,26.64,,,
9687,07/06/2023 14:10:40,26.68,,,
9688,07/06/2023 14:13:40,26.68,,,
9689,07/06/2023 14:16:40,26.90,,,
9690,07/06/2023 14:19:40,27.07,,,
9691,07/06/2023 14:22:40,26.94,,,
9692,07/06/2023 14:25:40,26.55,,,
9693,07/06/2023 14:28:40,26.30,,,
9694,07/06/2023 14:31:40,26.08,,,
9695,07/06/2023 14:34:40,26.81,,,
9696,07/06/2023 14:37:40,26.25,,,
9697,07/06/2023 14:40:40,26.64,,,
9698,07/06/2023 14:43:40,27.07,,,
9699,07/06/2023 14:46:40,27.20,,,
9700,07/06/2023 14:49:40,27.37,,,
9701,07/06/2023 14:52:40,26.90,,,
9702,07/06/2023 14:55:40,26.72,,,
9703,07/06/2023 14:58:40,26.94,,,
9704,07/06/2023 15:01:40,26.47,,,
9705,07/06/2023 15:04:40,26.38,,,
9706,07/06/2023 15:07:40,26.60,,,
9707,07/06/2023 15:10:40,26.68,,,
9708,07/06/2023 15:13:40,26.72,,,
9709,07/06/2023 15:16:40,26.34,,,
9710,07/06/2023 15:19:40,26.25,,,
9711,07/06/2023 15:22:40,27.20,,,
9712,07/06/2023 15:25:40,26.72,,,
9713,07/06/2023 15:28:40,26.68,,,
9714,07/06/2023 15:31:40,27.11,,,
9715,07/06/2023 15:34:40,27.11,,,
9716,07/06/2023 15:37:40,26.98,,,
9717,07/06/2023 15:40:40,27.41,,,
9718,07/06/2023 15:43:40,26.94,,,
9719,07/06/2023 15:46:40,26.72,,,
9720,07/06/2023 15:49:40,26.60,,,
9721,07/06/2023 15:52:40,26.17,,,
9722,07/06/2023 15:55:40,25.95,,,
9723,07/06/2023 15:58:40,25.99,,,
9724,07/06/2023 16:01:40,26.81,,,
9725,07/06/2023 16:04:40,26.17,,,
9726,07/06/2023 16:07:40,25.99,,,
9727,07/06/2023 16:10:40,26.47,,,
9728,07/06/2023 16:13:40,26.42,,,
9729,07/06/2023 16:16:40,26.72,,,
9730,07/06/2023 16:19:40,26.72,,,
9731,07/06/2023 16:22:40,25.99,,,
9732,07/06/2023 16:25:40,25.95,,,
9733,07/06/2023 16:28:40,26.42,,,
9734,07/06/2023 16:31:40,27.07,,,
9735,07/06/2023 16:34:40,26.94,,,
9736,07/06/2023 16:37:40,26.77,,,
9737,07/06/2023 16:40:40,26.90,,,
9738,07/06/2023 16:43:40,26.42,,,
9739,07/06/2023 16:46:40,26.55,,,
9740,07/06/2023 16:49:40,26.81,,,
9741,07/06/2023 16:52:40,25.78,,,
9742,07/06/2023 16:55:40,26.04,,,
9743,07/06/2023 16:58:40,25.91,,,
9744,07/06/2023 17:01:40,25.82,,,
9745,07/06/2023 17:04:40,26.21,,,
9746,07/06/2023 17:07:40,26.55,,,
9747,07/06/2023 17:10:40,26.94,,,
9748,07/06/2023 17:13:40,27.11,,,
9749,07/06/2023 17:16:40,27.07,,,
9750,07/06/2023 17:19:40,26.68,,,
9751,07/06/2023 17:22:40,25.82,,,
9752,07/06/2023 17:25:40,25.82,,,
9753,07/06/2023 17:28:40,26.04,,,
9754,07/06/2023 17:31:40,25.65,,,
9755,07/06/2023 17:34:40,25.61,,,
9756,07/06/2023 17:37:40,25.99,,,
9757,07/06/2023 17:40:40,25.82,,,
9758,07/06/2023 17:43:40,25.48,,,
9759,07/06/2023 17:46:40,25.35,,,
9760,07/06/2023 17:49:40,25.65,,,
9761,07/06/2023 17:52:40,25.52,,,
9762,07/06/2023 17:55:40,25.44,,,
9763,07/06/2023 17:58:40,25.52,,,
9764,07/06/2023 18:01:40,25.65,,,
9765,07/06/2023 18:04:40,25.99,,,
9766,07/06/2023 18:07:40,25.52,,,
9767,07/06/2023 18:10:40,25.31,,,
9768,07/06/2023 18:13:40,25.35,,,
9769,07/06/2023 18:16:40,25.44,,,
9770,07/06/2023 18:19:40,25.31,,,
9771,07/06/2023 18:22:40,25.27,,,
9772,07/06/2023 18:25:40,25.09,,,
9773,07/06/2023 18:28:40,24.84,,,
9774,07/06/2023 18:31:40,24.92,,,
9775,07/06/2023 18:34:40,24.75,,,
9776,07/06/2023 18:37:40,24.92,,,
9777,07/06/2023 18:40:40,24.84,,,
9778,07/06/2023 18:43:40,24.75,,,
9779,07/06/2023 18:46:40,24.97,,,
9780,07/06/2023 18:49:40,24.58,,,
9781,07/06/2023 18:52:40,24.24,,,
9782,07/06/2023 18:55:40,24.66,,,
9783,07/06/2023 18:58:40,24.41,,,
9784,07/06/2023 19:01:40,24.06,,,
9785,07/06/2023 19:04:40,23.94,,,
9786,07/06/2023 19:07:40,23.94,,,
9787,07/06/2023 19:10:40,23.94,,,
9788,07/06/2023 19:13:40,23.85,,,
9789,07/06/2023 19:16:40,23.72,,,
9790,07/06/2023 19:19:40,23.25,,,
9791,07/06/2023 19:22:40,22.82,,,
9792,07/06/2023 19:25:40,22.43,,,
9793,07/06/2023 19:28:40,22.22,,,
9794,07/06/2023 19:31:40,22.18,,,
9795,07/06/2023 19:34:40,22.01,,,
9796,07/06/2023 19:37:40,21.79,,,
9797,07/06/2023 19:40:40,21.36,,,
9798,07/06/2023 19:43:40,21.45,,,
9799,07/06/2023 19:46:40,21.58,,,
9800,07/06/2023 19:49:40,21.28,,,
9801,07/06/2023 19:52:40,20.72,,,
9802,07/06/2023 19:55:40,20.50,,,
9803,07/06/2023 19:58:40,20.20,,,
9804,07/06/2023 20:01:40,19.95,,,
9805,07/06/2023 20:04:40,19.56,,,
9806,07/06/2023 20:07:40,18.49,,,
9807,07/06/2023 20:10:40,18.70,,,
9808,07/06/2023 20:13:40,18.49,,,
9809,07/06/2023 20:16:40,17.54,,,
9810,07/06/2023 20:19:40,17.11,,,
9811,07/06/2023 20:22:40,16.94,,,
9812,07/06/2023 20:25:40,15.66,,,
9813,07/06/2023 20:28:40,15.31,,,
9814,07/06/2023 20:31:40,14.88,,,
9815,07/06/2023 20:34:40,14.75,,,
9816,07/06/2023 20:37:40,14.50,,,
9817,07/06/2023 20:40:40,14.58,,,
9818,07/06/2023 20:43:40,14.03,,,
9819,07/06/2023 20:46:40,14.07,,,
9820,07/06/2023 20:49:40,13.98,,,
9821,07/06/2023 20:52:40,13.21,,,
9822,07/06/2023 20:55:40,12.78,,,
9823,07/06/2023 20:58:40,12.78,,,
9824,07/06/2023 21:01:40,12.40,,,
9825,07/06/2023 21:04:40,12.10,,,
9826,07/06/2023 21:07:40,12.78,,,
9827,07/06/2023 21:10:40,12.82,,,
9828,07/06/2023 21:13:40,13.00,,,
9829,07/06/2023 21:16:40,12.48,,,
9830,07/06/2023 21:19:40,13.04,,,
9831,07/06/2023 21:22:40,13.12,,,
9832,07/06/2023 21:25:40,12.87,,,
9833,07/06/2023 21:28:40,12.18,,,
9834,07/06/2023 21:31:40,11.79,,,
9835,07/06/2023 21:34:40,11.54,,,
9836,07/06/2023 21:37:40,11.15,,,
9837,07/06/2023 21:40:40,11.58,,,
9838,07/06/2023 21:43:40,11.02,,,
9839,07/06/2023 21:46:40,10.72,,,
9840,07/06/2023 21:49:40,10.42,,,
9841,07/06/2023 21:52:40,10.64,,,
9842,07/06/2023 21:55:40,10.25,,,
9843,07/06/2023 21:58:40,10.34,,,
9844,07/06/2023 22:01:40,10.29,,,
9845,07/06/2023 22:04:40,10.34,,,
9846,07/06/2023 22:07:40,10.29,,,
9847,07/06/2023 22:10:40,9.82,,,
9848,07/06/2023 22:13:40,9.69,,,
9849,07/06/2023 22:16:40,9.78,,,
9850,07/06/2023 22:19:40,9.74,,,
9851,07/06/2023 22:22:40,9.44,,,
9852,07/06/2023 22:25:40,9.35,,,
9853,07/06/2023 22:28:40,9.35,,,
9854,07/06/2023 22:31:40,9.39,,,
9855,07/06/2023 22:34:40,9.39,,,
9856,07/06/2023 22:37:40,9.56,,,
9857,07/06/2023 22:40:40,9.69,,,
9858,07/06/2023 22:43:40,9.31,,,
9859,07/06/2023 22:46:40,8.62,,,
9860,07/06/2023 22:49:40,8.53,,,
9861,07/06/2023 22:52:40,8.71,,,
9862,07/06/2023 22:55:40,8.88,,,
9863,07/06/2023 22:58:40,8.53,,,
9864,07/06/2023 23:01:40,8.32,,,
9865,07/06/2023 23:04:40,8.32,,,
9866,07/06/2023 23:07:40,8.41,,,
9867,07/06/2023 23:10:40,7.85,,,
9868,07/06/2023 23:13:40,7.55,,,
9869,07/06/2023 23:16:40,7.25,,,
9870,07/06/2023 23:19:40,7.85,,,
9871,07/06/2023 23:22:40,7.76,,,
9872,07/06/2023 23:25:40,7.38,,,
9873,07/06/2023 23:28:40,7.50,,,
9874,07/06/2023 23:31:40,7.25,,,
9875,07/06/2023 23:34:40,7.12,,,
9876,07/06/2023 23:37:40,7.25,,,
9877,07/06/2023 23:40:40,6.86,,,
9878,07/06/2023 23:43:40,6.65,,,
9879,07/06/2023 23:46:40,6.43,,,
9880,07/06/2023 23:49:40,6.73,,,
9881,07/06/2023 23:52:40,7.16,,,
9882,07/06/2023 23:55:40,7.25,,,
9883,07/06/2023 23:58:40,6.99,,,
9884,07/07/2023 00:01:40,6.73,,,
9885,07/07/2023 00:04:40,6.35,,,
9886,07/07/2023 00:07:40,6.05,,,
9887,07/07/2023 00:10:40,6.09,,,
9888,07/07/2023 00:13:40,6.22,,,
9889,07/07/2023 00:16:40,6.43,,,
9890,07/07/2023 00:19:40,6.05,,,
9891,07/07/2023 00:22:40,5.83,,,
9892,07/07/2023 00:25:40,5.70,,,
9893,07/07/2023 00:28:40,5.75,,,
9894,07/07/2023 00:31:40,5.87,,,
9895,07/07/2023 00:34:40,6.00,,,
9896,07/07/2023 00:37:40,5.62,,,
9897,07/07/2023 00:40:40,6.35,,,
9898,07/07/2023 00:43:40,7.63,,,
9899,07/07/2023 00:46:40,7.38,,,
9900,07/07/2023 00:49:40,7.16,,,
9901,07/07/2023 00:52:40,6.69,,,
9902,07/07/2023 00:55:40,6.90,,,
9903,07/07/2023 00:58:40,6.26,,,
9904,07/07/2023 01:01:40,6.13,,,
9905,07/07/2023 01:04:40,6.09,,,
9906,07/07/2023 01:07:40,6.39,,,
9907,07/07/2023 01:10:40,6.39,,,
9908,07/07/2023 01:13:40,6.05,,,
9909,07/07/2023 01:16:40,6.00,,,
9910,07/07/2023 01:19:40,5.53,,,
9911,07/07/2023 01:22:40,5.32,,,
9912,07/07/2023 01:25:40,5.15,,,
9913,07/07/2023 01:28:40,5.40,,,
9914,07/07/2023 01:31:40,5.23,,,
9915,07/07/2023 01:34:40,4.97,,,
9916,07/07/2023 01:37:40,5.15,,,
9917,07/07/2023 01:40:40,4.80,,,
9918,07/07/2023 01:43:40,4.72,,,
9919,07/07/2023 01:46:40,5.10,,,
9920,07/07/2023 01:49:40,4.84,,,
9921,07/07/2023 01:52:40,4.84,,,
9922,07/07/2023 01:55:40,4.37,,,
9923,07/07/2023 01:58:40,4.42,,,
9924,07/07/2023 02:01:40,4.63,,,
9925,07/07/2023 02:04:40,5.06,,,
9926,07/07/2023 02:07:40,4.59,,,
9927,07/07/2023 02:10:40,4.59,,,
9928,07/07/2023 02:13:40,4.50,,,
9929,07/07/2023 02:16:40,4.46,,,
9930,07/07/2023 02:19:40,4.33,,,
9931,07/07/2023 02:22:40,4.42,,,
9932,07/07/2023 02:25:40,4.42,,,
9933,07/07/2023 02:28:40,4.42,,,
9934,07/07/2023 02:31:40,4.46,,,
9935,07/07/2023 02:34:40,4.20,,,
9936,07/07/2023 02:37:40,4.16,,,
9937,07/07/2023 02:40:40,3.99,,,
9938,07/07/2023 02:43:40,4.16,,,
9939,07/07/2023 02:46:40,4.33,,,
9940,07/07/2023 02:49:40,4.29,,,
9941,07/07/2023 02:52:40,4.24,,,
9942,07/07/2023 02:55:40,4.42,,,
9943,07/07/2023 02:58:40,4.29,,,
9944,07/07/2023 03:01:40,4.37,,,
9945,07/07/2023 03:04:40,3.99,,,
9946,07/07/2023 03:07:40,3.77,,,
9947,07/07/2023 03:10:40,3.73,,,
9948,07/07/2023 03:13:40,3.99,,,
9949,07/07/2023 03:16:40,4.03,,,
9950,07/07/2023 03:19:40,3.94,,,
9951,07/07/2023 03:22:40,3.90,,,
9952,07/07/2023 03:25:40,3.47,,,
9953,07/07/2023 03:28:40,3.77,,,
9954,07/07/2023 03:31:40,4.07,,,
9955,07/07/2023 03:34:40,4.16,,,
9956,07/07/2023 03:37:40,3.86,,,
9957,07/07/2023 03:40:40,3.99,,,
9958,07/07/2023 03:43:40,3.90,,,
9959,07/07/2023 03:46:40,3.90,,,
9960,07/07/2023 03:49:40,3.82,,,
9961,07/07/2023 03:52:40,3.82,,,
9962,07/07/2023 03:55:40,3.64,,,
9963,07/07/2023 03:58:40,3.64,,,
9964,07/07/2023 04:01:40,3.86,,,
9965,07/07/2023 04:04:40,3.90,,,
9966,07/07/2023 04:07:40,3.94,,,
9967,07/07/2023 04:10:40,3.69,,,
9968,07/07/2023 04:13:40,3.99,,,
9969,07/07/2023 04:16:40,3.73,,,
9970,07/07/2023 04:19:40,3.90,,,
9971,07/07/2023 04:22:40,3.64,,,
9972,07/07/2023 04:25:40,3.56,,,
9973,07/07/2023 04:28:40,3.56,,,
9974,07/07/2023 04:31:40,3.77,,,
9975,07/07/2023 04:34:40,3.56,,,
9976,07/07/2023 04:37:40,3.30,,,
9977,07/07/2023 04:40:40,3.26,,,
9978,07/07/2023 04:43:40,3.30,,,
9979,07/07/2023 04:46:40,3.34,,,
9980,07/07/2023 04:49:40,3.00,,,
9981,07/07/2023 04:52:40,2.79,,,
9982,07/07/2023 04:55:40,2.79,,,
9983,07/07/2023 04:58:40,2.83,,,
9984,07/07/2023 05:01:40,3.09,,,
9985,07/07/2023 05:04:40,3.00,,,
9986,07/07/2023 05:07:40,2.96,,,
9987,07/07/2023 05:10:40,2.74,,,
9988,07/07/2023 05:13:40,2.44,,,
9989,07/07/2023 05:16:40,2.44,,,
9990,07/07/2023 05:19:40,2.66,,,
9991,07/07/2023 05:22:40,2.66,,,
9992,07/07/2023 05:25:40,2.74,,,
9993,07/07/2023 05:28:40,2.70,,,
9994,07/07/2023 05:31:40,2.44,,,
9995,07/07/2023 05:34:40,2.53,,,
9996,07/07/2023 05:37:40,2.31,,,
9997,07/07/2023 05:40:40,2.40,,,
9998,07/07/2023 05:43:40,2.49,,,
9999,07/07/2023 05:46:40,2.40,,,
10000,07/07/2023 05:49:40,2.61,,,
10001,07/07/2023 05:52:40,2.49,,,
10002,07/07/2023 05:55:40,2.40,,,
10003,07/07/2023 05:58:40,2.31,,,
10004,07/07/2023 06:01:40,2.27,,,
10005,07/07/2023 06:04:40,2.14,,,
10006,07/07/2023 06:07:40,2.23,,,
10007,07/07/2023 06:10:40,2.66,,,
10008,07/07/2023 06:13:40,2.66,,,
10009,07/07/2023 06:16:40,2.70,,,
10010,07/07/2023 06:19:40,2.70,,,
10011,07/07/2023 06:22:40,2.83,,,
10012,07/07/2023 06:25:40,2.79,,,
10013,07/07/2023 06:28:40,2.96,,,
10014,07/07/2023 06:31:40,3.09,,,
10015,07/07/2023 06:34:40,3.34,,,
10016,07/07/2023 06:37:40,3.64,,,
10017,07/07/2023 06:40:40,3.77,,,
10018,07/07/2023 06:43:40,4.33,,,
10019,07/07/2023 06:46:40,4.33,,,
10020,07/07/2023 06:49:40,4.24,,,
10021,07/07/2023 06:52:40,4.20,,,
10022,07/07/2023 06:55:40,4.12,,,
10023,07/07/2023 06:58:40,4.16,,,
10024,07/07/2023 07:01:40,5.23,,,
10025,07/07/2023 07:04:40,5.36,,,
10026,07/07/2023 07:07:40,5.66,,,
10027,07/07/2023 07:10:40,5.70,,,
10028,07/07/2023 07:13:40,6.00,,,
10029,07/07/2023 07:16:40,6.26,,,
10030,07/07/2023 07:19:40,6.95,,,
10031,07/07/2023 07:22:40,7.08,,,
10032,07/07/2023 07:25:40,7.38,,,
10033,07/07/2023 07:28:40,7.63,,,
10034,07/07/2023 07:31:40,8.92,,,
10035,07/07/2023 07:34:40,9.65,,,
10036,07/07/2023 07:37:40,10.04,,,
10037,07/07/2023 07:40:40,9.78,,,
10038,07/07/2023 07:43:40,10.34,,,
10039,07/07/2023 07:46:40,11.37,,,
10040,07/07/2023 07:49:40,11.28,,,
10041,07/07/2023 07:52:40,11.19,,,
10042,07/07/2023 07:55:40,11.92,,,
10043,07/07/2023 07:58:40,12.05,,,
10044,07/07/2023 08:01:40,12.27,,,
10045,07/07/2023 08:04:40,12.14,,,
10046,07/07/2023 08:07:40,12.14,,,
10047,07/07/2023 08:10:40,12.31,,,
10048,07/07/2023 08:13:40,13.08,,,
10049,07/07/2023 08:16:40,13.55,,,
10050,07/07/2023 08:19:40,13.98,,,
10051,07/07/2023 08:22:40,13.73,,,
10052,07/07/2023 08:25:40,14.20,,,
10053,07/07/2023 08:28:40,14.71,,,
10054,07/07/2023 08:31:40,15.36,,,
10055,07/07/2023 08:34:40,16.04,,,
10056,07/07/2023 08:37:40,16.47,,,
10057,07/07/2023 08:40:40,16.64,,,
10058,07/07/2023 08:43:40,17.84,,,
10059,07/07/2023 08:46:40,18.66,,,
10060,07/07/2023 08:49:40,18.79,,,
10061,07/07/2023 08:52:40,20.16,,,
10062,07/07/2023 08:55:40,19.60,,,
10063,07/07/2023 08:58:40,18.57,,,
10064,07/07/2023 09:01:40,18.27,,,
10065,07/07/2023 09:04:40,18.96,,,
10066,07/07/2023 09:07:40,19.77,,,
10067,07/07/2023 09:10:40,18.92,,,
10068,07/07/2023 09:13:40,19.86,,,
10069,07/07/2023 09:16:40,21.23,,,
10070,07/07/2023 09:19:40,21.45,,,
10071,07/07/2023 09:22:40,22.09,,,
10072,07/07/2023 09:25:40,21.49,,,
10073,07/07/2023 09:28:40,20.07,,,
10074,07/07/2023 09:31:40,19.00,,,
10075,07/07/2023 09:34:40,19.90,,,
10076,07/07/2023 09:37:40,19.56,,,
10077,07/07/2023 09:40:40,20.20,,,
10078,07/07/2023 09:43:40,20.33,,,
10079,07/07/2023 09:46:40,19.77,,,
10080,07/07/2023 09:49:40,19.77,,,
10081,07/07/2023 09:52:40,19.99,,,
10082,07/07/2023 09:55:40,20.07,,,
10083,07/07/2023 09:58:40,19.90,,,
10084,07/07/2023 10:01:40,20.37,,,
10085,07/07/2023 10:04:40,20.42,,,
10086,07/07/2023 10:07:40,20.29,,,
10087,07/07/2023 10:10:40,20.03,,,
10088,07/07/2023 10:13:40,20.37,,,
10089,07/07/2023 10:16:40,20.85,,,
10090,07/07/2023 10:19:40,20.63,,,
10091,07/07/2023 10:22:40,21.06,,,
10092,07/07/2023 10:25:40,20.76,,,
10093,07/07/2023 10:28:40,20.68,,,
10094,07/07/2023 10:31:40,20.85,,,
10095,07/07/2023 10:34:40,20.89,,,
10096,07/07/2023 10:37:40,20.93,,,
10097,07/07/2023 10:40:40,21.40,,,
10098,07/07/2023 10:43:40,21.88,,,
10099,07/07/2023 10:46:40,21.70,,,
10100,07/07/2023 10:49:40,21.40,,,
10101,07/07/2023 10:52:40,21.75,,,
10102,07/07/2023 10:55:40,21.83,,,
10103,07/07/2023 10:58:40,21.36,,,
10104,07/07/2023 11:01:40,21.83,,,
10105,07/07/2023 11:04:40,21.06,,,
10106,07/07/2023 11:07:40,22.26,,,
10107,07/07/2023 11:10:40,22.56,,,
10108,07/07/2023 11:13:40,21.79,,,
10109,07/07/2023 11:16:40,21.45,,,
10110,07/07/2023 11:19:40,22.35,,,
10111,07/07/2023 11:22:40,22.26,,,
10112,07/07/2023 11:25:40,22.26,,,
10113,07/07/2023 11:28:40,22.56,,,
10114,07/07/2023 11:31:40,23.38,,,
10115,07/07/2023 11:34:40,22.99,,,
10116,07/07/2023 11:37:40,23.46,,,
10117,07/07/2023 11:40:40,23.34,,,
10118,07/07/2023 11:43:40,24.84,,,
10119,07/07/2023 11:46:40,25.65,,,
10120,07/07/2023 11:49:40,25.22,,,
10121,07/07/2023 11:52:40,25.44,,,
10122,07/07/2023 11:55:40,25.87,,,
10123,07/07/2023 11:58:40,26.68,,,
10124,07/07/2023 12:01:40,25.99,,,
10125,07/07/2023 12:04:40,25.05,,,
10126,07/07/2023 12:07:40,25.91,,,
10127,07/07/2023 12:10:40,24.84,,,
10128,07/07/2023 12:13:40,25.01,,,
10129,07/07/2023 12:16:40,25.27,,,
10130,07/07/2023 12:19:40,24.75,,,
10131,07/07/2023 12:22:40,24.88,,,
10132,07/07/2023 12:25:40,25.18,,,
10133,07/07/2023 12:28:40,24.19,,,
10134,07/07/2023 12:31:40,24.97,,,
10135,07/07/2023 12:34:40,25.61,,,
10136,07/07/2023 12:37:40,25.91,,,
10137,07/07/2023 12:40:40,24.79,,,
10138,07/07/2023 12:43:40,24.24,,,
10139,07/07/2023 12:46:40,24.62,,,
10140,07/07/2023 12:49:40,25.05,,,
10141,07/07/2023 12:52:40,25.74,,,
10142,07/07/2023 12:55:40,26.04,,,
10143,07/07/2023 12:58:40,26.30,,,
10144,07/07/2023 13:01:40,25.87,,,
10145,07/07/2023 13:04:40,25.52,,,
10146,07/07/2023 13:07:40,25.78,,,
10147,07/07/2023 13:10:40,26.04,,,
10148,07/07/2023 13:13:40,26.08,,,
10149,07/07/2023 13:16:40,25.48,,,
10150,07/07/2023 13:19:40,25.57,,,
10151,07/07/2023 13:22:40,24.54,,,
10152,07/07/2023 13:25:40,25.69,,,
10153,07/07/2023 13:28:40,25.35,,,
10154,07/07/2023 13:31:40,25.31,,,
10155,07/07/2023 13:34:40,24.88,,,
10156,07/07/2023 13:37:40,24.58,,,
10157,07/07/2023 13:40:40,24.58,,,
10158,07/07/2023 13:43:40,24.19,,,
10159,07/07/2023 13:46:40,25.44,,,
10160,07/07/2023 13:49:40,26.12,,,
10161,07/07/2023 13:52:40,24.49,,,
10162,07/07/2023 13:55:40,23.68,,,
10163,07/07/2023 13:58:40,24.92,,,
10164,07/07/2023 14:01:40,25.44,,,
10165,07/07/2023 14:04:40,26.25,,,
10166,07/07/2023 14:07:40,26.34,,,
10167,07/07/2023 14:10:40,25.44,,,
10168,07/07/2023 14:13:40,26.04,,,
10169,07/07/2023 14:16:40,25.74,,,
10170,07/07/2023 14:19:40,25.87,,,
10171,07/07/2023 14:22:40,24.06,,,
10172,07/07/2023 14:25:40,23.85,,,
10173,07/07/2023 14:28:40,24.41,,,
10174,07/07/2023 14:31:40,25.91,,,
10175,07/07/2023 14:34:40,25.74,,,
10176,07/07/2023 14:37:40,26.60,,,
10177,07/07/2023 14:40:40,25.14,,,
10178,07/07/2023 14:43:40,25.87,,,
10179,07/07/2023 14:46:40,26.98,,,
10180,07/07/2023 14:49:40,28.31,,,
10181,07/07/2023 14:52:40,27.45,,,
10182,07/07/2023 14:55:40,25.14,,,
10183,07/07/2023 14:58:40,25.09,,,
10184,07/07/2023 15:01:40,26.04,,,
10185,07/07/2023 15:04:40,26.04,,,
10186,07/07/2023 15:07:40,25.65,,,
10187,07/07/2023 15:10:40,25.05,,,
10188,07/07/2023 15:13:40,25.01,,,
10189,07/07/2023 15:16:40,25.61,,,
10190,07/07/2023 15:19:40,26.94,,,
10191,07/07/2023 15:22:40,27.28,,,
10192,07/07/2023 15:25:40,27.28,,,
10193,07/07/2023 15:28:40,26.77,,,
10194,07/07/2023 15:31:40,27.32,,,
10195,07/07/2023 15:34:40,26.47,,,
10196,07/07/2023 15:37:40,26.42,,,
10197,07/07/2023 15:40:40,26.47,,,
10198,07/07/2023 15:43:40,26.90,,,
10199,07/07/2023 15:46:40,27.32,,,
10200,07/07/2023 15:49:40,27.41,,,
10201,07/07/2023 15:52:40,27.07,,,
10202,07/07/2023 15:55:40,26.81,,,
10203,07/07/2023 15:58:40,27.02,,,
10204,07/07/2023 16:01:40,27.41,,,
10205,07/07/2023 16:04:40,27.11,,,
10206,07/07/2023 16:07:40,26.60,,,
10207,07/07/2023 16:10:40,26.94,,,
10208,07/07/2023 16:13:40,27.02,,,
10209,07/07/2023 16:16:40,27.02,,,
10210,07/07/2023 16:19:40,26.47,,,
10211,07/07/2023 16:22:40,27.02,,,
10212,07/07/2023 16:25:40,26.17,,,
10213,07/07/2023 16:28:40,26.72,,,
10214,07/07/2023 16:31:40,26.38,,,
10215,07/07/2023 16:34:40,27.02,,,
10216,07/07/2023 16:37:40,26.81,,,
10217,07/07/2023 16:40:40,26.64,,,
10218,07/07/2023 16:43:40,26.64,,,
10219,07/07/2023 16:46:40,26.51,,,
10220,07/07/2023 16:49:40,26.47,,,
10221,07/07/2023 16:52:40,26.38,,,
10222,07/07/2023 16:55:40,26.77,,,
10223,07/07/2023 16:58:40,26.08,,,
10224,07/07/2023 17:01:40,26.34,,,
10225,07/07/2023 17:04:40,26.47,,,
10226,07/07/2023 17:07:40,25.95,,,
10227,07/07/2023 17:10:40,26.55,,,
10228,07/07/2023 17:13:40,26.85,,,
10229,07/07/2023 17:16:40,27.02,,,
10230,07/07/2023 17:19:40,26.30,,,
10231,07/07/2023 17:22:40,25.99,,,
10232,07/07/2023 17:25:40,25.18,,,
10233,07/07/2023 17:28:40,25.05,,,
10234,07/07/2023 17:31:40,25.78,,,
10235,07/07/2023 17:34:40,25.78,,,
10236,07/07/2023 17:37:40,25.95,,,
10237,07/07/2023 17:40:40,25.91,,,
10238,07/07/2023 17:43:40,25.44,,,
10239,07/07/2023 17:46:40,24.54,,,
10240,07/07/2023 17:49:40,25.35,,,
10241,07/07/2023 17:52:40,26.21,,,
10242,07/07/2023 17:55:40,26.51,,,
10243,07/07/2023 17:58:40,26.08,,,
10244,07/07/2023 18:01:40,25.61,,,
10245,07/07/2023 18:04:40,24.92,,,
10246,07/07/2023 18:07:40,25.44,,,
10247,07/07/2023 18:10:40,25.35,,,
10248,07/07/2023 18:13:40,25.78,,,
10249,07/07/2023 18:16:40,25.65,,,
10250,07/07/2023 18:19:40,25.82,,,
10251,07/07/2023 18:22:40,24.97,,,
10252,07/07/2023 18:25:40,24.79,,,
10253,07/07/2023 18:28:40,25.74,,,
10254,07/07/2023 18:31:40,25.01,,,
10255,07/07/2023 18:34:40,25.14,,,
10256,07/07/2023 18:37:40,24.49,,,
10257,07/07/2023 18:40:40,24.06,,,
10258,07/07/2023 18:43:40,24.11,,,
10259,07/07/2023 18:46:40,24.54,,,
10260,07/07/2023 18:49:40,24.92,,,
10261,07/07/2023 18:52:40,24.84,,,
10262,07/07/2023 18:55:40,24.88,,,
10263,07/07/2023 18:58:40,25.05,,,
10264,07/07/2023 19:01:40,24.79,,,
10265,07/07/2023 19:04:40,25.09,,,
10266,07/07/2023 19:07:40,24.62,,,
10267,07/07/2023 19:10:40,24.02,,,
10268,07/07/2023 19:13:40,23.51,,,
10269,07/07/2023 19:16:40,22.99,,,
10270,07/07/2023 19:19:40,22.56,,,
10271,07/07/2023 19:22:40,22.35,,,
10272,07/07/2023 19:25:40,22.13,,,
10273,07/07/2023 19:28:40,21.70,,,
10274,07/07/2023 19:31:40,21.45,,,
10275,07/07/2023 19:34:40,21.28,,,
10276,07/07/2023 19:37:40,21.15,,,
10277,07/07/2023 19:40:40,20.85,,,
10278,07/07/2023 19:43:40,20.59,,,
10279,07/07/2023 19:46:40,20.37,,,
10280,07/07/2023 19:49:40,20.50,,,
10281,07/07/2023 19:52:40,20.89,,,
10282,07/07/2023 19:55:40,20.85,,,
10283,07/07/2023 19:58:40,20.72,,,
10284,07/07/2023 20:01:40,20.46,,,
10285,07/07/2023 20:04:40,19.99,,,
10286,07/07/2023 20:07:40,19.60,,,
10287,07/07/2023 20:10:40,18.87,,,
10288,07/07/2023 20:13:40,18.62,,,
10289,07/07/2023 20:16:40,17.93,,,
10290,07/07/2023 20:19:40,17.72,,,
10291,07/07/2023 20:22:40,17.59,,,
10292,07/07/2023 20:25:40,16.99,,,
10293,07/07/2023 20:28:40,16.34,,,
10294,07/07/2023 20:31:40,16.21,,,
10295,07/07/2023 20:34:40,16.04,,,
10296,07/07/2023 20:37:40,15.61,,,
10297,07/07/2023 20:40:40,15.74,,,
10298,07/07/2023 20:43:40,15.91,,,
10299,07/07/2023 20:46:40,15.57,,,
10300,07/07/2023 20:49:40,15.01,,,
10301,07/07/2023 20:52:40,14.63,,,
10302,07/07/2023 20:55:40,14.63,,,
10303,07/07/2023 20:58:40,14.41,,,
10304,07/07/2023 21:01:40,13.43,,,
10305,07/07/2023 21:04:40,13.21,,,
10306,07/07/2023 21:07:40,13.43,,,
10307,07/07/2023 21:10:40,13.04,,,
10308,07/07/2023 21:13:40,13.25,,,
10309,07/07/2023 21:16:40,13.08,,,
10310,07/07/2023 21:19:40,13.04,,,
10311,07/07/2023 21:22:40,12.78,,,
10312,07/07/2023 21:25:40,12.14,,,
10313,07/07/2023 21:28:40,11.62,,,
10314,07/07/2023 21:31:40,11.37,,,
10315,07/07/2023 21:34:40,11.11,,,
10316,07/07/2023 21:37:40,10.89,,,
10317,07/07/2023 21:40:40,10.72,,,
10318,07/07/2023 21:43:40,10.68,,,
10319,07/07/2023 21:46:40,10.46,,,
10320,07/07/2023 21:49:40,10.25,,,
10321,07/07/2023 21:52:40,9.91,,,
10322,07/07/2023 21:55:40,9.78,,,
10323,07/07/2023 21:58:40,9.44,,,
10324,07/07/2023 22:01:40,9.65,,,
10325,07/07/2023 22:04:40,9.48,,,
10326,07/07/2023 22:07:40,9.56,,,
10327,07/07/2023 22:10:40,9.31,,,
10328,07/07/2023 22:13:40,8.96,,,
10329,07/07/2023 22:16:40,8.92,,,
10330,07/07/2023 22:19:40,8.92,,,
10331,07/07/2023 22:22:40,8.96,,,
10332,07/07/2023 22:25:40,9.05,,,
10333,07/07/2023 22:28:40,8.88,,,
10334,07/07/2023 22:31:40,8.92,,,
10335,07/07/2023 22:34:40,8.79,,,
10336,07/07/2023 22:37:40,8.83,,,
10337,07/07/2023 22:40:40,8.66,,,
10338,07/07/2023 22:43:40,8.41,,,
10339,07/07/2023 22:46:40,8.45,,,
10340,07/07/2023 22:49:40,8.49,,,
10341,07/07/2023 22:52:40,8.28,,,
10342,07/07/2023 22:55:40,8.71,,,
10343,07/07/2023 22:58:40,8.32,,,
10344,07/07/2023 23:01:40,7.98,,,
10345,07/07/2023 23:04:40,8.02,,,
10346,07/07/2023 23:07:40,7.63,,,
10347,07/07/2023 23:10:40,7.16,,,
10348,07/07/2023 23:13:40,7.16,,,
10349,07/07/2023 23:16:40,6.95,,,
10350,07/07/2023 23:19:40,6.86,,,
10351,07/07/2023 23:22:40,6.90,,,
10352,07/07/2023 23:25:40,6.95,,,
10353,07/07/2023 23:28:40,6.99,,,
10354,07/07/2023 23:31:40,6.95,,,
10355,07/07/2023 23:34:40,7.20,,,
10356,07/07/2023 23:37:40,6.99,,,
10357,07/07/2023 23:40:40,7.03,,,
10358,07/07/2023 23:43:40,6.95,,,
10359,07/07/2023 23:46:40,6.90,,,
10360,07/07/2023 23:49:40,6.65,,,
10361,07/07/2023 23:52:40,6.78,,,
10362,07/07/2023 23:55:40,6.82,,,
10363,07/07/2023 23:58:40,6.82,,,
10364,07/08/2023 00:01:40,6.69,,,
10365,07/08/2023 00:04:40,6.52,,,
10366,07/08/2023 00:07:40,6.73,,,
10367,07/08/2023 00:10:40,6.48,,,
10368,07/08/2023 00:13:40,6.39,,,
10369,07/08/2023 00:16:40,6.35,,,
10370,07/08/2023 00:19:40,6.30,,,
10371,07/08/2023 00:22:40,6.30,,,
10372,07/08/2023 00:25:40,6.39,,,
10373,07/08/2023 00:28:40,6.39,,,
10374,07/08/2023 00:31:40,6.48,,,
10375,07/08/2023 00:34:40,6.56,,,
10376,07/08/2023 00:37:40,6.60,,,
10377,07/08/2023 00:40:40,6.60,,,
10378,07/08/2023 00:43:40,6.56,,,
10379,07/08/2023 00:46:40,6.39,,,
10380,07/08/2023 00:49:40,6.00,,,
10381,07/08/2023 00:52:40,5.96,,,
10382,07/08/2023 00:55:40,6.82,,,
10383,07/08/2023 00:58:40,7.03,,,
10384,07/08/2023 01:01:40,7.81,,,
10385,07/08/2023 01:04:40,7.89,,,
10386,07/08/2023 01:07:40,7.50,,,
10387,07/08/2023 01:10:40,7.42,,,
10388,07/08/2023 01:13:40,7.08,,,
10389,07/08/2023 01:16:40,7.12,,,
10390,07/08/2023 01:19:40,6.43,,,
10391,07/08/2023 01:22:40,6.22,,,
10392,07/08/2023 01:25:40,5.75,,,
10393,07/08/2023 01:28:40,5.83,,,
10394,07/08/2023 01:31:40,6.09,,,
10395,07/08/2023 01:34:40,6.48,,,
10396,07/08/2023 01:37:40,6.48,,,
10397,07/08/2023 01:40:40,6.26,,,
10398,07/08/2023 01:43:40,6.05,,,
10399,07/08/2023 01:46:40,5.83,,,
10400,07/08/2023 01:49:40,5.57,,,
10401,07/08/2023 01:52:40,5.10,,,
10402,07/08/2023 01:55:40,4.97,,,
10403,07/08/2023 01:58:40,4.63,,,
10404,07/08/2023 02:01:40,4.37,,,
10405,07/08/2023 02:04:40,4.42,,,
10406,07/08/2023 02:07:40,4.46,,,
10407,07/08/2023 02:10:40,4.50,,,
10408,07/08/2023 02:13:40,4.76,,,
10409,07/08/2023 02:16:40,4.93,,,
10410,07/08/2023 02:19:40,4.84,,,
10411,07/08/2023 02:22:40,4.89,,,
10412,07/08/2023 02:25:40,4.63,,,
10413,07/08/2023 02:28:40,4.29,,,
10414,07/08/2023 02:31:40,4.12,,,
10415,07/08/2023 02:34:40,3.86,,,
10416,07/08/2023 02:37:40,3.69,,,
10417,07/08/2023 02:40:40,3.69,,,
10418,07/08/2023 02:43:40,3.77,,,
10419,07/08/2023 02:46:40,4.16,,,
10420,07/08/2023 02:49:40,4.42,,,
10421,07/08/2023 02:52:40,3.90,,,
10422,07/08/2023 02:55:40,3.86,,,
10423,07/08/2023 02:58:40,3.69,,,
10424,07/08/2023 03:01:40,3.86,,,
10425,07/08/2023 03:04:40,3.82,,,
10426,07/08/2023 03:07:40,3.77,,,
10427,07/08/2023 03:10:40,3.86,,,
10428,07/08/2023 03:13:40,3.64,,,
10429,07/08/2023 03:16:40,3.47,,,
10430,07/08/2023 03:19:40,3.21,,,
10431,07/08/2023 03:22:40,3.17,,,
10432,07/08/2023 03:25:40,3.30,,,
10433,07/08/2023 03:28:40,3.26,,,
10434,07/08/2023 03:31:40,3.39,,,
10435,07/08/2023 03:34:40,3.30,,,
10436,07/08/2023 03:37:40,3.00,,,
10437,07/08/2023 03:40:40,2.79,,,
10438,07/08/2023 03:43:40,2.83,,,
10439,07/08/2023 03:46:40,3.04,,,
10440,07/08/2023 03:49:40,3.00,,,
10441,07/08/2023 03:52:40,3.00,,,
10442,07/08/2023 03:55:40,2.91,,,
10443,07/08/2023 03:58:40,2.87,,,
10444,07/08/2023 04:01:40,3.09,,,
10445,07/08/2023 04:04:40,2.83,,,
10446,07/08/2023 04:07:40,2.79,,,
10447,07/08/2023 04:10:40,2.83,,,
10448,07/08/2023 04:13:40,2.66,,,
10449,07/08/2023 04:16:40,2.70,,,
10450,07/08/2023 04:19:40,2.79,,,
10451,07/08/2023 04:22:40,2.49,,,
10452,07/08/2023 04:25:40,2.27,,,
10453,07/08/2023 04:28:40,2.27,,,
10454,07/08/2023 04:31:40,2.27,,,
10455,07/08/2023 04:34:40,2.53,,,
10456,07/08/2023 04:37:40,2.57,,,
10457,07/08/2023 04:40:40,2.31,,,
10458,07/08/2023 04:43:40,2.44,,,
10459,07/08/2023 04:46:40,2.66,,,
10460,07/08/2023 04:49:40,2.40,,,
10461,07/08/2023 04:52:40,2.53,,,
10462,07/08/2023 04:55:40,2.27,,,
10463,07/08/2023 04:58:40,2.23,,,
10464,07/08/2023 05:01:40,2.14,,,
10465,07/08/2023 05:04:40,2.01,,,
10466,07/08/2023 05:07:40,1.93,,,
10467,07/08/2023 05:10:40,2.23,,,
10468,07/08/2023 05:13:40,2.49,,,
10469,07/08/2023 05:16:40,2.57,,,
10470,07/08/2023 05:19:40,2.70,,,
10471,07/08/2023 05:22:40,2.61,,,
10472,07/08/2023 05:25:40,2.61,,,
10473,07/08/2023 05:28:40,2.31,,,
10474,07/08/2023 05:31:40,2.31,,,
10475,07/08/2023 05:34:40,2.57,,,
10476,07/08/2023 05:37:40,2.44,,,
10477,07/08/2023 05:40:40,2.19,,,
10478,07/08/2023 05:43:40,2.23,,,
10479,07/08/2023 05:46:40,2.23,,,
10480,07/08/2023 05:49:40,1.97,,,
10481,07/08/2023 05:52:40,1.76,,,
10482,07/08/2023 05:55:40,1.88,,,
10483,07/08/2023 05:58:40,2.36,,,
10484,07/08/2023 06:01:40,2.49,,,
10485,07/08/2023 06:04:40,2.49,,,
10486,07/08/2023 06:07:40,2.49,,,
10487,07/08/2023 06:10:40,2.36,,,
10488,07/08/2023 06:13:40,2.66,,,
10489,07/08/2023 06:16:40,2.53,,,
10490,07/08/2023 06:19:40,2.61,,,
10491,07/08/2023 06:22:40,2.66,,,
10492,07/08/2023 06:25:40,2.57,,,
10493,07/08/2023 06:28:40,2.66,,,
10494,07/08/2023 06:31:40,2.70,,,
10495,07/08/2023 06:34:40,2.83,,,
10496,07/08/2023 06:37:40,2.91,,,
10497,07/08/2023 06:40:40,3.26,,,
10498,07/08/2023 06:43:40,3.56,,,
10499,07/08/2023 06:46:40,3.90,,,
10500,07/08/2023 06:49:40,4.07,,,
10501,07/08/2023 06:52:40,4.29,,,
10502,07/08/2023 06:55:40,4.84,,,
10503,07/08/2023 06:58:40,5.49,,,
10504,07/08/2023 07:01:40,5.96,,,
10505,07/08/2023 07:04:40,6.69,,,
10506,07/08/2023 07:07:40,7.20,,,
10507,07/08/2023 07:10:40,6.90,,,
10508,07/08/2023 07:13:40,7.25,,,
10509,07/08/2023 07:16:40,7.72,,,
10510,07/08/2023 07:19:40,8.06,,,
10511,07/08/2023 07:22:40,8.41,,,
10512,07/08/2023 07:25:40,8.79,,,
10513,07/08/2023 07:28:40,9.69,,,
10514,07/08/2023 07:31:40,9.56,,,
10515,07/08/2023 07:34:40,9.65,,,
10516,07/08/2023 07:37:40,10.55,,,
10517,07/08/2023 07:40:40,10.08,,,
10518,07/08/2023 07:43:40,10.46,,,
10519,07/08/2023 07:46:40,10.46,,,
10520,07/08/2023 07:49:40,10.59,,,
10521,07/08/2023 07:52:40,10.81,,,
10522,07/08/2023 07:55:40,11.32,,,
10523,07/08/2023 07:58:40,11.84,,,
10524,07/08/2023 08:01:40,12.01,,,
10525,07/08/2023 08:04:40,12.65,,,
10526,07/08/2023 08:07:40,13.38,,,
10527,07/08/2023 08:10:40,13.98,,,
10528,07/08/2023 08:13:40,14.88,,,
10529,07/08/2023 08:16:40,15.74,,,
10530,07/08/2023 08:19:40,16.51,,,
10531,07/08/2023 08:22:40,16.69,,,
10532,07/08/2023 08:25:40,16.13,,,
10533,07/08/2023 08:28:40,15.61,,,
10534,07/08/2023 08:31:40,16.00,,,
10535,07/08/2023 08:34:40,16.17,,,
10536,07/08/2023 08:37:40,16.69,,,
10537,07/08/2023 08:40:40,16.34,,,
10538,07/08/2023 08:43:40,15.78,,,
10539,07/08/2023 08:46:40,16.17,,,
10540,07/08/2023 08:49:40,16.13,,,
10541,07/08/2023 08:52:40,16.34,,,
10542,07/08/2023 08:55:40,16.64,,,
10543,07/08/2023 08:58:40,16.77,,,
10544,07/08/2023 09:01:40,17.37,,,
10545,07/08/2023 09:04:40,17.11,,,
10546,07/08/2023 09:07:40,17.11,,,
10547,07/08/2023 09:10:40,17.24,,,
10548,07/08/2023 09:13:40,17.41,,,
10549,07/08/2023 09:16:40,17.67,,,
10550,07/08/2023 09:19:40,17.67,,,
10551,07/08/2023 09:22:40,18.02,,,
10552,07/08/2023 09:25:40,17.84,,,
10553,07/08/2023 09:28:40,17.93,,,
10554,07/08/2023 09:31:40,18.27,,,
10555,07/08/2023 09:34:40,18.49,,,
10556,07/08/2023 09:37:40,19.13,,,
10557,07/08/2023 09:40:40,18.62,,,
10558,07/08/2023 09:43:40,18.70,,,
10559,07/08/2023 09:46:40,18.79,,,
10560,07/08/2023 09:49:40,18.66,,,
10561,07/08/2023 09:52:40,18.83,,,
10562,07/08/2023 09:55:40,18.83,,,
10563,07/08/2023 09:58:40,19.13,,,
10564,07/08/2023 10:01:40,18.87,,,
10565,07/08/2023 10:04:40,19.56,,,
10566,07/08/2023 10:07:40,19.52,,,
10567,07/08/2023 10:10:40,19.86,,,
10568,07/08/2023 10:13:40,19.60,,,
10569,07/08/2023 10:16:40,19.99,,,
10570,07/08/2023 10:19:40,21.06,,,
10571,07/08/2023 10:22:40,21.19,,,
10572,07/08/2023 10:25:40,20.33,,,
10573,07/08/2023 10:28:40,20.33,,,
10574,07/08/2023 10:31:40,20.85,,,
10575,07/08/2023 10:34:40,20.85,,,
10576,07/08/2023 10:37:40,20.59,,,
10577,07/08/2023 10:40:40,20.80,,,
10578,07/08/2023 10:43:40,21.62,,,
10579,07/08/2023 10:46:40,22.52,,,
10580,07/08/2023 10:49:40,22.65,,,
10581,07/08/2023 10:52:40,21.79,,,
10582,07/08/2023 10:55:40,22.91,,,
10583,07/08/2023 10:58:40,22.13,,,
10584,07/08/2023 11:01:40,22.35,,,
10585,07/08/2023 11:04:40,22.91,,,
10586,07/08/2023 11:07:40,22.99,,,
10587,07/08/2023 11:10:40,22.39,,,
10588,07/08/2023 11:13:40,22.56,,,
10589,07/08/2023 11:16:40,22.69,,,
10590,07/08/2023 11:19:40,22.48,,,
10591,07/08/2023 11:22:40,22.48,,,
10592,07/08/2023 11:25:40,23.68,,,
10593,07/08/2023 11:28:40,24.11,,,
10594,07/08/2023 11:31:40,23.94,,,
10595,07/08/2023 11:34:40,24.84,,,
10596,07/08/2023 11:37:40,24.88,,,
10597,07/08/2023 11:40:40,25.48,,,
10598,07/08/2023 11:43:40,25.05,,,
10599,07/08/2023 11:46:40,25.35,,,
10600,07/08/2023 11:49:40,25.48,,,
10601,07/08/2023 11:52:40,25.61,,,
10602,07/08/2023 11:55:40,25.35,,,
10603,07/08/2023 11:58:40,24.84,,,
10604,07/08/2023 12:01:40,25.14,,,
10605,07/08/2023 12:04:40,25.14,,,
10606,07/08/2023 12:07:40,24.92,,,
10607,07/08/2023 12:10:40,24.54,,,
10608,07/08/2023 12:13:40,25.09,,,
10609,07/08/2023 12:16:40,24.71,,,
10610,07/08/2023 12:19:40,25.14,,,
10611,07/08/2023 12:22:40,24.97,,,
10612,07/08/2023 12:25:40,25.22,,,
10613,07/08/2023 12:28:40,25.57,,,
10614,07/08/2023 12:31:40,25.48,,,
10615,07/08/2023 12:34:40,25.18,,,
10616,07/08/2023 12:37:40,24.92,,,
10617,07/08/2023 12:40:40,25.14,,,
10618,07/08/2023 12:43:40,25.09,,,
10619,07/08/2023 12:46:40,25.39,,,
10620,07/08/2023 12:49:40,25.52,,,
10621,07/08/2023 12:52:40,25.18,,,
10622,07/08/2023 12:55:40,25.35,,,
10623,07/08/2023 12:58:40,25.78,,,
10624,07/08/2023 13:01:40,25.27,,,
10625,07/08/2023 13:04:40,25.65,,,
10626,07/08/2023 13:07:40,25.35,,,
10627,07/08/2023 13:10:40,25.57,,,
10628,07/08/2023 13:13:40,25.82,,,
10629,07/08/2023 13:16:40,26.21,,,
10630,07/08/2023 13:19:40,26.12,,,
10631,07/08/2023 13:22:40,25.82,,,
10632,07/08/2023 13:25:40,25.39,,,
10633,07/08/2023 13:28:40,25.05,,,
10634,07/08/2023 13:31:40,25.52,,,
10635,07/08/2023 13:34:40,26.17,,,
10636,07/08/2023 13:37:40,25.65,,,
10637,07/08/2023 13:40:40,26.04,,,
10638,07/08/2023 13:43:40,26.68,,,
10639,07/08/2023 13:46:40,26.04,,,
10640,07/08/2023 13:49:40,26.17,,,
10641,07/08/2023 13:52:40,25.78,,,
10642,07/08/2023 13:55:40,25.57,,,
10643,07/08/2023 13:58:40,25.52,,,
10644,07/08/2023 14:01:40,25.18,,,
10645,07/08/2023 14:04:40,25.39,,,
10646,07/08/2023 14:07:40,25.99,,,
10647,07/08/2023 14:10:40,25.95,,,
10648,07/08/2023 14:13:40,26.38,,,
10649,07/08/2023 14:16:40,26.30,,,
10650,07/08/2023 14:19:40,25.78,,,
10651,07/08/2023 14:22:40,25.48,,,
10652,07/08/2023 14:25:40,25.39,,,
10653,07/08/2023 14:28:40,26.21,,,
10654,07/08/2023 14:31:40,26.51,,,
10655,07/08/2023 14:34:40,26.60,,,
10656,07/08/2023 14:37:40,26.68,,,
10657,07/08/2023 14:40:40,26.64,,,
10658,07/08/2023 14:43:40,25.78,,,
10659,07/08/2023 14:46:40,26.47,,,
10660,07/08/2023 14:49:40,27.11,,,
10661,07/08/2023 14:52:40,26.47,,,
10662,07/08/2023 14:55:40,26.64,,,
10663,07/08/2023 14:58:40,27.15,,,
10664,07/08/2023 15:01:40,26.64,,,
10665,07/08/2023 15:04:40,26.68,,,
10666,07/08/2023 15:07:40,26.98,,,
10667,07/08/2023 15:10:40,26.30,,,
10668,07/08/2023 15:13:40,26.38,,,
10669,07/08/2023 15:16:40,26.81,,,
10670,07/08/2023 15:19:40,26.47,,,
10671,07/08/2023 15:22:40,26.90,,,
10672,07/08/2023 15:25:40,26.90,,,
10673,07/08/2023 15:28:40,26.30,,,
10674,07/08/2023 15:31:40,26.25,,,
10675,07/08/2023 15:34:40,27.07,,,
10676,07/08/2023 15:37:40,27.24,,,
10677,07/08/2023 15:40:40,26.98,,,
10678,07/08/2023 15:43:40,27.02,,,
10679,07/08/2023 15:46:40,27.02,,,
10680,07/08/2023 15:49:40,26.47,,,
10681,07/08/2023 15:52:40,26.47,,,
10682,07/08/2023 15:55:40,27.28,,,
10683,07/08/2023 15:58:40,27.45,,,
10684,07/08/2023 16:01:40,26.85,,,
10685,07/08/2023 16:04:40,27.02,,,
10686,07/08/2023 16:07:40,26.47,,,
10687,07/08/2023 16:10:40,26.47,,,
10688,07/08/2023 16:13:40,26.98,,,
10689,07/08/2023 16:16:40,26.68,,,
10690,07/08/2023 16:19:40,26.90,,,
10691,07/08/2023 16:22:40,26.72,,,
10692,07/08/2023 16:25:40,26.98,,,
10693,07/08/2023 16:28:40,26.64,,,
10694,07/08/2023 16:31:40,26.60,,,
10695,07/08/2023 16:34:40,26.72,,,
10696,07/08/2023 16:37:40,26.34,,,
10697,07/08/2023 16:40:40,26.85,,,
10698,07/08/2023 16:43:40,26.85,,,
10699,07/08/2023 16:46:40,26.72,,,
10700,07/08/2023 16:49:40,26.72,,,
10701,07/08/2023 16:52:40,26.68,,,
10702,07/08/2023 16:55:40,26.42,,,
10703,07/08/2023 16:58:40,26.55,,,
10704,07/08/2023 17:01:40,26.47,,,
10705,07/08/2023 17:04:40,26.12,,,
10706,07/08/2023 17:07:40,26.12,,,
10707,07/08/2023 17:10:40,26.64,,,
10708,07/08/2023 17:13:40,26.72,,,
10709,07/08/2023 17:16:40,26.12,,,
10710,07/08/2023 17:19:40,26.30,,,
10711,07/08/2023 17:22:40,26.72,,,
10712,07/08/2023 17:25:40,26.30,,,
10713,07/08/2023 17:28:40,25.82,,,
10714,07/08/2023 17:31:40,26.30,,,
10715,07/08/2023 17:34:40,26.47,,,
10716,07/08/2023 17:37:40,26.21,,,
10717,07/08/2023 17:40:40,26.30,,,
10718,07/08/2023 17:43:40,26.30,,,
10719,07/08/2023 17:46:40,26.08,,,
10720,07/08/2023 17:49:40,26.04,,,
10721,07/08/2023 17:52:40,26.12,,,
10722,07/08/2023 17:55:40,26.12,,,
10723,07/08/2023 17:58:40,25.99,,,
10724,07/08/2023 18:01:40,25.44,,,
10725,07/08/2023 18:04:40,25.61,,,
10726,07/08/2023 18:07:40,25.74,,,
10727,07/08/2023 18:10:40,25.57,,,
10728,07/08/2023 18:13:40,25.78,,,
10729,07/08/2023 18:16:40,25.65,,,
10730,07/08/2023 18:19:40,25.65,,,
10731,07/08/2023 18:22:40,25.61,,,
10732,07/08/2023 18:25:40,25.05,,,
10733,07/08/2023 18:28:40,25.05,,,
10734,07/08/2023 18:31:40,25.09,,,
10735,07/08/2023 18:34:40,24.84,,,
10736,07/08/2023 18:37:40,24.79,,,
10737,07/08/2023 18:40:40,24.97,,,
10738,07/08/2023 18:43:40,24.97,,,
10739,07/08/2023 18:46:40,24.66,,,
10740,07/08/2023 18:49:40,24.88,,,
10741,07/08/2023 18:52:40,24.79,,,
10742,07/08/2023 18:55:40,24.66,,,
10743,07/08/2023 18:58:40,24.41,,,
10744,07/08/2023 19:01:40,24.41,,,
10745,07/08/2023 19:04:40,24.41,,,
10746,07/08/2023 19:07:40,24.19,,,
10747,07/08/2023 19:10:40,23.72,,,
10748,07/08/2023 19:13:40,23.46,,,
10749,07/08/2023 19:16:40,23.51,,,
10750,07/08/2023 19:19:40,23.16,,,
10751,07/08/2023 19:22:40,22.73,,,
10752,07/08/2023 19:25:40,22.48,,,
10753,07/08/2023 19:28:40,22.18,,,
10754,07/08/2023 19:31:40,21.92,,,
10755,07/08/2023 19:34:40,21.70,,,
10756,07/08/2023 19:37:40,21.53,,,
10757,07/08/2023 19:40:40,21.66,,,
10758,07/08/2023 19:43:40,21.49,,,
10759,07/08/2023 19:46:40,21.15,,,
10760,07/08/2023 19:49:40,20.50,,,
10761,07/08/2023 19:52:40,20.07,,,
10762,07/08/2023 19:55:40,19.35,,,
10763,07/08/2023 19:58:40,18.66,,,
10764,07/08/2023 20:01:40,18.53,,,
10765,07/08/2023 20:04:40,18.44,,,
10766,07/08/2023 20:07:40,18.23,,,
10767,07/08/2023 20:10:40,17.33,,,
10768,07/08/2023 20:13:40,16.90,,,
10769,07/08/2023 20:16:40,16.51,,,
10770,07/08/2023 20:19:40,16.39,,,
10771,07/08/2023 20:22:40,16.21,,,
10772,07/08/2023 20:25:40,16.04,,,
10773,07/08/2023 20:28:40,15.66,,,
10774,07/08/2023 20:31:40,15.23,,,
10775,07/08/2023 20:34:40,15.01,,,
10776,07/08/2023 20:37:40,14.24,,,
10777,07/08/2023 20:40:40,14.11,,,
10778,07/08/2023 20:43:40,14.07,,,
10779,07/08/2023 20:46:40,13.98,,,
10780,07/08/2023 20:49:40,13.51,,,
10781,07/08/2023 20:52:40,13.38,,,
10782,07/08/2023 20:55:40,12.61,,,
10783,07/08/2023 20:58:40,12.01,,,
10784,07/08/2023 21:01:40,11.45,,,
10785,07/08/2023 21:04:40,11.32,,,
10786,07/08/2023 21:07:40,11.11,,,
10787,07/08/2023 21:10:40,10.68,,,
10788,07/08/2023 21:13:40,10.55,,,
10789,07/08/2023 21:16:40,10.34,,,
10790,07/08/2023 21:19:40,10.51,,,
10791,07/08/2023 21:22:40,10.59,,,
10792,07/08/2023 21:25:40,10.21,,,
10793,07/08/2023 21:28:40,9.61,,,
10794,07/08/2023 21:31:40,9.26,,,
10795,07/08/2023 21:34:40,9.44,,,
10796,07/08/2023 21:37:40,9.95,,,
10797,07/08/2023 21:40:40,10.08,,,
10798,07/08/2023 21:43:40,9.82,,,
10799,07/08/2023 21:46:40,9.99,,,
10800,07/08/2023 21:49:40,9.22,,,
10801,07/08/2023 21:52:40,9.26,,,
10802,07/08/2023 21:55:40,9.26,,,
10803,07/08/2023 21:58:40,9.01,,,
10804,07/08/2023 22:01:40,8.45,,,
10805,07/08/2023 22:04:40,8.02,,,
10806,07/08/2023 22:07:40,7.76,,,
10807,07/08/2023 22:10:40,8.15,,,
10808,07/08/2023 22:13:40,8.02,,,
10809,07/08/2023 22:16:40,7.76,,,
10810,07/08/2023 22:19:40,7.50,,,
10811,07/08/2023 22:22:40,7.33,,,
10812,07/08/2023 22:25:40,7.85,,,
10813,07/08/2023 22:28:40,7.63,,,
10814,07/08/2023 22:31:40,7.50,,,
10815,07/08/2023 22:34:40,7.12,,,
10816,07/08/2023 22:37:40,6.65,,,
10817,07/08/2023 22:40:40,6.65,,,
10818,07/08/2023 22:43:40,6.73,,,
10819,07/08/2023 22:46:40,6.73,,,
10820,07/08/2023 22:49:40,6.69,,,
10821,07/08/2023 22:52:40,6.73,,,
10822,07/08/2023 22:55:40,6.43,,,
10823,07/08/2023 22:58:40,6.26,,,
10824,07/08/2023 23:01:40,6.39,,,
10825,07/08/2023 23:04:40,6.43,,,
10826,07/08/2023 23:07:40,6.35,,,
10827,07/08/2023 23:10:40,6.17,,,
10828,07/08/2023 23:13:40,6.13,,,
10829,07/08/2023 23:16:40,6.30,,,
10830,07/08/2023 23:19:40,6.39,,,
10831,07/08/2023 23:22:40,5.96,,,
10832,07/08/2023 23:25:40,6.00,,,
10833,07/08/2023 23:28:40,5.96,,,
10834,07/08/2023 23:31:40,5.79,,,
10835,07/08/2023 23:34:40,5.87,,,
10836,07/08/2023 23:37:40,5.75,,,
10837,07/08/2023 23:40:40,5.36,,,
10838,07/08/2023 23:43:40,5.49,,,
10839,07/08/2023 23:46:40,5.62,,,
10840,07/08/2023 23:49:40,5.32,,,
10841,07/08/2023 23:52:40,5.49,,,
10842,07/08/2023 23:55:40,5.49,,,
10843,07/08/2023 23:58:40,5.40,,,
10844,07/09/2023 00:01:40,5.87,,,
10845,07/09/2023 00:04:40,6.17,,,
10846,07/09/2023 00:07:40,5.83,,,
10847,07/09/2023 00:10:40,5.83,,,
10848,07/09/2023 00:13:40,5.70,,,
10849,07/09/2023 00:16:40,5.79,,,
10850,07/09/2023 00:19:40,5.83,,,
10851,07/09/2023 00:22:40,4.89,,,
10852,07/09/2023 00:25:40,5.15,,,
10853,07/09/2023 00:28:40,5.02,,,
10854,07/09/2023 00:31:40,4.76,,,
10855,07/09/2023 00:34:40,4.33,,,
10856,07/09/2023 00:37:40,4.07,,,
10857,07/09/2023 00:40:40,4.76,,,
10858,07/09/2023 00:43:40,4.97,,,
10859,07/09/2023 00:46:40,4.63,,,
10860,07/09/2023 00:49:40,4.54,,,
10861,07/09/2023 00:52:40,4.42,,,
10862,07/09/2023 00:55:40,4.29,,,
10863,07/09/2023 00:58:40,4.42,,,
10864,07/09/2023 01:01:40,4.37,,,
10865,07/09/2023 01:04:40,4.16,,,
10866,07/09/2023 01:07:40,4.07,,,
10867,07/09/2023 01:10:40,3.86,,,
10868,07/09/2023 01:13:40,3.82,,,
10869,07/09/2023 01:16:40,3.52,,,
10870,07/09/2023 01:19:40,3.39,,,
10871,07/09/2023 01:22:40,3.26,,,
10872,07/09/2023 01:25:40,3.09,,,
10873,07/09/2023 01:28:40,3.00,,,
10874,07/09/2023 01:31:40,2.96,,,
10875,07/09/2023 01:34:40,2.74,,,
10876,07/09/2023 01:37:40,2.74,,,
10877,07/09/2023 01:40:40,2.83,,,
10878,07/09/2023 01:43:40,2.87,,,
10879,07/09/2023 01:46:40,3.13,,,
10880,07/09/2023 01:49:40,3.17,,,
10881,07/09/2023 01:52:40,3.26,,,
10882,07/09/2023 01:55:40,3.17,,,
10883,07/09/2023 01:58:40,3.13,,,
10884,07/09/2023 02:01:40,3.26,,,
10885,07/09/2023 02:04:40,3.21,,,
10886,07/09/2023 02:07:40,3.21,,,
10887,07/09/2023 02:10:40,3.26,,,
10888,07/09/2023 02:13:40,3.17,,,
10889,07/09/2023 02:16:40,2.96,,,
10890,07/09/2023 02:19:40,2.53,,,
10891,07/09/2023 02:22:40,2.27,,,
10892,07/09/2023 02:25:40,2.44,,,
10893,07/09/2023 02:28:40,2.57,,,
10894,07/09/2023 02:31:40,2.36,,,
10895,07/09/2023 02:34:40,2.70,,,
10896,07/09/2023 02:37:40,3.09,,,
10897,07/09/2023 02:40:40,3.00,,,
10898,07/09/2023 02:43:40,2.96,,,
10899,07/09/2023 02:46:40,2.74,,,
10900,07/09/2023 02:49:40,2.36,,,
10901,07/09/2023 02:52:40,2.44,,,
10902,07/09/2023 02:55:40,2.40,,,
10903,07/09/2023 02:58:40,2.27,,,
10904,07/09/2023 03:01:40,1.97,,,
10905,07/09/2023 03:04:40,1.80,,,
10906,07/09/2023 03:07:40,2.14,,,
10907,07/09/2023 03:10:40,2.31,,,
10908,07/09/2023 03:13:40,2.31,,,
10909,07/09/2023 03:16:40,2.66,,,
10910,07/09/2023 03:19:40,2.74,,,
10911,07/09/2023 03:22:40,2.79,,,
10912,07/09/2023 03:25:40,2.57,,,
10913,07/09/2023 03:28:40,2.23,,,
10914,07/09/2023 03:31:40,1.80,,,
10915,07/09/2023 03:34:40,1.67,,,
10916,07/09/2023 03:37:40,1.76,,,
10917,07/09/2023 03:40:40,1.76,,,
10918,07/09/2023 03:43:40,1.63,,,
10919,07/09/2023 03:46:40,1.41,,,
10920,07/09/2023 03:49:40,1.24,,,
10921,07/09/2023 03:52:40,1.33,,,
10922,07/09/2023 03:55:40,1.80,,,
10923,07/09/2023 03:58:40,1.67,,,
10924,07/09/2023 04:01:40,1.41,,,
10925,07/09/2023 04:04:40,1.28,,,
10926,07/09/2023 04:07:40,1.28,,,
10927,07/09/2023 04:10:40,1.50,,,
10928,07/09/2023 04:13:40,1.71,,,
10929,07/09/2023 04:16:40,1.41,,,
10930,07/09/2023 04:19:40,1.16,,,
10931,07/09/2023 04:22:40,0.94,,,
10932,07/09/2023 04:25:40,0.94,,,
10933,07/09/2023 04:28:40,0.73,,,
10934,07/09/2023 04:31:40,0.86,,,
10935,07/09/2023 04:34:40,0.90,,,
10936,07/09/2023 04:37:40,1.11,,,
10937,07/09/2023 04:40:40,1.50,,,
10938,07/09/2023 04:43:40,1.54,,,
10939,07/09/2023 04:46:40,1.50,,,
10940,07/09/2023 04:49:40,1.37,,,
10941,07/09/2023 04:52:40,1.58,,,
10942,07/09/2023 04:55:40,1.54,,,
10943,07/09/2023 04:58:40,1.07,,,
10944,07/09/2023 05:01:40,0.81,,,
10945,07/09/2023 05:04:40,0.90,,,
10946,07/09/2023 05:07:40,0.98,,,
10947,07/09/2023 05:10:40,1.07,,,
10948,07/09/2023 05:13:40,0.86,,,
10949,07/09/2023 05:16:40,0.77,,,
10950,07/09/2023 05:19:40,0.73,,,
10951,07/09/2023 05:22:40,0.73,,,
10952,07/09/2023 05:25:40,0.81,,,
10953,07/09/2023 05:28:40,0.81,,,
10954,07/09/2023 05:31:40,0.55,,,
10955,07/09/2023 05:34:40,0.47,,,
10956,07/09/2023 05:37:40,0.43,,,
10957,07/09/2023 05:40:40,0.55,,,
10958,07/09/2023 05:43:40,0.55,,,
10959,07/09/2023 05:46:40,0.60,,,
10960,07/09/2023 05:49:40,0.51,,,
10961,07/09/2023 05:52:40,0.30,,,
10962,07/09/2023 05:55:40,0.30,,,
10963,07/09/2023 05:58:40,0.34,,,
10964,07/09/2023 06:01:40,0.38,,,
10965,07/09/2023 06:04:40,0.47,,,
10966,07/09/2023 06:07:40,0.68,,,
10967,07/09/2023 06:10:40,0.73,,,
10968,07/09/2023 06:13:40,0.55,,,
10969,07/09/2023 06:16:40,0.51,,,
10970,07/09/2023 06:19:40,0.90,,,
10971,07/09/2023 06:22:40,0.86,,,
10972,07/09/2023 06:25:40,0.86,,,
10973,07/09/2023 06:28:40,1.03,,,
10974,07/09/2023 06:31:40,1.28,,,
10975,07/09/2023 06:34:40,1.46,,,
10976,07/09/2023 06:37:40,1.37,,,
10977,07/09/2023 06:40:40,1.33,,,
10978,07/09/2023 06:43:40,1.20,,,
10979,07/09/2023 06:46:40,1.58,,,
10980,07/09/2023 06:49:40,2.57,,,
10981,07/09/2023 06:52:40,2.87,,,
10982,07/09/2023 06:55:40,3.43,,,
10983,07/09/2023 06:58:40,3.99,,,
10984,07/09/2023 07:01:40,4.63,,,
10985,07/09/2023 07:04:40,5.45,,,
10986,07/09/2023 07:07:40,5.92,,,
10987,07/09/2023 07:10:40,6.52,,,
10988,07/09/2023 07:13:40,7.03,,,
10989,07/09/2023 07:16:40,7.93,,,
10990,07/09/2023 07:19:40,9.14,,,
10991,07/09/2023 07:22:40,10.77,,,
10992,07/09/2023 07:25:40,11.15,,,
10993,07/09/2023 07:28:40,10.64,,,
10994,07/09/2023 07:31:40,11.07,,,
10995,07/09/2023 07:34:40,10.77,,,
10996,07/09/2023 07:37:40,11.88,,,
10997,07/09/2023 07:40:40,12.18,,,
10998,07/09/2023 07:43:40,12.01,,,
10999,07/09/2023 07:46:40,12.10,,,
11000,07/09/2023 07:49:40,11.54,,,
11001,07/09/2023 07:52:40,11.58,,,
11002,07/09/2023 07:55:40,11.37,,,
11003,07/09/2023 07:58:40,12.14,,,
11004,07/09/2023 08:01:40,12.40,,,
11005,07/09/2023 08:04:40,13.25,,,
11006,07/09/2023 08:07:40,13.85,,,
11007,07/09/2023 08:10:40,14.33,,,
11008,07/09/2023 08:13:40,13.08,,,
11009,07/09/2023 08:16:40,12.05,,,
11010,07/09/2023 08:19:40,12.01,,,
11011,07/09/2023 08:22:40,12.95,,,
11012,07/09/2023 08:25:40,13.25,,,
11013,07/09/2023 08:28:40,13.94,,,
11014,07/09/2023 08:31:40,14.15,,,
11015,07/09/2023 08:34:40,14.41,,,
11016,07/09/2023 08:37:40,14.28,,,
11017,07/09/2023 08:40:40,14.20,,,
11018,07/09/2023 08:43:40,14.45,,,
11019,07/09/2023 08:46:40,14.71,,,
11020,07/09/2023 08:49:40,14.71,,,
11021,07/09/2023 08:52:40,15.23,,,
11022,07/09/2023 08:55:40,16.26,,,
11023,07/09/2023 08:58:40,16.30,,,
11024,07/09/2023 09:01:40,17.33,,,
11025,07/09/2023 09:04:40,18.83,,,
11026,07/09/2023 09:07:40,19.35,,,
11027,07/09/2023 09:10:40,19.05,,,
11028,07/09/2023 09:13:40,19.22,,,
11029,07/09/2023 09:16:40,19.00,,,
11030,07/09/2023 09:19:40,18.74,,,
11031,07/09/2023 09:22:40,20.63,,,
11032,07/09/2023 09:25:40,20.50,,,
11033,07/09/2023 09:28:40,19.00,,,
11034,07/09/2023 09:31:40,18.10,,,
11035,07/09/2023 09:34:40,18.19,,,
11036,07/09/2023 09:37:40,19.05,,,
11037,07/09/2023 09:40:40,18.57,,,
11038,07/09/2023 09:43:40,18.27,,,
11039,07/09/2023 09:46:40,18.40,,,
11040,07/09/2023 09:49:40,18.70,,,
11041,07/09/2023 09:52:40,19.17,,,
11042,07/09/2023 09:55:40,19.65,,,
11043,07/09/2023 09:58:40,20.37,,,
11044,07/09/2023 10:01:40,19.99,,,
11045,07/09/2023 10:04:40,19.35,,,
11046,07/09/2023 10:07:40,19.73,,,
11047,07/09/2023 10:10:40,19.82,,,
11048,07/09/2023 10:13:40,19.73,,,
11049,07/09/2023 10:16:40,19.65,,,
11050,07/09/2023 10:19:40,19.86,,,
11051,07/09/2023 10:22:40,20.07,,,
11052,07/09/2023 10:25:40,19.77,,,
11053,07/09/2023 10:28:40,19.90,,,
11054,07/09/2023 10:31:40,20.12,,,
11055,07/09/2023 10:34:40,19.86,,,
11056,07/09/2023 10:37:40,20.50,,,
11057,07/09/2023 10:40:40,21.45,,,
11058,07/09/2023 10:43:40,21.79,,,
11059,07/09/2023 10:46:40,22.18,,,
11060,07/09/2023 10:49:40,21.49,,,
11061,07/09/2023 10:52:40,21.02,,,
11062,07/09/2023 10:55:40,20.72,,,
11063,07/09/2023 10:58:40,20.85,,,
11064,07/09/2023 11:01:40,20.85,,,
11065,07/09/2023 11:04:40,21.28,,,
11066,07/09/2023 11:07:40,21.75,,,
11067,07/09/2023 11:10:40,21.19,,,
11068,07/09/2023 11:13:40,21.58,,,
11069,07/09/2023 11:16:40,22.13,,,
11070,07/09/2023 11:19:40,21.79,,,
11071,07/09/2023 11:22:40,21.79,,,
11072,07/09/2023 11:25:40,22.26,,,
11073,07/09/2023 11:28:40,22.61,,,
11074,07/09/2023 11:31:40,22.86,,,
11075,07/09/2023 11:34:40,22.91,,,
11076,07/09/2023 11:37:40,22.65,,,
11077,07/09/2023 11:40:40,22.78,,,
11078,07/09/2023 11:43:40,22.78,,,
11079,07/09/2023 11:46:40,22.48,,,
11080,07/09/2023 11:49:40,22.48,,,
11081,07/09/2023 11:52:40,22.65,,,
11082,07/09/2023 11:55:40,22.91,,,
11083,07/09/2023 11:58:40,23.12,,,
11084,07/09/2023 12:01:40,23.46,,,
11085,07/09/2023 12:04:40,23.34,,,
11086,07/09/2023 12:07:40,23.42,,,
11087,07/09/2023 12:10:40,23.34,,,
11088,07/09/2023 12:13:40,23.64,,,
11089,07/09/2023 12:16:40,23.81,,,
11090,07/09/2023 12:19:40,23.76,,,
11091,07/09/2023 12:22:40,24.41,,,
11092,07/09/2023 12:25:40,24.71,,,
11093,07/09/2023 12:28:40,24.54,,,
11094,07/09/2023 12:31:40,24.45,,,
11095,07/09/2023 12:34:40,24.62,,,
11096,07/09/2023 12:37:40,24.92,,,
11097,07/09/2023 12:40:40,25.05,,,
11098,07/09/2023 12:43:40,25.14,,,
11099,07/09/2023 12:46:40,25.01,,,
11100,07/09/2023 12:49:40,26.04,,,
11101,07/09/2023 12:52:40,26.64,,,
11102,07/09/2023 12:55:40,25.91,,,
11103,07/09/2023 12:58:40,25.82,,,
11104,07/09/2023 13:01:40,27.02,,,
11105,07/09/2023 13:04:40,27.28,,,
11106,07/09/2023 13:07:40,27.93,,,
11107,07/09/2023 13:10:40,27.41,,,
11108,07/09/2023 13:13:40,27.84,,,
11109,07/09/2023 13:16:40,27.24,,,
11110,07/09/2023 13:19:40,28.35,,,
11111,07/09/2023 13:22:40,28.10,,,
11112,07/09/2023 13:25:40,27.93,,,
11113,07/09/2023 13:28:40,28.74,,,
11114,07/09/2023 13:31:40,28.10,,,
11115,07/09/2023 13:34:40,28.01,,,
11116,07/09/2023 13:37:40,26.81,,,
11117,07/09/2023 13:40:40,26.60,,,
11118,07/09/2023 13:43:40,26.21,,,
11119,07/09/2023 13:46:40,26.38,,,
11120,07/09/2023 13:49:40,26.64,,,
11121,07/09/2023 13:52:40,27.24,,,
11122,07/09/2023 13:55:40,26.72,,,
11123,07/09/2023 13:58:40,26.12,,,
11124,07/09/2023 14:01:40,26.51,,,
11125,07/09/2023 14:04:40,26.51,,,
11126,07/09/2023 14:07:40,26.55,,,
11127,07/09/2023 14:10:40,26.68,,,
11128,07/09/2023 14:13:40,27.15,,,
11129,07/09/2023 14:16:40,26.85,,,
11130,07/09/2023 14:19:40,26.55,,,
11131,07/09/2023 14:22:40,26.64,,,
11132,07/09/2023 14:25:40,26.60,,,
11133,07/09/2023 14:28:40,26.64,,,
11134,07/09/2023 14:31:40,26.81,,,
11135,07/09/2023 14:34:40,26.55,,,
11136,07/09/2023 14:37:40,27.24,,,
11137,07/09/2023 14:40:40,27.54,,,
11138,07/09/2023 14:43:40,27.07,,,
11139,07/09/2023 14:46:40,27.88,,,
11140,07/09/2023 14:49:40,27.37,,,
11141,07/09/2023 14:52:40,26.51,,,
11142,07/09/2023 14:55:40,26.81,,,
11143,07/09/2023 14:58:40,26.85,,,
11144,07/09/2023 15:01:40,26.68,,,
11145,07/09/2023 15:04:40,26.47,,,
11146,07/09/2023 15:07:40,26.85,,,
11147,07/09/2023 15:10:40,26.68,,,
11148,07/09/2023 15:13:40,26.38,,,
11149,07/09/2023 15:16:40,27.20,,,
11150,07/09/2023 15:19:40,27.24,,,
11151,07/09/2023 15:22:40,27.32,,,
11152,07/09/2023 15:25:40,27.67,,,
11153,07/09/2023 15:28:40,26.85,,,
11154,07/09/2023 15:31:40,26.77,,,
11155,07/09/2023 15:34:40,27.07,,,
11156,07/09/2023 15:37:40,27.41,,,
11157,07/09/2023 15:40:40,27.58,,,
11158,07/09/2023 15:43:40,27.54,,,
11159,07/09/2023 15:46:40,28.01,,,
11160,07/09/2023 15:49:40,27.28,,,
11161,07/09/2023 15:52:40,27.80,,,
11162,07/09/2023 15:55:40,27.80,,,
11163,07/09/2023 15:58:40,27.45,,,
11164,07/09/2023 16:01:40,26.90,,,
11165,07/09/2023 16:04:40,27.28,,,
11166,07/09/2023 16:07:40,26.81,,,
11167,07/09/2023 16:10:40,26.77,,,
11168,07/09/2023 16:13:40,27.28,,,
11169,07/09/2023 16:16:40,26.85,,,
11170,07/09/2023 16:19:40,27.11,,,
11171,07/09/2023 16:22:40,27.50,,,
11172,07/09/2023 16:25:40,27.37,,,
11173,07/09/2023 16:28:40,26.85,,,
11174,07/09/2023 16:31:40,26.94,,,
11175,07/09/2023 16:34:40,27.45,,,
11176,07/09/2023 16:37:40,26.98,,,
11177,07/09/2023 16:40:40,27.02,,,
11178,07/09/2023 16:43:40,27.02,,,
11179,07/09/2023 16:46:40,26.85,,,
11180,07/09/2023 16:49:40,26.90,,,
11181,07/09/2023 16:52:40,26.68,,,
11182,07/09/2023 16:55:40,26.98,,,
11183,07/09/2023 16:58:40,26.85,,,
11184,07/09/2023 17:01:40,26.64,,,
11185,07/09/2023 17:04:40,26.68,,,
11186,07/09/2023 17:07:40,26.81,,,
11187,07/09/2023 17:10:40,26.47,,,
11188,07/09/2023 17:13:40,26.55,,,
11189,07/09/2023 17:16:40,26.60,,,
11190,07/09/2023 17:19:40,26.81,,,
11191,07/09/2023 17:22:40,26.90,,,
11192,07/09/2023 17:25:40,26.90,,,
11193,07/09/2023 17:28:40,26.81,,,
11194,07/09/2023 17:31:40,26.94,,,
11195,07/09/2023 17:34:40,26.77,,,
11196,07/09/2023 17:37:40,27.07,,,
11197,07/09/2023 17:40:40,27.28,,,
11198,07/09/2023 17:43:40,27.37,,,
11199,07/09/2023 17:46:40,27.11,,,
11200,07/09/2023 17:49:40,27.15,,,
11201,07/09/2023 17:52:40,26.85,,,
11202,07/09/2023 17:55:40,26.55,,,
11203,07/09/2023 17:58:40,26.30,,,
11204,07/09/2023 18:01:40,26.30,,,
11205,07/09/2023 18:04:40,26.21,,,
11206,07/09/2023 18:07:40,26.12,,,
11207,07/09/2023 18:10:40,26.42,,,
11208,07/09/2023 18:13:40,26.34,,,
11209,07/09/2023 18:16:40,25.99,,,
11210,07/09/2023 18:19:40,25.99,,,
11211,07/09/2023 18:22:40,26.04,,,
11212,07/09/2023 18:25:40,26.08,,,
11213,07/09/2023 18:28:40,26.30,,,
11214,07/09/2023 18:31:40,26.08,,,
11215,07/09/2023 18:34:40,25.99,,,
11216,07/09/2023 18:37:40,25.91,,,
11217,07/09/2023 18:40:40,25.74,,,
11218,07/09/2023 18:43:40,25.87,,,
11219,07/09/2023 18:46:40,25.95,,,
11220,07/09/2023 18:49:40,25.87,,,
11221,07/09/2023 18:52:40,25.82,,,
11222,07/09/2023 18:55:40,25.78,,,
11223,07/09/2023 18:58:40,25.05,,,
11224,07/09/2023 19:01:40,24.88,,,
11225,07/09/2023 19:04:40,24.45,,,
11226,07/09/2023 19:07:40,24.28,,,
11227,07/09/2023 19:10:40,24.02,,,
11228,07/09/2023 19:13:40,23.89,,,
11229,07/09/2023 19:16:40,23.85,,,
11230,07/09/2023 19:19:40,23.46,,,
11231,07/09/2023 19:22:40,22.78,,,
11232,07/09/2023 19:25:40,22.09,,,
11233,07/09/2023 19:28:40,22.01,,,
11234,07/09/2023 19:31:40,21.66,,,
11235,07/09/2023 19:34:40,21.36,,,
11236,07/09/2023 19:37:40,20.76,,,
11237,07/09/2023 19:40:40,20.37,,,
11238,07/09/2023 19:43:40,20.63,,,
11239,07/09/2023 19:46:40,20.29,,,
11240,07/09/2023 19:49:40,19.99,,,
11241,07/09/2023 19:52:40,19.82,,,
11242,07/09/2023 19:55:40,19.43,,,
11243,07/09/2023 19:58:40,19.00,,,
11244,07/09/2023 20:01:40,18.66,,,
11245,07/09/2023 20:04:40,18.32,,,
11246,07/09/2023 20:07:40,17.80,,,
11247,07/09/2023 20:10:40,17.20,,,
11248,07/09/2023 20:13:40,17.20,,,
11249,07/09/2023 20:16:40,17.33,,,
11250,07/09/2023 20:19:40,16.39,,,
11251,07/09/2023 20:22:40,16.21,,,
11252,07/09/2023 20:25:40,16.21,,,
11253,07/09/2023 20:28:40,15.53,,,
11254,07/09/2023 20:31:40,15.36,,,
11255,07/09/2023 20:34:40,15.31,,,
11256,07/09/2023 20:37:40,14.80,,,
11257,07/09/2023 20:40:40,14.45,,,
11258,07/09/2023 20:43:40,14.15,,,
11259,07/09/2023 20:46:40,13.94,,,
11260,07/09/2023 20:49:40,13.55,,,
11261,07/09/2023 20:52:40,13.47,,,
11262,07/09/2023 20:55:40,13.21,,,
11263,07/09/2023 20:58:40,12.48,,,
11264,07/09/2023 21:01:40,12.01,,,
11265,07/09/2023 21:04:40,11.88,,,
11266,07/09/2023 21:07:40,11.45,,,
11267,07/09/2023 21:10:40,11.28,,,
11268,07/09/2023 21:13:40,11.41,,,
11269,07/09/2023 21:16:40,11.75,,,
11270,07/09/2023 21:19:40,11.67,,,
11271,07/09/2023 21:22:40,11.67,,,
11272,07/09/2023 21:25:40,11.45,,,
11273,07/09/2023 21:28:40,10.98,,,
11274,07/09/2023 21:31:40,10.89,,,
11275,07/09/2023 21:34:40,10.55,,,
11276,07/09/2023 21:37:40,10.38,,,
11277,07/09/2023 21:40:40,10.16,,,
11278,07/09/2023 21:43:40,9.74,,,
11279,07/09/2023 21:46:40,9.78,,,
11280,07/09/2023 21:49:40,9.95,,,
11281,07/09/2023 21:52:40,9.91,,,
11282,07/09/2023 21:55:40,9.86,,,
11283,07/09/2023 21:58:40,9.65,,,
11284,07/09/2023 22:01:40,9.44,,,
11285,07/09/2023 22:04:40,9.39,,,
11286,07/09/2023 22:07:40,9.31,,,
11287,07/09/2023 22:10:40,9.22,,,
11288,07/09/2023 22:13:40,8.96,,,
11289,07/09/2023 22:16:40,8.83,,,
11290,07/09/2023 22:19:40,8.92,,,
11291,07/09/2023 22:22:40,8.96,,,
11292,07/09/2023 22:25:40,8.83,,,
11293,07/09/2023 22:28:40,8.66,,,
11294,07/09/2023 22:31:40,8.88,,,
11295,07/09/2023 22:34:40,8.83,,,
11296,07/09/2023 22:37:40,8.79,,,
11297,07/09/2023 22:40:40,8.79,,,
11298,07/09/2023 22:43:40,8.62,,,
11299,07/09/2023 22:46:40,8.58,,,
11300,07/09/2023 22:49:40,8.28,,,
11301,07/09/2023 22:52:40,8.28,,,
11302,07/09/2023 22:55:40,8.45,,,
11303,07/09/2023 22:58:40,8.36,,,
11304,07/09/2023 23:01:40,8.75,,,
11305,07/09/2023 23:04:40,8.88,,,
11306,07/09/2023 23:07:40,8.62,,,
11307,07/09/2023 23:10:40,8.06,,,
11308,07/09/2023 23:13:40,7.85,,,
11309,07/09/2023 23:16:40,7.89,,,
11310,07/09/2023 23:19:40,7.55,,,
11311,07/09/2023 23:22:40,7.42,,,
11312,07/09/2023 23:25:40,7.25,,,
11313,07/09/2023 23:28:40,7.25,,,
11314,07/09/2023 23:31:40,7.33,,,
11315,07/09/2023 23:34:40,7.72,,,
11316,07/09/2023 23:37:40,7.76,,,
11317,07/09/2023 23:40:40,7.98,,,
11318,07/09/2023 23:43:40,7.72,,,
11319,07/09/2023 23:46:40,7.25,,,
11320,07/09/2023 23:49:40,7.33,,,
11321,07/09/2023 23:52:40,7.25,,,
11322,07/09/2023 23:55:40,7.20,,,
11323,07/09/2023 23:58:40,6.95,,,
11324,07/10/2023 00:01:40,6.86,,,
11325,07/10/2023 00:04:40,7.12,,,
11326,07/10/2023 00:07:40,7.16,,,
11327,07/10/2023 00:10:40,7.46,,,
11328,07/10/2023 00:13:40,7.55,,,
11329,07/10/2023 00:16:40,7.76,,,
11330,07/10/2023 00:19:40,7.72,,,
11331,07/10/2023 00:22:40,7.85,,,
11332,07/10/2023 00:25:40,7.68,,,
11333,07/10/2023 00:28:40,7.42,,,
11334,07/10/2023 00:31:40,7.25,,,
11335,07/10/2023 00:34:40,7.42,,,
11336,07/10/2023 00:37:40,7.55,,,
11337,07/10/2023 00:40:40,7.03,,,
11338,07/10/2023 00:43:40,6.86,,,
11339,07/10/2023 00:46:40,6.90,,,
11340,07/10/2023 00:49:40,6.60,,,
11341,07/10/2023 00:52:40,6.48,,,
11342,07/10/2023 00:55:40,6.48,,,
11343,07/10/2023 00:58:40,6.22,,,
11344,07/10/2023 01:01:40,6.05,,,
11345,07/10/2023 01:04:40,5.96,,,
11346,07/10/2023 01:07:40,6.13,,,
11347,07/10/2023 01:10:40,6.30,,,
11348,07/10/2023 01:13:40,6.78,,,
11349,07/10/2023 01:16:40,6.90,,,
11350,07/10/2023 01:19:40,6.43,,,
11351,07/10/2023 01:22:40,5.92,,,
11352,07/10/2023 01:25:40,5.57,,,
11353,07/10/2023 01:28:40,5.66,,,
11354,07/10/2023 01:31:40,5.83,,,
11355,07/10/2023 01:34:40,5.70,,,
11356,07/10/2023 01:37:40,5.66,,,
11357,07/10/2023 01:40:40,5.62,,,
11358,07/10/2023 01:43:40,5.49,,,
11359,07/10/2023 01:46:40,5.45,,,
11360,07/10/2023 01:49:40,5.92,,,
11361,07/10/2023 01:52:40,5.53,,,
11362,07/10/2023 01:55:40,5.19,,,
11363,07/10/2023 01:58:40,5.32,,,
11364,07/10/2023 02:01:40,5.32,,,
11365,07/10/2023 02:04:40,5.15,,,
11366,07/10/2023 02:07:40,5.15,,,
11367,07/10/2023 02:10:40,5.19,,,
11368,07/10/2023 02:13:40,4.63,,,
11369,07/10/2023 02:16:40,4.67,,,
11370,07/10/2023 02:19:40,4.76,,,
11371,07/10/2023 02:22:40,4.84,,,
11372,07/10/2023 02:25:40,4.80,,,
11373,07/10/2023 02:28:40,4.89,,,
11374,07/10/2023 02:31:40,5.19,,,
11375,07/10/2023 02:34:40,5.45,,,
11376,07/10/2023 02:37:40,5.32,,,
11377,07/10/2023 02:40:40,5.40,,,
11378,07/10/2023 02:43:40,5.75,,,
11379,07/10/2023 02:46:40,5.79,,,
11380,07/10/2023 02:49:40,5.87,,,
11381,07/10/2023 02:52:40,5.83,,,
11382,07/10/2023 02:55:40,5.57,,,
11383,07/10/2023 02:58:40,5.57,,,
11384,07/10/2023 03:01:40,5.66,,,
11385,07/10/2023 03:04:40,5.49,,,
11386,07/10/2023 03:07:40,5.62,,,
11387,07/10/2023 03:10:40,5.62,,,
11388,07/10/2023 03:13:40,5.75,,,
11389,07/10/2023 03:16:40,5.92,,,
11390,07/10/2023 03:19:40,5.87,,,
11391,07/10/2023 03:22:40,5.83,,,
11392,07/10/2023 03:25:40,5.87,,,
11393,07/10/2023 03:28:40,6.05,,,
11394,07/10/2023 03:31:40,6.35,,,
11395,07/10/2023 03:34:40,6.65,,,
11396,07/10/2023 03:37:40,6.90,,,
11397,07/10/2023 03:40:40,7.50,,,
11398,07/10/2023 03:43:40,8.92,,,
11399,07/10/2023 03:46:40,9.65,,,
11400,07/10/2023 03:49:40,10.04,,,
11401,07/10/2023 03:52:40,10.25,,,
11402,07/10/2023 03:55:40,10.68,,,
11403,07/10/2023 03:58:40,9.74,,,
11404,07/10/2023 04:01:40,11.32,,,
11405,07/10/2023 04:04:40,11.37,,,
11406,07/10/2023 04:07:40,11.54,,,
11407,07/10/2023 04:10:40,11.28,,,
11408,07/10/2023 04:13:40,10.94,,,
11409,07/10/2023 04:16:40,11.07,,,
11410,07/10/2023 04:19:40,11.19,,,
11411,07/10/2023 04:22:40,12.91,,,
11412,07/10/2023 04:25:40,12.65,,,
11413,07/10/2023 04:28:40,11.79,,,
11414,07/10/2023 04:31:40,11.58,,,
11415,07/10/2023 04:34:40,11.28,,,
11416,07/10/2023 04:37:40,11.41,,,
11417,07/10/2023 04:40:40,12.10,,,
11418,07/10/2023 04:43:40,12.48,,,
11419,07/10/2023 04:46:40,12.44,,,
11420,07/10/2023 04:49:40,12.05,,,
11421,07/10/2023 04:52:40,11.49,,,
11422,07/10/2023 04:55:40,10.64,,,
11423,07/10/2023 04:58:40,10.29,,,
11424,07/10/2023 05:01:40,9.86,,,
11425,07/10/2023 05:04:40,9.82,,,
11426,07/10/2023 05:07:40,10.16,,,
11427,07/10/2023 05:10:40,9.95,,,
11428,07/10/2023 05:13:40,9.48,,,
11429,07/10/2023 05:16:40,9.35,,,
11430,07/10/2023 05:19:40,9.35,,,
11431,07/10/2023 05:22:40,9.44,,,
11432,07/10/2023 05:25:40,9.78,,,
11433,07/10/2023 05:28:40,9.69,,,
11434,07/10/2023 05:31:40,9.18,,,
11435,07/10/2023 05:34:40,8.75,,,
11436,07/10/2023 05:37:40,8.28,,,
11437,07/10/2023 05:40:40,8.19,,,
11438,07/10/2023 05:43:40,8.32,,,
11439,07/10/2023 05:46:40,8.36,,,
11440,07/10/2023 05:49:40,8.15,,,
11441,07/10/2023 05:52:40,8.02,,,
11442,07/10/2023 05:55:40,8.02,,,
11443,07/10/2023 05:58:40,7.89,,,
11444,07/10/2023 06:01:40,7.76,,,
11445,07/10/2023 06:04:40,7.63,,,
11446,07/10/2023 06:07:40,7.46,,,
11447,07/10/2023 06:10:40,7.46,,,
11448,07/10/2023 06:13:40,7.59,,,
11449,07/10/2023 06:16:40,7.98,,,
11450,07/10/2023 06:19:40,8.11,,,
11451,07/10/2023 06:22:40,7.89,,,
11452,07/10/2023 06:25:40,7.98,,,
11453,07/10/2023 06:28:40,7.98,,,
11454,07/10/2023 06:31:40,7.59,,,
11455,07/10/2023 06:34:40,7.20,,,
11456,07/10/2023 06:37:40,6.86,,,
11457,07/10/2023 06:40:40,6.90,,,
11458,07/10/2023 06:43:40,6.90,,,
11459,07/10/2023 06:46:40,6.99,,,
11460,07/10/2023 06:49:40,7.08,,,
11461,07/10/2023 06:52:40,7.12,,,
11462,07/10/2023 06:55:40,7.20,,,
11463,07/10/2023 06:58:40,7.93,,,
11464,07/10/2023 07:01:40,8.71,,,
11465,07/10/2023 07:04:40,9.05,,,
11466,07/10/2023 07:07:40,8.79,,,
11467,07/10/2023 07:10:40,9.18,,,
11468,07/10/2023 07:13:40,10.12,,,
11469,07/10/2023 07:16:40,10.55,,,
11470,07/10/2023 07:19:40,11.32,,,
11471,07/10/2023 07:22:40,11.84,,,
11472,07/10/2023 07:25:40,12.74,,,
11473,07/10/2023 07:28:40,13.38,,,
11474,07/10/2023 07:31:40,13.30,,,
11475,07/10/2023 07:34:40,13.51,,,
11476,07/10/2023 07:37:40,13.17,,,
11477,07/10/2023 07:40:40,13.12,,,
11478,07/10/2023 07:43:40,13.73,,,
11479,07/10/2023 07:46:40,13.17,,,
11480,07/10/2023 07:49:40,13.25,,,
11481,07/10/2023 07:52:40,13.21,,,
11482,07/10/2023 07:55:40,14.11,,,
11483,07/10/2023 07:58:40,15.61,,,
11484,07/10/2023 08:01:40,15.74,,,
11485,07/10/2023 08:04:40,16.81,,,
11486,07/10/2023 08:07:40,17.20,,,
11487,07/10/2023 08:10:40,16.21,,,
11488,07/10/2023 08:13:40,16.51,,,
11489,07/10/2023 08:16:40,16.86,,,
11490,07/10/2023 08:19:40,16.56,,,
11491,07/10/2023 08:22:40,16.86,,,
11492,07/10/2023 08:25:40,17.76,,,
11493,07/10/2023 08:28:40,17.76,,,
11494,07/10/2023 08:31:40,17.72,,,
11495,07/10/2023 08:34:40,17.63,,,
11496,07/10/2023 08:37:40,18.32,,,
11497,07/10/2023 08:40:40,19.05,,,
11498,07/10/2023 08:43:40,20.46,,,
11499,07/10/2023 08:46:40,20.20,,,
11500,07/10/2023 08:49:40,20.46,,,
11501,07/10/2023 08:52:40,20.55,,,
11502,07/10/2023 08:55:40,20.33,,,
11503,07/10/2023 08:58:40,20.33,,,
11504,07/10/2023 09:01:40,21.28,,,
11505,07/10/2023 09:04:40,20.63,,,
11506,07/10/2023 09:07:40,20.29,,,
11507,07/10/2023 09:10:40,20.16,,,
11508,07/10/2023 09:13:40,19.77,,,
11509,07/10/2023 09:16:40,19.26,,,
11510,07/10/2023 09:19:40,19.60,,,
11511,07/10/2023 09:22:40,19.26,,,
11512,07/10/2023 09:25:40,19.60,,,
11513,07/10/2023 09:28:40,19.73,,,
11514,07/10/2023 09:31:40,19.95,,,
11515,07/10/2023 09:34:40,19.43,,,
11516,07/10/2023 09:37:40,20.03,,,
11517,07/10/2023 09:40:40,19.99,,,
11518,07/10/2023 09:43:40,20.25,,,
11519,07/10/2023 09:46:40,20.20,,,
11520,07/10/2023 09:49:40,20.25,,,
11521,07/10/2023 09:52:40,20.33,,,
11522,07/10/2023 09:55:40,20.29,,,
11523,07/10/2023 09:58:40,21.19,,,
11524,07/10/2023 10:01:40,21.32,,,
11525,07/10/2023 10:04:40,21.58,,,
11526,07/10/2023 10:07:40,21.45,,,
11527,07/10/2023 10:10:40,21.10,,,
11528,07/10/2023 10:13:40,21.36,,,
11529,07/10/2023 10:16:40,20.85,,,
11530,07/10/2023 10:19:40,22.01,,,
11531,07/10/2023 10:22:40,21.62,,,
11532,07/10/2023 10:25:40,21.58,,,
11533,07/10/2023 10:28:40,22.48,,,
11534,07/10/2023 10:31:40,21.45,,,
11535,07/10/2023 10:34:40,21.58,,,
11536,07/10/2023 10:37:40,21.49,,,
11537,07/10/2023 10:40:40,19.60,,,
11538,07/10/2023 10:43:40,19.82,,,
11539,07/10/2023 10:46:40,20.12,,,
11540,07/10/2023 10:49:40,20.29,,,
11541,07/10/2023 10:52:40,20.80,,,
11542,07/10/2023 10:55:40,21.06,,,
11543,07/10/2023 10:58:40,20.55,,,
11544,07/10/2023 11:01:40,20.80,,,
11545,07/10/2023 11:04:40,23.08,,,
11546,07/10/2023 11:07:40,22.61,,,
11547,07/10/2023 11:10:40,22.35,,,
11548,07/10/2023 11:13:40,21.45,,,
11549,07/10/2023 11:16:40,21.66,,,
11550,07/10/2023 11:19:40,21.36,,,
11551,07/10/2023 11:22:40,21.23,,,
11552,07/10/2023 11:25:40,20.59,,,
11553,07/10/2023 11:28:40,20.03,,,
11554,07/10/2023 11:31:40,20.12,,,
11555,07/10/2023 11:34:40,19.90,,,
11556,07/10/2023 11:37:40,21.88,,,
11557,07/10/2023 11:40:40,24.15,,,
11558,07/10/2023 11:43:40,25.87,,,
11559,07/10/2023 11:46:40,26.17,,,
11560,07/10/2023 11:49:40,26.51,,,
11561,07/10/2023 11:52:40,26.12,,,
11562,07/10/2023 11:55:40,25.82,,,
11563,07/10/2023 11:58:40,24.28,,,
11564,07/10/2023 12:01:40,25.57,,,
11565,07/10/2023 12:04:40,26.17,,,
11566,07/10/2023 12:07:40,25.82,,,
11567,07/10/2023 12:10:40,23.81,,,
11568,07/10/2023 12:13:40,23.12,,,
11569,07/10/2023 12:16:40,22.43,,,
11570,07/10/2023 12:19:40,22.39,,,
11571,07/10/2023 12:22:40,22.31,,,
11572,07/10/2023 12:25:40,22.39,,,
11573,07/10/2023 12:28:40,22.43,,,
11574,07/10/2023 12:31:40,21.96,,,
11575,07/10/2023 12:34:40,20.55,,,
11576,07/10/2023 12:37:40,20.33,,,
11577,07/10/2023 12:40:40,20.03,,,
11578,07/10/2023 12:43:40,20.12,,,
11579,07/10/2023 12:46:40,20.50,,,
11580,07/10/2023 12:49:40,20.89,,,
11581,07/10/2023 12:52:40,21.19,,,
11582,07/10/2023 12:55:40,21.15,,,
11583,07/10/2023 12:58:40,21.66,,,
11584,07/10/2023 13:01:40,21.79,,,
11585,07/10/2023 13:04:40,22.39,,,
11586,07/10/2023 13:07:40,24.02,,,
11587,07/10/2023 13:10:40,25.61,,,
11588,07/10/2023 13:13:40,25.91,,,
11589,07/10/2023 13:16:40,25.87,,,
11590,07/10/2023 13:19:40,25.52,,,
11591,07/10/2023 13:22:40,26.12,,,
11592,07/10/2023 13:25:40,25.82,,,
11593,07/10/2023 13:28:40,25.05,,,
11594,07/10/2023 13:31:40,25.57,,,
11595,07/10/2023 13:34:40,25.31,,,
11596,07/10/2023 13:37:40,26.68,,,
11597,07/10/2023 13:40:40,24.54,,,
11598,07/10/2023 13:43:40,25.57,,,
11599,07/10/2023 13:46:40,25.14,,,
11600,07/10/2023 13:49:40,24.36,,,
11601,07/10/2023 13:52:40,23.85,,,
11602,07/10/2023 13:55:40,23.55,,,
11603,07/10/2023 13:58:40,24.06,,,
11604,07/10/2023 14:01:40,24.79,,,
11605,07/10/2023 14:04:40,26.12,,,
11606,07/10/2023 14:07:40,26.98,,,
11607,07/10/2023 14:10:40,26.30,,,
11608,07/10/2023 14:13:40,27.28,,,
11609,07/10/2023 14:16:40,26.68,,,
11610,07/10/2023 14:19:40,27.37,,,
11611,07/10/2023 14:22:40,27.88,,,
11612,07/10/2023 14:25:40,27.63,,,
11613,07/10/2023 14:28:40,27.20,,,
11614,07/10/2023 14:31:40,26.47,,,
11615,07/10/2023 14:34:40,25.27,,,
11616,07/10/2023 14:37:40,25.05,,,
11617,07/10/2023 14:40:40,24.75,,,
11618,07/10/2023 14:43:40,25.05,,,
11619,07/10/2023 14:46:40,26.47,,,
11620,07/10/2023 14:49:40,26.90,,,
11621,07/10/2023 14:52:40,27.32,,,
11622,07/10/2023 14:55:40,27.15,,,
11623,07/10/2023 14:58:40,28.05,,,
11624,07/10/2023 15:01:40,27.37,,,
11625,07/10/2023 15:04:40,25.22,,,
11626,07/10/2023 15:07:40,24.75,,,
11627,07/10/2023 15:10:40,24.58,,,
11628,07/10/2023 15:13:40,26.30,,,
11629,07/10/2023 15:16:40,26.90,,,
11630,07/10/2023 15:19:40,27.24,,,
11631,07/10/2023 15:22:40,26.30,,,
11632,07/10/2023 15:25:40,25.44,,,
11633,07/10/2023 15:28:40,24.66,,,
11634,07/10/2023 15:31:40,24.79,,,
11635,07/10/2023 15:34:40,25.31,,,
11636,07/10/2023 15:37:40,26.04,,,
11637,07/10/2023 15:40:40,26.51,,,
11638,07/10/2023 15:43:40,26.85,,,
11639,07/10/2023 15:46:40,26.77,,,
11640,07/10/2023 15:49:40,27.93,,,
11641,07/10/2023 15:52:40,27.63,,,
11642,07/10/2023 15:55:40,28.10,,,
11643,07/10/2023 15:58:40,27.37,,,
11644,07/10/2023 16:01:40,26.77,,,
11645,07/10/2023 16:04:40,26.38,,,
11646,07/10/2023 16:07:40,25.82,,,
11647,07/10/2023 16:10:40,26.68,,,
11648,07/10/2023 16:13:40,27.63,,,
11649,07/10/2023 16:16:40,27.37,,,
11650,07/10/2023 16:19:40,27.37,,,
11651,07/10/2023 16:22:40,27.80,,,
11652,07/10/2023 16:25:40,27.15,,,
11653,07/10/2023 16:28:40,26.98,,,
11654,07/10/2023 16:31:40,25.87,,,
11655,07/10/2023 16:34:40,25.44,,,
11656,07/10/2023 16:37:40,24.97,,,
11657,07/10/2023 16:40:40,24.71,,,
11658,07/10/2023 16:43:40,25.35,,,
11659,07/10/2023 16:46:40,26.90,,,
11660,07/10/2023 16:49:40,27.41,,,
11661,07/10/2023 16:52:40,27.20,,,
11662,07/10/2023 16:55:40,27.58,,,
11663,07/10/2023 16:58:40,28.05,,,
11664,07/10/2023 17:01:40,27.88,,,
11665,07/10/2023 17:04:40,26.81,,,
11666,07/10/2023 17:07:40,27.20,,,
11667,07/10/2023 17:10:40,25.78,,,
11668,07/10/2023 17:13:40,24.84,,,
11669,07/10/2023 17:16:40,24.49,,,
11670,07/10/2023 17:19:40,24.66,,,
11671,07/10/2023 17:22:40,24.32,,,
11672,07/10/2023 17:25:40,24.24,,,
11673,07/10/2023 17:28:40,24.45,,,
11674,07/10/2023 17:31:40,25.22,,,
11675,07/10/2023 17:34:40,24.92,,,
11676,07/10/2023 17:37:40,25.14,,,
11677,07/10/2023 17:40:40,26.64,,,
11678,07/10/2023 17:43:40,27.45,,,
11679,07/10/2023 17:46:40,27.24,,,
11680,07/10/2023 17:49:40,26.64,,,
11681,07/10/2023 17:52:40,25.35,,,
11682,07/10/2023 17:55:40,24.36,,,
11683,07/10/2023 17:58:40,23.85,,,
11684,07/10/2023 18:01:40,23.72,,,
11685,07/10/2023 18:04:40,24.45,,,
11686,07/10/2023 18:07:40,25.74,,,
11687,07/10/2023 18:10:40,25.61,,,
11688,07/10/2023 18:13:40,24.71,,,
11689,07/10/2023 18:16:40,24.06,,,
11690,07/10/2023 18:19:40,23.72,,,
11691,07/10/2023 18:22:40,23.55,,,
11692,07/10/2023 18:25:40,23.55,,,
11693,07/10/2023 18:28:40,23.38,,,
11694,07/10/2023 18:31:40,22.95,,,
11695,07/10/2023 18:34:40,22.78,,,
11696,07/10/2023 18:37:40,23.85,,,
11697,07/10/2023 18:40:40,24.15,,,
11698,07/10/2023 18:43:40,24.32,,,
11699,07/10/2023 18:46:40,25.14,,,
11700,07/10/2023 18:49:40,24.71,,,
11701,07/10/2023 18:52:40,24.54,,,
11702,07/10/2023 18:55:40,24.71,,,
11703,07/10/2023 18:58:40,25.01,,,
11704,07/10/2023 19:01:40,24.62,,,
11705,07/10/2023 19:04:40,23.81,,,
11706,07/10/2023 19:07:40,23.34,,,
11707,07/10/2023 19:10:40,22.69,,,
11708,07/10/2023 19:13:40,21.92,,,
11709,07/10/2023 19:16:40,21.66,,,
11710,07/10/2023 19:19:40,21.40,,,
11711,07/10/2023 19:22:40,20.93,,,
11712,07/10/2023 19:25:40,20.72,,,
11713,07/10/2023 19:28:40,20.68,,,
11714,07/10/2023 19:31:40,21.15,,,
11715,07/10/2023 19:34:40,21.23,,,
11716,07/10/2023 19:37:40,21.23,,,
11717,07/10/2023 19:40:40,21.15,,,
11718,07/10/2023 19:43:40,21.10,,,
11719,07/10/2023 19:46:40,20.80,,,
11720,07/10/2023 19:49:40,20.59,,,
11721,07/10/2023 19:52:40,20.25,,,
11722,07/10/2023 19:55:40,20.07,,,
11723,07/10/2023 19:58:40,19.99,,,
11724,07/10/2023 20:01:40,19.52,,,
11725,07/10/2023 20:04:40,19.26,,,
11726,07/10/2023 20:07:40,18.96,,,
11727,07/10/2023 20:10:40,18.92,,,
11728,07/10/2023 20:13:40,18.79,,,
11729,07/10/2023 20:16:40,18.36,,,
11730,07/10/2023 20:19:40,17.80,,,
11731,07/10/2023 20:22:40,17.41,,,
11732,07/10/2023 20:25:40,17.16,,,
11733,07/10/2023 20:28:40,17.67,,,
11734,07/10/2023 20:31:40,17.54,,,
11735,07/10/2023 20:34:40,17.24,,,
11736,07/10/2023 20:37:40,16.77,,,
11737,07/10/2023 20:40:40,16.56,,,
11738,07/10/2023 20:43:40,16.90,,,
11739,07/10/2023 20:46:40,17.33,,,
11740,07/10/2023 20:49:40,16.99,,,
11741,07/10/2023 20:52:40,17.07,,,
11742,07/10/2023 20:55:40,16.77,,,
11743,07/10/2023 20:58:40,16.13,,,
11744,07/10/2023 21:01:40,16.04,,,
11745,07/10/2023 21:04:40,15.96,,,
11746,07/10/2023 21:07:40,15.87,,,
11747,07/10/2023 21:10:40,15.70,,,
11748,07/10/2023 21:13:40,15.61,,,
11749,07/10/2023 21:16:40,15.18,,,
11750,07/10/2023 21:19:40,14.75,,,
11751,07/10/2023 21:22:40,14.71,,,
11752,07/10/2023 21:25:40,14.50,,,
11753,07/10/2023 21:28:40,13.94,,,
11754,07/10/2023 21:31:40,13.77,,,
11755,07/10/2023 21:34:40,13.85,,,
11756,07/10/2023 21:37:40,13.81,,,
11757,07/10/2023 21:40:40,13.68,,,
11758,07/10/2023 21:43:40,13.30,,,
11759,07/10/2023 21:46:40,12.91,,,
11760,07/10/2023 21:49:40,12.82,,,
11761,07/10/2023 21:52:40,12.65,,,
11762,07/10/2023 21:55:40,12.48,,,
11763,07/10/2023 21:58:40,12.40,,,
11764,07/10/2023 22:01:40,12.44,,,
11765,07/10/2023 22:04:40,11.97,,,
11766,07/10/2023 22:07:40,11.67,,,
11767,07/10/2023 22:10:40,11.75,,,
11768,07/10/2023 22:13:40,11.54,,,
11769,07/10/2023 22:16:40,11.28,,,
11770,07/10/2023 22:19:40,11.07,,,
11771,07/10/2023 22:22:40,11.24,,,
11772,07/10/2023 22:25:40,10.94,,,
11773,07/10/2023 22:28:40,10.85,,,
11774,07/10/2023 22:31:40,10.55,,,
11775,07/10/2023 22:34:40,10.21,,,
11776,07/10/2023 22:37:40,10.04,,,
11777,07/10/2023 22:40:40,10.25,,,
11778,07/10/2023 22:43:40,10.38,,,
11779,07/10/2023 22:46:40,10.34,,,
11780,07/10/2023 22:49:40,10.64,,,
11781,07/10/2023 22:52:40,10.34,,,
11782,07/10/2023 22:55:40,9.95,,,
11783,07/10/2023 22:58:40,9.91,,,
11784,07/10/2023 23:01:40,9.99,,,
11785,07/10/2023 23:04:40,10.16,,,
11786,07/10/2023 23:07:40,10.12,,,
11787,07/10/2023 23:10:40,10.04,,,
11788,07/10/2023 23:13:40,9.95,,,
11789,07/10/2023 23:16:40,10.59,,,
11790,07/10/2023 23:19:40,10.38,,,
11791,07/10/2023 23:22:40,10.42,,,
11792,07/10/2023 23:25:40,10.12,,,
11793,07/10/2023 23:28:40,11.11,,,
11794,07/10/2023 23:31:40,10.98,,,
11795,07/10/2023 23:34:40,10.81,,,
11796,07/10/2023 23:37:40,10.98,,,
11797,07/10/2023 23:40:40,10.46,,,
11798,07/10/2023 23:43:40,9.99,,,
11799,07/10/2023 23:46:40,9.86,,,
11800,07/10/2023 23:49:40,9.65,,,
11801,07/10/2023 23:52:40,9.69,,,
11802,07/10/2023 23:55:40,9.52,,,
11803,07/10/2023 23:58:40,9.44,,,
11804,07/11/2023 00:01:40,9.18,,,
11805,07/11/2023 00:04:40,9.18,,,
11806,07/11/2023 00:07:40,9.39,,,
11807,07/11/2023 00:10:40,9.48,,,
11808,07/11/2023 00:13:40,9.82,,,
11809,07/11/2023 00:16:40,9.61,,,
11810,07/11/2023 00:19:40,9.56,,,
11811,07/11/2023 00:22:40,9.26,,,
11812,07/11/2023 00:25:40,8.88,,,
11813,07/11/2023 00:28:40,8.28,,,
11814,07/11/2023 00:31:40,8.11,,,
11815,07/11/2023 00:34:40,8.06,,,
11816,07/11/2023 00:37:40,8.28,,,
11817,07/11/2023 00:40:40,8.32,,,
11818,07/11/2023 00:43:40,8.66,,,
11819,07/11/2023 00:46:40,8.58,,,
11820,07/11/2023 00:49:40,8.45,,,
11821,07/11/2023 00:52:40,8.53,,,
11822,07/11/2023 00:55:40,9.01,,,
11823,07/11/2023 00:58:40,8.62,,,
11824,07/11/2023 01:01:40,8.53,,,
11825,07/11/2023 01:04:40,8.19,,,
11826,07/11/2023 01:07:40,7.81,,,
11827,07/11/2023 01:10:40,7.72,,,
11828,07/11/2023 01:13:40,7.63,,,
11829,07/11/2023 01:16:40,7.68,,,
11830,07/11/2023 01:19:40,7.76,,,
11831,07/11/2023 01:22:40,8.06,,,
11832,07/11/2023 01:25:40,7.59,,,
11833,07/11/2023 01:28:40,7.38,,,
11834,07/11/2023 01:31:40,7.46,,,
11835,07/11/2023 01:34:40,7.68,,,
11836,07/11/2023 01:37:40,7.42,,,
11837,07/11/2023 01:40:40,7.33,,,
11838,07/11/2023 01:43:40,7.25,,,
11839,07/11/2023 01:46:40,7.25,,,
11840,07/11/2023 01:49:40,7.33,,,
11841,07/11/2023 01:52:40,7.25,,,
11842,07/11/2023 01:55:40,6.73,,,
11843,07/11/2023 01:58:40,6.52,,,
11844,07/11/2023 02:01:40,6.69,,,
11845,07/11/2023 02:04:40,6.65,,,
11846,07/11/2023 02:07:40,6.52,,,
11847,07/11/2023 02:10:40,6.26,,,
11848,07/11/2023 02:13:40,6.09,,,
11849,07/11/2023 02:16:40,6.05,,,
11850,07/11/2023 02:19:40,6.00,,,
11851,07/11/2023 02:22:40,6.00,,,
11852,07/11/2023 02:25:40,6.00,,,
11853,07/11/2023 02:28:40,6.05,,,
11854,07/11/2023 02:31:40,5.87,,,
11855,07/11/2023 02:34:40,5.83,,,
11856,07/11/2023 02:37:40,6.00,,,
11857,07/11/2023 02:40:40,6.00,,,
11858,07/11/2023 02:43:40,6.00,,,
11859,07/11/2023 02:46:40,6.00,,,
11860,07/11/2023 02:49:40,5.87,,,
11861,07/11/2023 02:52:40,5.49,,,
11862,07/11/2023 02:55:40,5.32,,,
11863,07/11/2023 02:58:40,5.19,,,
11864,07/11/2023 03:01:40,5.32,,,
11865,07/11/2023 03:04:40,5.49,,,
11866,07/11/2023 03:07:40,5.27,,,
11867,07/11/2023 03:10:40,5.36,,,
11868,07/11/2023 03:13:40,5.96,,,
11869,07/11/2023 03:16:40,5.40,,,
11870,07/11/2023 03:19:40,5.27,,,
11871,07/11/2023 03:22:40,5.32,,,
11872,07/11/2023 03:25:40,5.40,,,
11873,07/11/2023 03:28:40,5.15,,,
11874,07/11/2023 03:31:40,4.67,,,
11875,07/11/2023 03:34:40,4.59,,,
11876,07/11/2023 03:37:40,4.54,,,
11877,07/11/2023 03:40:40,4.59,,,
11878,07/11/2023 03:43:40,4.93,,,
11879,07/11/2023 03:46:40,5.10,,,
11880,07/11/2023 03:49:40,4.89,,,
11881,07/11/2023 03:52:40,4.67,,,
11882,07/11/2023 03:55:40,4.76,,,
11883,07/11/2023 03:58:40,4.54,,,
11884,07/11/2023 04:01:40,4.50,,,
11885,07/11/2023 04:04:40,4.59,,,
11886,07/11/2023 04:07:40,4.59,,,
11887,07/11/2023 04:10:40,4.89,,,
11888,07/11/2023 04:13:40,4.80,,,
11889,07/11/2023 04:16:40,4.46,,,
11890,07/11/2023 04:19:40,4.12,,,
11891,07/11/2023 04:22:40,4.07,,,
11892,07/11/2023 04:25:40,3.99,,,
11893,07/11/2023 04:28:40,4.07,,,
11894,07/11/2023 04:31:40,3.82,,,
11895,07/11/2023 04:34:40,3.77,,,
11896,07/11/2023 04:37:40,3.64,,,
11897,07/11/2023 04:40:40,3.86,,,
11898,07/11/2023 04:43:40,4.37,,,
11899,07/11/2023 04:46:40,4.20,,,
11900,07/11/2023 04:49:40,4.33,,,
11901,07/11/2023 04:52:40,4.33,,,
11902,07/11/2023 04:55:40,4.24,,,
11903,07/11/2023 04:58:40,3.99,,,
11904,07/11/2023 05:01:40,3.90,,,
11905,07/11/2023 05:04:40,3.90,,,
11906,07/11/2023 05:07:40,4.03,,,
11907,07/11/2023 05:10:40,3.82,,,
11908,07/11/2023 05:13:40,3.99,,,
11909,07/11/2023 05:16:40,4.29,,,
11910,07/11/2023 05:19:40,4.46,,,
11911,07/11/2023 05:22:40,4.24,,,
11912,07/11/2023 05:25:40,3.94,,,
11913,07/11/2023 05:28:40,3.77,,,
11914,07/11/2023 05:31:40,3.56,,,
11915,07/11/2023 05:34:40,3.77,,,
11916,07/11/2023 05:37:40,4.20,,,
11917,07/11/2023 05:40:40,3.94,,,
11918,07/11/2023 05:43:40,3.99,,,
11919,07/11/2023 05:46:40,4.16,,,
11920,07/11/2023 05:49:40,3.82,,,
11921,07/11/2023 05:52:40,3.86,,,
11922,07/11/2023 05:55:40,3.90,,,
11923,07/11/2023 05:58:40,4.07,,,
11924,07/11/2023 06:01:40,3.90,,,
11925,07/11/2023 06:04:40,3.60,,,
11926,07/11/2023 06:07:40,3.47,,,
11927,07/11/2023 06:10:40,3.64,,,
11928,07/11/2023 06:13:40,3.77,,,
11929,07/11/2023 06:16:40,3.90,,,
11930,07/11/2023 06:19:40,3.90,,,
11931,07/11/2023 06:22:40,3.90,,,
11932,07/11/2023 06:25:40,3.86,,,
11933,07/11/2023 06:28:40,3.94,,,
11934,07/11/2023 06:31:40,3.94,,,
11935,07/11/2023 06:34:40,4.07,,,
11936,07/11/2023 06:37:40,4.20,,,
11937,07/11/2023 06:40:40,4.33,,,
11938,07/11/2023 06:43:40,4.54,,,
11939,07/11/2023 06:46:40,4.97,,,
11940,07/11/2023 06:49:40,5.49,,,
11941,07/11/2023 06:52:40,6.00,,,
11942,07/11/2023 06:55:40,6.48,,,
11943,07/11/2023 06:58:40,6.78,,,
11944,07/11/2023 07:01:40,7.38,,,
11945,07/11/2023 07:04:40,7.63,,,
11946,07/11/2023 07:07:40,8.11,,,
11947,07/11/2023 07:10:40,8.66,,,
11948,07/11/2023 07:13:40,9.31,,,
11949,07/11/2023 07:16:40,8.66,,,
11950,07/11/2023 07:19:40,9.05,,,
11951,07/11/2023 07:22:40,9.91,,,
11952,07/11/2023 07:25:40,10.55,,,
11953,07/11/2023 07:28:40,10.29,,,
11954,07/11/2023 07:31:40,10.59,,,
11955,07/11/2023 07:34:40,11.37,,,
11956,07/11/2023 07:37:40,11.28,,,
11957,07/11/2023 07:40:40,11.75,,,
11958,07/11/2023 07:43:40,12.48,,,
11959,07/11/2023 07:46:40,12.91,,,
11960,07/11/2023 07:49:40,13.34,,,
11961,07/11/2023 07:52:40,13.68,,,
11962,07/11/2023 07:55:40,14.24,,,
11963,07/11/2023 07:58:40,14.37,,,
11964,07/11/2023 08:01:40,14.58,,,
11965,07/11/2023 08:04:40,15.06,,,
11966,07/11/2023 08:07:40,15.48,,,
11967,07/11/2023 08:10:40,16.13,,,
11968,07/11/2023 08:13:40,16.08,,,
11969,07/11/2023 08:16:40,17.50,,,
11970,07/11/2023 08:19:40,19.00,,,
11971,07/11/2023 08:22:40,19.09,,,
11972,07/11/2023 08:25:40,19.82,,,
11973,07/11/2023 08:28:40,19.35,,,
11974,07/11/2023 08:31:40,17.67,,,
11975,07/11/2023 08:34:40,17.07,,,
11976,07/11/2023 08:37:40,16.64,,,
11977,07/11/2023 08:40:40,16.34,,,
11978,07/11/2023 08:43:40,16.77,,,
11979,07/11/2023 08:46:40,17.16,,,
11980,07/11/2023 08:49:40,17.46,,,
11981,07/11/2023 08:52:40,17.29,,,
11982,07/11/2023 08:55:40,17.46,,,
11983,07/11/2023 08:58:40,18.19,,,
11984,07/11/2023 09:01:40,19.56,,,
11985,07/11/2023 09:04:40,20.37,,,
11986,07/11/2023 09:07:40,19.60,,,
11987,07/11/2023 09:10:40,18.79,,,
11988,07/11/2023 09:13:40,19.60,,,
11989,07/11/2023 09:16:40,20.03,,,
11990,07/11/2023 09:19:40,20.29,,,
11991,07/11/2023 09:22:40,19.95,,,
11992,07/11/2023 09:25:40,19.69,,,
11993,07/11/2023 09:28:40,20.12,,,
11994,07/11/2023 09:31:40,21.15,,,
11995,07/11/2023 09:34:40,20.89,,,
11996,07/11/2023 09:37:40,20.20,,,
11997,07/11/2023 09:40:40,21.15,,,
11998,07/11/2023 09:43:40,21.66,,,
11999,07/11/2023 09:46:40,22.43,,,
12000,07/11/2023 09:49:40,22.86,,,
12001,07/11/2023 09:52:40,22.31,,,
12002,07/11/2023 09:55:40,21.53,,,
12003,07/11/2023 09:58:40,21.23,,,
12004,07/11/2023 10:01:40,21.06,,,
12005,07/11/2023 10:04:40,22.13,,,
12006,07/11/2023 10:07:40,21.49,,,
12007,07/11/2023 10:10:40,20.89,,,
12008,07/11/2023 10:13:40,20.76,,,
12009,07/11/2023 10:16:40,21.36,,,
12010,07/11/2023 10:19:40,21.58,,,
12011,07/11/2023 10:22:40,21.70,,,
12012,07/11/2023 10:25:40,22.22,,,
12013,07/11/2023 10:28:40,21.96,,,
12014,07/11/2023 10:31:40,22.13,,,
12015,07/11/2023 10:34:40,22.48,,,
12016,07/11/2023 10:37:40,22.39,,,
12017,07/11/2023 10:40:40,22.22,,,
12018,07/11/2023 10:43:40,22.48,,,
12019,07/11/2023 10:46:40,22.95,,,
12020,07/11/2023 10:49:40,22.31,,,
12021,07/11/2023 10:52:40,22.48,,,
12022,07/11/2023 10:55:40,23.34,,,
12023,07/11/2023 10:58:40,23.55,,,
12024,07/11/2023 11:01:40,23.08,,,
12025,07/11/2023 11:04:40,22.65,,,
12026,07/11/2023 11:07:40,23.03,,,
12027,07/11/2023 11:10:40,23.08,,,
12028,07/11/2023 11:13:40,23.81,,,
12029,07/11/2023 11:16:40,23.98,,,
12030,07/11/2023 11:19:40,23.46,,,
12031,07/11/2023 11:22:40,23.85,,,
12032,07/11/2023 11:25:40,24.75,,,
12033,07/11/2023 11:28:40,25.82,,,
12034,07/11/2023 11:31:40,26.04,,,
12035,07/11/2023 11:34:40,26.77,,,
12036,07/11/2023 11:37:40,26.81,,,
12037,07/11/2023 11:40:40,26.85,,,
12038,07/11/2023 11:43:40,26.55,,,
12039,07/11/2023 11:46:40,26.85,,,
12040,07/11/2023 11:49:40,25.87,,,
12041,07/11/2023 11:52:40,25.69,,,
12042,07/11/2023 11:55:40,25.82,,,
12043,07/11/2023 11:58:40,25.87,,,
12044,07/11/2023 12:01:40,25.74,,,
12045,07/11/2023 12:04:40,25.48,,,
12046,07/11/2023 12:07:40,25.65,,,
12047,07/11/2023 12:10:40,25.74,,,
12048,07/11/2023 12:13:40,25.65,,,
12049,07/11/2023 12:16:40,25.99,,,
12050,07/11/2023 12:19:40,25.82,,,
12051,07/11/2023 12:22:40,25.65,,,
12052,07/11/2023 12:25:40,25.39,,,
12053,07/11/2023 12:28:40,25.87,,,
12054,07/11/2023 12:31:40,25.82,,,
12055,07/11/2023 12:34:40,25.52,,,
12056,07/11/2023 12:37:40,25.61,,,
12057,07/11/2023 12:40:40,25.74,,,
12058,07/11/2023 12:43:40,25.69,,,
12059,07/11/2023 12:46:40,25.65,,,
12060,07/11/2023 12:49:40,25.74,,,
12061,07/11/2023 12:52:40,25.52,,,
12062,07/11/2023 12:55:40,25.91,,,
12063,07/11/2023 12:58:40,25.78,,,
12064,07/11/2023 13:01:40,26.55,,,
12065,07/11/2023 13:04:40,26.04,,,
12066,07/11/2023 13:07:40,25.74,,,
12067,07/11/2023 13:10:40,25.61,,,
12068,07/11/2023 13:13:40,24.97,,,
12069,07/11/2023 13:16:40,25.78,,,
12070,07/11/2023 13:19:40,25.44,,,
12071,07/11/2023 13:22:40,25.69,,,
12072,07/11/2023 13:25:40,26.34,,,
12073,07/11/2023 13:28:40,25.95,,,
12074,07/11/2023 13:31:40,25.82,,,
12075,07/11/2023 13:34:40,25.87,,,
12076,07/11/2023 13:37:40,25.91,,,
12077,07/11/2023 13:40:40,25.91,,,
12078,07/11/2023 13:43:40,26.68,,,
12079,07/11/2023 13:46:40,26.42,,,
12080,07/11/2023 13:49:40,26.34,,,
12081,07/11/2023 13:52:40,26.72,,,
12082,07/11/2023 13:55:40,26.04,,,
12083,07/11/2023 13:58:40,25.44,,,
12084,07/11/2023 14:01:40,26.38,,,
12085,07/11/2023 14:04:40,26.08,,,
12086,07/11/2023 14:07:40,26.64,,,
12087,07/11/2023 14:10:40,26.17,,,
12088,07/11/2023 14:13:40,25.99,,,
12089,07/11/2023 14:16:40,26.12,,,
12090,07/11/2023 14:19:40,26.85,,,
12091,07/11/2023 14:22:40,26.94,,,
12092,07/11/2023 14:25:40,27.07,,,
12093,07/11/2023 14:28:40,26.64,,,
12094,07/11/2023 14:31:40,25.78,,,
12095,07/11/2023 14:34:40,26.21,,,
12096,07/11/2023 14:37:40,27.11,,,
12097,07/11/2023 14:40:40,26.72,,,
12098,07/11/2023 14:43:40,26.60,,,
12099,07/11/2023 14:46:40,27.28,,,
12100,07/11/2023 14:49:40,27.37,,,
12101,07/11/2023 14:52:40,27.02,,,
12102,07/11/2023 14:55:40,26.42,,,
12103,07/11/2023 14:58:40,26.64,,,
12104,07/11/2023 15:01:40,27.20,,,
12105,07/11/2023 15:04:40,26.72,,,
12106,07/11/2023 15:07:40,26.17,,,
12107,07/11/2023 15:10:40,25.87,,,
12108,07/11/2023 15:13:40,26.60,,,
12109,07/11/2023 15:16:40,26.64,,,
12110,07/11/2023 15:19:40,26.08,,,
12111,07/11/2023 15:22:40,26.42,,,
12112,07/11/2023 15:25:40,26.25,,,
12113,07/11/2023 15:28:40,25.57,,,
12114,07/11/2023 15:31:40,25.27,,,
12115,07/11/2023 15:34:40,25.18,,,
12116,07/11/2023 15:37:40,26.12,,,
12117,07/11/2023 15:40:40,26.08,,,
12118,07/11/2023 15:43:40,25.91,,,
12119,07/11/2023 15:46:40,25.65,,,
12120,07/11/2023 15:49:40,25.35,,,
12121,07/11/2023 15:52:40,25.18,,,
12122,07/11/2023 15:55:40,24.88,,,
12123,07/11/2023 15:58:40,26.04,,,
12124,07/11/2023 16:01:40,26.25,,,
12125,07/11/2023 16:04:40,26.47,,,
12126,07/11/2023 16:07:40,25.57,,,
12127,07/11/2023 16:10:40,25.22,,,
12128,07/11/2023 16:13:40,25.61,,,
12129,07/11/2023 16:16:40,25.69,,,
12130,07/11/2023 16:19:40,26.64,,,
12131,07/11/2023 16:22:40,26.72,,,
12132,07/11/2023 16:25:40,27.37,,,
12133,07/11/2023 16:28:40,27.24,,,
12134,07/11/2023 16:31:40,26.94,,,
12135,07/11/2023 16:34:40,26.98,,,
12136,07/11/2023 16:37:40,26.64,,,
12137,07/11/2023 16:40:40,26.77,,,
12138,07/11/2023 16:43:40,27.15,,,
12139,07/11/2023 16:46:40,27.63,,,
12140,07/11/2023 16:49:40,28.44,,,
12141,07/11/2023 16:52:40,27.67,,,
12142,07/11/2023 16:55:40,27.54,,,
12143,07/11/2023 16:58:40,27.88,,,
12144,07/11/2023 17:01:40,27.67,,,
12145,07/11/2023 17:04:40,26.85,,,
12146,07/11/2023 17:07:40,27.11,,,
12147,07/11/2023 17:10:40,26.98,,,
12148,07/11/2023 17:13:40,26.08,,,
12149,07/11/2023 17:16:40,26.64,,,
12150,07/11/2023 17:19:40,27.15,,,
12151,07/11/2023 17:22:40,27.41,,,
12152,07/11/2023 17:25:40,26.77,,,
12153,07/11/2023 17:28:40,26.85,,,
12154,07/11/2023 17:31:40,26.90,,,
12155,07/11/2023 17:34:40,25.99,,,
12156,07/11/2023 17:37:40,25.52,,,
12157,07/11/2023 17:40:40,25.57,,,
12158,07/11/2023 17:43:40,25.99,,,
12159,07/11/2023 17:46:40,26.04,,,
12160,07/11/2023 17:49:40,26.08,,,
12161,07/11/2023 17:52:40,25.95,,,
12162,07/11/2023 17:55:40,25.09,,,
12163,07/11/2023 17:58:40,25.05,,,
12164,07/11/2023 18:01:40,25.35,,,
12165,07/11/2023 18:04:40,25.22,,,
12166,07/11/2023 18:07:40,25.78,,,
12167,07/11/2023 18:10:40,25.27,,,
12168,07/11/2023 18:13:40,24.92,,,
12169,07/11/2023 18:16:40,25.18,,,
12170,07/11/2023 18:19:40,25.18,,,
12171,07/11/2023 18:22:40,25.01,,,
12172,07/11/2023 18:25:40,24.79,,,
12173,07/11/2023 18:28:40,24.02,,,
12174,07/11/2023 18:31:40,23.08,,,
12175,07/11/2023 18:34:40,22.82,,,
12176,07/11/2023 18:37:40,22.82,,,
12177,07/11/2023 18:40:40,23.46,,,
12178,07/11/2023 18:43:40,23.76,,,
12179,07/11/2023 18:46:40,24.11,,,
12180,07/11/2023 18:49:40,24.24,,,
12181,07/11/2023 18:52:40,23.98,,,
12182,07/11/2023 18:55:40,23.85,,,
12183,07/11/2023 18:58:40,23.59,,,
12184,07/11/2023 19:01:40,23.42,,,
12185,07/11/2023 19:04:40,22.99,,,
12186,07/11/2023 19:07:40,22.99,,,
12187,07/11/2023 19:10:40,22.73,,,
12188,07/11/2023 19:13:40,22.35,,,
12189,07/11/2023 19:16:40,22.26,,,
12190,07/11/2023 19:19:40,21.88,,,
12191,07/11/2023 19:22:40,21.58,,,
12192,07/11/2023 19:25:40,21.15,,,
12193,07/11/2023 19:28:40,20.80,,,
12194,07/11/2023 19:31:40,20.63,,,
12195,07/11/2023 19:34:40,19.82,,,
12196,07/11/2023 19:37:40,19.56,,,
12197,07/11/2023 19:40:40,19.56,,,
12198,07/11/2023 19:43:40,19.39,,,
12199,07/11/2023 19:46:40,19.52,,,
12200,07/11/2023 19:49:40,19.47,,,
12201,07/11/2023 19:52:40,19.47,,,
12202,07/11/2023 19:55:40,19.43,,,
12203,07/11/2023 19:58:40,19.30,,,
12204,07/11/2023 20:01:40,19.09,,,
12205,07/11/2023 20:04:40,18.92,,,
12206,07/11/2023 20:07:40,18.92,,,
12207,07/11/2023 20:10:40,18.83,,,
12208,07/11/2023 20:13:40,18.40,,,
12209,07/11/2023 20:16:40,17.72,,,
12210,07/11/2023 20:19:40,17.54,,,
12211,07/11/2023 20:22:40,16.86,,,
12212,07/11/2023 20:25:40,16.69,,,
12213,07/11/2023 20:28:40,16.60,,,
12214,07/11/2023 20:31:40,16.77,,,
12215,07/11/2023 20:34:40,16.30,,,
12216,07/11/2023 20:37:40,15.70,,,
12217,07/11/2023 20:40:40,15.14,,,
12218,07/11/2023 20:43:40,15.01,,,
12219,07/11/2023 20:46:40,14.75,,,
12220,07/11/2023 20:49:40,14.80,,,
12221,07/11/2023 20:52:40,14.63,,,
12222,07/11/2023 20:55:40,14.63,,,
12223,07/11/2023 20:58:40,14.20,,,
12224,07/11/2023 21:01:40,14.24,,,
12225,07/11/2023 21:04:40,14.15,,,
12226,07/11/2023 21:07:40,13.94,,,
12227,07/11/2023 21:10:40,13.60,,,
12228,07/11/2023 21:13:40,13.21,,,
12229,07/11/2023 21:16:40,13.17,,,
12230,07/11/2023 21:19:40,13.04,,,
12231,07/11/2023 21:22:40,13.00,,,
12232,07/11/2023 21:25:40,12.78,,,
12233,07/11/2023 21:28:40,12.40,,,
12234,07/11/2023 21:31:40,12.40,,,
12235,07/11/2023 21:34:40,12.01,,,
12236,07/11/2023 21:37:40,11.79,,,
12237,07/11/2023 21:40:40,11.62,,,
12238,07/11/2023 21:43:40,11.49,,,
12239,07/11/2023 21:46:40,11.45,,,
12240,07/11/2023 21:49:40,11.28,,,
12241,07/11/2023 21:52:40,11.19,,,
12242,07/11/2023 21:55:40,11.15,,,
12243,07/11/2023 21:58:40,11.15,,,
12244,07/11/2023 22:01:40,11.24,,,
12245,07/11/2023 22:04:40,11.62,,,
12246,07/11/2023 22:07:40,11.79,,,
12247,07/11/2023 22:10:40,11.75,,,
12248,07/11/2023 22:13:40,11.79,,,
12249,07/11/2023 22:16:40,11.79,,,
12250,07/11/2023 22:19:40,11.67,,,
12251,07/11/2023 22:22:40,11.62,,,
12252,07/11/2023 22:25:40,11.84,,,
12253,07/11/2023 22:28:40,11.97,,,
12254,07/11/2023 22:31:40,12.40,,,
12255,07/11/2023 22:34:40,12.57,,,
12256,07/11/2023 22:37:40,12.48,,,
12257,07/11/2023 22:40:40,12.31,,,
12258,07/11/2023 22:43:40,12.10,,,
12259,07/11/2023 22:46:40,12.05,,,
12260,07/11/2023 22:49:40,11.92,,,
12261,07/11/2023 22:52:40,12.10,,,
12262,07/11/2023 22:55:40,12.05,,,
12263,07/11/2023 22:58:40,12.05,,,
12264,07/11/2023 23:01:40,12.10,,,
12265,07/11/2023 23:04:40,12.10,,,
12266,07/11/2023 23:07:40,12.05,,,
12267,07/11/2023 23:10:40,11.88,,,
12268,07/11/2023 23:13:40,11.88,,,
12269,07/11/2023 23:16:40,11.79,,,
12270,07/11/2023 23:19:40,11.71,,,
12271,07/11/2023 23:22:40,11.75,,,
12272,07/11/2023 23:25:40,11.84,,,
12273,07/11/2023 23:28:40,12.22,,,
12274,07/11/2023 23:31:40,12.35,,,
12275,07/11/2023 23:34:40,12.65,,,
12276,07/11/2023 23:37:40,12.70,,,
12277,07/11/2023 23:40:40,12.61,,,
12278,07/11/2023 23:43:40,12.57,,,
12279,07/11/2023 23:46:40,12.74,,,
12280,07/11/2023 23:49:40,12.61,,,
12281,07/11/2023 23:52:40,12.82,,,
12282,07/11/2023 23:55:40,12.70,,,
12283,07/11/2023 23:58:40,12.44,,,
12284,07/12/2023 00:01:40,12.57,,,
12285,07/12/2023 00:04:40,12.61,,,
12286,07/12/2023 00:07:40,12.70,,,
12287,07/12/2023 00:10:40,12.65,,,
12288,07/12/2023 00:13:40,12.70,,,
12289,07/12/2023 00:16:40,12.57,,,
12290,07/12/2023 00:19:40,12.44,,,
12291,07/12/2023 00:22:40,12.35,,,
12292,07/12/2023 00:25:40,12.40,,,
12293,07/12/2023 00:28:40,12.48,,,
12294,07/12/2023 00:31:40,12.65,,,
12295,07/12/2023 00:34:40,12.65,,,
12296,07/12/2023 00:37:40,12.48,,,
12297,07/12/2023 00:40:40,12.61,,,
12298,07/12/2023 00:43:40,12.52,,,
12299,07/12/2023 00:46:40,12.31,,,
12300,07/12/2023 00:49:40,12.18,,,
12301,07/12/2023 00:52:40,11.84,,,
12302,07/12/2023 00:55:40,11.54,,,
12303,07/12/2023 00:58:40,11.32,,,
12304,07/12/2023 01:01:40,11.11,,,
12305,07/12/2023 01:04:40,11.15,,,
12306,07/12/2023 01:07:40,11.02,,,
12307,07/12/2023 01:10:40,11.15,,,
12308,07/12/2023 01:13:40,11.07,,,
12309,07/12/2023 01:16:40,10.64,,,
12310,07/12/2023 01:19:40,10.29,,,
12311,07/12/2023 01:22:40,10.29,,,
12312,07/12/2023 01:25:40,10.12,,,
12313,07/12/2023 01:28:40,10.04,,,
12314,07/12/2023 01:31:40,10.21,,,
12315,07/12/2023 01:34:40,10.25,,,
12316,07/12/2023 01:37:40,10.38,,,
12317,07/12/2023 01:40:40,10.55,,,
12318,07/12/2023 01:43:40,10.51,,,
12319,07/12/2023 01:46:40,9.99,,,
12320,07/12/2023 01:49:40,9.69,,,
12321,07/12/2023 01:52:40,9.74,,,
12322,07/12/2023 01:55:40,9.48,,,
12323,07/12/2023 01:58:40,9.26,,,
12324,07/12/2023 02:01:40,9.14,,,
12325,07/12/2023 02:04:40,8.92,,,
12326,07/12/2023 02:07:40,8.92,,,
12327,07/12/2023 02:10:40,9.05,,,
12328,07/12/2023 02:13:40,9.14,,,
12329,07/12/2023 02:16:40,8.83,,,
12330,07/12/2023 02:19:40,8.66,,,
12331,07/12/2023 02:22:40,8.62,,,
12332,07/12/2023 02:25:40,8.66,,,
12333,07/12/2023 02:28:40,8.71,,,
12334,07/12/2023 02:31:40,8.88,,,
12335,07/12/2023 02:34:40,8.83,,,
12336,07/12/2023 02:37:40,8.92,,,
12337,07/12/2023 02:40:40,8.92,,,
12338,07/12/2023 02:43:40,8.79,,,
12339,07/12/2023 02:46:40,8.88,,,
12340,07/12/2023 02:49:40,8.83,,,
12341,07/12/2023 02:52:40,8.79,,,
12342,07/12/2023 02:55:40,8.62,,,
12343,07/12/2023 02:58:40,8.53,,,
12344,07/12/2023 03:01:40,8.41,,,
12345,07/12/2023 03:04:40,8.41,,,
12346,07/12/2023 03:07:40,8.58,,,
12347,07/12/2023 03:10:40,8.49,,,
12348,07/12/2023 03:13:40,8.49,,,
12349,07/12/2023 03:16:40,8.41,,,
12350,07/12/2023 03:19:40,8.28,,,
12351,07/12/2023 03:22:40,8.06,,,
12352,07/12/2023 03:25:40,7.93,,,
12353,07/12/2023 03:28:40,7.81,,,
12354,07/12/2023 03:31:40,8.23,,,
12355,07/12/2023 03:34:40,8.19,,,
12356,07/12/2023 03:37:40,7.89,,,
12357,07/12/2023 03:40:40,7.89,,,
12358,07/12/2023 03:43:40,7.59,,,
12359,07/12/2023 03:46:40,7.55,,,
12360,07/12/2023 03:49:40,7.81,,,
12361,07/12/2023 03:52:40,7.89,,,
12362,07/12/2023 03:55:40,7.98,,,
12363,07/12/2023 03:58:40,7.76,,,
12364,07/12/2023 04:01:40,7.55,,,
12365,07/12/2023 04:04:40,7.38,,,
12366,07/12/2023 04:07:40,7.25,,,
12367,07/12/2023 04:10:40,7.03,,,
12368,07/12/2023 04:13:40,6.78,,,
12369,07/12/2023 04:16:40,6.90,,,
12370,07/12/2023 04:19:40,7.29,,,
12371,07/12/2023 04:22:40,7.16,,,
12372,07/12/2023 04:25:40,6.99,,,
12373,07/12/2023 04:28:40,6.78,,,
12374,07/12/2023 04:31:40,7.08,,,
12375,07/12/2023 04:34:40,6.86,,,
12376,07/12/2023 04:37:40,7.16,,,
12377,07/12/2023 04:40:40,7.29,,,
12378,07/12/2023 04:43:40,6.95,,,
12379,07/12/2023 04:46:40,6.82,,,
12380,07/12/2023 04:49:40,6.95,,,
12381,07/12/2023 04:52:40,7.03,,,
12382,07/12/2023 04:55:40,7.12,,,
12383,07/12/2023 04:58:40,7.03,,,
12384,07/12/2023 05:01:40,6.95,,,
12385,07/12/2023 05:04:40,6.52,,,
12386,07/12/2023 05:07:40,6.35,,,
12387,07/12/2023 05:10:40,6.39,,,
12388,07/12/2023 05:13:40,6.26,,,
12389,07/12/2023 05:16:40,6.39,,,
12390,07/12/2023 05:19:40,6.39,,,
12391,07/12/2023 05:22:40,6.26,,,
12392,07/12/2023 05:25:40,6.09,,,
12393,07/12/2023 05:28:40,6.13,,,
12394,07/12/2023 05:31:40,6.30,,,
12395,07/12/2023 05:34:40,6.43,,,
12396,07/12/2023 05:37:40,6.30,,,
12397,07/12/2023 05:40:40,6.09,,,
12398,07/12/2023 05:43:40,6.13,,,
12399,07/12/2023 05:46:40,6.30,,,
12400,07/12/2023 05:49:40,6.22,,,
12401,07/12/2023 05:52:40,6.65,,,
12402,07/12/2023 05:55:40,6.69,,,
12403,07/12/2023 05:58:40,6.90,,,
12404,07/12/2023 06:01:40,6.60,,,
12405,07/12/2023 06:04:40,6.43,,,
12406,07/12/2023 06:07:40,6.39,,,
12407,07/12/2023 06:10:40,6.43,,,
12408,07/12/2023 06:13:40,6.43,,,
12409,07/12/2023 06:16:40,6.56,,,
12410,07/12/2023 06:19:40,6.78,,,
12411,07/12/2023 06:22:40,6.95,,,
12412,07/12/2023 06:25:40,7.03,,,
12413,07/12/2023 06:28:40,7.16,,,
12414,07/12/2023 06:31:40,7.33,,,
12415,07/12/2023 06:34:40,7.38,,,
12416,07/12/2023 06:37:40,7.38,,,
12417,07/12/2023 06:40:40,7.38,,,
12418,07/12/2023 06:43:40,7.63,,,
12419,07/12/2023 06:46:40,7.63,,,
12420,07/12/2023 06:49:40,7.76,,,
12421,07/12/2023 06:52:40,7.76,,,
12422,07/12/2023 06:55:40,7.81,,,
12423,07/12/2023 06:58:40,7.89,,,
12424,07/12/2023 07:01:40,8.19,,,
12425,07/12/2023 07:04:40,8.45,,,
12426,07/12/2023 07:07:40,8.66,,,
12427,07/12/2023 07:10:40,9.95,,,
12428,07/12/2023 07:13:40,10.38,,,
12429,07/12/2023 07:16:40,10.64,,,
12430,07/12/2023 07:19:40,11.37,,,
12431,07/12/2023 07:22:40,11.84,,,
12432,07/12/2023 07:25:40,12.22,,,
12433,07/12/2023 07:28:40,12.78,,,
12434,07/12/2023 07:31:40,13.12,,,
12435,07/12/2023 07:34:40,12.70,,,
12436,07/12/2023 07:37:40,12.74,,,
12437,07/12/2023 07:40:40,13.08,,,
12438,07/12/2023 07:43:40,13.55,,,
12439,07/12/2023 07:46:40,13.90,,,
12440,07/12/2023 07:49:40,13.34,,,
12441,07/12/2023 07:52:40,14.03,,,
12442,07/12/2023 07:55:40,14.37,,,
12443,07/12/2023 07:58:40,14.84,,,
12444,07/12/2023 08:01:40,15.70,,,
12445,07/12/2023 08:04:40,15.74,,,
12446,07/12/2023 08:07:40,15.61,,,
12447,07/12/2023 08:10:40,15.31,,,
12448,07/12/2023 08:13:40,16.21,,,
12449,07/12/2023 08:16:40,16.90,,,
12450,07/12/2023 08:19:40,17.37,,,
12451,07/12/2023 08:22:40,17.54,,,
12452,07/12/2023 08:25:40,18.02,,,
12453,07/12/2023 08:28:40,18.57,,,
12454,07/12/2023 08:31:40,19.13,,,
12455,07/12/2023 08:34:40,18.96,,,
12456,07/12/2023 08:37:40,19.13,,,
12457,07/12/2023 08:40:40,19.73,,,
12458,07/12/2023 08:43:40,20.20,,,
12459,07/12/2023 08:46:40,20.59,,,
12460,07/12/2023 08:49:40,21.19,,,
12461,07/12/2023 08:52:40,20.85,,,
12462,07/12/2023 08:55:40,22.05,,,
12463,07/12/2023 08:58:40,22.18,,,
12464,07/12/2023 09:01:40,21.66,,,
12465,07/12/2023 09:04:40,23.38,,,
12466,07/12/2023 09:07:40,22.91,,,
12467,07/12/2023 09:10:40,22.52,,,
12468,07/12/2023 09:13:40,21.75,,,
12469,07/12/2023 09:16:40,20.93,,,
12470,07/12/2023 09:19:40,21.58,,,
12471,07/12/2023 09:22:40,21.36,,,
12472,07/12/2023 09:25:40,21.70,,,
12473,07/12/2023 09:28:40,22.01,,,
12474,07/12/2023 09:31:40,23.85,,,
12475,07/12/2023 09:34:40,24.54,,,
12476,07/12/2023 09:37:40,23.29,,,
12477,07/12/2023 09:40:40,22.61,,,
12478,07/12/2023 09:43:40,22.69,,,
12479,07/12/2023 09:46:40,23.76,,,
12480,07/12/2023 09:49:40,22.31,,,
12481,07/12/2023 09:52:40,22.22,,,
12482,07/12/2023 09:55:40,22.65,,,
12483,07/12/2023 09:58:40,24.41,,,
12484,07/12/2023 10:01:40,22.91,,,
12485,07/12/2023 10:04:40,22.61,,,
12486,07/12/2023 10:07:40,23.55,,,
12487,07/12/2023 10:10:40,22.52,,,
12488,07/12/2023 10:13:40,22.78,,,
12489,07/12/2023 10:16:40,24.45,,,
12490,07/12/2023 10:19:40,23.72,,,
12491,07/12/2023 10:22:40,23.03,,,
12492,07/12/2023 10:25:40,23.59,,,
12493,07/12/2023 10:28:40,23.72,,,
12494,07/12/2023 10:31:40,22.22,,,
12495,07/12/2023 10:34:40,22.43,,,
12496,07/12/2023 10:37:40,23.46,,,
12497,07/12/2023 10:40:40,23.34,,,
12498,07/12/2023 10:43:40,23.51,,,
12499,07/12/2023 10:46:40,23.68,,,
12500,07/12/2023 10:49:40,23.72,,,
12501,07/12/2023 10:52:40,23.55,,,
12502,07/12/2023 10:55:40,23.94,,,
12503,07/12/2023 10:58:40,24.15,,,
12504,07/12/2023 11:01:40,24.84,,,
12505,07/12/2023 11:04:40,24.92,,,
12506,07/12/2023 11:07:40,25.65,,,
12507,07/12/2023 11:10:40,25.01,,,
12508,07/12/2023 11:13:40,24.54,,,
12509,07/12/2023 11:16:40,23.38,,,
12510,07/12/2023 11:19:40,23.34,,,
12511,07/12/2023 11:22:40,25.05,,,
12512,07/12/2023 11:25:40,25.78,,,
12513,07/12/2023 11:28:40,26.08,,,
12514,07/12/2023 11:31:40,25.91,,,
12515,07/12/2023 11:34:40,23.98,,,
12516,07/12/2023 11:37:40,23.08,,,
12517,07/12/2023 11:40:40,22.95,,,
12518,07/12/2023 11:43:40,22.69,,,
12519,07/12/2023 11:46:40,23.94,,,
12520,07/12/2023 11:49:40,25.35,,,
12521,07/12/2023 11:52:40,25.35,,,
12522,07/12/2023 11:55:40,24.45,,,
12523,07/12/2023 11:58:40,23.42,,,
12524,07/12/2023 12:01:40,23.25,,,
12525,07/12/2023 12:04:40,23.34,,,
12526,07/12/2023 12:07:40,24.84,,,
12527,07/12/2023 12:10:40,26.47,,,
12528,07/12/2023 12:13:40,26.98,,,
12529,07/12/2023 12:16:40,27.67,,,
12530,07/12/2023 12:19:40,27.80,,,
12531,07/12/2023 12:22:40,27.71,,,
12532,07/12/2023 12:25:40,28.83,,,
12533,07/12/2023 12:28:40,28.14,,,
12534,07/12/2023 12:31:40,28.18,,,
12535,07/12/2023 12:34:40,25.05,,,
12536,07/12/2023 12:37:40,24.41,,,
12537,07/12/2023 12:40:40,24.49,,,
12538,07/12/2023 12:43:40,24.15,,,
12539,07/12/2023 12:46:40,25.14,,,
12540,07/12/2023 12:49:40,26.64,,,
12541,07/12/2023 12:52:40,27.24,,,
12542,07/12/2023 12:55:40,27.11,,,
12543,07/12/2023 12:58:40,25.91,,,
12544,07/12/2023 13:01:40,25.48,,,
12545,07/12/2023 13:04:40,25.05,,,
12546,07/12/2023 13:07:40,26.47,,,
12547,07/12/2023 13:10:40,26.77,,,
12548,07/12/2023 13:13:40,27.28,,,
12549,07/12/2023 13:16:40,27.67,,,
12550,07/12/2023 13:19:40,28.35,,,
12551,07/12/2023 13:22:40,28.57,,,
12552,07/12/2023 13:25:40,27.71,,,
12553,07/12/2023 13:28:40,26.81,,,
12554,07/12/2023 13:31:40,25.65,,,
12555,07/12/2023 13:34:40,26.17,,,
12556,07/12/2023 13:37:40,27.75,,,
12557,07/12/2023 13:40:40,28.31,,,
12558,07/12/2023 13:43:40,28.78,,,
12559,07/12/2023 13:46:40,27.80,,,
12560,07/12/2023 13:49:40,26.68,,,
12561,07/12/2023 13:52:40,25.78,,,
12562,07/12/2023 13:55:40,25.14,,,
12563,07/12/2023 13:58:40,24.84,,,
12564,07/12/2023 14:01:40,25.27,,,
12565,07/12/2023 14:04:40,26.94,,,
12566,07/12/2023 14:07:40,26.81,,,
12567,07/12/2023 14:10:40,26.55,,,
12568,07/12/2023 14:13:40,26.51,,,
12569,07/12/2023 14:16:40,25.91,,,
12570,07/12/2023 14:19:40,26.38,,,
12571,07/12/2023 14:22:40,27.41,,,
12572,07/12/2023 14:25:40,27.71,,,
12573,07/12/2023 14:28:40,27.93,,,
12574,07/12/2023 14:31:40,28.18,,,
12575,07/12/2023 14:34:40,29.08,,,
12576,07/12/2023 14:37:40,28.44,,,
12577,07/12/2023 14:40:40,27.97,,,
12578,07/12/2023 14:43:40,27.88,,,
12579,07/12/2023 14:46:40,28.57,,,
12580,07/12/2023 14:49:40,28.31,,,
12581,07/12/2023 14:52:40,28.61,,,
12582,07/12/2023 14:55:40,28.35,,,
12583,07/12/2023 14:58:40,28.74,,,
12584,07/12/2023 15:01:40,29.26,,,
12585,07/12/2023 15:04:40,29.21,,,
12586,07/12/2023 15:07:40,28.40,,,
12587,07/12/2023 15:10:40,28.35,,,
12588,07/12/2023 15:13:40,28.27,,,
12589,07/12/2023 15:16:40,28.95,,,
12590,07/12/2023 15:19:40,29.04,,,
12591,07/12/2023 15:22:40,29.38,,,
12592,07/12/2023 15:25:40,27.71,,,
12593,07/12/2023 15:28:40,27.88,,,
12594,07/12/2023 15:31:40,27.75,,,
12595,07/12/2023 15:34:40,28.40,,,
12596,07/12/2023 15:37:40,28.87,,,
12597,07/12/2023 15:40:40,29.77,,,
12598,07/12/2023 15:43:40,29.64,,,
12599,07/12/2023 15:46:40,28.83,,,
12600,07/12/2023 15:49:40,28.48,,,
12601,07/12/2023 15:52:40,29.26,,,
12602,07/12/2023 15:55:40,29.30,,,
12603,07/12/2023 15:58:40,28.35,,,
12604,07/12/2023 16:01:40,27.84,,,
12605,07/12/2023 16:04:40,28.44,,,
12606,07/12/2023 16:07:40,29.00,,,
12607,07/12/2023 16:10:40,28.05,,,
12608,07/12/2023 16:13:40,27.28,,,
12609,07/12/2023 16:16:40,27.20,,,
12610,07/12/2023 16:19:40,28.44,,,
12611,07/12/2023 16:22:40,29.08,,,
12612,07/12/2023 16:25:40,28.74,,,
12613,07/12/2023 16:28:40,27.24,,,
12614,07/12/2023 16:31:40,27.67,,,
12615,07/12/2023 16:34:40,28.27,,,
12616,07/12/2023 16:37:40,28.18,,,
12617,07/12/2023 16:40:40,27.93,,,
12618,07/12/2023 16:43:40,28.35,,,
12619,07/12/2023 16:46:40,28.83,,,
12620,07/12/2023 16:49:40,29.00,,,
12621,07/12/2023 16:52:40,28.74,,,
12622,07/12/2023 16:55:40,28.40,,,
12623,07/12/2023 16:58:40,28.70,,,
12624,07/12/2023 17:01:40,29.13,,,
12625,07/12/2023 17:04:40,29.47,,,
12626,07/12/2023 17:07:40,28.65,,,
12627,07/12/2023 17:10:40,28.40,,,
12628,07/12/2023 17:13:40,28.65,,,
12629,07/12/2023 17:16:40,28.65,,,
12630,07/12/2023 17:19:40,28.14,,,
12631,07/12/2023 17:22:40,28.57,,,
12632,07/12/2023 17:25:40,28.31,,,
12633,07/12/2023 17:28:40,28.44,,,
12634,07/12/2023 17:31:40,28.65,,,
12635,07/12/2023 17:34:40,28.48,,,
12636,07/12/2023 17:37:40,28.57,,,
12637,07/12/2023 17:40:40,28.31,,,
12638,07/12/2023 17:43:40,28.05,,,
12639,07/12/2023 17:46:40,28.05,,,
12640,07/12/2023 17:49:40,28.01,,,
12641,07/12/2023 17:52:40,28.10,,,
12642,07/12/2023 17:55:40,28.27,,,
12643,07/12/2023 17:58:40,28.23,,,
12644,07/12/2023 18:01:40,27.88,,,
12645,07/12/2023 18:04:40,28.05,,,
12646,07/12/2023 18:07:40,27.93,,,
12647,07/12/2023 18:10:40,28.05,,,
12648,07/12/2023 18:13:40,27.75,,,
12649,07/12/2023 18:16:40,27.15,,,
12650,07/12/2023 18:19:40,27.28,,,
12651,07/12/2023 18:22:40,27.20,,,
12652,07/12/2023 18:25:40,27.15,,,
12653,07/12/2023 18:28:40,27.41,,,
12654,07/12/2023 18:31:40,27.75,,,
12655,07/12/2023 18:34:40,27.88,,,
12656,07/12/2023 18:37:40,27.58,,,
12657,07/12/2023 18:40:40,27.45,,,
12658,07/12/2023 18:43:40,27.28,,,
12659,07/12/2023 18:46:40,26.90,,,
12660,07/12/2023 18:49:40,26.55,,,
12661,07/12/2023 18:52:40,26.51,,,
12662,07/12/2023 18:55:40,26.34,,,
12663,07/12/2023 18:58:40,25.61,,,
12664,07/12/2023 19:01:40,24.79,,,
12665,07/12/2023 19:04:40,24.75,,,
12666,07/12/2023 19:07:40,24.58,,,
12667,07/12/2023 19:10:40,24.49,,,
12668,07/12/2023 19:13:40,23.94,,,
12669,07/12/2023 19:16:40,23.89,,,
12670,07/12/2023 19:19:40,23.72,,,
12671,07/12/2023 19:22:40,23.21,,,
12672,07/12/2023 19:25:40,22.91,,,
12673,07/12/2023 19:28:40,22.78,,,
12674,07/12/2023 19:31:40,22.65,,,
12675,07/12/2023 19:34:40,22.31,,,
12676,07/12/2023 19:37:40,21.66,,,
12677,07/12/2023 19:40:40,21.66,,,
12678,07/12/2023 19:43:40,21.79,,,
12679,07/12/2023 19:46:40,21.53,,,
12680,07/12/2023 19:49:40,21.40,,,
12681,07/12/2023 19:52:40,20.98,,,
12682,07/12/2023 19:55:40,21.49,,,
12683,07/12/2023 19:58:40,21.58,,,
12684,07/12/2023 20:01:40,21.02,,,
12685,07/12/2023 20:04:40,20.63,,,
12686,07/12/2023 20:07:40,20.20,,,
12687,07/12/2023 20:10:40,19.77,,,
12688,07/12/2023 20:13:40,19.56,,,
12689,07/12/2023 20:16:40,19.22,,,
12690,07/12/2023 20:19:40,18.44,,,
12691,07/12/2023 20:22:40,18.49,,,
12692,07/12/2023 20:25:40,19.30,,,
12693,07/12/2023 20:28:40,18.70,,,
12694,07/12/2023 20:31:40,18.10,,,
12695,07/12/2023 20:34:40,17.54,,,
12696,07/12/2023 20:37:40,17.24,,,
12697,07/12/2023 20:40:40,16.69,,,
12698,07/12/2023 20:43:40,16.47,,,
12699,07/12/2023 20:46:40,16.17,,,
12700,07/12/2023 20:49:40,16.04,,,
12701,07/12/2023 20:52:40,15.70,,,
12702,07/12/2023 20:55:40,15.91,,,
12703,07/12/2023 20:58:40,15.96,,,
12704,07/12/2023 21:01:40,15.83,,,
12705,07/12/2023 21:04:40,15.40,,,
12706,07/12/2023 21:07:40,15.27,,,
12707,07/12/2023 21:10:40,14.97,,,
12708,07/12/2023 21:13:40,15.14,,,
12709,07/12/2023 21:16:40,15.10,,,
12710,07/12/2023 21:19:40,14.54,,,
12711,07/12/2023 21:22:40,15.06,,,
12712,07/12/2023 21:25:40,15.70,,,
12713,07/12/2023 21:28:40,15.66,,,
12714,07/12/2023 21:31:40,14.75,,,
12715,07/12/2023 21:34:40,14.45,,,
12716,07/12/2023 21:37:40,15.01,,,
12717,07/12/2023 21:40:40,14.67,,,
12718,07/12/2023 21:43:40,14.97,,,
12719,07/12/2023 21:46:40,15.06,,,
12720,07/12/2023 21:49:40,14.45,,,
12721,07/12/2023 21:52:40,14.80,,,
12722,07/12/2023 21:55:40,14.63,,,
12723,07/12/2023 21:58:40,14.71,,,
12724,07/12/2023 22:01:40,14.88,,,
12725,07/12/2023 22:04:40,14.93,,,
12726,07/12/2023 22:07:40,14.93,,,
12727,07/12/2023 22:10:40,14.58,,,
12728,07/12/2023 22:13:40,14.80,,,
12729,07/12/2023 22:16:40,15.10,,,
12730,07/12/2023 22:19:40,15.27,,,
12731,07/12/2023 22:22:40,15.14,,,
12732,07/12/2023 22:25:40,14.80,,,
12733,07/12/2023 22:28:40,14.45,,,
12734,07/12/2023 22:31:40,13.85,,,
12735,07/12/2023 22:34:40,14.37,,,
12736,07/12/2023 22:37:40,14.03,,,
12737,07/12/2023 22:40:40,13.60,,,
12738,07/12/2023 22:43:40,13.98,,,
12739,07/12/2023 22:46:40,13.60,,,
12740,07/12/2023 22:49:40,13.12,,,
12741,07/12/2023 22:52:40,12.91,,,
12742,07/12/2023 22:55:40,12.61,,,
12743,07/12/2023 22:58:40,12.14,,,
12744,07/12/2023 23:01:40,12.18,,,
12745,07/12/2023 23:04:40,12.27,,,
12746,07/12/2023 23:07:40,12.48,,,
12747,07/12/2023 23:10:40,12.22,,,
12748,07/12/2023 23:13:40,11.79,,,
12749,07/12/2023 23:16:40,11.58,,,
12750,07/12/2023 23:19:40,11.67,,,
12751,07/12/2023 23:22:40,11.62,,,
12752,07/12/2023 23:25:40,12.05,,,
12753,07/12/2023 23:28:40,12.31,,,
12754,07/12/2023 23:31:40,12.27,,,
12755,07/12/2023 23:34:40,11.92,,,
12756,07/12/2023 23:37:40,11.92,,,
12757,07/12/2023 23:40:40,11.79,,,
12758,07/12/2023 23:43:40,11.71,,,
12759,07/12/2023 23:46:40,11.67,,,
12760,07/12/2023 23:49:40,11.37,,,
12761,07/12/2023 23:52:40,11.88,,,
12762,07/12/2023 23:55:40,12.18,,,
12763,07/12/2023 23:58:40,12.05,,,
12764,07/13/2023 00:01:40,11.79,,,
12765,07/13/2023 00:04:40,11.97,,,
12766,07/13/2023 00:07:40,12.10,,,
12767,07/13/2023 00:10:40,11.67,,,
12768,07/13/2023 00:13:40,11.07,,,
12769,07/13/2023 00:16:40,11.28,,,
12770,07/13/2023 00:19:40,11.58,,,
12771,07/13/2023 00:22:40,11.75,,,
12772,07/13/2023 00:25:40,11.45,,,
12773,07/13/2023 00:28:40,11.11,,,
12774,07/13/2023 00:31:40,11.49,,,
12775,07/13/2023 00:34:40,11.15,,,
12776,07/13/2023 00:37:40,10.77,,,
12777,07/13/2023 00:40:40,10.51,,,
12778,07/13/2023 00:43:40,10.46,,,
12779,07/13/2023 00:46:40,10.77,,,
12780,07/13/2023 00:49:40,10.59,,,
12781,07/13/2023 00:52:40,10.34,,,
12782,07/13/2023 00:55:40,10.12,,,
12783,07/13/2023 00:58:40,9.69,,,
12784,07/13/2023 01:01:40,9.26,,,
12785,07/13/2023 01:04:40,9.22,,,
12786,07/13/2023 01:07:40,9.18,,,
12787,07/13/2023 01:10:40,8.92,,,
12788,07/13/2023 01:13:40,8.96,,,
12789,07/13/2023 01:16:40,8.88,,,
12790,07/13/2023 01:19:40,8.79,,,
12791,07/13/2023 01:22:40,8.75,,,
12792,07/13/2023 01:25:40,8.53,,,
12793,07/13/2023 01:28:40,8.58,,,
12794,07/13/2023 01:31:40,8.53,,,
12795,07/13/2023 01:34:40,8.45,,,
12796,07/13/2023 01:37:40,8.53,,,
12797,07/13/2023 01:40:40,8.45,,,
12798,07/13/2023 01:43:40,8.71,,,
12799,07/13/2023 01:46:40,8.45,,,
12800,07/13/2023 01:49:40,8.11,,,
12801,07/13/2023 01:52:40,7.93,,,
12802,07/13/2023 01:55:40,7.55,,,
12803,07/13/2023 01:58:40,7.08,,,
12804,07/13/2023 02:01:40,6.99,,,
12805,07/13/2023 02:04:40,6.90,,,
12806,07/13/2023 02:07:40,6.56,,,
12807,07/13/2023 02:10:40,6.69,,,
12808,07/13/2023 02:13:40,6.73,,,
12809,07/13/2023 02:16:40,6.90,,,
12810,07/13/2023 02:19:40,6.99,,,
12811,07/13/2023 02:22:40,6.78,,,
12812,07/13/2023 02:25:40,6.86,,,
12813,07/13/2023 02:28:40,6.48,,,
12814,07/13/2023 02:31:40,6.35,,,
12815,07/13/2023 02:34:40,6.22,,,
12816,07/13/2023 02:37:40,6.22,,,
12817,07/13/2023 02:40:40,5.92,,,
12818,07/13/2023 02:43:40,6.13,,,
12819,07/13/2023 02:46:40,6.00,,,
12820,07/13/2023 02:49:40,5.66,,,
12821,07/13/2023 02:52:40,5.66,,,
12822,07/13/2023 02:55:40,5.83,,,
12823,07/13/2023 02:58:40,6.05,,,
12824,07/13/2023 03:01:40,6.30,,,
12825,07/13/2023 03:04:40,6.13,,,
12826,07/13/2023 03:07:40,5.75,,,
12827,07/13/2023 03:10:40,5.79,,,
12828,07/13/2023 03:13:40,5.45,,,
12829,07/13/2023 03:16:40,5.36,,,
12830,07/13/2023 03:19:40,5.36,,,
12831,07/13/2023 03:22:40,5.66,,,
12832,07/13/2023 03:25:40,5.87,,,
12833,07/13/2023 03:28:40,5.57,,,
12834,07/13/2023 03:31:40,5.57,,,
12835,07/13/2023 03:34:40,5.27,,,
12836,07/13/2023 03:37:40,5.10,,,
12837,07/13/2023 03:40:40,5.02,,,
12838,07/13/2023 03:43:40,4.97,,,
12839,07/13/2023 03:46:40,5.19,,,
12840,07/13/2023 03:49:40,5.02,,,
12841,07/13/2023 03:52:40,5.15,,,
12842,07/13/2023 03:55:40,5.06,,,
12843,07/13/2023 03:58:40,5.19,,,
12844,07/13/2023 04:01:40,4.80,,,
12845,07/13/2023 04:04:40,5.02,,,
12846,07/13/2023 04:07:40,5.10,,,
12847,07/13/2023 04:10:40,4.80,,,
12848,07/13/2023 04:13:40,4.72,,,
12849,07/13/2023 04:16:40,5.06,,,
12850,07/13/2023 04:19:40,5.06,,,
12851,07/13/2023 04:22:40,4.76,,,
12852,07/13/2023 04:25:40,4.76,,,
12853,07/13/2023 04:28:40,4.59,,,
12854,07/13/2023 04:31:40,4.59,,,
12855,07/13/2023 04:34:40,4.89,,,
12856,07/13/2023 04:37:40,5.06,,,
12857,07/13/2023 04:40:40,5.02,,,
12858,07/13/2023 04:43:40,5.06,,,
12859,07/13/2023 04:46:40,4.37,,,
12860,07/13/2023 04:49:40,4.24,,,
12861,07/13/2023 04:52:40,4.16,,,
12862,07/13/2023 04:55:40,4.20,,,
12863,07/13/2023 04:58:40,3.94,,,
12864,07/13/2023 05:01:40,4.07,,,
12865,07/13/2023 05:04:40,4.16,,,
12866,07/13/2023 05:07:40,4.63,,,
12867,07/13/2023 05:10:40,4.33,,,
12868,07/13/2023 05:13:40,4.20,,,
12869,07/13/2023 05:16:40,4.50,,,
12870,07/13/2023 05:19:40,4.63,,,
12871,07/13/2023 05:22:40,4.29,,,
12872,07/13/2023 05:25:40,4.07,,,
12873,07/13/2023 05:28:40,3.99,,,
12874,07/13/2023 05:31:40,3.90,,,
12875,07/13/2023 05:34:40,3.86,,,
12876,07/13/2023 05:37:40,4.16,,,
12877,07/13/2023 05:40:40,4.72,,,
12878,07/13/2023 05:43:40,4.67,,,
12879,07/13/2023 05:46:40,4.59,,,
12880,07/13/2023 05:49:40,4.46,,,
12881,07/13/2023 05:52:40,4.29,,,
12882,07/13/2023 05:55:40,4.67,,,
12883,07/13/2023 05:58:40,4.50,,,
12884,07/13/2023 06:01:40,4.03,,,
12885,07/13/2023 06:04:40,3.86,,,
12886,07/13/2023 06:07:40,3.82,,,
12887,07/13/2023 06:10:40,3.77,,,
12888,07/13/2023 06:13:40,3.82,,,
12889,07/13/2023 06:16:40,3.90,,,
12890,07/13/2023 06:19:40,4.07,,,
12891,07/13/2023 06:22:40,4.16,,,
12892,07/13/2023 06:25:40,4.07,,,
12893,07/13/2023 06:28:40,3.99,,,
12894,07/13/2023 06:31:40,3.94,,,
12895,07/13/2023 06:34:40,4.03,,,
12896,07/13/2023 06:37:40,4.29,,,
12897,07/13/2023 06:40:40,4.67,,,
12898,07/13/2023 06:43:40,5.06,,,
12899,07/13/2023 06:46:40,5.45,,,
12900,07/13/2023 06:49:40,5.66,,,
12901,07/13/2023 06:52:40,6.13,,,
12902,07/13/2023 06:55:40,7.08,,,
12903,07/13/2023 06:58:40,7.76,,,
12904,07/13/2023 07:01:40,8.41,,,
12905,07/13/2023 07:04:40,8.49,,,
12906,07/13/2023 07:07:40,9.09,,,
12907,07/13/2023 07:10:40,9.44,,,
12908,07/13/2023 07:13:40,10.16,,,
12909,07/13/2023 07:16:40,10.55,,,
12910,07/13/2023 07:19:40,10.42,,,
12911,07/13/2023 07:22:40,10.98,,,
12912,07/13/2023 07:25:40,11.45,,,
12913,07/13/2023 07:28:40,11.32,,,
12914,07/13/2023 07:31:40,12.05,,,
12915,07/13/2023 07:34:40,12.31,,,
12916,07/13/2023 07:37:40,12.48,,,
12917,07/13/2023 07:40:40,12.82,,,
12918,07/13/2023 07:43:40,13.04,,,
12919,07/13/2023 07:46:40,13.08,,,
12920,07/13/2023 07:49:40,12.87,,,
12921,07/13/2023 07:52:40,13.25,,,
12922,07/13/2023 07:55:40,13.34,,,
12923,07/13/2023 07:58:40,13.43,,,
12924,07/13/2023 08:01:40,13.90,,,
12925,07/13/2023 08:04:40,14.58,,,
12926,07/13/2023 08:07:40,15.83,,,
12927,07/13/2023 08:10:40,15.53,,,
12928,07/13/2023 08:13:40,14.93,,,
12929,07/13/2023 08:16:40,14.63,,,
12930,07/13/2023 08:19:40,16.73,,,
12931,07/13/2023 08:22:40,17.29,,,
12932,07/13/2023 08:25:40,19.30,,,
12933,07/13/2023 08:28:40,18.53,,,
12934,07/13/2023 08:31:40,17.16,,,
12935,07/13/2023 08:34:40,16.47,,,
12936,07/13/2023 08:37:40,16.60,,,
12937,07/13/2023 08:40:40,16.47,,,
12938,07/13/2023 08:43:40,16.04,,,
12939,07/13/2023 08:46:40,17.16,,,
12940,07/13/2023 08:49:40,18.23,,,
12941,07/13/2023 08:52:40,17.59,,,
12942,07/13/2023 08:55:40,17.03,,,
12943,07/13/2023 08:58:40,17.50,,,
12944,07/13/2023 09:01:40,17.33,,,
12945,07/13/2023 09:04:40,17.37,,,
12946,07/13/2023 09:07:40,18.44,,,
12947,07/13/2023 09:10:40,18.49,,,
12948,07/13/2023 09:13:40,18.49,,,
12949,07/13/2023 09:16:40,19.09,,,
12950,07/13/2023 09:19:40,19.77,,,
12951,07/13/2023 09:22:40,19.73,,,
12952,07/13/2023 09:25:40,20.33,,,
12953,07/13/2023 09:28:40,20.76,,,
12954,07/13/2023 09:31:40,20.55,,,
12955,07/13/2023 09:34:40,20.03,,,
12956,07/13/2023 09:37:40,20.20,,,
12957,07/13/2023 09:40:40,19.95,,,
12958,07/13/2023 09:43:40,19.43,,,
12959,07/13/2023 09:46:40,19.82,,,
12960,07/13/2023 09:49:40,20.46,,,
12961,07/13/2023 09:52:40,20.98,,,
12962,07/13/2023 09:55:40,20.03,,,
12963,07/13/2023 09:58:40,20.20,,,
12964,07/13/2023 10:01:40,20.50,,,
12965,07/13/2023 10:04:40,21.75,,,
12966,07/13/2023 10:07:40,22.31,,,
12967,07/13/2023 10:10:40,22.86,,,
12968,07/13/2023 10:13:40,22.86,,,
12969,07/13/2023 10:16:40,24.11,,,
12970,07/13/2023 10:19:40,23.08,,,
12971,07/13/2023 10:22:40,23.81,,,
12972,07/13/2023 10:25:40,24.49,,,
12973,07/13/2023 10:28:40,24.49,,,
12974,07/13/2023 10:31:40,23.59,,,
12975,07/13/2023 10:34:40,24.06,,,
12976,07/13/2023 10:37:40,24.06,,,
12977,07/13/2023 10:40:40,23.85,,,
12978,07/13/2023 10:43:40,24.02,,,
12979,07/13/2023 10:46:40,23.89,,,
12980,07/13/2023 10:49:40,22.22,,,
12981,07/13/2023 10:52:40,23.08,,,
12982,07/13/2023 10:55:40,22.73,,,
12983,07/13/2023 10:58:40,22.78,,,
12984,07/13/2023 11:01:40,22.65,,,
12985,07/13/2023 11:04:40,21.92,,,
12986,07/13/2023 11:07:40,22.43,,,
12987,07/13/2023 11:10:40,22.82,,,
12988,07/13/2023 11:13:40,22.69,,,
12989,07/13/2023 11:16:40,22.65,,,
12990,07/13/2023 11:19:40,23.16,,,
12991,07/13/2023 11:22:40,24.28,,,
12992,07/13/2023 11:25:40,24.66,,,
12993,07/13/2023 11:28:40,25.91,,,
12994,07/13/2023 11:31:40,25.57,,,
12995,07/13/2023 11:34:40,25.61,,,
12996,07/13/2023 11:37:40,24.54,,,
12997,07/13/2023 11:40:40,23.42,,,
12998,07/13/2023 11:43:40,23.94,,,
12999,07/13/2023 11:46:40,24.36,,,
13000,07/13/2023 11:49:40,24.45,,,
13001,07/13/2023 11:52:40,25.22,,,
13002,07/13/2023 11:55:40,25.39,,,
13003,07/13/2023 11:58:40,25.52,,,
13004,07/13/2023 12:01:40,26.21,,,
13005,07/13/2023 12:04:40,25.82,,,
13006,07/13/2023 12:07:40,25.69,,,
13007,07/13/2023 12:10:40,26.08,,,
13008,07/13/2023 12:13:40,25.74,,,
13009,07/13/2023 12:16:40,25.27,,,
13010,07/13/2023 12:19:40,24.88,,,
13011,07/13/2023 12:22:40,26.77,,,
13012,07/13/2023 12:25:40,28.70,,,
13013,07/13/2023 12:28:40,28.70,,,
13014,07/13/2023 12:31:40,27.28,,,
13015,07/13/2023 12:34:40,26.47,,,
13016,07/13/2023 12:37:40,27.15,,,
13017,07/13/2023 12:40:40,27.11,,,
13018,07/13/2023 12:43:40,28.18,,,
13019,07/13/2023 12:46:40,28.91,,,
13020,07/13/2023 12:49:40,29.68,,,
13021,07/13/2023 12:52:40,28.05,,,
13022,07/13/2023 12:55:40,27.67,,,
13023,07/13/2023 12:58:40,26.30,,,
13024,07/13/2023 13:01:40,26.12,,,
13025,07/13/2023 13:04:40,26.04,,,
13026,07/13/2023 13:07:40,26.77,,,
13027,07/13/2023 13:10:40,27.07,,,
13028,07/13/2023 13:13:40,27.50,,,
13029,07/13/2023 13:16:40,27.32,,,
13030,07/13/2023 13:19:40,26.55,,,
13031,07/13/2023 13:22:40,25.95,,,
13032,07/13/2023 13:25:40,26.30,,,
13033,07/13/2023 13:28:40,26.98,,,
13034,07/13/2023 13:31:40,26.21,,,
13035,07/13/2023 13:34:40,26.30,,,
13036,07/13/2023 13:37:40,25.31,,,
13037,07/13/2023 13:40:40,24.66,,,
13038,07/13/2023 13:43:40,24.79,,,
13039,07/13/2023 13:46:40,24.75,,,
13040,07/13/2023 13:49:40,26.34,,,
13041,07/13/2023 13:52:40,27.24,,,
13042,07/13/2023 13:55:40,25.61,,,
13043,07/13/2023 13:58:40,25.57,,,
13044,07/13/2023 14:01:40,25.91,,,
13045,07/13/2023 14:04:40,26.17,,,
13046,07/13/2023 14:07:40,25.91,,,
13047,07/13/2023 14:10:40,27.37,,,
13048,07/13/2023 14:13:40,26.81,,,
13049,07/13/2023 14:16:40,26.68,,,
13050,07/13/2023 14:19:40,28.44,,,
13051,07/13/2023 14:22:40,27.71,,,
13052,07/13/2023 14:25:40,26.64,,,
13053,07/13/2023 14:28:40,27.58,,,
13054,07/13/2023 14:31:40,26.77,,,
13055,07/13/2023 14:34:40,25.65,,,
13056,07/13/2023 14:37:40,25.35,,,
13057,07/13/2023 14:40:40,24.97,,,
13058,07/13/2023 14:43:40,25.05,,,
13059,07/13/2023 14:46:40,24.88,,,
13060,07/13/2023 14:49:40,24.62,,,
13061,07/13/2023 14:52:40,24.75,,,
13062,07/13/2023 14:55:40,24.11,,,
13063,07/13/2023 14:58:40,24.28,,,
13064,07/13/2023 15:01:40,24.11,,,
13065,07/13/2023 15:04:40,23.85,,,
13066,07/13/2023 15:07:40,26.04,,,
13067,07/13/2023 15:10:40,27.37,,,
13068,07/13/2023 15:13:40,26.64,,,
13069,07/13/2023 15:16:40,26.17,,,
13070,07/13/2023 15:19:40,26.12,,,
13071,07/13/2023 15:22:40,25.61,,,
13072,07/13/2023 15:25:40,25.27,,,
13073,07/13/2023 15:28:40,25.27,,,
13074,07/13/2023 15:31:40,26.25,,,
13075,07/13/2023 15:34:40,26.55,,,
13076,07/13/2023 15:37:40,27.28,,,
13077,07/13/2023 15:40:40,28.10,,,
13078,07/13/2023 15:43:40,28.35,,,
13079,07/13/2023 15:46:40,29.00,,,
13080,07/13/2023 15:49:40,28.48,,,
13081,07/13/2023 15:52:40,28.87,,,
13082,07/13/2023 15:55:40,28.48,,,
13083,07/13/2023 15:58:40,28.40,,,
13084,07/13/2023 16:01:40,27.80,,,
13085,07/13/2023 16:04:40,28.61,,,
13086,07/13/2023 16:07:40,28.87,,,
13087,07/13/2023 16:10:40,26.90,,,
13088,07/13/2023 16:13:40,25.74,,,
13089,07/13/2023 16:16:40,26.90,,,
13090,07/13/2023 16:19:40,28.44,,,
13091,07/13/2023 16:22:40,28.23,,,
13092,07/13/2023 16:25:40,27.88,,,
13093,07/13/2023 16:28:40,27.15,,,
13094,07/13/2023 16:31:40,27.80,,,
13095,07/13/2023 16:34:40,28.05,,,
13096,07/13/2023 16:37:40,28.10,,,
13097,07/13/2023 16:40:40,27.37,,,
13098,07/13/2023 16:43:40,27.67,,,
13099,07/13/2023 16:46:40,26.94,,,
13100,07/13/2023 16:49:40,25.87,,,
13101,07/13/2023 16:52:40,25.31,,,
13102,07/13/2023 16:55:40,25.44,,,
13103,07/13/2023 16:58:40,26.77,,,
13104,07/13/2023 17:01:40,27.54,,,
13105,07/13/2023 17:04:40,28.35,,,
13106,07/13/2023 17:07:40,26.38,,,
13107,07/13/2023 17:10:40,24.97,,,
13108,07/13/2023 17:13:40,24.32,,,
13109,07/13/2023 17:16:40,24.02,,,
13110,07/13/2023 17:19:40,23.59,,,
13111,07/13/2023 17:22:40,23.08,,,
13112,07/13/2023 17:25:40,22.91,,,
13113,07/13/2023 17:28:40,22.86,,,
13114,07/13/2023 17:31:40,22.73,,,
13115,07/13/2023 17:34:40,22.95,,,
13116,07/13/2023 17:37:40,23.34,,,
13117,07/13/2023 17:40:40,23.81,,,
13118,07/13/2023 17:43:40,23.46,,,
13119,07/13/2023 17:46:40,23.89,,,
13120,07/13/2023 17:49:40,24.06,,,
13121,07/13/2023 17:52:40,23.68,,,
13122,07/13/2023 17:55:40,23.34,,,
13123,07/13/2023 17:58:40,22.91,,,
13124,07/13/2023 18:01:40,22.35,,,
13125,07/13/2023 18:04:40,22.18,,,
13126,07/13/2023 18:07:40,23.03,,,
13127,07/13/2023 18:10:40,23.64,,,
13128,07/13/2023 18:13:40,23.85,,,
13129,07/13/2023 18:16:40,23.29,,,
13130,07/13/2023 18:19:40,22.43,,,
13131,07/13/2023 18:22:40,21.92,,,
13132,07/13/2023 18:25:40,21.66,,,
13133,07/13/2023 18:28:40,21.23,,,
13134,07/13/2023 18:31:40,21.32,,,
13135,07/13/2023 18:34:40,21.58,,,
13136,07/13/2023 18:37:40,21.53,,,
13137,07/13/2023 18:40:40,21.36,,,
13138,07/13/2023 18:43:40,21.53,,,
13139,07/13/2023 18:46:40,21.66,,,
13140,07/13/2023 18:49:40,21.40,,,
13141,07/13/2023 18:52:40,21.23,,,
13142,07/13/2023 18:55:40,21.06,,,
13143,07/13/2023 18:58:40,21.88,,,
13144,07/13/2023 19:01:40,22.39,,,
13145,07/13/2023 19:04:40,23.21,,,
13146,07/13/2023 19:07:40,23.85,,,
13147,07/13/2023 19:10:40,23.98,,,
13148,07/13/2023 19:13:40,24.06,,,
13149,07/13/2023 19:16:40,23.76,,,
13150,07/13/2023 19:19:40,23.38,,,
13151,07/13/2023 19:22:40,23.08,,,
13152,07/13/2023 19:25:40,22.78,,,
13153,07/13/2023 19:28:40,22.43,,,
13154,07/13/2023 19:31:40,22.26,,,
13155,07/13/2023 19:34:40,22.05,,,
13156,07/13/2023 19:37:40,21.62,,,
13157,07/13/2023 19:40:40,21.23,,,
13158,07/13/2023 19:43:40,20.93,,,
13159,07/13/2023 19:46:40,20.37,,,
13160,07/13/2023 19:49:40,19.95,,,
13161,07/13/2023 19:52:40,19.86,,,
13162,07/13/2023 19:55:40,20.33,,,
13163,07/13/2023 19:58:40,20.07,,,
13164,07/13/2023 20:01:40,19.47,,,
13165,07/13/2023 20:04:40,18.79,,,
13166,07/13/2023 20:07:40,18.74,,,
13167,07/13/2023 20:10:40,19.09,,,
13168,07/13/2023 20:13:40,18.23,,,
13169,07/13/2023 20:16:40,17.41,,,
13170,07/13/2023 20:19:40,17.03,,,
13171,07/13/2023 20:22:40,17.11,,,
13172,07/13/2023 20:25:40,16.77,,,
13173,07/13/2023 20:28:40,16.26,,,
13174,07/13/2023 20:31:40,16.04,,,
13175,07/13/2023 20:34:40,15.96,,,
13176,07/13/2023 20:37:40,15.87,,,
13177,07/13/2023 20:40:40,15.74,,,
13178,07/13/2023 20:43:40,15.57,,,
13179,07/13/2023 20:46:40,15.44,,,
13180,07/13/2023 20:49:40,15.44,,,
13181,07/13/2023 20:52:40,15.18,,,
13182,07/13/2023 20:55:40,15.14,,,
13183,07/13/2023 20:58:40,14.63,,,
13184,07/13/2023 21:01:40,14.28,,,
13185,07/13/2023 21:04:40,14.24,,,
13186,07/13/2023 21:07:40,14.15,,,
13187,07/13/2023 21:10:40,13.60,,,
13188,07/13/2023 21:13:40,13.30,,,
13189,07/13/2023 21:16:40,13.04,,,
13190,07/13/2023 21:19:40,12.87,,,
13191,07/13/2023 21:22:40,12.35,,,
13192,07/13/2023 21:25:40,12.22,,,
13193,07/13/2023 21:28:40,12.05,,,
13194,07/13/2023 21:31:40,11.92,,,
13195,07/13/2023 21:34:40,11.97,,,
13196,07/13/2023 21:37:40,12.31,,,
13197,07/13/2023 21:40:40,12.31,,,
13198,07/13/2023 21:43:40,11.88,,,
13199,07/13/2023 21:46:40,11.62,,,
13200,07/13/2023 21:49:40,11.62,,,
13201,07/13/2023 21:52:40,11.62,,,
13202,07/13/2023 21:55:40,11.97,,,
13203,07/13/2023 21:58:40,12.14,,,
13204,07/13/2023 22:01:40,11.97,,,
13205,07/13/2023 22:04:40,11.32,,,
13206,07/13/2023 22:07:40,10.64,,,
13207,07/13/2023 22:10:40,10.68,,,
13208,07/13/2023 22:13:40,10.72,,,
13209,07/13/2023 22:16:40,11.07,,,
13210,07/13/2023 22:19:40,11.15,,,
13211,07/13/2023 22:22:40,10.89,,,
13212,07/13/2023 22:25:40,11.02,,,
13213,07/13/2023 22:28:40,11.07,,,
13214,07/13/2023 22:31:40,10.77,,,
13215,07/13/2023 22:34:40,10.72,,,
13216,07/13/2023 22:37:40,10.59,,,
13217,07/13/2023 22:40:40,10.46,,,
13218,07/13/2023 22:43:40,10.21,,,
13219,07/13/2023 22:46:40,10.16,,,
13220,07/13/2023 22:49:40,9.78,,,
13221,07/13/2023 22:52:40,9.82,,,
13222,07/13/2023 22:55:40,9.74,,,
13223,07/13/2023 22:58:40,9.91,,,
13224,07/13/2023 23:01:40,9.74,,,
13225,07/13/2023 23:04:40,10.16,,,
13226,07/13/2023 23:07:40,10.46,,,
13227,07/13/2023 23:10:40,10.12,,,
13228,07/13/2023 23:13:40,10.08,,,
13229,07/13/2023 23:16:40,10.12,,,
13230,07/13/2023 23:19:40,10.04,,,
13231,07/13/2023 23:22:40,10.04,,,
13232,07/13/2023 23:25:40,10.04,,,
13233,07/13/2023 23:28:40,9.95,,,
13234,07/13/2023 23:31:40,9.82,,,
13235,07/13/2023 23:34:40,9.61,,,
13236,07/13/2023 23:37:40,9.61,,,
13237,07/13/2023 23:40:40,9.26,,,
13238,07/13/2023 23:43:40,9.22,,,
13239,07/13/2023 23:46:40,9.05,,,
13240,07/13/2023 23:49:40,9.05,,,
13241,07/13/2023 23:52:40,9.14,,,
13242,07/13/2023 23:55:40,9.05,,,
13243,07/13/2023 23:58:40,8.53,,,
13244,07/14/2023 00:01:40,8.53,,,
13245,07/14/2023 00:04:40,8.62,,,
13246,07/14/2023 00:07:40,8.96,,,
13247,07/14/2023 00:10:40,9.22,,,
13248,07/14/2023 00:13:40,9.31,,,
13249,07/14/2023 00:16:40,9.18,,,
13250,07/14/2023 00:19:40,8.88,,,
13251,07/14/2023 00:22:40,8.53,,,
13252,07/14/2023 00:25:40,8.28,,,
13253,07/14/2023 00:28:40,8.19,,,
13254,07/14/2023 00:31:40,8.58,,,
13255,07/14/2023 00:34:40,8.66,,,
13256,07/14/2023 00:37:40,8.53,,,
13257,07/14/2023 00:40:40,8.75,,,
13258,07/14/2023 00:43:40,8.45,,,
13259,07/14/2023 00:46:40,7.98,,,
13260,07/14/2023 00:49:40,7.72,,,
13261,07/14/2023 00:52:40,7.76,,,
13262,07/14/2023 00:55:40,7.76,,,
13263,07/14/2023 00:58:40,7.63,,,
13264,07/14/2023 01:01:40,8.02,,,
13265,07/14/2023 01:04:40,7.72,,,
13266,07/14/2023 01:07:40,7.55,,,
13267,07/14/2023 01:10:40,7.25,,,
13268,07/14/2023 01:13:40,7.08,,,
13269,07/14/2023 01:16:40,7.20,,,
13270,07/14/2023 01:19:40,7.42,,,
13271,07/14/2023 01:22:40,7.89,,,
13272,07/14/2023 01:25:40,8.19,,,
13273,07/14/2023 01:28:40,7.55,,,
13274,07/14/2023 01:31:40,7.59,,,
13275,07/14/2023 01:34:40,7.76,,,
13276,07/14/2023 01:37:40,7.81,,,
13277,07/14/2023 01:40:40,7.81,,,
13278,07/14/2023 01:43:40,7.59,,,
13279,07/14/2023 01:46:40,7.98,,,
13280,07/14/2023 01:49:40,8.11,,,
13281,07/14/2023 01:52:40,7.68,,,
13282,07/14/2023 01:55:40,7.03,,,
13283,07/14/2023 01:58:40,6.90,,,
13284,07/14/2023 02:01:40,7.03,,,
13285,07/14/2023 02:04:40,7.03,,,
13286,07/14/2023 02:07:40,6.99,,,
13287,07/14/2023 02:10:40,6.82,,,
13288,07/14/2023 02:13:40,6.43,,,
13289,07/14/2023 02:16:40,6.22,,,
13290,07/14/2023 02:19:40,6.05,,,
13291,07/14/2023 02:22:40,6.48,,,
13292,07/14/2023 02:25:40,6.86,,,
13293,07/14/2023 02:28:40,6.60,,,
13294,07/14/2023 02:31:40,7.12,,,
13295,07/14/2023 02:34:40,6.73,,,
13296,07/14/2023 02:37:40,6.60,,,
13297,07/14/2023 02:40:40,6.26,,,
13298,07/14/2023 02:43:40,6.22,,,
13299,07/14/2023 02:46:40,6.73,,,
13300,07/14/2023 02:49:40,7.29,,,
13301,07/14/2023 02:52:40,6.39,,,
13302,07/14/2023 02:55:40,6.09,,,
13303,07/14/2023 02:58:40,5.79,,,
13304,07/14/2023 03:01:40,6.05,,,
13305,07/14/2023 03:04:40,6.39,,,
13306,07/14/2023 03:07:40,5.96,,,
13307,07/14/2023 03:10:40,5.53,,,
13308,07/14/2023 03:13:40,5.02,,,
13309,07/14/2023 03:16:40,4.84,,,
13310,07/14/2023 03:19:40,5.32,,,
13311,07/14/2023 03:22:40,5.75,,,
13312,07/14/2023 03:25:40,5.87,,,
13313,07/14/2023 03:28:40,6.13,,,
13314,07/14/2023 03:31:40,6.13,,,
13315,07/14/2023 03:34:40,6.39,,,
13316,07/14/2023 03:37:40,6.52,,,
13317,07/14/2023 03:40:40,6.52,,,
13318,07/14/2023 03:43:40,6.35,,,
13319,07/14/2023 03:46:40,6.30,,,
13320,07/14/2023 03:49:40,6.48,,,
13321,07/14/2023 03:52:40,6.35,,,
13322,07/14/2023 03:55:40,5.87,,,
13323,07/14/2023 03:58:40,5.66,,,
13324,07/14/2023 04:01:40,5.75,,,
13325,07/14/2023 04:04:40,6.30,,,
13326,07/14/2023 04:07:40,6.48,,,
13327,07/14/2023 04:10:40,6.78,,,
13328,07/14/2023 04:13:40,7.08,,,
13329,07/14/2023 04:16:40,6.52,,,
13330,07/14/2023 04:19:40,5.53,,,
13331,07/14/2023 04:22:40,5.02,,,
13332,07/14/2023 04:25:40,5.15,,,
13333,07/14/2023 04:28:40,5.32,,,
13334,07/14/2023 04:31:40,5.19,,,
13335,07/14/2023 04:34:40,5.15,,,
13336,07/14/2023 04:37:40,5.06,,,
13337,07/14/2023 04:40:40,4.93,,,
13338,07/14/2023 04:43:40,5.10,,,
13339,07/14/2023 04:46:40,5.02,,,
13340,07/14/2023 04:49:40,4.80,,,
13341,07/14/2023 04:52:40,4.76,,,
13342,07/14/2023 04:55:40,5.19,,,
13343,07/14/2023 04:58:40,4.93,,,
13344,07/14/2023 05:01:40,4.76,,,
13345,07/14/2023 05:04:40,4.59,,,
13346,07/14/2023 05:07:40,4.72,,,
13347,07/14/2023 05:10:40,5.15,,,
13348,07/14/2023 05:13:40,5.23,,,
13349,07/14/2023 05:16:40,4.84,,,
13350,07/14/2023 05:19:40,4.84,,,
13351,07/14/2023 05:22:40,5.02,,,
13352,07/14/2023 05:25:40,4.67,,,
13353,07/14/2023 05:28:40,4.33,,,
13354,07/14/2023 05:31:40,4.07,,,
13355,07/14/2023 05:34:40,3.60,,,
13356,07/14/2023 05:37:40,3.52,,,
13357,07/14/2023 05:40:40,3.77,,,
13358,07/14/2023 05:43:40,3.77,,,
13359,07/14/2023 05:46:40,3.64,,,
13360,07/14/2023 05:49:40,3.77,,,
13361,07/14/2023 05:52:40,3.82,,,
13362,07/14/2023 05:55:40,3.86,,,
13363,07/14/2023 05:58:40,3.64,,,
13364,07/14/2023 06:01:40,3.56,,,
13365,07/14/2023 06:04:40,3.43,,,
13366,07/14/2023 06:07:40,3.60,,,
13367,07/14/2023 06:10:40,3.60,,,
13368,07/14/2023 06:13:40,3.56,,,
13369,07/14/2023 06:16:40,3.56,,,
13370,07/14/2023 06:19:40,3.77,,,
13371,07/14/2023 06:22:40,3.73,,,
13372,07/14/2023 06:25:40,3.56,,,
13373,07/14/2023 06:28:40,3.64,,,
13374,07/14/2023 06:31:40,3.64,,,
13375,07/14/2023 06:34:40,3.69,,,
13376,07/14/2023 06:37:40,3.47,,,
13377,07/14/2023 06:40:40,3.64,,,
13378,07/14/2023 06:43:40,3.69,,,
13379,07/14/2023 06:46:40,3.94,,,
13380,07/14/2023 06:49:40,4.12,,,
13381,07/14/2023 06:52:40,5.23,,,
13382,07/14/2023 06:55:40,6.05,,,
13383,07/14/2023 06:58:40,6.48,,,
13384,07/14/2023 07:01:40,6.82,,,
13385,07/14/2023 07:04:40,6.90,,,
13386,07/14/2023 07:07:40,7.08,,,
13387,07/14/2023 07:10:40,7.46,,,
13388,07/14/2023 07:13:40,8.06,,,
13389,07/14/2023 07:16:40,8.88,,,
13390,07/14/2023 07:19:40,9.14,,,
13391,07/14/2023 07:22:40,9.09,,,
13392,07/14/2023 07:25:40,9.82,,,
13393,07/14/2023 07:28:40,10.29,,,
13394,07/14/2023 07:31:40,11.28,,,
13395,07/14/2023 07:34:40,12.14,,,
13396,07/14/2023 07:37:40,12.35,,,
13397,07/14/2023 07:40:40,12.18,,,
13398,07/14/2023 07:43:40,13.00,,,
13399,07/14/2023 07:46:40,13.51,,,
13400,07/14/2023 07:49:40,15.06,,,
13401,07/14/2023 07:52:40,15.18,,,
13402,07/14/2023 07:55:40,15.66,,,
13403,07/14/2023 07:58:40,16.00,,,
13404,07/14/2023 08:01:40,16.43,,,
13405,07/14/2023 08:04:40,17.41,,,
13406,07/14/2023 08:07:40,18.32,,,
13407,07/14/2023 08:10:40,17.54,,,
13408,07/14/2023 08:13:40,15.83,,,
13409,07/14/2023 08:16:40,15.48,,,
13410,07/14/2023 08:19:40,15.44,,,
13411,07/14/2023 08:22:40,15.40,,,
13412,07/14/2023 08:25:40,16.13,,,
13413,07/14/2023 08:28:40,16.43,,,
13414,07/14/2023 08:31:40,16.90,,,
13415,07/14/2023 08:34:40,16.86,,,
13416,07/14/2023 08:37:40,17.59,,,
13417,07/14/2023 08:40:40,17.63,,,
13418,07/14/2023 08:43:40,16.94,,,
13419,07/14/2023 08:46:40,17.46,,,
13420,07/14/2023 08:49:40,17.37,,,
13421,07/14/2023 08:52:40,17.84,,,
13422,07/14/2023 08:55:40,18.36,,,
13423,07/14/2023 08:58:40,18.44,,,
13424,07/14/2023 09:01:40,18.27,,,
13425,07/14/2023 09:04:40,18.06,,,
13426,07/14/2023 09:07:40,18.44,,,
13427,07/14/2023 09:10:40,19.09,,,
13428,07/14/2023 09:13:40,18.83,,,
13429,07/14/2023 09:16:40,18.44,,,
13430,07/14/2023 09:19:40,18.57,,,
13431,07/14/2023 09:22:40,18.87,,,
13432,07/14/2023 09:25:40,18.92,,,
13433,07/14/2023 09:28:40,19.35,,,
13434,07/14/2023 09:31:40,19.05,,,
13435,07/14/2023 09:34:40,19.17,,,
13436,07/14/2023 09:37:40,19.77,,,
13437,07/14/2023 09:40:40,19.82,,,
13438,07/14/2023 09:43:40,19.99,,,
13439,07/14/2023 09:46:40,20.80,,,
13440,07/14/2023 09:49:40,21.45,,,
13441,07/14/2023 09:52:40,20.98,,,
13442,07/14/2023 09:55:40,20.55,,,
13443,07/14/2023 09:58:40,20.72,,,
13444,07/14/2023 10:01:40,20.76,,,
13445,07/14/2023 10:04:40,20.89,,,
13446,07/14/2023 10:07:40,21.23,,,
13447,07/14/2023 10:10:40,20.93,,,
13448,07/14/2023 10:13:40,21.28,,,
13449,07/14/2023 10:16:40,21.45,,,
13450,07/14/2023 10:19:40,21.79,,,
13451,07/14/2023 10:22:40,22.26,,,
13452,07/14/2023 10:25:40,22.09,,,
13453,07/14/2023 10:28:40,23.25,,,
13454,07/14/2023 10:31:40,23.76,,,
13455,07/14/2023 10:34:40,24.36,,,
13456,07/14/2023 10:37:40,25.27,,,
13457,07/14/2023 10:40:40,25.18,,,
13458,07/14/2023 10:43:40,24.28,,,
13459,07/14/2023 10:46:40,24.58,,,
13460,07/14/2023 10:49:40,24.75,,,
13461,07/14/2023 10:52:40,24.32,,,
13462,07/14/2023 10:55:40,24.75,,,
13463,07/14/2023 10:58:40,25.39,,,
13464,07/14/2023 11:01:40,24.84,,,
13465,07/14/2023 11:04:40,24.92,,,
13466,07/14/2023 11:07:40,24.79,,,
13467,07/14/2023 11:10:40,25.09,,,
13468,07/14/2023 11:13:40,24.92,,,
13469,07/14/2023 11:16:40,25.27,,,
13470,07/14/2023 11:19:40,24.58,,,
13471,07/14/2023 11:22:40,24.66,,,
13472,07/14/2023 11:25:40,25.05,,,
13473,07/14/2023 11:28:40,24.97,,,
13474,07/14/2023 11:31:40,25.27,,,
13475,07/14/2023 11:34:40,25.01,,,
13476,07/14/2023 11:37:40,25.65,,,
13477,07/14/2023 11:40:40,25.48,,,
13478,07/14/2023 11:43:40,25.57,,,
13479,07/14/2023 11:46:40,25.61,,,
13480,07/14/2023 11:49:40,25.57,,,
13481,07/14/2023 11:52:40,25.57,,,
13482,07/14/2023 11:55:40,25.61,,,
13483,07/14/2023 11:58:40,25.95,,,
13484,07/14/2023 12:01:40,25.57,,,
13485,07/14/2023 12:04:40,25.82,,,
13486,07/14/2023 12:07:40,25.65,,,
13487,07/14/2023 12:10:40,25.82,,,
13488,07/14/2023 12:13:40,25.65,,,
13489,07/14/2023 12:16:40,25.27,,,
13490,07/14/2023 12:19:40,25.74,,,
13491,07/14/2023 12:22:40,25.69,,,
13492,07/14/2023 12:25:40,25.61,,,
13493,07/14/2023 12:28:40,26.12,,,
13494,07/14/2023 12:31:40,25.78,,,
13495,07/14/2023 12:34:40,25.78,,,
13496,07/14/2023 12:37:40,25.65,,,
13497,07/14/2023 12:40:40,25.39,,,
13498,07/14/2023 12:43:40,25.74,,,
13499,07/14/2023 12:46:40,25.52,,,
13500,07/14/2023 12:49:40,25.69,,,
13501,07/14/2023 12:52:40,26.42,,,
13502,07/14/2023 12:55:40,26.25,,,
13503,07/14/2023 12:58:40,26.12,,,
13504,07/14/2023 13:01:40,25.95,,,
13505,07/14/2023 13:04:40,25.87,,,
13506,07/14/2023 13:07:40,25.99,,,
13507,07/14/2023 13:10:40,26.51,,,
13508,07/14/2023 13:13:40,26.60,,,
13509,07/14/2023 13:16:40,26.30,,,
13510,07/14/2023 13:19:40,26.60,,,
13511,07/14/2023 13:22:40,26.30,,,
13512,07/14/2023 13:25:40,26.51,,,
13513,07/14/2023 13:28:40,27.07,,,
13514,07/14/2023 13:31:40,26.21,,,
13515,07/14/2023 13:34:40,26.17,,,
13516,07/14/2023 13:37:40,26.90,,,
13517,07/14/2023 13:40:40,26.34,,,
13518,07/14/2023 13:43:40,26.12,,,
13519,07/14/2023 13:46:40,26.51,,,
13520,07/14/2023 13:49:40,26.42,,,
13521,07/14/2023 13:52:40,26.51,,,
13522,07/14/2023 13:55:40,25.74,,,
13523,07/14/2023 13:58:40,26.08,,,
13524,07/14/2023 14:01:40,26.21,,,
13525,07/14/2023 14:04:40,26.77,,,
13526,07/14/2023 14:07:40,26.68,,,
13527,07/14/2023 14:10:40,26.64,,,
13528,07/14/2023 14:13:40,26.34,,,
13529,07/14/2023 14:16:40,26.51,,,
13530,07/14/2023 14:19:40,26.34,,,
13531,07/14/2023 14:22:40,26.77,,,
13532,07/14/2023 14:25:40,26.04,,,
13533,07/14/2023 14:28:40,26.30,,,
13534,07/14/2023 14:31:40,26.77,,,
13535,07/14/2023 14:34:40,26.21,,,
13536,07/14/2023 14:37:40,26.12,,,
13537,07/14/2023 14:40:40,26.55,,,
13538,07/14/2023 14:43:40,26.17,,,
13539,07/14/2023 14:46:40,26.38,,,
13540,07/14/2023 14:49:40,26.34,,,
13541,07/14/2023 14:52:40,26.12,,,
13542,07/14/2023 14:55:40,26.72,,,
13543,07/14/2023 14:58:40,26.81,,,
13544,07/14/2023 15:01:40,26.77,,,
13545,07/14/2023 15:04:40,26.42,,,
13546,07/14/2023 15:07:40,26.34,,,
13547,07/14/2023 15:10:40,26.64,,,
13548,07/14/2023 15:13:40,27.07,,,
13549,07/14/2023 15:16:40,26.60,,,
13550,07/14/2023 15:19:40,26.68,,,
13551,07/14/2023 15:22:40,26.47,,,
13552,07/14/2023 15:25:40,26.68,,,
13553,07/14/2023 15:28:40,26.72,,,
13554,07/14/2023 15:31:40,26.60,,,
13555,07/14/2023 15:34:40,26.30,,,
13556,07/14/2023 15:37:40,26.55,,,
13557,07/14/2023 15:40:40,26.77,,,
13558,07/14/2023 15:43:40,26.30,,,
13559,07/14/2023 15:46:40,26.30,,,
13560,07/14/2023 15:49:40,26.34,,,
13561,07/14/2023 15:52:40,26.81,,,
13562,07/14/2023 15:55:40,26.68,,,
13563,07/14/2023 15:58:40,25.74,,,
13564,07/14/2023 16:01:40,26.34,,,
13565,07/14/2023 16:04:40,26.42,,,
13566,07/14/2023 16:07:40,26.34,,,
13567,07/14/2023 16:10:40,26.42,,,
13568,07/14/2023 16:13:40,26.72,,,
13569,07/14/2023 16:16:40,26.68,,,
13570,07/14/2023 16:19:40,26.51,,,
13571,07/14/2023 16:22:40,26.68,,,
13572,07/14/2023 16:25:40,26.42,,,
13573,07/14/2023 16:28:40,26.34,,,
13574,07/14/2023 16:31:40,26.42,,,
13575,07/14/2023 16:34:40,26.34,,,
13576,07/14/2023 16:37:40,26.08,,,
13577,07/14/2023 16:40:40,26.17,,,
13578,07/14/2023 16:43:40,26.47,,,
13579,07/14/2023 16:46:40,26.34,,,
13580,07/14/2023 16:49:40,26.30,,,
13581,07/14/2023 16:52:40,26.17,,,
13582,07/14/2023 16:55:40,26.47,,,
13583,07/14/2023 16:58:40,26.38,,,
13584,07/14/2023 17:01:40,26.17,,,
13585,07/14/2023 17:04:40,26.17,,,
13586,07/14/2023 17:07:40,26.47,,,
13587,07/14/2023 17:10:40,26.72,,,
13588,07/14/2023 17:13:40,26.30,,,
13589,07/14/2023 17:16:40,26.04,,,
13590,07/14/2023 17:19:40,25.99,,,
13591,07/14/2023 17:22:40,26.42,,,
13592,07/14/2023 17:25:40,26.64,,,
13593,07/14/2023 17:28:40,26.68,,,
13594,07/14/2023 17:31:40,25.91,,,
13595,07/14/2023 17:34:40,25.82,,,
13596,07/14/2023 17:37:40,26.04,,,
13597,07/14/2023 17:40:40,26.30,,,
13598,07/14/2023 17:43:40,26.21,,,
13599,07/14/2023 17:46:40,26.25,,,
13600,07/14/2023 17:49:40,26.04,,,
13601,07/14/2023 17:52:40,26.12,,,
13602,07/14/2023 17:55:40,26.12,,,
13603,07/14/2023 17:58:40,26.12,,,
13604,07/14/2023 18:01:40,26.30,,,
13605,07/14/2023 18:04:40,26.04,,,
13606,07/14/2023 18:07:40,25.87,,,
13607,07/14/2023 18:10:40,26.17,,,
13608,07/14/2023 18:13:40,26.17,,,
13609,07/14/2023 18:16:40,25.87,,,
13610,07/14/2023 18:19:40,25.74,,,
13611,07/14/2023 18:22:40,25.61,,,
13612,07/14/2023 18:25:40,25.57,,,
13613,07/14/2023 18:28:40,25.39,,,
13614,07/14/2023 18:31:40,25.44,,,
13615,07/14/2023 18:34:40,25.31,,,
13616,07/14/2023 18:37:40,25.18,,,
13617,07/14/2023 18:40:40,24.97,,,
13618,07/14/2023 18:43:40,25.14,,,
13619,07/14/2023 18:46:40,25.05,,,
13620,07/14/2023 18:49:40,24.54,,,
13621,07/14/2023 18:52:40,24.36,,,
13622,07/14/2023 18:55:40,24.28,,,
13623,07/14/2023 18:58:40,24.36,,,
13624,07/14/2023 19:01:40,24.41,,,
13625,07/14/2023 19:04:40,24.06,,,
13626,07/14/2023 19:07:40,24.02,,,
13627,07/14/2023 19:10:40,23.89,,,
13628,07/14/2023 19:13:40,23.46,,,
13629,07/14/2023 19:16:40,23.38,,,
13630,07/14/2023 19:19:40,23.12,,,
13631,07/14/2023 19:22:40,22.73,,,
13632,07/14/2023 19:25:40,22.31,,,
13633,07/14/2023 19:28:40,21.83,,,
13634,07/14/2023 19:31:40,21.49,,,
13635,07/14/2023 19:34:40,21.10,,,
13636,07/14/2023 19:37:40,20.42,,,
13637,07/14/2023 19:40:40,20.29,,,
13638,07/14/2023 19:43:40,20.29,,,
13639,07/14/2023 19:46:40,19.77,,,
13640,07/14/2023 19:49:40,19.17,,,
13641,07/14/2023 19:52:40,19.13,,,
13642,07/14/2023 19:55:40,18.92,,,
13643,07/14/2023 19:58:40,18.40,,,
13644,07/14/2023 20:01:40,18.02,,,
13645,07/14/2023 20:04:40,17.72,,,
13646,07/14/2023 20:07:40,17.67,,,
13647,07/14/2023 20:10:40,17.24,,,
13648,07/14/2023 20:13:40,16.99,,,
13649,07/14/2023 20:16:40,16.73,,,
13650,07/14/2023 20:19:40,16.26,,,
13651,07/14/2023 20:22:40,15.83,,,
13652,07/14/2023 20:25:40,15.87,,,
13653,07/14/2023 20:28:40,15.83,,,
13654,07/14/2023 20:31:40,15.66,,,
13655,07/14/2023 20:34:40,15.83,,,
13656,07/14/2023 20:37:40,15.40,,,
13657,07/14/2023 20:40:40,15.36,,,
13658,07/14/2023 20:43:40,15.27,,,
13659,07/14/2023 20:46:40,15.01,,,
13660,07/14/2023 20:49:40,14.67,,,
13661,07/14/2023 20:52:40,14.41,,,
13662,07/14/2023 20:55:40,13.81,,,
13663,07/14/2023 20:58:40,13.90,,,
13664,07/14/2023 21:01:40,13.00,,,
13665,07/14/2023 21:04:40,12.65,,,
13666,07/14/2023 21:07:40,12.52,,,
13667,07/14/2023 21:10:40,12.40,,,
13668,07/14/2023 21:13:40,12.05,,,
13669,07/14/2023 21:16:40,11.49,,,
13670,07/14/2023 21:19:40,11.41,,,
13671,07/14/2023 21:22:40,11.11,,,
13672,07/14/2023 21:25:40,11.28,,,
13673,07/14/2023 21:28:40,11.19,,,
13674,07/14/2023 21:31:40,10.72,,,
13675,07/14/2023 21:34:40,10.21,,,
13676,07/14/2023 21:37:40,10.12,,,
13677,07/14/2023 21:40:40,9.95,,,
13678,07/14/2023 21:43:40,10.12,,,
13679,07/14/2023 21:46:40,10.16,,,
13680,07/14/2023 21:49:40,9.69,,,
13681,07/14/2023 21:52:40,9.48,,,
13682,07/14/2023 21:55:40,9.26,,,
13683,07/14/2023 21:58:40,9.61,,,
13684,07/14/2023 22:01:40,9.74,,,
13685,07/14/2023 22:04:40,9.69,,,
13686,07/14/2023 22:07:40,9.35,,,
13687,07/14/2023 22:10:40,8.96,,,
13688,07/14/2023 22:13:40,8.83,,,
13689,07/14/2023 22:16:40,8.88,,,
13690,07/14/2023 22:19:40,9.26,,,
13691,07/14/2023 22:22:40,9.69,,,
13692,07/14/2023 22:25:40,9.31,,,
13693,07/14/2023 22:28:40,9.14,,,
13694,07/14/2023 22:31:40,9.18,,,
13695,07/14/2023 22:34:40,9.31,,,
13696,07/14/2023 22:37:40,9.05,,,
13697,07/14/2023 22:40:40,8.92,,,
13698,07/14/2023 22:43:40,8.75,,,
13699,07/14/2023 22:46:40,8.28,,,
13700,07/14/2023 22:49:40,8.28,,,
13701,07/14/2023 22:52:40,8.11,,,
13702,07/14/2023 22:55:40,8.19,,,
13703,07/14/2023 22:58:40,8.11,,,
13704,07/14/2023 23:01:40,8.28,,,
13705,07/14/2023 23:04:40,8.36,,,
13706,07/14/2023 23:07:40,8.62,,,
13707,07/14/2023 23:10:40,8.62,,,
13708,07/14/2023 23:13:40,8.71,,,
13709,07/14/2023 23:16:40,8.45,,,
13710,07/14/2023 23:19:40,8.28,,,
13711,07/14/2023 23:22:40,8.32,,,
13712,07/14/2023 23:25:40,8.28,,,
13713,07/14/2023 23:28:40,7.98,,,
13714,07/14/2023 23:31:40,7.68,,,
13715,07/14/2023 23:34:40,7.72,,,
13716,07/14/2023 23:37:40,7.59,,,
13717,07/14/2023 23:40:40,7.16,,,
13718,07/14/2023 23:43:40,7.29,,,
13719,07/14/2023 23:46:40,7.33,,,
13720,07/14/2023 23:49:40,7.55,,,
13721,07/14/2023 23:52:40,7.50,,,
13722,07/14/2023 23:55:40,7.42,,,
13723,07/14/2023 23:58:40,7.25,,,
13724,07/15/2023 00:01:40,7.20,,,
13725,07/15/2023 00:04:40,7.38,,,
13726,07/15/2023 00:07:40,7.55,,,
13727,07/15/2023 00:10:40,7.50,,,
13728,07/15/2023 00:13:40,6.99,,,
13729,07/15/2023 00:16:40,6.95,,,
13730,07/15/2023 00:19:40,7.25,,,
13731,07/15/2023 00:22:40,7.50,,,
13732,07/15/2023 00:25:40,7.33,,,
13733,07/15/2023 00:28:40,7.12,,,
13734,07/15/2023 00:31:40,6.69,,,
13735,07/15/2023 00:34:40,6.65,,,
13736,07/15/2023 00:37:40,6.73,,,
13737,07/15/2023 00:40:40,6.90,,,
13738,07/15/2023 00:43:40,7.25,,,
13739,07/15/2023 00:46:40,7.03,,,
13740,07/15/2023 00:49:40,6.95,,,
13741,07/15/2023 00:52:40,6.78,,,
13742,07/15/2023 00:55:40,6.52,,,
13743,07/15/2023 00:58:40,6.73,,,
13744,07/15/2023 01:01:40,7.16,,,
13745,07/15/2023 01:04:40,7.08,,,
13746,07/15/2023 01:07:40,6.90,,,
13747,07/15/2023 01:10:40,6.73,,,
13748,07/15/2023 01:13:40,6.86,,,
13749,07/15/2023 01:16:40,6.35,,,
13750,07/15/2023 01:19:40,5.87,,,
13751,07/15/2023 01:22:40,5.83,,,
13752,07/15/2023 01:25:40,5.96,,,
13753,07/15/2023 01:28:40,6.09,,,
13754,07/15/2023 01:31:40,5.75,,,
13755,07/15/2023 01:34:40,5.40,,,
13756,07/15/2023 01:37:40,5.23,,,
13757,07/15/2023 01:40:40,5.23,,,
13758,07/15/2023 01:43:40,5.10,,,
13759,07/15/2023 01:46:40,5.15,,,
13760,07/15/2023 01:49:40,5.10,,,
13761,07/15/2023 01:52:40,5.02,,,
13762,07/15/2023 01:55:40,4.89,,,
13763,07/15/2023 01:58:40,5.19,,,
13764,07/15/2023 02:01:40,5.66,,,
13765,07/15/2023 02:04:40,5.62,,,
13766,07/15/2023 02:07:40,5.27,,,
13767,07/15/2023 02:10:40,4.80,,,
13768,07/15/2023 02:13:40,4.76,,,
13769,07/15/2023 02:16:40,4.59,,,
13770,07/15/2023 02:19:40,4.37,,,
13771,07/15/2023 02:22:40,4.24,,,
13772,07/15/2023 02:25:40,4.37,,,
13773,07/15/2023 02:28:40,4.67,,,
13774,07/15/2023 02:31:40,4.24,,,
13775,07/15/2023 02:34:40,4.12,,,
13776,07/15/2023 02:37:40,4.33,,,
13777,07/15/2023 02:40:40,4.12,,,
13778,07/15/2023 02:43:40,3.90,,,
13779,07/15/2023 02:46:40,3.73,,,
13780,07/15/2023 02:49:40,3.99,,,
13781,07/15/2023 02:52:40,4.20,,,
13782,07/15/2023 02:55:40,4.33,,,
13783,07/15/2023 02:58:40,4.33,,,
13784,07/15/2023 03:01:40,4.07,,,
13785,07/15/2023 03:04:40,3.52,,,
13786,07/15/2023 03:07:40,3.39,,,
13787,07/15/2023 03:10:40,3.34,,,
13788,07/15/2023 03:13:40,3.60,,,
13789,07/15/2023 03:16:40,3.39,,,
13790,07/15/2023 03:19:40,3.43,,,
13791,07/15/2023 03:22:40,3.34,,,
13792,07/15/2023 03:25:40,3.30,,,
13793,07/15/2023 03:28:40,3.13,,,
13794,07/15/2023 03:31:40,3.60,,,
13795,07/15/2023 03:34:40,3.82,,,
13796,07/15/2023 03:37:40,3.73,,,
13797,07/15/2023 03:40:40,3.21,,,
13798,07/15/2023 03:43:40,2.83,,,
13799,07/15/2023 03:46:40,2.91,,,
13800,07/15/2023 03:49:40,2.91,,,
13801,07/15/2023 03:52:40,2.74,,,
13802,07/15/2023 03:55:40,2.74,,,
13803,07/15/2023 03:58:40,3.04,,,
13804,07/15/2023 04:01:40,2.91,,,
13805,07/15/2023 04:04:40,3.21,,,
13806,07/15/2023 04:07:40,3.13,,,
13807,07/15/2023 04:10:40,2.74,,,
13808,07/15/2023 04:13:40,2.36,,,
13809,07/15/2023 04:16:40,2.23,,,
13810,07/15/2023 04:19:40,2.10,,,
13811,07/15/2023 04:22:40,2.87,,,
13812,07/15/2023 04:25:40,2.87,,,
13813,07/15/2023 04:28:40,3.09,,,
13814,07/15/2023 04:31:40,2.87,,,
13815,07/15/2023 04:34:40,2.66,,,
13816,07/15/2023 04:37:40,2.36,,,
13817,07/15/2023 04:40:40,2.53,,,
13818,07/15/2023 04:43:40,2.74,,,
13819,07/15/2023 04:46:40,2.79,,,
13820,07/15/2023 04:49:40,2.91,,,
13821,07/15/2023 04:52:40,2.74,,,
13822,07/15/2023 04:55:40,2.49,,,
13823,07/15/2023 04:58:40,2.49,,,
13824,07/15/2023 05:01:40,2.53,,,
13825,07/15/2023 05:04:40,2.40,,,
13826,07/15/2023 05:07:40,2.23,,,
13827,07/15/2023 05:10:40,2.31,,,
13828,07/15/2023 05:13:40,2.57,,,
13829,07/15/2023 05:16:40,3.00,,,
13830,07/15/2023 05:19:40,2.79,,,
13831,07/15/2023 05:22:40,2.53,,,
13832,07/15/2023 05:25:40,2.01,,,
13833,07/15/2023 05:28:40,2.36,,,
13834,07/15/2023 05:31:40,1.88,,,
13835,07/15/2023 05:34:40,2.10,,,
13836,07/15/2023 05:37:40,1.88,,,
13837,07/15/2023 05:40:40,1.88,,,
13838,07/15/2023 05:43:40,1.84,,,
13839,07/15/2023 05:46:40,2.14,,,
13840,07/15/2023 05:49:40,1.76,,,
13841,07/15/2023 05:52:40,2.06,,,
13842,07/15/2023 05:55:40,2.06,,,
13843,07/15/2023 05:58:40,1.93,,,
13844,07/15/2023 06:01:40,1.71,,,
13845,07/15/2023 06:04:40,1.37,,,
13846,07/15/2023 06:07:40,1.41,,,
13847,07/15/2023 06:10:40,1.54,,,
13848,07/15/2023 06:13:40,1.93,,,
13849,07/15/2023 06:16:40,2.23,,,
13850,07/15/2023 06:19:40,2.10,,,
13851,07/15/2023 06:22:40,1.88,,,
13852,07/15/2023 06:25:40,1.88,,,
13853,07/15/2023 06:28:40,1.88,,,
13854,07/15/2023 06:31:40,1.71,,,
13855,07/15/2023 06:34:40,1.97,,,
13856,07/15/2023 06:37:40,2.31,,,
13857,07/15/2023 06:40:40,2.66,,,
13858,07/15/2023 06:43:40,2.66,,,
13859,07/15/2023 06:46:40,2.74,,,
13860,07/15/2023 06:49:40,2.83,,,
13861,07/15/2023 06:52:40,3.39,,,
13862,07/15/2023 06:55:40,3.99,,,
13863,07/15/2023 06:58:40,4.67,,,
13864,07/15/2023 07:01:40,5.53,,,
13865,07/15/2023 07:04:40,6.17,,,
13866,07/15/2023 07:07:40,6.13,,,
13867,07/15/2023 07:10:40,6.82,,,
13868,07/15/2023 07:13:40,7.63,,,
13869,07/15/2023 07:16:40,7.72,,,
13870,07/15/2023 07:19:40,7.89,,,
13871,07/15/2023 07:22:40,7.93,,,
13872,07/15/2023 07:25:40,8.02,,,
13873,07/15/2023 07:28:40,8.96,,,
13874,07/15/2023 07:31:40,9.48,,,
13875,07/15/2023 07:34:40,9.09,,,
13876,07/15/2023 07:37:40,9.31,,,
13877,07/15/2023 07:40:40,9.82,,,
13878,07/15/2023 07:43:40,10.68,,,
13879,07/15/2023 07:46:40,11.58,,,
13880,07/15/2023 07:49:40,11.62,,,
13881,07/15/2023 07:52:40,11.37,,,
13882,07/15/2023 07:55:40,11.45,,,
13883,07/15/2023 07:58:40,11.41,,,
13884,07/15/2023 08:01:40,11.88,,,
13885,07/15/2023 08:04:40,12.31,,,
13886,07/15/2023 08:07:40,12.95,,,
13887,07/15/2023 08:10:40,13.81,,,
13888,07/15/2023 08:13:40,14.97,,,
13889,07/15/2023 08:16:40,15.74,,,
13890,07/15/2023 08:19:40,16.81,,,
13891,07/15/2023 08:22:40,17.03,,,
13892,07/15/2023 08:25:40,16.43,,,
13893,07/15/2023 08:28:40,15.87,,,
13894,07/15/2023 08:31:40,15.74,,,
13895,07/15/2023 08:34:40,15.48,,,
13896,07/15/2023 08:37:40,15.27,,,
13897,07/15/2023 08:40:40,15.48,,,
13898,07/15/2023 08:43:40,15.87,,,
13899,07/15/2023 08:46:40,16.00,,,
13900,07/15/2023 08:49:40,16.34,,,
13901,07/15/2023 08:52:40,16.21,,,
13902,07/15/2023 08:55:40,16.26,,,
13903,07/15/2023 08:58:40,16.26,,,
13904,07/15/2023 09:01:40,16.56,,,
13905,07/15/2023 09:04:40,16.73,,,
13906,07/15/2023 09:07:40,17.41,,,
13907,07/15/2023 09:10:40,17.03,,,
13908,07/15/2023 09:13:40,17.29,,,
13909,07/15/2023 09:16:40,17.50,,,
13910,07/15/2023 09:19:40,17.84,,,
13911,07/15/2023 09:22:40,17.76,,,
13912,07/15/2023 09:25:40,17.84,,,
13913,07/15/2023 09:28:40,18.06,,,
13914,07/15/2023 09:31:40,18.14,,,
13915,07/15/2023 09:34:40,18.27,,,
13916,07/15/2023 09:37:40,18.70,,,
13917,07/15/2023 09:40:40,19.05,,,
13918,07/15/2023 09:43:40,18.87,,,
13919,07/15/2023 09:46:40,19.43,,,
13920,07/15/2023 09:49:40,19.39,,,
13921,07/15/2023 09:52:40,19.35,,,
13922,07/15/2023 09:55:40,19.35,,,
13923,07/15/2023 09:58:40,19.69,,,
13924,07/15/2023 10:01:40,19.43,,,
13925,07/15/2023 10:04:40,20.50,,,
13926,07/15/2023 10:07:40,20.42,,,
13927,07/15/2023 10:10:40,20.29,,,
13928,07/15/2023 10:13:40,20.07,,,
13929,07/15/2023 10:16:40,20.33,,,
13930,07/15/2023 10:19:40,20.50,,,
13931,07/15/2023 10:22:40,20.72,,,
13932,07/15/2023 10:25:40,20.59,,,
13933,07/15/2023 10:28:40,20.55,,,
13934,07/15/2023 10:31:40,20.76,,,
13935,07/15/2023 10:34:40,20.80,,,
13936,07/15/2023 10:37:40,20.98,,,
13937,07/15/2023 10:40:40,20.89,,,
13938,07/15/2023 10:43:40,21.28,,,
13939,07/15/2023 10:46:40,21.66,,,
13940,07/15/2023 10:49:40,21.83,,,
13941,07/15/2023 10:52:40,23.12,,,
13942,07/15/2023 10:55:40,23.42,,,
13943,07/15/2023 10:58:40,22.48,,,
13944,07/15/2023 11:01:40,22.91,,,
13945,07/15/2023 11:04:40,22.82,,,
13946,07/15/2023 11:07:40,22.91,,,
13947,07/15/2023 11:10:40,23.25,,,
13948,07/15/2023 11:13:40,23.59,,,
13949,07/15/2023 11:16:40,23.29,,,
13950,07/15/2023 11:19:40,24.36,,,
13951,07/15/2023 11:22:40,24.11,,,
13952,07/15/2023 11:25:40,24.79,,,
13953,07/15/2023 11:28:40,24.41,,,
13954,07/15/2023 11:31:40,24.49,,,
13955,07/15/2023 11:34:40,24.45,,,
13956,07/15/2023 11:37:40,24.79,,,
13957,07/15/2023 11:40:40,24.84,,,
13958,07/15/2023 11:43:40,25.09,,,
13959,07/15/2023 11:46:40,24.45,,,
13960,07/15/2023 11:49:40,24.75,,,
13961,07/15/2023 11:52:40,24.66,,,
13962,07/15/2023 11:55:40,25.01,,,
13963,07/15/2023 11:58:40,25.31,,,
13964,07/15/2023 12:01:40,25.35,,,
13965,07/15/2023 12:04:40,25.09,,,
13966,07/15/2023 12:07:40,24.79,,,
13967,07/15/2023 12:10:40,24.88,,,
13968,07/15/2023 12:13:40,24.92,,,
13969,07/15/2023 12:16:40,25.27,,,
13970,07/15/2023 12:19:40,25.09,,,
13971,07/15/2023 12:22:40,25.65,,,
13972,07/15/2023 12:25:40,25.05,,,
13973,07/15/2023 12:28:40,24.84,,,
13974,07/15/2023 12:31:40,24.92,,,
13975,07/15/2023 12:34:40,24.62,,,
13976,07/15/2023 12:37:40,25.31,,,
13977,07/15/2023 12:40:40,25.39,,,
13978,07/15/2023 12:43:40,25.14,,,
13979,07/15/2023 12:46:40,24.88,,,
13980,07/15/2023 12:49:40,25.31,,,
13981,07/15/2023 12:52:40,25.39,,,
13982,07/15/2023 12:55:40,25.91,,,
13983,07/15/2023 12:58:40,25.35,,,
13984,07/15/2023 13:01:40,25.05,,,
13985,07/15/2023 13:04:40,25.35,,,
13986,07/15/2023 13:07:40,25.82,,,
13987,07/15/2023 13:10:40,25.61,,,
13988,07/15/2023 13:13:40,25.78,,,
13989,07/15/2023 13:16:40,25.52,,,
13990,07/15/2023 13:19:40,25.61,,,
13991,07/15/2023 13:22:40,25.52,,,
13992,07/15/2023 13:25:40,25.91,,,
13993,07/15/2023 13:28:40,25.78,,,
13994,07/15/2023 13:31:40,25.95,,,
13995,07/15/2023 13:34:40,25.69,,,
13996,07/15/2023 13:37:40,25.87,,,
13997,07/15/2023 13:40:40,25.57,,,
13998,07/15/2023 13:43:40,25.57,,,
13999,07/15/2023 13:46:40,25.74,,,
14000,07/15/2023 13:49:40,26.08,,,
14001,07/15/2023 13:52:40,25.99,,,
14002,07/15/2023 13:55:40,26.51,,,
14003,07/15/2023 13:58:40,26.55,,,
14004,07/15/2023 14:01:40,25.95,,,
14005,07/15/2023 14:04:40,25.78,,,
14006,07/15/2023 14:07:40,26.04,,,
14007,07/15/2023 14:10:40,26.30,,,
14008,07/15/2023 14:13:40,25.99,,,
14009,07/15/2023 14:16:40,26.38,,,
14010,07/15/2023 14:19:40,26.12,,,
14011,07/15/2023 14:22:40,25.69,,,
14012,07/15/2023 14:25:40,26.38,,,
14013,07/15/2023 14:28:40,25.87,,,
14014,07/15/2023 14:31:40,25.87,,,
14015,07/15/2023 14:34:40,25.87,,,
14016,07/15/2023 14:37:40,26.17,,,
14017,07/15/2023 14:40:40,26.04,,,
14018,07/15/2023 14:43:40,26.72,,,
14019,07/15/2023 14:46:40,26.08,,,
14020,07/15/2023 14:49:40,25.69,,,
14021,07/15/2023 14:52:40,25.52,,,
14022,07/15/2023 14:55:40,26.34,,,
14023,07/15/2023 14:58:40,26.12,,,
14024,07/15/2023 15:01:40,26.55,,,
14025,07/15/2023 15:04:40,26.25,,,
14026,07/15/2023 15:07:40,25.91,,,
14027,07/15/2023 15:10:40,25.74,,,
14028,07/15/2023 15:13:40,25.82,,,
14029,07/15/2023 15:16:40,26.38,,,
14030,07/15/2023 15:19:40,26.34,,,
14031,07/15/2023 15:22:40,26.51,,,
14032,07/15/2023 15:25:40,25.91,,,
14033,07/15/2023 15:28:40,26.17,,,
14034,07/15/2023 15:31:40,26.47,,,
14035,07/15/2023 15:34:40,25.99,,,
14036,07/15/2023 15:37:40,26.55,,,
14037,07/15/2023 15:40:40,26.34,,,
14038,07/15/2023 15:43:40,26.81,,,
14039,07/15/2023 15:46:40,26.55,,,
14040,07/15/2023 15:49:40,26.51,,,
14041,07/15/2023 15:52:40,26.42,,,
14042,07/15/2023 15:55:40,26.47,,,
14043,07/15/2023 15:58:40,26.47,,,
14044,07/15/2023 16:01:40,26.60,,,
14045,07/15/2023 16:04:40,26.25,,,
14046,07/15/2023 16:07:40,26.55,,,
14047,07/15/2023 16:10:40,26.47,,,
14048,07/15/2023 16:13:40,26.42,,,
14049,07/15/2023 16:16:40,26.42,,,
14050,07/15/2023 16:19:40,26.55,,,
14051,07/15/2023 16:22:40,25.95,,,
14052,07/15/2023 16:25:40,26.12,,,
14053,07/15/2023 16:28:40,26.12,,,
14054,07/15/2023 16:31:40,26.30,,,
14055,07/15/2023 16:34:40,26.12,,,
14056,07/15/2023 16:37:40,26.51,,,
14057,07/15/2023 16:40:40,26.60,,,
14058,07/15/2023 16:43:40,26.47,,,
14059,07/15/2023 16:46:40,26.21,,,
14060,07/15/2023 16:49:40,25.69,,,
14061,07/15/2023 16:52:40,25.78,,,
14062,07/15/2023 16:55:40,25.87,,,
14063,07/15/2023 16:58:40,26.04,,,
14064,07/15/2023 17:01:40,26.21,,,
14065,07/15/2023 17:04:40,26.12,,,
14066,07/15/2023 17:07:40,26.38,,,
14067,07/15/2023 17:10:40,25.91,,,
14068,07/15/2023 17:13:40,25.91,,,
14069,07/15/2023 17:16:40,25.82,,,
14070,07/15/2023 17:19:40,25.95,,,
14071,07/15/2023 17:22:40,26.08,,,
14072,07/15/2023 17:25:40,25.82,,,
14073,07/15/2023 17:28:40,25.99,,,
14074,07/15/2023 17:31:40,25.14,,,
14075,07/15/2023 17:34:40,25.57,,,
14076,07/15/2023 17:37:40,25.22,,,
14077,07/15/2023 17:40:40,25.18,,,
14078,07/15/2023 17:43:40,25.69,,,
14079,07/15/2023 17:46:40,25.99,,,
14080,07/15/2023 17:49:40,26.04,,,
14081,07/15/2023 17:52:40,25.52,,,
14082,07/15/2023 17:55:40,25.31,,,
14083,07/15/2023 17:58:40,25.14,,,
14084,07/15/2023 18:01:40,25.18,,,
14085,07/15/2023 18:04:40,25.31,,,
14086,07/15/2023 18:07:40,25.69,,,
14087,07/15/2023 18:10:40,25.61,,,
14088,07/15/2023 18:13:40,24.66,,,
14089,07/15/2023 18:16:40,24.54,,,
14090,07/15/2023 18:19:40,24.92,,,
14091,07/15/2023 18:22:40,24.75,,,
14092,07/15/2023 18:25:40,23.59,,,
14093,07/15/2023 18:28:40,23.72,,,
14094,07/15/2023 18:31:40,24.19,,,
14095,07/15/2023 18:34:40,24.19,,,
14096,07/15/2023 18:37:40,24.32,,,
14097,07/15/2023 18:40:40,24.32,,,
14098,07/15/2023 18:43:40,24.24,,,
14099,07/15/2023 18:46:40,24.19,,,
14100,07/15/2023 18:49:40,24.32,,,
14101,07/15/2023 18:52:40,24.24,,,
14102,07/15/2023 18:55:40,24.02,,,
14103,07/15/2023 18:58:40,23.89,,,
14104,07/15/2023 19:01:40,23.85,,,
14105,07/15/2023 19:04:40,23.72,,,
14106,07/15/2023 19:07:40,23.42,,,
14107,07/15/2023 19:10:40,23.21,,,
14108,07/15/2023 19:13:40,22.95,,,
14109,07/15/2023 19:16:40,22.48,,,
14110,07/15/2023 19:19:40,22.05,,,
14111,07/15/2023 19:22:40,21.75,,,
14112,07/15/2023 19:25:40,21.53,,,
14113,07/15/2023 19:28:40,21.32,,,
14114,07/15/2023 19:31:40,21.02,,,
14115,07/15/2023 19:34:40,20.76,,,
14116,07/15/2023 19:37:40,20.37,,,
14117,07/15/2023 19:40:40,20.29,,,
14118,07/15/2023 19:43:40,19.86,,,
14119,07/15/2023 19:46:40,19.52,,,
14120,07/15/2023 19:49:40,19.13,,,
14121,07/15/2023 19:52:40,18.92,,,
14122,07/15/2023 19:55:40,18.70,,,
14123,07/15/2023 19:58:40,18.32,,,
14124,07/15/2023 20:01:40,18.02,,,
14125,07/15/2023 20:04:40,17.63,,,
14126,07/15/2023 20:07:40,17.54,,,
14127,07/15/2023 20:10:40,17.54,,,
14128,07/15/2023 20:13:40,17.59,,,
14129,07/15/2023 20:16:40,17.20,,,
14130,07/15/2023 20:19:40,16.56,,,
14131,07/15/2023 20:22:40,16.43,,,
14132,07/15/2023 20:25:40,16.39,,,
14133,07/15/2023 20:28:40,15.96,,,
14134,07/15/2023 20:31:40,15.57,,,
14135,07/15/2023 20:34:40,15.14,,,
14136,07/15/2023 20:37:40,15.10,,,
14137,07/15/2023 20:40:40,14.93,,,
14138,07/15/2023 20:43:40,14.84,,,
14139,07/15/2023 20:46:40,14.71,,,
14140,07/15/2023 20:49:40,14.88,,,
14141,07/15/2023 20:52:40,14.63,,,
14142,07/15/2023 20:55:40,14.97,,,
14143,07/15/2023 20:58:40,14.97,,,
14144,07/15/2023 21:01:40,14.37,,,
14145,07/15/2023 21:04:40,14.24,,,
14146,07/15/2023 21:07:40,13.90,,,
14147,07/15/2023 21:10:40,14.07,,,
14148,07/15/2023 21:13:40,13.08,,,
14149,07/15/2023 21:16:40,12.74,,,
14150,07/15/2023 21:19:40,12.91,,,
14151,07/15/2023 21:22:40,12.91,,,
14152,07/15/2023 21:25:40,12.22,,,
14153,07/15/2023 21:28:40,12.31,,,
14154,07/15/2023 21:31:40,11.92,,,
14155,07/15/2023 21:34:40,12.10,,,
14156,07/15/2023 21:37:40,11.67,,,
14157,07/15/2023 21:40:40,11.67,,,
14158,07/15/2023 21:43:40,11.62,,,
14159,07/15/2023 21:46:40,11.54,,,
14160,07/15/2023 21:49:40,10.85,,,
14161,07/15/2023 21:52:40,10.29,,,
14162,07/15/2023 21:55:40,10.25,,,
14163,07/15/2023 21:58:40,10.12,,,
14164,07/15/2023 22:01:40,9.78,,,
14165,07/15/2023 22:04:40,9.69,,,
14166,07/15/2023 22:07:40,9.69,,,
14167,07/15/2023 22:10:40,9.69,,,
14168,07/15/2023 22:13:40,9.69,,,
14169,07/15/2023 22:16:40,9.82,,,
14170,07/15/2023 22:19:40,9.61,,,
14171,07/15/2023 22:22:40,9.56,,,
14172,07/15/2023 22:25:40,9.31,,,
14173,07/15/2023 22:28:40,9.14,,,
14174,07/15/2023 22:31:40,9.26,,,
14175,07/15/2023 22:34:40,8.88,,,
14176,07/15/2023 22:37:40,8.41,,,
14177,07/15/2023 22:40:40,8.06,,,
14178,07/15/2023 22:43:40,8.02,,,
14179,07/15/2023 22:46:40,8.02,,,
14180,07/15/2023 22:49:40,8.23,,,
14181,07/15/2023 22:52:40,8.19,,,
14182,07/15/2023 22:55:40,8.15,,,
14183,07/15/2023 22:58:40,7.93,,,
14184,07/15/2023 23:01:40,7.76,,,
14185,07/15/2023 23:04:40,7.59,,,
14186,07/15/2023 23:07:40,7.81,,,
14187,07/15/2023 23:10:40,7.59,,,
14188,07/15/2023 23:13:40,7.33,,,
14189,07/15/2023 23:16:40,7.42,,,
14190,07/15/2023 23:19:40,7.29,,,
14191,07/15/2023 23:22:40,6.82,,,
14192,07/15/2023 23:25:40,6.52,,,
14193,07/15/2023 23:28:40,6.78,,,
14194,07/15/2023 23:31:40,7.03,,,
14195,07/15/2023 23:34:40,6.65,,,
14196,07/15/2023 23:37:40,6.48,,,
14197,07/15/2023 23:40:40,6.65,,,
14198,07/15/2023 23:43:40,7.03,,,
14199,07/15/2023 23:46:40,6.90,,,
14200,07/15/2023 23:49:40,6.82,,,
14201,07/15/2023 23:52:40,6.30,,,
14202,07/15/2023 23:55:40,6.43,,,
14203,07/15/2023 23:58:40,6.35,,,
14204,07/16/2023 00:01:40,6.26,,,
14205,07/16/2023 00:04:40,6.09,,,
14206,07/16/2023 00:07:40,5.96,,,
14207,07/16/2023 00:10:40,6.05,,,
14208,07/16/2023 00:13:40,5.87,,,
14209,07/16/2023 00:16:40,6.13,,,
14210,07/16/2023 00:19:40,5.75,,,
14211,07/16/2023 00:22:40,5.87,,,
14212,07/16/2023 00:25:40,6.05,,,
14213,07/16/2023 00:28:40,5.70,,,
14214,07/16/2023 00:31:40,5.49,,,
14215,07/16/2023 00:34:40,5.15,,,
14216,07/16/2023 00:37:40,5.53,,,
14217,07/16/2023 00:40:40,5.49,,,
14218,07/16/2023 00:43:40,5.83,,,
14219,07/16/2023 00:46:40,6.05,,,
14220,07/16/2023 00:49:40,5.92,,,
14221,07/16/2023 00:52:40,5.70,,,
14222,07/16/2023 00:55:40,5.57,,,
14223,07/16/2023 00:58:40,5.49,,,
14224,07/16/2023 01:01:40,5.57,,,
14225,07/16/2023 01:04:40,5.36,,,
14226,07/16/2023 01:07:40,5.36,,,
14227,07/16/2023 01:10:40,4.89,,,
14228,07/16/2023 01:13:40,4.63,,,
14229,07/16/2023 01:16:40,4.67,,,
14230,07/16/2023 01:19:40,4.63,,,
14231,07/16/2023 01:22:40,4.76,,,
14232,07/16/2023 01:25:40,4.46,,,
14233,07/16/2023 01:28:40,4.33,,,
14234,07/16/2023 01:31:40,4.12,,,
14235,07/16/2023 01:34:40,4.59,,,
14236,07/16/2023 01:37:40,5.15,,,
14237,07/16/2023 01:40:40,4.72,,,
14238,07/16/2023 01:43:40,4.59,,,
14239,07/16/2023 01:46:40,5.02,,,
14240,07/16/2023 01:49:40,5.27,,,
14241,07/16/2023 01:52:40,5.10,,,
14242,07/16/2023 01:55:40,5.23,,,
14243,07/16/2023 01:58:40,5.02,,,
14244,07/16/2023 02:01:40,4.80,,,
14245,07/16/2023 02:04:40,4.54,,,
14246,07/16/2023 02:07:40,4.42,,,
14247,07/16/2023 02:10:40,4.42,,,
14248,07/16/2023 02:13:40,4.50,,,
14249,07/16/2023 02:16:40,4.50,,,
14250,07/16/2023 02:19:40,4.37,,,
14251,07/16/2023 02:22:40,4.29,,,
14252,07/16/2023 02:25:40,4.16,,,
14253,07/16/2023 02:28:40,4.24,,,
14254,07/16/2023 02:31:40,3.99,,,
14255,07/16/2023 02:34:40,3.86,,,
14256,07/16/2023 02:37:40,3.82,,,
14257,07/16/2023 02:40:40,3.94,,,
14258,07/16/2023 02:43:40,3.86,,,
14259,07/16/2023 02:46:40,4.07,,,
14260,07/16/2023 02:49:40,3.73,,,
14261,07/16/2023 02:52:40,3.52,,,
14262,07/16/2023 02:55:40,3.60,,,
14263,07/16/2023 02:58:40,3.47,,,
14264,07/16/2023 03:01:40,3.21,,,
14265,07/16/2023 03:04:40,3.26,,,
14266,07/16/2023 03:07:40,2.79,,,
14267,07/16/2023 03:10:40,2.83,,,
14268,07/16/2023 03:13:40,3.30,,,
14269,07/16/2023 03:16:40,3.21,,,
14270,07/16/2023 03:19:40,3.04,,,
14271,07/16/2023 03:22:40,3.26,,,
14272,07/16/2023 03:25:40,3.56,,,
14273,07/16/2023 03:28:40,3.21,,,
14274,07/16/2023 03:31:40,3.34,,,
14275,07/16/2023 03:34:40,3.26,,,
14276,07/16/2023 03:37:40,3.47,,,
14277,07/16/2023 03:40:40,3.56,,,
14278,07/16/2023 03:43:40,3.17,,,
14279,07/16/2023 03:46:40,3.09,,,
14280,07/16/2023 03:49:40,2.70,,,
14281,07/16/2023 03:52:40,2.49,,,
14282,07/16/2023 03:55:40,2.61,,,
14283,07/16/2023 03:58:40,2.83,,,
14284,07/16/2023 04:01:40,2.91,,,
14285,07/16/2023 04:04:40,2.57,,,
14286,07/16/2023 04:07:40,2.61,,,
14287,07/16/2023 04:10:40,2.83,,,
14288,07/16/2023 04:13:40,2.61,,,
14289,07/16/2023 04:16:40,2.66,,,
14290,07/16/2023 04:19:40,2.70,,,
14291,07/16/2023 04:22:40,2.14,,,
14292,07/16/2023 04:25:40,2.19,,,
14293,07/16/2023 04:28:40,2.10,,,
14294,07/16/2023 04:31:40,2.14,,,
14295,07/16/2023 04:34:40,1.97,,,
14296,07/16/2023 04:37:40,1.88,,,
14297,07/16/2023 04:40:40,2.31,,,
14298,07/16/2023 04:43:40,2.14,,,
14299,07/16/2023 04:46:40,2.27,,,
14300,07/16/2023 04:49:40,3.04,,,
14301,07/16/2023 04:52:40,2.40,,,
14302,07/16/2023 04:55:40,2.31,,,
14303,07/16/2023 04:58:40,2.06,,,
14304,07/16/2023 05:01:40,2.10,,,
14305,07/16/2023 05:04:40,2.14,,,
14306,07/16/2023 05:07:40,1.76,,,
14307,07/16/2023 05:10:40,1.71,,,
14308,07/16/2023 05:13:40,2.01,,,
14309,07/16/2023 05:16:40,2.10,,,
14310,07/16/2023 05:19:40,2.44,,,
14311,07/16/2023 05:22:40,2.36,,,
14312,07/16/2023 05:25:40,2.10,,,
14313,07/16/2023 05:28:40,1.97,,,
14314,07/16/2023 05:31:40,1.93,,,
14315,07/16/2023 05:34:40,1.63,,,
14316,07/16/2023 05:37:40,1.80,,,
14317,07/16/2023 05:40:40,1.97,,,
14318,07/16/2023 05:43:40,1.71,,,
14319,07/16/2023 05:46:40,1.71,,,
14320,07/16/2023 05:49:40,1.58,,,
14321,07/16/2023 05:52:40,1.67,,,
14322,07/16/2023 05:55:40,1.80,,,
14323,07/16/2023 05:58:40,1.84,,,
14324,07/16/2023 06:01:40,1.88,,,
14325,07/16/2023 06:04:40,1.88,,,
14326,07/16/2023 06:07:40,1.67,,,
14327,07/16/2023 06:10:40,1.63,,,
14328,07/16/2023 06:13:40,1.54,,,
14329,07/16/2023 06:16:40,1.41,,,
14330,07/16/2023 06:19:40,1.76,,,
14331,07/16/2023 06:22:40,1.93,,,
14332,07/16/2023 06:25:40,1.71,,,
14333,07/16/2023 06:28:40,1.67,,,
14334,07/16/2023 06:31:40,1.71,,,
14335,07/16/2023 06:34:40,1.76,,,
14336,07/16/2023 06:37:40,1.71,,,
14337,07/16/2023 06:40:40,1.84,,,
14338,07/16/2023 06:43:40,2.19,,,
14339,07/16/2023 06:46:40,2.44,,,
14340,07/16/2023 06:49:40,2.79,,,
14341,07/16/2023 06:52:40,3.52,,,
14342,07/16/2023 06:55:40,4.42,,,
14343,07/16/2023 06:58:40,5.27,,,
14344,07/16/2023 07:01:40,5.57,,,
14345,07/16/2023 07:04:40,5.57,,,
14346,07/16/2023 07:07:40,5.83,,,
14347,07/16/2023 07:10:40,5.96,,,
14348,07/16/2023 07:13:40,6.00,,,
14349,07/16/2023 07:16:40,6.48,,,
14350,07/16/2023 07:19:40,6.78,,,
14351,07/16/2023 07:22:40,7.16,,,
14352,07/16/2023 07:25:40,7.20,,,
14353,07/16/2023 07:28:40,7.25,,,
14354,07/16/2023 07:31:40,8.15,,,
14355,07/16/2023 07:34:40,8.45,,,
14356,07/16/2023 07:37:40,9.14,,,
14357,07/16/2023 07:40:40,9.48,,,
14358,07/16/2023 07:43:40,10.16,,,
14359,07/16/2023 07:46:40,10.85,,,
14360,07/16/2023 07:49:40,10.72,,,
14361,07/16/2023 07:52:40,10.77,,,
14362,07/16/2023 07:55:40,11.54,,,
14363,07/16/2023 07:58:40,12.48,,,
14364,07/16/2023 08:01:40,13.43,,,
14365,07/16/2023 08:04:40,14.03,,,
14366,07/16/2023 08:07:40,14.50,,,
14367,07/16/2023 08:10:40,14.24,,,
14368,07/16/2023 08:13:40,14.41,,,
14369,07/16/2023 08:16:40,14.54,,,
14370,07/16/2023 08:19:40,15.23,,,
14371,07/16/2023 08:22:40,15.27,,,
14372,07/16/2023 08:25:40,15.40,,,
14373,07/16/2023 08:28:40,15.83,,,
14374,07/16/2023 08:31:40,16.21,,,
14375,07/16/2023 08:34:40,16.43,,,
14376,07/16/2023 08:37:40,17.03,,,
14377,07/16/2023 08:40:40,18.44,,,
14378,07/16/2023 08:43:40,20.59,,,
14379,07/16/2023 08:46:40,21.40,,,
14380,07/16/2023 08:49:40,20.72,,,
14381,07/16/2023 08:52:40,19.35,,,
14382,07/16/2023 08:55:40,18.27,,,
14383,07/16/2023 08:58:40,18.02,,,
14384,07/16/2023 09:01:40,18.40,,,
14385,07/16/2023 09:04:40,19.17,,,
14386,07/16/2023 09:07:40,18.14,,,
14387,07/16/2023 09:10:40,18.19,,,
14388,07/16/2023 09:13:40,18.44,,,
14389,07/16/2023 09:16:40,18.66,,,
14390,07/16/2023 09:19:40,19.13,,,
14391,07/16/2023 09:22:40,18.74,,,
14392,07/16/2023 09:25:40,18.57,,,
14393,07/16/2023 09:28:40,18.92,,,
14394,07/16/2023 09:31:40,18.96,,,
14395,07/16/2023 09:34:40,18.92,,,
14396,07/16/2023 09:37:40,19.30,,,
14397,07/16/2023 09:40:40,18.92,,,
14398,07/16/2023 09:43:40,19.17,,,
14399,07/16/2023 09:46:40,19.47,,,
14400,07/16/2023 09:49:40,19.90,,,
14401,07/16/2023 09:52:40,20.07,,,
14402,07/16/2023 09:55:40,19.77,,,
14403,07/16/2023 09:58:40,19.90,,,
14404,07/16/2023 10:01:40,20.16,,,
14405,07/16/2023 10:04:40,20.12,,,
14406,07/16/2023 10:07:40,20.20,,,
14407,07/16/2023 10:10:40,20.12,,,
14408,07/16/2023 10:13:40,20.29,,,
14409,07/16/2023 10:16:40,20.50,,,
14410,07/16/2023 10:19:40,20.42,,,
14411,07/16/2023 10:22:40,20.20,,,
14412,07/16/2023 10:25:40,20.42,,,
14413,07/16/2023 10:28:40,20.42,,,
14414,07/16/2023 10:31:40,20.80,,,
14415,07/16/2023 10:34:40,20.76,,,
14416,07/16/2023 10:37:40,21.45,,,
14417,07/16/2023 10:40:40,21.45,,,
14418,07/16/2023 10:43:40,21.75,,,
14419,07/16/2023 10:46:40,21.28,,,
14420,07/16/2023 10:49:40,21.62,,,
14421,07/16/2023 10:52:40,21.83,,,
14422,07/16/2023 10:55:40,22.05,,,
14423,07/16/2023 10:58:40,22.18,,,
14424,07/16/2023 11:01:40,22.05,,,
14425,07/16/2023 11:04:40,22.56,,,
14426,07/16/2023 11:07:40,22.39,,,
14427,07/16/2023 11:10:40,22.52,,,
14428,07/16/2023 11:13:40,23.21,,,
14429,07/16/2023 11:16:40,22.95,,,
14430,07/16/2023 11:19:40,23.29,,,
14431,07/16/2023 11:22:40,23.34,,,
14432,07/16/2023 11:25:40,24.02,,,
14433,07/16/2023 11:28:40,23.85,,,
14434,07/16/2023 11:31:40,23.94,,,
14435,07/16/2023 11:34:40,24.15,,,
14436,07/16/2023 11:37:40,23.89,,,
14437,07/16/2023 11:40:40,23.85,,,
14438,07/16/2023 11:43:40,23.76,,,
14439,07/16/2023 11:46:40,23.85,,,
14440,07/16/2023 11:49:40,23.55,,,
14441,07/16/2023 11:52:40,24.15,,,
14442,07/16/2023 11:55:40,23.89,,,
14443,07/16/2023 11:58:40,24.11,,,
14444,07/16/2023 12:01:40,24.15,,,
14445,07/16/2023 12:04:40,24.62,,,
14446,07/16/2023 12:07:40,24.92,,,
14447,07/16/2023 12:10:40,24.11,,,
14448,07/16/2023 12:13:40,24.66,,,
14449,07/16/2023 12:16:40,25.31,,,
14450,07/16/2023 12:19:40,25.27,,,
14451,07/16/2023 12:22:40,25.27,,,
14452,07/16/2023 12:25:40,25.65,,,
14453,07/16/2023 12:28:40,25.57,,,
14454,07/16/2023 12:31:40,25.44,,,
14455,07/16/2023 12:34:40,25.09,,,
14456,07/16/2023 12:37:40,25.14,,,
14457,07/16/2023 12:40:40,25.52,,,
14458,07/16/2023 12:43:40,25.65,,,
14459,07/16/2023 12:46:40,25.78,,,
14460,07/16/2023 12:49:40,26.21,,,
14461,07/16/2023 12:52:40,26.08,,,
14462,07/16/2023 12:55:40,26.42,,,
14463,07/16/2023 12:58:40,26.98,,,
14464,07/16/2023 13:01:40,27.84,,,
14465,07/16/2023 13:04:40,27.15,,,
14466,07/16/2023 13:07:40,27.80,,,
14467,07/16/2023 13:10:40,27.84,,,
14468,07/16/2023 13:13:40,27.15,,,
14469,07/16/2023 13:16:40,26.72,,,
14470,07/16/2023 13:19:40,27.02,,,
14471,07/16/2023 13:22:40,27.02,,,
14472,07/16/2023 13:25:40,27.15,,,
14473,07/16/2023 13:28:40,27.07,,,
14474,07/16/2023 13:31:40,27.11,,,
14475,07/16/2023 13:34:40,27.50,,,
14476,07/16/2023 13:37:40,27.58,,,
14477,07/16/2023 13:40:40,27.02,,,
14478,07/16/2023 13:43:40,27.15,,,
14479,07/16/2023 13:46:40,27.20,,,
14480,07/16/2023 13:49:40,27.02,,,
14481,07/16/2023 13:52:40,27.24,,,
14482,07/16/2023 13:55:40,27.28,,,
14483,07/16/2023 13:58:40,27.84,,,
14484,07/16/2023 14:01:40,27.88,,,
14485,07/16/2023 14:04:40,27.93,,,
14486,07/16/2023 14:07:40,27.54,,,
14487,07/16/2023 14:10:40,27.97,,,
14488,07/16/2023 14:13:40,28.10,,,
14489,07/16/2023 14:16:40,28.44,,,
14490,07/16/2023 14:19:40,27.80,,,
14491,07/16/2023 14:22:40,27.24,,,
14492,07/16/2023 14:25:40,27.24,,,
14493,07/16/2023 14:28:40,27.28,,,
14494,07/16/2023 14:31:40,27.41,,,
14495,07/16/2023 14:34:40,28.10,,,
14496,07/16/2023 14:37:40,27.75,,,
14497,07/16/2023 14:40:40,27.50,,,
14498,07/16/2023 14:43:40,27.11,,,
14499,07/16/2023 14:46:40,27.80,,,
14500,07/16/2023 14:49:40,27.45,,,
14501,07/16/2023 14:52:40,27.20,,,
14502,07/16/2023 14:55:40,27.45,,,
14503,07/16/2023 14:58:40,27.24,,,
14504,07/16/2023 15:01:40,26.98,,,
14505,07/16/2023 15:04:40,27.58,,,
14506,07/16/2023 15:07:40,27.54,,,
14507,07/16/2023 15:10:40,27.71,,,
14508,07/16/2023 15:13:40,27.71,,,
14509,07/16/2023 15:16:40,27.32,,,
14510,07/16/2023 15:19:40,27.50,,,
14511,07/16/2023 15:22:40,27.67,,,
14512,07/16/2023 15:25:40,27.24,,,
14513,07/16/2023 15:28:40,27.58,,,
14514,07/16/2023 15:31:40,27.67,,,
14515,07/16/2023 15:34:40,27.50,,,
14516,07/16/2023 15:37:40,27.41,,,
14517,07/16/2023 15:40:40,27.54,,,
14518,07/16/2023 15:43:40,27.50,,,
14519,07/16/2023 15:46:40,27.37,,,
14520,07/16/2023 15:49:40,28.05,,,
14521,07/16/2023 15:52:40,27.71,,,
14522,07/16/2023 15:55:40,28.14,,,
14523,07/16/2023 15:58:40,27.58,,,
14524,07/16/2023 16:01:40,27.93,,,
14525,07/16/2023 16:04:40,27.88,,,
14526,07/16/2023 16:07:40,27.84,,,
14527,07/16/2023 16:10:40,27.80,,,
14528,07/16/2023 16:13:40,27.37,,,
14529,07/16/2023 16:16:40,27.84,,,
14530,07/16/2023 16:19:40,27.80,,,
14531,07/16/2023 16:22:40,28.18,,,
14532,07/16/2023 16:25:40,27.93,,,
14533,07/16/2023 16:28:40,27.71,,,
14534,07/16/2023 16:31:40,27.41,,,
14535,07/16/2023 16:34:40,27.75,,,
14536,07/16/2023 16:37:40,27.67,,,
14537,07/16/2023 16:40:40,27.41,,,
14538,07/16/2023 16:43:40,27.50,,,
14539,07/16/2023 16:46:40,27.32,,,
14540,07/16/2023 16:49:40,27.45,,,
14541,07/16/2023 16:52:40,27.50,,,
14542,07/16/2023 16:55:40,27.58,,,
14543,07/16/2023 16:58:40,27.84,,,
14544,07/16/2023 17:01:40,27.75,,,
14545,07/16/2023 17:04:40,27.32,,,
14546,07/16/2023 17:07:40,27.54,,,
14547,07/16/2023 17:10:40,27.67,,,
14548,07/16/2023 17:13:40,27.75,,,
14549,07/16/2023 17:16:40,27.32,,,
14550,07/16/2023 17:19:40,27.50,,,
14551,07/16/2023 17:22:40,27.45,,,
14552,07/16/2023 17:25:40,27.41,,,
14553,07/16/2023 17:28:40,27.41,,,
14554,07/16/2023 17:31:40,27.37,,,
14555,07/16/2023 17:34:40,26.98,,,
14556,07/16/2023 17:37:40,27.20,,,
14557,07/16/2023 17:40:40,26.90,,,
14558,07/16/2023 17:43:40,26.85,,,
14559,07/16/2023 17:46:40,26.94,,,
14560,07/16/2023 17:49:40,27.20,,,
14561,07/16/2023 17:52:40,27.15,,,
14562,07/16/2023 17:55:40,26.90,,,
14563,07/16/2023 17:58:40,27.15,,,
14564,07/16/2023 18:01:40,27.02,,,
14565,07/16/2023 18:04:40,26.68,,,
14566,07/16/2023 18:07:40,26.47,,,
14567,07/16/2023 18:10:40,26.34,,,
14568,07/16/2023 18:13:40,26.38,,,
14569,07/16/2023 18:16:40,26.30,,,
14570,07/16/2023 18:19:40,26.25,,,
14571,07/16/2023 18:22:40,26.34,,,
14572,07/16/2023 18:25:40,26.17,,,
14573,07/16/2023 18:28:40,25.87,,,
14574,07/16/2023 18:31:40,25.91,,,
14575,07/16/2023 18:34:40,25.65,,,
14576,07/16/2023 18:37:40,25.74,,,
14577,07/16/2023 18:40:40,25.74,,,
14578,07/16/2023 18:43:40,25.65,,,
14579,07/16/2023 18:46:40,25.61,,,
14580,07/16/2023 18:49:40,25.48,,,
14581,07/16/2023 18:52:40,25.35,,,
14582,07/16/2023 18:55:40,25.14,,,
14583,07/16/2023 18:58:40,24.66,,,
14584,07/16/2023 19:01:40,24.45,,,
14585,07/16/2023 19:04:40,24.06,,,
14586,07/16/2023 19:07:40,23.89,,,
14587,07/16/2023 19:10:40,23.64,,,
14588,07/16/2023 19:13:40,23.25,,,
14589,07/16/2023 19:16:40,22.99,,,
14590,07/16/2023 19:19:40,22.91,,,
14591,07/16/2023 19:22:40,22.82,,,
14592,07/16/2023 19:25:40,22.73,,,
14593,07/16/2023 19:28:40,22.39,,,
14594,07/16/2023 19:31:40,21.92,,,
14595,07/16/2023 19:34:40,21.45,,,
14596,07/16/2023 19:37:40,21.02,,,
14597,07/16/2023 19:40:40,20.80,,,
14598,07/16/2023 19:43:40,21.06,,,
14599,07/16/2023 19:46:40,20.76,,,
14600,07/16/2023 19:49:40,20.33,,,
14601,07/16/2023 19:52:40,19.99,,,
14602,07/16/2023 19:55:40,19.69,,,
14603,07/16/2023 19:58:40,19.26,,,
14604,07/16/2023 20:01:40,18.92,,,
14605,07/16/2023 20:04:40,18.66,,,
14606,07/16/2023 20:07:40,18.27,,,
14607,07/16/2023 20:10:40,17.76,,,
14608,07/16/2023 20:13:40,17.46,,,
14609,07/16/2023 20:16:40,17.07,,,
14610,07/16/2023 20:19:40,16.69,,,
14611,07/16/2023 20:22:40,16.26,,,
14612,07/16/2023 20:25:40,16.00,,,
14613,07/16/2023 20:28:40,15.66,,,
14614,07/16/2023 20:31:40,15.61,,,
14615,07/16/2023 20:34:40,15.87,,,
14616,07/16/2023 20:37:40,15.74,,,
14617,07/16/2023 20:40:40,15.57,,,
14618,07/16/2023 20:43:40,15.78,,,
14619,07/16/2023 20:46:40,15.23,,,
14620,07/16/2023 20:49:40,15.06,,,
14621,07/16/2023 20:52:40,14.75,,,
14622,07/16/2023 20:55:40,14.67,,,
14623,07/16/2023 20:58:40,13.73,,,
14624,07/16/2023 21:01:40,13.51,,,
14625,07/16/2023 21:04:40,12.78,,,
14626,07/16/2023 21:07:40,12.61,,,
14627,07/16/2023 21:10:40,12.57,,,
14628,07/16/2023 21:13:40,12.35,,,
14629,07/16/2023 21:16:40,12.14,,,
14630,07/16/2023 21:19:40,12.48,,,
14631,07/16/2023 21:22:40,12.18,,,
14632,07/16/2023 21:25:40,11.92,,,
14633,07/16/2023 21:28:40,11.54,,,
14634,07/16/2023 21:31:40,11.41,,,
14635,07/16/2023 21:34:40,11.37,,,
14636,07/16/2023 21:37:40,11.49,,,
14637,07/16/2023 21:40:40,11.32,,,
14638,07/16/2023 21:43:40,10.94,,,
14639,07/16/2023 21:46:40,10.89,,,
14640,07/16/2023 21:49:40,10.81,,,
14641,07/16/2023 21:52:40,10.77,,,
14642,07/16/2023 21:55:40,10.46,,,
14643,07/16/2023 21:58:40,10.38,,,
14644,07/16/2023 22:01:40,10.12,,,
14645,07/16/2023 22:04:40,9.91,,,
14646,07/16/2023 22:07:40,10.04,,,
14647,07/16/2023 22:10:40,9.86,,,
14648,07/16/2023 22:13:40,9.91,,,
14649,07/16/2023 22:16:40,9.99,,,
14650,07/16/2023 22:19:40,9.82,,,
14651,07/16/2023 22:22:40,9.78,,,
14652,07/16/2023 22:25:40,9.61,,,
14653,07/16/2023 22:28:40,9.69,,,
14654,07/16/2023 22:31:40,9.39,,,
14655,07/16/2023 22:34:40,9.01,,,
14656,07/16/2023 22:37:40,8.75,,,
14657,07/16/2023 22:40:40,8.75,,,
14658,07/16/2023 22:43:40,8.66,,,
14659,07/16/2023 22:46:40,8.62,,,
14660,07/16/2023 22:49:40,8.53,,,
14661,07/16/2023 22:52:40,8.36,,,
14662,07/16/2023 22:55:40,8.19,,,
14663,07/16/2023 22:58:40,7.89,,,
14664,07/16/2023 23:01:40,7.81,,,
14665,07/16/2023 23:04:40,7.93,,,
14666,07/16/2023 23:07:40,7.89,,,
14667,07/16/2023 23:10:40,8.19,,,
14668,07/16/2023 23:13:40,8.02,,,
14669,07/16/2023 23:16:40,8.02,,,
14670,07/16/2023 23:19:40,7.76,,,
14671,07/16/2023 23:22:40,7.72,,,
14672,07/16/2023 23:25:40,7.93,,,
14673,07/16/2023 23:28:40,7.93,,,
14674,07/16/2023 23:31:40,7.76,,,
14675,07/16/2023 23:34:40,7.68,,,
14676,07/16/2023 23:37:40,7.55,,,
14677,07/16/2023 23:40:40,7.59,,,
14678,07/16/2023 23:43:40,7.42,,,
14679,07/16/2023 23:46:40,7.55,,,
14680,07/16/2023 23:49:40,7.33,,,
14681,07/16/2023 23:52:40,7.29,,,
14682,07/16/2023 23:55:40,7.12,,,
14683,07/16/2023 23:58:40,7.08,,,
14684,07/17/2023 00:01:40,7.25,,,
14685,07/17/2023 00:04:40,7.50,,,
14686,07/17/2023 00:07:40,7.25,,,
14687,07/17/2023 00:10:40,6.99,,,
14688,07/17/2023 00:13:40,6.90,,,
14689,07/17/2023 00:16:40,6.90,,,
14690,07/17/2023 00:19:40,7.03,,,
14691,07/17/2023 00:22:40,7.25,,,
14692,07/17/2023 00:25:40,7.55,,,
14693,07/17/2023 00:28:40,7.46,,,
14694,07/17/2023 00:31:40,7.25,,,
14695,07/17/2023 00:34:40,6.99,,,
14696,07/17/2023 00:37:40,6.86,,,
14697,07/17/2023 00:40:40,6.60,,,
14698,07/17/2023 00:43:40,6.65,,,
14699,07/17/2023 00:46:40,6.73,,,
14700,07/17/2023 00:49:40,6.78,,,
14701,07/17/2023 00:52:40,6.95,,,
14702,07/17/2023 00:55:40,6.99,,,
14703,07/17/2023 00:58:40,6.90,,,
14704,07/17/2023 01:01:40,6.69,,,
14705,07/17/2023 01:04:40,6.39,,,
14706,07/17/2023 01:07:40,6.09,,,
14707,07/17/2023 01:10:40,6.26,,,
14708,07/17/2023 01:13:40,6.43,,,
14709,07/17/2023 01:16:40,6.48,,,
14710,07/17/2023 01:19:40,6.35,,,
14711,07/17/2023 01:22:40,6.35,,,
14712,07/17/2023 01:25:40,6.35,,,
14713,07/17/2023 01:28:40,6.60,,,
14714,07/17/2023 01:31:40,6.43,,,
14715,07/17/2023 01:34:40,6.26,,,
14716,07/17/2023 01:37:40,5.96,,,
14717,07/17/2023 01:40:40,6.05,,,
14718,07/17/2023 01:43:40,5.96,,,
14719,07/17/2023 01:46:40,6.00,,,
14720,07/17/2023 01:49:40,6.00,,,
14721,07/17/2023 01:52:40,6.17,,,
14722,07/17/2023 01:55:40,6.13,,,
14723,07/17/2023 01:58:40,6.48,,,
14724,07/17/2023 02:01:40,6.69,,,
14725,07/17/2023 02:04:40,6.05,,,
14726,07/17/2023 02:07:40,5.45,,,
14727,07/17/2023 02:10:40,5.32,,,
14728,07/17/2023 02:13:40,5.70,,,
14729,07/17/2023 02:16:40,6.13,,,
14730,07/17/2023 02:19:40,6.39,,,
14731,07/17/2023 02:22:40,5.87,,,
14732,07/17/2023 02:25:40,6.05,,,
14733,07/17/2023 02:28:40,6.09,,,
14734,07/17/2023 02:31:40,5.75,,,
14735,07/17/2023 02:34:40,5.92,,,
14736,07/17/2023 02:37:40,5.92,,,
14737,07/17/2023 02:40:40,5.57,,,
14738,07/17/2023 02:43:40,5.62,,,
14739,07/17/2023 02:46:40,5.62,,,
14740,07/17/2023 02:49:40,5.36,,,
14741,07/17/2023 02:52:40,4.89,,,
14742,07/17/2023 02:55:40,4.72,,,
14743,07/17/2023 02:58:40,4.89,,,
14744,07/17/2023 03:01:40,4.76,,,
14745,07/17/2023 03:04:40,4.84,,,
14746,07/17/2023 03:07:40,4.72,,,
14747,07/17/2023 03:10:40,4.80,,,
14748,07/17/2023 03:13:40,4.76,,,
14749,07/17/2023 03:16:40,4.93,,,
14750,07/17/2023 03:19:40,4.72,,,
14751,07/17/2023 03:22:40,4.07,,,
14752,07/17/2023 03:25:40,3.94,,,
14753,07/17/2023 03:28:40,3.64,,,
14754,07/17/2023 03:31:40,3.64,,,
14755,07/17/2023 03:34:40,3.94,,,
14756,07/17/2023 03:37:40,3.73,,,
14757,07/17/2023 03:40:40,3.47,,,
14758,07/17/2023 03:43:40,3.56,,,
14759,07/17/2023 03:46:40,3.86,,,
14760,07/17/2023 03:49:40,4.46,,,
14761,07/17/2023 03:52:40,4.84,,,
14762,07/17/2023 03:55:40,4.63,,,
14763,07/17/2023 03:58:40,4.42,,,
14764,07/17/2023 04:01:40,4.42,,,
14765,07/17/2023 04:04:40,4.29,,,
14766,07/17/2023 04:07:40,3.94,,,
14767,07/17/2023 04:10:40,3.39,,,
14768,07/17/2023 04:13:40,3.21,,,
14769,07/17/2023 04:16:40,3.21,,,
14770,07/17/2023 04:19:40,3.21,,,
14771,07/17/2023 04:22:40,3.26,,,
14772,07/17/2023 04:25:40,3.30,,,
14773,07/17/2023 04:28:40,3.13,,,
14774,07/17/2023 04:31:40,3.00,,,
14775,07/17/2023 04:34:40,2.96,,,
14776,07/17/2023 04:37:40,2.96,,,
14777,07/17/2023 04:40:40,3.13,,,
14778,07/17/2023 04:43:40,3.34,,,
14779,07/17/2023 04:46:40,3.43,,,
14780,07/17/2023 04:49:40,3.43,,,
14781,07/17/2023 04:52:40,3.43,,,
14782,07/17/2023 04:55:40,3.26,,,
14783,07/17/2023 04:58:40,3.34,,,
14784,07/17/2023 05:01:40,2.91,,,
14785,07/17/2023 05:04:40,2.53,,,
14786,07/17/2023 05:07:40,2.44,,,
14787,07/17/2023 05:10:40,3.09,,,
14788,07/17/2023 05:13:40,2.83,,,
14789,07/17/2023 05:16:40,2.57,,,
14790,07/17/2023 05:19:40,2.57,,,
14791,07/17/2023 05:22:40,2.57,,,
14792,07/17/2023 05:25:40,2.87,,,
14793,07/17/2023 05:28:40,3.13,,,
14794,07/17/2023 05:31:40,3.26,,,
14795,07/17/2023 05:34:40,3.09,,,
14796,07/17/2023 05:37:40,3.13,,,
14797,07/17/2023 05:40:40,2.91,,,
14798,07/17/2023 05:43:40,2.83,,,
14799,07/17/2023 05:46:40,2.66,,,
14800,07/17/2023 05:49:40,2.61,,,
14801,07/17/2023 05:52:40,2.49,,,
14802,07/17/2023 05:55:40,2.44,,,
14803,07/17/2023 05:58:40,2.27,,,
14804,07/17/2023 06:01:40,2.27,,,
14805,07/17/2023 06:04:40,2.44,,,
14806,07/17/2023 06:07:40,2.49,,,
14807,07/17/2023 06:10:40,2.44,,,
14808,07/17/2023 06:13:40,2.40,,,
14809,07/17/2023 06:16:40,2.66,,,
14810,07/17/2023 06:19:40,2.70,,,
14811,07/17/2023 06:22:40,2.57,,,
14812,07/17/2023 06:25:40,2.61,,,
14813,07/17/2023 06:28:40,2.44,,,
14814,07/17/2023 06:31:40,2.49,,,
14815,07/17/2023 06:34:40,2.66,,,
14816,07/17/2023 06:37:40,2.36,,,
14817,07/17/2023 06:40:40,2.57,,,
14818,07/17/2023 06:43:40,2.61,,,
14819,07/17/2023 06:46:40,2.61,,,
14820,07/17/2023 06:49:40,2.83,,,
14821,07/17/2023 06:52:40,3.73,,,
14822,07/17/2023 06:55:40,4.97,,,
14823,07/17/2023 06:58:40,6.05,,,
14824,07/17/2023 07:01:40,6.43,,,
14825,07/17/2023 07:04:40,6.43,,,
14826,07/17/2023 07:07:40,6.82,,,
14827,07/17/2023 07:10:40,7.38,,,
14828,07/17/2023 07:13:40,7.42,,,
14829,07/17/2023 07:16:40,7.50,,,
14830,07/17/2023 07:19:40,7.46,,,
14831,07/17/2023 07:22:40,7.63,,,
14832,07/17/2023 07:25:40,7.98,,,
14833,07/17/2023 07:28:40,8.62,,,
14834,07/17/2023 07:31:40,9.31,,,
14835,07/17/2023 07:34:40,10.04,,,
14836,07/17/2023 07:37:40,10.68,,,
14837,07/17/2023 07:40:40,11.02,,,
14838,07/17/2023 07:43:40,11.54,,,
14839,07/17/2023 07:46:40,11.84,,,
14840,07/17/2023 07:49:40,12.31,,,
14841,07/17/2023 07:52:40,12.35,,,
14842,07/17/2023 07:55:40,12.01,,,
14843,07/17/2023 07:58:40,12.31,,,
14844,07/17/2023 08:01:40,12.87,,,
14845,07/17/2023 08:04:40,13.60,,,
14846,07/17/2023 08:07:40,14.28,,,
14847,07/17/2023 08:10:40,14.45,,,
14848,07/17/2023 08:13:40,14.24,,,
14849,07/17/2023 08:16:40,14.63,,,
14850,07/17/2023 08:19:40,15.36,,,
14851,07/17/2023 08:22:40,15.18,,,
14852,07/17/2023 08:25:40,15.06,,,
14853,07/17/2023 08:28:40,15.66,,,
14854,07/17/2023 08:31:40,15.14,,,
14855,07/17/2023 08:34:40,15.27,,,
14856,07/17/2023 08:37:40,16.13,,,
14857,07/17/2023 08:40:40,16.81,,,
14858,07/17/2023 08:43:40,17.37,,,
14859,07/17/2023 08:46:40,18.19,,,
14860,07/17/2023 08:49:40,19.17,,,
14861,07/17/2023 08:52:40,19.77,,,
14862,07/17/2023 08:55:40,20.29,,,
14863,07/17/2023 08:58:40,20.20,,,
14864,07/17/2023 09:01:40,20.63,,,
14865,07/17/2023 09:04:40,19.95,,,
14866,07/17/2023 09:07:40,19.73,,,
14867,07/17/2023 09:10:40,20.37,,,
14868,07/17/2023 09:13:40,21.02,,,
14869,07/17/2023 09:16:40,22.01,,,
14870,07/17/2023 09:19:40,21.32,,,
14871,07/17/2023 09:22:40,22.01,,,
14872,07/17/2023 09:25:40,22.18,,,
14873,07/17/2023 09:28:40,21.96,,,
14874,07/17/2023 09:31:40,22.48,,,
14875,07/17/2023 09:34:40,23.38,,,
14876,07/17/2023 09:37:40,23.08,,,
14877,07/17/2023 09:40:40,22.61,,,
14878,07/17/2023 09:43:40,23.21,,,
14879,07/17/2023 09:46:40,22.73,,,
14880,07/17/2023 09:49:40,22.65,,,
14881,07/17/2023 09:52:40,22.56,,,
14882,07/17/2023 09:55:40,22.56,,,
14883,07/17/2023 09:58:40,22.43,,,
14884,07/17/2023 10:01:40,22.31,,,
14885,07/17/2023 10:04:40,23.29,,,
14886,07/17/2023 10:07:40,22.73,,,
14887,07/17/2023 10:10:40,23.55,,,
14888,07/17/2023 10:13:40,22.86,,,
14889,07/17/2023 10:16:40,23.08,,,
14890,07/17/2023 10:19:40,22.95,,,
14891,07/17/2023 10:22:40,22.69,,,
14892,07/17/2023 10:25:40,23.29,,,
14893,07/17/2023 10:28:40,22.99,,,
14894,07/17/2023 10:31:40,23.08,,,
14895,07/17/2023 10:34:40,23.98,,,
14896,07/17/2023 10:37:40,24.06,,,
14897,07/17/2023 10:40:40,23.64,,,
14898,07/17/2023 10:43:40,24.06,,,
14899,07/17/2023 10:46:40,24.49,,,
14900,07/17/2023 10:49:40,24.41,,,
14901,07/17/2023 10:52:40,23.68,,,
14902,07/17/2023 10:55:40,25.44,,,
14903,07/17/2023 10:58:40,24.66,,,
14904,07/17/2023 11:01:40,25.01,,,
14905,07/17/2023 11:04:40,26.60,,,
14906,07/17/2023 11:07:40,26.12,,,
14907,07/17/2023 11:10:40,25.69,,,
14908,07/17/2023 11:13:40,25.57,,,
14909,07/17/2023 11:16:40,25.65,,,
14910,07/17/2023 11:19:40,25.44,,,
14911,07/17/2023 11:22:40,24.92,,,
14912,07/17/2023 11:25:40,24.84,,,
14913,07/17/2023 11:28:40,25.01,,,
14914,07/17/2023 11:31:40,25.57,,,
14915,07/17/2023 11:34:40,25.74,,,
14916,07/17/2023 11:37:40,25.52,,,
14917,07/17/2023 11:40:40,25.01,,,
14918,07/17/2023 11:43:40,25.05,,,
14919,07/17/2023 11:46:40,25.01,,,
14920,07/17/2023 11:49:40,25.78,,,
14921,07/17/2023 11:52:40,26.42,,,
14922,07/17/2023 11:55:40,26.42,,,
14923,07/17/2023 11:58:40,26.94,,,
14924,07/17/2023 12:01:40,26.90,,,
14925,07/17/2023 12:04:40,27.02,,,
14926,07/17/2023 12:07:40,26.81,,,
14927,07/17/2023 12:10:40,26.94,,,
14928,07/17/2023 12:13:40,26.77,,,
14929,07/17/2023 12:16:40,27.20,,,
14930,07/17/2023 12:19:40,26.34,,,
14931,07/17/2023 12:22:40,26.77,,,
14932,07/17/2023 12:25:40,26.51,,,
14933,07/17/2023 12:28:40,26.60,,,
14934,07/17/2023 12:31:40,26.72,,,
14935,07/17/2023 12:34:40,26.25,,,
14936,07/17/2023 12:37:40,27.11,,,
14937,07/17/2023 12:40:40,26.77,,,
14938,07/17/2023 12:43:40,26.34,,,
14939,07/17/2023 12:46:40,27.58,,,
14940,07/17/2023 12:49:40,28.27,,,
14941,07/17/2023 12:52:40,28.14,,,
14942,07/17/2023 12:55:40,28.23,,,
14943,07/17/2023 12:58:40,28.35,,,
14944,07/17/2023 13:01:40,28.78,,,
14945,07/17/2023 13:04:40,28.10,,,
14946,07/17/2023 13:07:40,28.27,,,
14947,07/17/2023 13:10:40,28.53,,,
14948,07/17/2023 13:13:40,28.95,,,
14949,07/17/2023 13:16:40,29.73,,,
14950,07/17/2023 13:19:40,29.51,,,
14951,07/17/2023 13:22:40,29.77,,,
14952,07/17/2023 13:25:40,29.30,,,
14953,07/17/2023 13:28:40,29.38,,,
14954,07/17/2023 13:31:40,29.77,,,
14955,07/17/2023 13:34:40,28.78,,,
14956,07/17/2023 13:37:40,28.91,,,
14957,07/17/2023 13:40:40,29.81,,,
14958,07/17/2023 13:43:40,30.20,,,
14959,07/17/2023 13:46:40,30.67,,,
14960,07/17/2023 13:49:40,30.33,,,
14961,07/17/2023 13:52:40,30.07,,,
14962,07/17/2023 13:55:40,30.20,,,
14963,07/17/2023 13:58:40,30.07,,,
14964,07/17/2023 14:01:40,30.20,,,
14965,07/17/2023 14:04:40,30.71,,,
14966,07/17/2023 14:07:40,30.50,,,
14967,07/17/2023 14:10:40,29.68,,,
14968,07/17/2023 14:13:40,30.71,,,
14969,07/17/2023 14:16:40,30.11,,,
14970,07/17/2023 14:19:40,30.37,,,
14971,07/17/2023 14:22:40,29.56,,,
14972,07/17/2023 14:25:40,30.59,,,
14973,07/17/2023 14:28:40,30.28,,,
14974,07/17/2023 14:31:40,31.14,,,
14975,07/17/2023 14:34:40,30.67,,,
14976,07/17/2023 14:37:40,29.98,,,
14977,07/17/2023 14:40:40,30.28,,,
14978,07/17/2023 14:43:40,30.33,,,
14979,07/17/2023 14:46:40,30.54,,,
14980,07/17/2023 14:49:40,30.37,,,
14981,07/17/2023 14:52:40,30.24,,,
14982,07/17/2023 14:55:40,29.90,,,
14983,07/17/2023 14:58:40,29.94,,,
14984,07/17/2023 15:01:40,28.65,,,
14985,07/17/2023 15:04:40,30.03,,,
14986,07/17/2023 15:07:40,30.16,,,
14987,07/17/2023 15:10:40,28.83,,,
14988,07/17/2023 15:13:40,29.13,,,
14989,07/17/2023 15:16:40,30.24,,,
14990,07/17/2023 15:19:40,31.14,,,
14991,07/17/2023 15:22:40,30.59,,,
14992,07/17/2023 15:25:40,28.83,,,
14993,07/17/2023 15:28:40,28.01,,,
14994,07/17/2023 15:31:40,29.00,,,
14995,07/17/2023 15:34:40,29.64,,,
14996,07/17/2023 15:37:40,30.07,,,
14997,07/17/2023 15:40:40,29.90,,,
14998,07/17/2023 15:43:40,30.46,,,
14999,07/17/2023 15:46:40,30.33,,,
15000,07/17/2023 15:49:40,30.46,,,
15001,07/17/2023 15:52:40,30.07,,,
15002,07/17/2023 15:55:40,29.98,,,
15003,07/17/2023 15:58:40,29.81,,,
15004,07/17/2023 16:01:40,29.43,,,
15005,07/17/2023 16:04:40,29.81,,,
15006,07/17/2023 16:07:40,30.67,,,
15007,07/17/2023 16:10:40,30.89,,,
15008,07/17/2023 16:13:40,30.50,,,
15009,07/17/2023 16:16:40,30.24,,,
15010,07/17/2023 16:19:40,29.64,,,
15011,07/17/2023 16:22:40,29.21,,,
15012,07/17/2023 16:25:40,29.60,,,
15013,07/17/2023 16:28:40,29.86,,,
15014,07/17/2023 16:31:40,30.41,,,
15015,07/17/2023 16:34:40,30.46,,,
15016,07/17/2023 16:37:40,30.59,,,
15017,07/17/2023 16:40:40,30.71,,,
15018,07/17/2023 16:43:40,30.28,,,
15019,07/17/2023 16:46:40,30.11,,,
15020,07/17/2023 16:49:40,29.68,,,
15021,07/17/2023 16:52:40,29.34,,,
15022,07/17/2023 16:55:40,29.77,,,
15023,07/17/2023 16:58:40,29.08,,,
15024,07/17/2023 17:01:40,29.26,,,
15025,07/17/2023 17:04:40,29.08,,,
15026,07/17/2023 17:07:40,28.91,,,
15027,07/17/2023 17:10:40,28.48,,,
15028,07/17/2023 17:13:40,29.04,,,
15029,07/17/2023 17:16:40,29.38,,,
15030,07/17/2023 17:19:40,28.53,,,
15031,07/17/2023 17:22:40,28.05,,,
15032,07/17/2023 17:25:40,27.50,,,
15033,07/17/2023 17:28:40,28.35,,,
15034,07/17/2023 17:31:40,29.00,,,
15035,07/17/2023 17:34:40,29.51,,,
15036,07/17/2023 17:37:40,29.13,,,
15037,07/17/2023 17:40:40,29.47,,,
15038,07/17/2023 17:43:40,29.51,,,
15039,07/17/2023 17:46:40,29.56,,,
15040,07/17/2023 17:49:40,29.73,,,
15041,07/17/2023 17:52:40,29.38,,,
15042,07/17/2023 17:55:40,28.61,,,
15043,07/17/2023 17:58:40,28.48,,,
15044,07/17/2023 18:01:40,28.48,,,
15045,07/17/2023 18:04:40,28.44,,,
15046,07/17/2023 18:07:40,28.61,,,
15047,07/17/2023 18:10:40,28.10,,,
15048,07/17/2023 18:13:40,27.84,,,
15049,07/17/2023 18:16:40,27.07,,,
15050,07/17/2023 18:19:40,26.47,,,
15051,07/17/2023 18:22:40,26.17,,,
15052,07/17/2023 18:25:40,25.91,,,
15053,07/17/2023 18:28:40,25.74,,,
15054,07/17/2023 18:31:40,25.57,,,
15055,07/17/2023 18:34:40,25.39,,,
15056,07/17/2023 18:37:40,25.35,,,
15057,07/17/2023 18:40:40,25.31,,,
15058,07/17/2023 18:43:40,25.44,,,
15059,07/17/2023 18:46:40,25.27,,,
15060,07/17/2023 18:49:40,25.52,,,
15061,07/17/2023 18:52:40,26.12,,,
15062,07/17/2023 18:55:40,26.60,,,
15063,07/17/2023 18:58:40,27.28,,,
15064,07/17/2023 19:01:40,27.11,,,
15065,07/17/2023 19:04:40,26.98,,,
15066,07/17/2023 19:07:40,26.64,,,
15067,07/17/2023 19:10:40,26.25,,,
15068,07/17/2023 19:13:40,25.91,,,
15069,07/17/2023 19:16:40,25.44,,,
15070,07/17/2023 19:19:40,25.09,,,
15071,07/17/2023 19:22:40,24.92,,,
15072,07/17/2023 19:25:40,24.71,,,
15073,07/17/2023 19:28:40,24.32,,,
15074,07/17/2023 19:31:40,23.59,,,
15075,07/17/2023 19:34:40,23.76,,,
15076,07/17/2023 19:37:40,23.64,,,
15077,07/17/2023 19:40:40,22.95,,,
15078,07/17/2023 19:43:40,22.52,,,
15079,07/17/2023 19:46:40,22.13,,,
15080,07/17/2023 19:49:40,21.88,,,
15081,07/17/2023 19:52:40,21.83,,,
15082,07/17/2023 19:55:40,21.79,,,
15083,07/17/2023 19:58:40,21.58,,,
15084,07/17/2023 20:01:40,21.19,,,
15085,07/17/2023 20:04:40,20.72,,,
15086,07/17/2023 20:07:40,20.68,,,
15087,07/17/2023 20:10:40,20.46,,,
15088,07/17/2023 20:13:40,20.03,,,
15089,07/17/2023 20:16:40,19.82,,,
15090,07/17/2023 20:19:40,19.56,,,
15091,07/17/2023 20:22:40,19.43,,,
15092,07/17/2023 20:25:40,19.39,,,
15093,07/17/2023 20:28:40,19.22,,,
15094,07/17/2023 20:31:40,18.96,,,
15095,07/17/2023 20:34:40,18.53,,,
15096,07/17/2023 20:37:40,18.70,,,
15097,07/17/2023 20:40:40,18.32,,,
15098,07/17/2023 20:43:40,18.19,,,
15099,07/17/2023 20:46:40,17.76,,,
15100,07/17/2023 20:49:40,17.07,,,
15101,07/17/2023 20:52:40,16.69,,,
15102,07/17/2023 20:55:40,16.34,,,
15103,07/17/2023 20:58:40,15.96,,,
15104,07/17/2023 21:01:40,15.96,,,
15105,07/17/2023 21:04:40,15.44,,,
15106,07/17/2023 21:07:40,15.10,,,
15107,07/17/2023 21:10:40,15.23,,,
15108,07/17/2023 21:13:40,14.84,,,
15109,07/17/2023 21:16:40,14.67,,,
15110,07/17/2023 21:19:40,14.15,,,
15111,07/17/2023 21:22:40,14.20,,,
15112,07/17/2023 21:25:40,13.90,,,
15113,07/17/2023 21:28:40,13.34,,,
15114,07/17/2023 21:31:40,13.17,,,
15115,07/17/2023 21:34:40,13.47,,,
15116,07/17/2023 21:37:40,13.25,,,
15117,07/17/2023 21:40:40,12.91,,,
15118,07/17/2023 21:43:40,12.78,,,
15119,07/17/2023 21:46:40,12.78,,,
15120,07/17/2023 21:49:40,12.40,,,
15121,07/17/2023 21:52:40,12.31,,,
15122,07/17/2023 21:55:40,11.84,,,
15123,07/17/2023 21:58:40,12.01,,,
15124,07/17/2023 22:01:40,12.14,,,
15125,07/17/2023 22:04:40,11.71,,,
15126,07/17/2023 22:07:40,11.32,,,
15127,07/17/2023 22:10:40,10.85,,,
15128,07/17/2023 22:13:40,10.81,,,
15129,07/17/2023 22:16:40,10.81,,,
15130,07/17/2023 22:19:40,11.11,,,
15131,07/17/2023 22:22:40,11.02,,,
15132,07/17/2023 22:25:40,10.77,,,
15133,07/17/2023 22:28:40,10.55,,,
15134,07/17/2023 22:31:40,10.72,,,
15135,07/17/2023 22:34:40,10.94,,,
15136,07/17/2023 22:37:40,10.85,,,
15137,07/17/2023 22:40:40,10.59,,,
15138,07/17/2023 22:43:40,10.46,,,
15139,07/17/2023 22:46:40,10.46,,,
15140,07/17/2023 22:49:40,10.38,,,
15141,07/17/2023 22:52:40,10.77,,,
15142,07/17/2023 22:55:40,10.98,,,
15143,07/17/2023 22:58:40,10.94,,,
15144,07/17/2023 23:01:40,10.51,,,
15145,07/17/2023 23:04:40,10.16,,,
15146,07/17/2023 23:07:40,10.25,,,
15147,07/17/2023 23:10:40,10.21,,,
15148,07/17/2023 23:13:40,9.91,,,
15149,07/17/2023 23:16:40,9.91,,,
15150,07/17/2023 23:19:40,10.34,,,
15151,07/17/2023 23:22:40,10.85,,,
15152,07/17/2023 23:25:40,10.81,,,
15153,07/17/2023 23:28:40,10.59,,,
15154,07/17/2023 23:31:40,10.25,,,
15155,07/17/2023 23:34:40,9.78,,,
15156,07/17/2023 23:37:40,9.95,,,
15157,07/17/2023 23:40:40,9.74,,,
15158,07/17/2023 23:43:40,9.61,,,
15159,07/17/2023 23:46:40,9.82,,,
15160,07/17/2023 23:49:40,9.56,,,
15161,07/17/2023 23:52:40,9.61,,,
15162,07/17/2023 23:55:40,9.31,,,
15163,07/17/2023 23:58:40,9.09,,,
15164,07/18/2023 00:01:40,8.79,,,
15165,07/18/2023 00:04:40,9.26,,,
15166,07/18/2023 00:07:40,8.96,,,
15167,07/18/2023 00:10:40,8.71,,,
15168,07/18/2023 00:13:40,8.36,,,
15169,07/18/2023 00:16:40,8.32,,,
15170,07/18/2023 00:19:40,8.45,,,
15171,07/18/2023 00:22:40,8.36,,,
15172,07/18/2023 00:25:40,8.19,,,
15173,07/18/2023 00:28:40,7.81,,,
15174,07/18/2023 00:31:40,7.81,,,
15175,07/18/2023 00:34:40,7.81,,,
15176,07/18/2023 00:37:40,8.02,,,
15177,07/18/2023 00:40:40,7.98,,,
15178,07/18/2023 00:43:40,8.02,,,
15179,07/18/2023 00:46:40,7.89,,,
15180,07/18/2023 00:49:40,7.72,,,
15181,07/18/2023 00:52:40,7.93,,,
15182,07/18/2023 00:55:40,7.46,,,
15183,07/18/2023 00:58:40,7.16,,,
15184,07/18/2023 01:01:40,7.20,,,
15185,07/18/2023 01:04:40,7.25,,,
15186,07/18/2023 01:07:40,7.50,,,
15187,07/18/2023 01:10:40,7.59,,,
15188,07/18/2023 01:13:40,7.08,,,
15189,07/18/2023 01:16:40,6.78,,,
15190,07/18/2023 01:19:40,6.39,,,
15191,07/18/2023 01:22:40,6.48,,,
15192,07/18/2023 01:25:40,6.65,,,
15193,07/18/2023 01:28:40,6.60,,,
15194,07/18/2023 01:31:40,7.08,,,
15195,07/18/2023 01:34:40,7.42,,,
15196,07/18/2023 01:37:40,6.90,,,
15197,07/18/2023 01:40:40,6.52,,,
15198,07/18/2023 01:43:40,6.48,,,
15199,07/18/2023 01:46:40,6.73,,,
15200,07/18/2023 01:49:40,7.08,,,
15201,07/18/2023 01:52:40,7.03,,,
15202,07/18/2023 01:55:40,7.03,,,
15203,07/18/2023 01:58:40,6.73,,,
15204,07/18/2023 02:01:40,6.99,,,
15205,07/18/2023 02:04:40,6.95,,,
15206,07/18/2023 02:07:40,6.90,,,
15207,07/18/2023 02:10:40,6.60,,,
15208,07/18/2023 02:13:40,6.52,,,
15209,07/18/2023 02:16:40,6.90,,,
15210,07/18/2023 02:19:40,6.73,,,
15211,07/18/2023 02:22:40,6.22,,,
15212,07/18/2023 02:25:40,6.43,,,
15213,07/18/2023 02:28:40,6.65,,,
15214,07/18/2023 02:31:40,6.65,,,
15215,07/18/2023 02:34:40,6.82,,,
15216,07/18/2023 02:37:40,6.73,,,
15217,07/18/2023 02:40:40,6.56,,,
15218,07/18/2023 02:43:40,6.13,,,
15219,07/18/2023 02:46:40,5.79,,,
15220,07/18/2023 02:49:40,5.87,,,
15221,07/18/2023 02:52:40,6.00,,,
15222,07/18/2023 02:55:40,5.75,,,
15223,07/18/2023 02:58:40,5.75,,,
15224,07/18/2023 03:01:40,5.79,,,
15225,07/18/2023 03:04:40,6.00,,,
15226,07/18/2023 03:07:40,6.05,,,
15227,07/18/2023 03:10:40,6.00,,,
15228,07/18/2023 03:13:40,6.05,,,
15229,07/18/2023 03:16:40,5.83,,,
15230,07/18/2023 03:19:40,6.00,,,
15231,07/18/2023 03:22:40,5.70,,,
15232,07/18/2023 03:25:40,5.53,,,
15233,07/18/2023 03:28:40,5.70,,,
15234,07/18/2023 03:31:40,6.00,,,
15235,07/18/2023 03:34:40,6.39,,,
15236,07/18/2023 03:37:40,6.86,,,
15237,07/18/2023 03:40:40,6.73,,,
15238,07/18/2023 03:43:40,6.35,,,
15239,07/18/2023 03:46:40,5.96,,,
15240,07/18/2023 03:49:40,5.70,,,
15241,07/18/2023 03:52:40,5.62,,,
15242,07/18/2023 03:55:40,5.62,,,
15243,07/18/2023 03:58:40,5.66,,,
15244,07/18/2023 04:01:40,5.66,,,
15245,07/18/2023 04:04:40,5.66,,,
15246,07/18/2023 04:07:40,5.70,,,
15247,07/18/2023 04:10:40,5.45,,,
15248,07/18/2023 04:13:40,5.02,,,
15249,07/18/2023 04:16:40,4.89,,,
15250,07/18/2023 04:19:40,4.84,,,
15251,07/18/2023 04:22:40,4.63,,,
15252,07/18/2023 04:25:40,4.24,,,
15253,07/18/2023 04:28:40,4.16,,,
15254,07/18/2023 04:31:40,4.12,,,
15255,07/18/2023 04:34:40,4.12,,,
15256,07/18/2023 04:37:40,4.59,,,
15257,07/18/2023 04:40:40,4.89,,,
15258,07/18/2023 04:43:40,5.10,,,
15259,07/18/2023 04:46:40,5.10,,,
15260,07/18/2023 04:49:40,4.72,,,
15261,07/18/2023 04:52:40,4.46,,,
15262,07/18/2023 04:55:40,4.33,,,
15263,07/18/2023 04:58:40,4.42,,,
15264,07/18/2023 05:01:40,4.42,,,
15265,07/18/2023 05:04:40,4.59,,,
15266,07/18/2023 05:07:40,4.07,,,
15267,07/18/2023 05:10:40,3.86,,,
15268,07/18/2023 05:13:40,3.99,,,
15269,07/18/2023 05:16:40,3.69,,,
15270,07/18/2023 05:19:40,3.73,,,
15271,07/18/2023 05:22:40,3.77,,,
15272,07/18/2023 05:25:40,3.99,,,
15273,07/18/2023 05:28:40,4.16,,,
15274,07/18/2023 05:31:40,4.33,,,
15275,07/18/2023 05:34:40,4.37,,,
15276,07/18/2023 05:37:40,4.67,,,
15277,07/18/2023 05:40:40,4.59,,,
15278,07/18/2023 05:43:40,4.07,,,
15279,07/18/2023 05:46:40,3.77,,,
15280,07/18/2023 05:49:40,3.64,,,
15281,07/18/2023 05:52:40,3.69,,,
15282,07/18/2023 05:55:40,3.73,,,
15283,07/18/2023 05:58:40,4.16,,,
15284,07/18/2023 06:01:40,4.29,,,
15285,07/18/2023 06:04:40,4.20,,,
15286,07/18/2023 06:07:40,3.69,,,
15287,07/18/2023 06:10:40,3.82,,,
15288,07/18/2023 06:13:40,3.47,,,
15289,07/18/2023 06:16:40,3.34,,,
15290,07/18/2023 06:19:40,3.26,,,
15291,07/18/2023 06:22:40,3.30,,,
15292,07/18/2023 06:25:40,3.60,,,
15293,07/18/2023 06:28:40,3.64,,,
15294,07/18/2023 06:31:40,3.52,,,
15295,07/18/2023 06:34:40,3.60,,,
15296,07/18/2023 06:37:40,3.90,,,
15297,07/18/2023 06:40:40,4.20,,,
15298,07/18/2023 06:43:40,4.46,,,
15299,07/18/2023 06:46:40,4.37,,,
15300,07/18/2023 06:49:40,4.46,,,
15301,07/18/2023 06:52:40,4.97,,,
15302,07/18/2023 06:55:40,5.92,,,
15303,07/18/2023 06:58:40,6.52,,,
15304,07/18/2023 07:01:40,7.20,,,
15305,07/18/2023 07:04:40,7.63,,,
15306,07/18/2023 07:07:40,7.72,,,
15307,07/18/2023 07:10:40,8.32,,,
15308,07/18/2023 07:13:40,8.88,,,
15309,07/18/2023 07:16:40,9.35,,,
15310,07/18/2023 07:19:40,9.86,,,
15311,07/18/2023 07:22:40,10.29,,,
15312,07/18/2023 07:25:40,10.98,,,
15313,07/18/2023 07:28:40,10.72,,,
15314,07/18/2023 07:31:40,11.37,,,
15315,07/18/2023 07:34:40,12.18,,,
15316,07/18/2023 07:37:40,11.97,,,
15317,07/18/2023 07:40:40,11.84,,,
15318,07/18/2023 07:43:40,12.14,,,
15319,07/18/2023 07:46:40,13.08,,,
15320,07/18/2023 07:49:40,13.55,,,
15321,07/18/2023 07:52:40,13.30,,,
15322,07/18/2023 07:55:40,14.45,,,
15323,07/18/2023 07:58:40,14.88,,,
15324,07/18/2023 08:01:40,15.53,,,
15325,07/18/2023 08:04:40,16.99,,,
15326,07/18/2023 08:07:40,18.23,,,
15327,07/18/2023 08:10:40,19.17,,,
15328,07/18/2023 08:13:40,20.98,,,
15329,07/18/2023 08:16:40,21.88,,,
15330,07/18/2023 08:19:40,20.80,,,
15331,07/18/2023 08:22:40,21.70,,,
15332,07/18/2023 08:25:40,21.02,,,
15333,07/18/2023 08:28:40,19.39,,,
15334,07/18/2023 08:31:40,18.36,,,
15335,07/18/2023 08:34:40,17.89,,,
15336,07/18/2023 08:37:40,18.06,,,
15337,07/18/2023 08:40:40,18.02,,,
15338,07/18/2023 08:43:40,18.44,,,
15339,07/18/2023 08:46:40,18.74,,,
15340,07/18/2023 08:49:40,18.96,,,
15341,07/18/2023 08:52:40,19.56,,,
15342,07/18/2023 08:55:40,20.12,,,
15343,07/18/2023 08:58:40,20.37,,,
15344,07/18/2023 09:01:40,20.93,,,
15345,07/18/2023 09:04:40,21.92,,,
15346,07/18/2023 09:07:40,21.83,,,
15347,07/18/2023 09:10:40,22.39,,,
15348,07/18/2023 09:13:40,22.18,,,
15349,07/18/2023 09:16:40,22.18,,,
15350,07/18/2023 09:19:40,21.49,,,
15351,07/18/2023 09:22:40,21.49,,,
15352,07/18/2023 09:25:40,22.43,,,
15353,07/18/2023 09:28:40,21.75,,,
15354,07/18/2023 09:31:40,21.75,,,
15355,07/18/2023 09:34:40,23.42,,,
15356,07/18/2023 09:37:40,22.39,,,
15357,07/18/2023 09:40:40,22.18,,,
15358,07/18/2023 09:43:40,22.65,,,
15359,07/18/2023 09:46:40,23.29,,,
15360,07/18/2023 09:49:40,24.62,,,
15361,07/18/2023 09:52:40,23.38,,,
15362,07/18/2023 09:55:40,22.13,,,
15363,07/18/2023 09:58:40,22.52,,,
15364,07/18/2023 10:01:40,22.95,,,
15365,07/18/2023 10:04:40,24.45,,,
15366,07/18/2023 10:07:40,24.79,,,
15367,07/18/2023 10:10:40,24.92,,,
15368,07/18/2023 10:13:40,23.98,,,
15369,07/18/2023 10:16:40,24.24,,,
15370,07/18/2023 10:19:40,23.12,,,
15371,07/18/2023 10:22:40,22.56,,,
15372,07/18/2023 10:25:40,21.58,,,
15373,07/18/2023 10:28:40,21.19,,,
15374,07/18/2023 10:31:40,21.53,,,
15375,07/18/2023 10:34:40,23.34,,,
15376,07/18/2023 10:37:40,24.11,,,
15377,07/18/2023 10:40:40,24.41,,,
15378,07/18/2023 10:43:40,24.02,,,
15379,07/18/2023 10:46:40,24.06,,,
15380,07/18/2023 10:49:40,23.29,,,
15381,07/18/2023 10:52:40,22.78,,,
15382,07/18/2023 10:55:40,23.55,,,
15383,07/18/2023 10:58:40,23.34,,,
15384,07/18/2023 11:01:40,22.73,,,
15385,07/18/2023 11:04:40,22.31,,,
15386,07/18/2023 11:07:40,21.92,,,
15387,07/18/2023 11:10:40,21.88,,,
15388,07/18/2023 11:13:40,21.83,,,
15389,07/18/2023 11:16:40,21.96,,,
15390,07/18/2023 11:19:40,21.92,,,
15391,07/18/2023 11:22:40,22.13,,,
15392,07/18/2023 11:25:40,22.52,,,
15393,07/18/2023 11:28:40,23.55,,,
15394,07/18/2023 11:31:40,24.58,,,
15395,07/18/2023 11:34:40,24.79,,,
15396,07/18/2023 11:37:40,25.09,,,
15397,07/18/2023 11:40:40,25.95,,,
15398,07/18/2023 11:43:40,26.21,,,
15399,07/18/2023 11:46:40,25.78,,,
15400,07/18/2023 11:49:40,25.69,,,
15401,07/18/2023 11:52:40,26.38,,,
15402,07/18/2023 11:55:40,26.85,,,
15403,07/18/2023 11:58:40,26.12,,,
15404,07/18/2023 12:01:40,26.60,,,
15405,07/18/2023 12:04:40,26.85,,,
15406,07/18/2023 12:07:40,27.45,,,
15407,07/18/2023 12:10:40,27.67,,,
15408,07/18/2023 12:13:40,27.88,,,
15409,07/18/2023 12:16:40,27.50,,,
15410,07/18/2023 12:19:40,27.20,,,
15411,07/18/2023 12:22:40,27.20,,,
15412,07/18/2023 12:25:40,27.07,,,
15413,07/18/2023 12:28:40,25.82,,,
15414,07/18/2023 12:31:40,25.44,,,
15415,07/18/2023 12:34:40,27.11,,,
15416,07/18/2023 12:37:40,28.23,,,
15417,07/18/2023 12:40:40,28.83,,,
15418,07/18/2023 12:43:40,27.88,,,
15419,07/18/2023 12:46:40,27.41,,,
15420,07/18/2023 12:49:40,28.27,,,
15421,07/18/2023 12:52:40,29.26,,,
15422,07/18/2023 12:55:40,29.30,,,
15423,07/18/2023 12:58:40,30.46,,,
15424,07/18/2023 13:01:40,30.46,,,
15425,07/18/2023 13:04:40,30.67,,,
15426,07/18/2023 13:07:40,29.90,,,
15427,07/18/2023 13:10:40,28.95,,,
15428,07/18/2023 13:13:40,28.53,,,
15429,07/18/2023 13:16:40,28.87,,,
15430,07/18/2023 13:19:40,29.08,,,
15431,07/18/2023 13:22:40,28.40,,,
15432,07/18/2023 13:25:40,27.93,,,
15433,07/18/2023 13:28:40,28.40,,,
15434,07/18/2023 13:31:40,27.58,,,
15435,07/18/2023 13:34:40,28.35,,,
15436,07/18/2023 13:37:40,29.81,,,
15437,07/18/2023 13:40:40,29.56,,,
15438,07/18/2023 13:43:40,29.86,,,
15439,07/18/2023 13:46:40,28.83,,,
15440,07/18/2023 13:49:40,27.63,,,
15441,07/18/2023 13:52:40,28.83,,,
15442,07/18/2023 13:55:40,29.38,,,
15443,07/18/2023 13:58:40,29.13,,,
15444,07/18/2023 14:01:40,28.78,,,
15445,07/18/2023 14:04:40,30.03,,,
15446,07/18/2023 14:07:40,31.79,,,
15447,07/18/2023 14:10:40,31.14,,,
15448,07/18/2023 14:13:40,30.33,,,
15449,07/18/2023 14:16:40,30.16,,,
15450,07/18/2023 14:19:40,29.21,,,
15451,07/18/2023 14:22:40,29.68,,,
15452,07/18/2023 14:25:40,30.71,,,
15453,07/18/2023 14:28:40,30.33,,,
15454,07/18/2023 14:31:40,29.51,,,
15455,07/18/2023 14:34:40,29.86,,,
15456,07/18/2023 14:37:40,30.80,,,
15457,07/18/2023 14:40:40,30.89,,,
15458,07/18/2023 14:43:40,31.57,,,
15459,07/18/2023 14:46:40,30.20,,,
15460,07/18/2023 14:49:40,28.61,,,
15461,07/18/2023 14:52:40,29.26,,,
15462,07/18/2023 14:55:40,29.94,,,
15463,07/18/2023 14:58:40,29.30,,,
15464,07/18/2023 15:01:40,29.60,,,
15465,07/18/2023 15:04:40,29.94,,,
15466,07/18/2023 15:07:40,29.90,,,
15467,07/18/2023 15:10:40,29.34,,,
15468,07/18/2023 15:13:40,28.05,,,
15469,07/18/2023 15:16:40,28.40,,,
15470,07/18/2023 15:19:40,29.13,,,
15471,07/18/2023 15:22:40,29.43,,,
15472,07/18/2023 15:25:40,30.11,,,
15473,07/18/2023 15:28:40,29.90,,,
15474,07/18/2023 15:31:40,29.94,,,
15475,07/18/2023 15:34:40,30.20,,,
15476,07/18/2023 15:37:40,29.21,,,
15477,07/18/2023 15:40:40,29.60,,,
15478,07/18/2023 15:43:40,29.34,,,
15479,07/18/2023 15:46:40,28.18,,,
15480,07/18/2023 15:49:40,27.32,,,
15481,07/18/2023 15:52:40,28.35,,,
15482,07/18/2023 15:55:40,28.05,,,
15483,07/18/2023 15:58:40,27.20,,,
15484,07/18/2023 16:01:40,26.90,,,
15485,07/18/2023 16:04:40,27.28,,,
15486,07/18/2023 16:07:40,26.68,,,
15487,07/18/2023 16:10:40,26.34,,,
15488,07/18/2023 16:13:40,26.30,,,
15489,07/18/2023 16:16:40,26.34,,,
15490,07/18/2023 16:19:40,25.99,,,
15491,07/18/2023 16:22:40,25.74,,,
15492,07/18/2023 16:25:40,25.78,,,
15493,07/18/2023 16:28:40,26.51,,,
15494,07/18/2023 16:31:40,28.27,,,
15495,07/18/2023 16:34:40,29.04,,,
15496,07/18/2023 16:37:40,29.21,,,
15497,07/18/2023 16:40:40,28.91,,,
15498,07/18/2023 16:43:40,27.80,,,
15499,07/18/2023 16:46:40,27.32,,,
15500,07/18/2023 16:49:40,27.20,,,
15501,07/18/2023 16:52:40,27.11,,,
15502,07/18/2023 16:55:40,28.44,,,
15503,07/18/2023 16:58:40,28.27,,,
15504,07/18/2023 17:01:40,27.67,,,
15505,07/18/2023 17:04:40,27.20,,,
15506,07/18/2023 17:07:40,26.68,,,
15507,07/18/2023 17:10:40,26.60,,,
15508,07/18/2023 17:13:40,27.28,,,
15509,07/18/2023 17:16:40,27.54,,,
15510,07/18/2023 17:19:40,27.54,,,
15511,07/18/2023 17:22:40,27.41,,,
15512,07/18/2023 17:25:40,27.11,,,
15513,07/18/2023 17:28:40,26.94,,,
15514,07/18/2023 17:31:40,27.02,,,
15515,07/18/2023 17:34:40,26.90,,,
15516,07/18/2023 17:37:40,27.02,,,
15517,07/18/2023 17:40:40,27.02,,,
15518,07/18/2023 17:43:40,27.28,,,
15519,07/18/2023 17:46:40,27.58,,,
15520,07/18/2023 17:49:40,27.24,,,
15521,07/18/2023 17:52:40,27.07,,,
15522,07/18/2023 17:55:40,26.90,,,
15523,07/18/2023 17:58:40,26.90,,,
15524,07/18/2023 18:01:40,26.85,,,
15525,07/18/2023 18:04:40,26.81,,,
15526,07/18/2023 18:07:40,26.98,,,
15527,07/18/2023 18:10:40,26.94,,,
15528,07/18/2023 18:13:40,27.45,,,
15529,07/18/2023 18:16:40,27.24,,,
15530,07/18/2023 18:19:40,26.60,,,
15531,07/18/2023 18:22:40,26.30,,,
15532,07/18/2023 18:25:40,25.82,,,
15533,07/18/2023 18:28:40,25.48,,,
15534,07/18/2023 18:31:40,25.44,,,
15535,07/18/2023 18:34:40,25.35,,,
15536,07/18/2023 18:37:40,25.39,,,
15537,07/18/2023 18:40:40,25.57,,,
15538,07/18/2023 18:43:40,25.99,,,
15539,07/18/2023 18:46:40,26.55,,,
15540,07/18/2023 18:49:40,26.55,,,
15541,07/18/2023 18:52:40,26.55,,,
15542,07/18/2023 18:55:40,26.55,,,
15543,07/18/2023 18:58:40,26.42,,,
15544,07/18/2023 19:01:40,26.21,,,
15545,07/18/2023 19:04:40,25.61,,,
15546,07/18/2023 19:07:40,25.35,,,
15547,07/18/2023 19:10:40,25.31,,,
15548,07/18/2023 19:13:40,25.14,,,
15549,07/18/2023 19:16:40,24.88,,,
15550,07/18/2023 19:19:40,24.66,,,
15551,07/18/2023 19:22:40,24.19,,,
15552,07/18/2023 19:25:40,23.89,,,
15553,07/18/2023 19:28:40,23.85,,,
15554,07/18/2023 19:31:40,23.64,,,
15555,07/18/2023 19:34:40,23.72,,,
15556,07/18/2023 19:37:40,23.25,,,
15557,07/18/2023 19:40:40,22.95,,,
15558,07/18/2023 19:43:40,22.91,,,
15559,07/18/2023 19:46:40,22.48,,,
15560,07/18/2023 19:49:40,22.09,,,
15561,07/18/2023 19:52:40,22.09,,,
15562,07/18/2023 19:55:40,22.95,,,
15563,07/18/2023 19:58:40,23.46,,,
15564,07/18/2023 20:01:40,23.42,,,
15565,07/18/2023 20:04:40,23.42,,,
15566,07/18/2023 20:07:40,23.08,,,
15567,07/18/2023 20:10:40,22.78,,,
15568,07/18/2023 20:13:40,22.95,,,
15569,07/18/2023 20:16:40,23.34,,,
15570,07/18/2023 20:19:40,23.21,,,
15571,07/18/2023 20:22:40,22.86,,,
15572,07/18/2023 20:25:40,22.95,,,
15573,07/18/2023 20:28:40,22.73,,,
15574,07/18/2023 20:31:40,21.92,,,
15575,07/18/2023 20:34:40,21.45,,,
15576,07/18/2023 20:37:40,21.15,,,
15577,07/18/2023 20:40:40,21.23,,,
15578,07/18/2023 20:43:40,21.36,,,
15579,07/18/2023 20:46:40,21.32,,,
15580,07/18/2023 20:49:40,21.19,,,
15581,07/18/2023 20:52:40,21.06,,,
15582,07/18/2023 20:55:40,21.02,,,
15583,07/18/2023 20:58:40,20.46,,,
15584,07/18/2023 21:01:40,20.29,,,
15585,07/18/2023 21:04:40,20.25,,,
15586,07/18/2023 21:07:40,20.12,,,
15587,07/18/2023 21:10:40,20.29,,,
15588,07/18/2023 21:13:40,20.29,,,
15589,07/18/2023 21:16:40,20.33,,,
15590,07/18/2023 21:19:40,20.29,,,
15591,07/18/2023 21:22:40,20.12,,,
15592,07/18/2023 21:25:40,19.82,,,
15593,07/18/2023 21:28:40,19.82,,,
15594,07/18/2023 21:31:40,20.07,,,
15595,07/18/2023 21:34:40,19.73,,,
15596,07/18/2023 21:37:40,19.35,,,
15597,07/18/2023 21:40:40,19.17,,,
15598,07/18/2023 21:43:40,18.79,,,
15599,07/18/2023 21:46:40,18.74,,,
15600,07/18/2023 21:49:40,18.74,,,
15601,07/18/2023 21:52:40,18.70,,,
15602,07/18/2023 21:55:40,18.66,,,
15603,07/18/2023 21:58:40,18.57,,,
15604,07/18/2023 22:01:40,18.36,,,
15605,07/18/2023 22:04:40,18.19,,,
15606,07/18/2023 22:07:40,18.27,,,
15607,07/18/2023 22:10:40,17.97,,,
15608,07/18/2023 22:13:40,17.67,,,
15609,07/18/2023 22:16:40,17.72,,,
15610,07/18/2023 22:19:40,18.10,,,
15611,07/18/2023 22:22:40,18.19,,,
15612,07/18/2023 22:25:40,18.74,,,
15613,07/18/2023 22:28:40,18.53,,,
15614,07/18/2023 22:31:40,18.10,,,
15615,07/18/2023 22:34:40,17.84,,,
15616,07/18/2023 22:37:40,17.89,,,
15617,07/18/2023 22:40:40,17.76,,,
15618,07/18/2023 22:43:40,17.97,,,
15619,07/18/2023 22:46:40,18.02,,,
15620,07/18/2023 22:49:40,17.93,,,
15621,07/18/2023 22:52:40,17.72,,,
15622,07/18/2023 22:55:40,17.29,,,
15623,07/18/2023 22:58:40,17.16,,,
15624,07/18/2023 23:01:40,16.94,,,
15625,07/18/2023 23:04:40,16.94,,,
15626,07/18/2023 23:07:40,17.20,,,
15627,07/18/2023 23:10:40,17.11,,,
15628,07/18/2023 23:13:40,16.90,,,
15629,07/18/2023 23:16:40,16.64,,,
15630,07/18/2023 23:19:40,16.64,,,
15631,07/18/2023 23:22:40,16.64,,,
15632,07/18/2023 23:25:40,16.73,,,
15633,07/18/2023 23:28:40,16.81,,,
15634,07/18/2023 23:31:40,16.77,,,
15635,07/18/2023 23:34:40,16.73,,,
15636,07/18/2023 23:37:40,16.64,,,
15637,07/18/2023 23:40:40,16.56,,,
15638,07/18/2023 23:43:40,16.47,,,
15639,07/18/2023 23:46:40,16.43,,,
15640,07/18/2023 23:49:40,16.43,,,
15641,07/18/2023 23:52:40,16.30,,,
15642,07/18/2023 23:55:40,16.34,,,
15643,07/18/2023 23:58:40,16.51,,,
15644,07/19/2023 00:01:40,16.43,,,
15645,07/19/2023 00:04:40,16.47,,,
15646,07/19/2023 00:07:40,16.34,,,
15647,07/19/2023 00:10:40,16.39,,,
15648,07/19/2023 00:13:40,16.43,,,
15649,07/19/2023 00:16:40,16.56,,,
15650,07/19/2023 00:19:40,16.56,,,
15651,07/19/2023 00:22:40,16.47,,,
15652,07/19/2023 00:25:40,16.30,,,
15653,07/19/2023 00:28:40,16.13,,,
15654,07/19/2023 00:31:40,16.17,,,
15655,07/19/2023 00:34:40,16.26,,,
15656,07/19/2023 00:37:40,16.13,,,
15657,07/19/2023 00:40:40,16.13,,,
15658,07/19/2023 00:43:40,16.08,,,
15659,07/19/2023 00:46:40,16.04,,,
15660,07/19/2023 00:49:40,16.08,,,
15661,07/19/2023 00:52:40,16.08,,,
15662,07/19/2023 00:55:40,16.13,,,
15663,07/19/2023 00:58:40,16.13,,,
15664,07/19/2023 01:01:40,16.00,,,
15665,07/19/2023 01:04:40,15.74,,,
15666,07/19/2023 01:07:40,15.61,,,
15667,07/19/2023 01:10:40,15.57,,,
15668,07/19/2023 01:13:40,15.53,,,
15669,07/19/2023 01:16:40,15.36,,,
15670,07/19/2023 01:19:40,15.27,,,
15671,07/19/2023 01:22:40,15.27,,,
15672,07/19/2023 01:25:40,15.40,,,
15673,07/19/2023 01:28:40,15.36,,,
15674,07/19/2023 01:31:40,15.23,,,
15675,07/19/2023 01:34:40,15.10,,,
15676,07/19/2023 01:37:40,15.10,,,
15677,07/19/2023 01:40:40,15.40,,,
15678,07/19/2023 01:43:40,15.57,,,
15679,07/19/2023 01:46:40,15.31,,,
15680,07/19/2023 01:49:40,15.06,,,
15681,07/19/2023 01:52:40,14.88,,,
15682,07/19/2023 01:55:40,14.80,,,
15683,07/19/2023 01:58:40,14.50,,,
15684,07/19/2023 02:01:40,14.54,,,
15685,07/19/2023 02:04:40,14.11,,,
15686,07/19/2023 02:07:40,14.03,,,
15687,07/19/2023 02:10:40,14.11,,,
15688,07/19/2023 02:13:40,13.73,,,
15689,07/19/2023 02:16:40,13.60,,,
15690,07/19/2023 02:19:40,13.51,,,
15691,07/19/2023 02:22:40,13.55,,,
15692,07/19/2023 02:25:40,13.47,,,
15693,07/19/2023 02:28:40,13.34,,,
15694,07/19/2023 02:31:40,13.17,,,
15695,07/19/2023 02:34:40,13.17,,,
15696,07/19/2023 02:37:40,13.08,,,
15697,07/19/2023 02:40:40,12.78,,,
15698,07/19/2023 02:43:40,12.57,,,
15699,07/19/2023 02:46:40,12.40,,,
15700,07/19/2023 02:49:40,12.10,,,
15701,07/19/2023 02:52:40,11.84,,,
15702,07/19/2023 02:55:40,11.67,,,
15703,07/19/2023 02:58:40,11.54,,,
15704,07/19/2023 03:01:40,11.49,,,
15705,07/19/2023 03:04:40,11.37,,,
15706,07/19/2023 03:07:40,11.67,,,
15707,07/19/2023 03:10:40,11.45,,,
15708,07/19/2023 03:13:40,11.19,,,
15709,07/19/2023 03:16:40,10.98,,,
15710,07/19/2023 03:19:40,10.85,,,
15711,07/19/2023 03:22:40,11.07,,,
15712,07/19/2023 03:25:40,10.94,,,
15713,07/19/2023 03:28:40,10.77,,,
15714,07/19/2023 03:31:40,10.59,,,
15715,07/19/2023 03:34:40,10.25,,,
15716,07/19/2023 03:37:40,10.29,,,
15717,07/19/2023 03:40:40,10.12,,,
15718,07/19/2023 03:43:40,9.91,,,
15719,07/19/2023 03:46:40,9.78,,,
15720,07/19/2023 03:49:40,9.65,,,
15721,07/19/2023 03:52:40,9.48,,,
15722,07/19/2023 03:55:40,9.39,,,
15723,07/19/2023 03:58:40,9.69,,,
15724,07/19/2023 04:01:40,9.56,,,
15725,07/19/2023 04:04:40,9.65,,,
15726,07/19/2023 04:07:40,9.61,,,
15727,07/19/2023 04:10:40,9.69,,,
15728,07/19/2023 04:13:40,9.26,,,
15729,07/19/2023 04:16:40,9.01,,,
15730,07/19/2023 04:19:40,8.83,,,
15731,07/19/2023 04:22:40,8.79,,,
15732,07/19/2023 04:25:40,8.75,,,
15733,07/19/2023 04:28:40,8.83,,,
15734,07/19/2023 04:31:40,9.22,,,
15735,07/19/2023 04:34:40,8.88,,,
15736,07/19/2023 04:37:40,8.71,,,
15737,07/19/2023 04:40:40,8.66,,,
15738,07/19/2023 04:43:40,8.66,,,
15739,07/19/2023 04:46:40,8.75,,,
15740,07/19/2023 04:49:40,8.96,,,
15741,07/19/2023 04:52:40,9.18,,,
15742,07/19/2023 04:55:40,9.48,,,
15743,07/19/2023 04:58:40,9.52,,,
15744,07/19/2023 05:01:40,9.74,,,
15745,07/19/2023 05:04:40,9.69,,,
15746,07/19/2023 05:07:40,9.65,,,
15747,07/19/2023 05:10:40,9.65,,,
15748,07/19/2023 05:13:40,9.65,,,
15749,07/19/2023 05:16:40,9.69,,,
15750,07/19/2023 05:19:40,9.65,,,
15751,07/19/2023 05:22:40,9.78,,,
15752,07/19/2023 05:25:40,9.56,,,
15753,07/19/2023 05:28:40,9.48,,,
15754,07/19/2023 05:31:40,9.35,,,
15755,07/19/2023 05:34:40,9.31,,,
15756,07/19/2023 05:37:40,9.26,,,
15757,07/19/2023 05:40:40,9.14,,,
15758,07/19/2023 05:43:40,9.39,,,
15759,07/19/2023 05:46:40,9.05,,,
15760,07/19/2023 05:49:40,8.96,,,
15761,07/19/2023 05:52:40,8.88,,,
15762,07/19/2023 05:55:40,8.75,,,
15763,07/19/2023 05:58:40,8.58,,,
15764,07/19/2023 06:01:40,8.71,,,
15765,07/19/2023 06:04:40,8.88,,,
15766,07/19/2023 06:07:40,9.05,,,
15767,07/19/2023 06:10:40,9.14,,,
15768,07/19/2023 06:13:40,8.92,,,
15769,07/19/2023 06:16:40,8.79,,,
15770,07/19/2023 06:19:40,8.75,,,
15771,07/19/2023 06:22:40,8.62,,,
15772,07/19/2023 06:25:40,8.66,,,
15773,07/19/2023 06:28:40,8.92,,,
15774,07/19/2023 06:31:40,9.39,,,
15775,07/19/2023 06:34:40,9.69,,,
15776,07/19/2023 06:37:40,9.82,,,
15777,07/19/2023 06:40:40,9.86,,,
15778,07/19/2023 06:43:40,9.82,,,
15779,07/19/2023 06:46:40,9.61,,,
15780,07/19/2023 06:49:40,9.48,,,
15781,07/19/2023 06:52:40,9.48,,,
15782,07/19/2023 06:55:40,9.48,,,
15783,07/19/2023 06:58:40,9.61,,,
15784,07/19/2023 07:01:40,9.91,,,
15785,07/19/2023 07:04:40,10.81,,,
15786,07/19/2023 07:07:40,12.01,,,
15787,07/19/2023 07:10:40,12.57,,,
15788,07/19/2023 07:13:40,13.30,,,
15789,07/19/2023 07:16:40,14.41,,,
15790,07/19/2023 07:19:40,14.88,,,
15791,07/19/2023 07:22:40,16.26,,,
15792,07/19/2023 07:25:40,17.80,,,
15793,07/19/2023 07:28:40,17.93,,,
15794,07/19/2023 07:31:40,18.70,,,
15795,07/19/2023 07:34:40,17.07,,,
15796,07/19/2023 07:37:40,17.84,,,
15797,07/19/2023 07:40:40,16.51,,,
15798,07/19/2023 07:43:40,18.36,,,
15799,07/19/2023 07:46:40,19.26,,,
15800,07/19/2023 07:49:40,20.93,,,
15801,07/19/2023 07:52:40,22.09,,,
15802,07/19/2023 07:55:40,23.46,,,
15803,07/19/2023 07:58:40,20.16,,,
15804,07/19/2023 08:01:40,19.47,,,
15805,07/19/2023 08:04:40,19.26,,,
15806,07/19/2023 08:07:40,18.44,,,
15807,07/19/2023 08:10:40,18.53,,,
15808,07/19/2023 08:13:40,18.40,,,
15809,07/19/2023 08:16:40,18.32,,,
15810,07/19/2023 08:19:40,18.32,,,
15811,07/19/2023 08:22:40,18.53,,,
15812,07/19/2023 08:25:40,18.87,,,
15813,07/19/2023 08:28:40,18.44,,,
15814,07/19/2023 08:31:40,17.89,,,
15815,07/19/2023 08:34:40,17.54,,,
15816,07/19/2023 08:37:40,17.16,,,
15817,07/19/2023 08:40:40,17.20,,,
15818,07/19/2023 08:43:40,17.80,,,
15819,07/19/2023 08:46:40,18.36,,,
15820,07/19/2023 08:49:40,19.35,,,
15821,07/19/2023 08:52:40,19.35,,,
15822,07/19/2023 08:55:40,18.49,,,
15823,07/19/2023 08:58:40,18.32,,,
15824,07/19/2023 09:01:40,19.00,,,
15825,07/19/2023 09:04:40,19.69,,,
15826,07/19/2023 09:07:40,19.65,,,
15827,07/19/2023 09:10:40,20.16,,,
15828,07/19/2023 09:13:40,19.17,,,
15829,07/19/2023 09:16:40,18.32,,,
15830,07/19/2023 09:19:40,19.39,,,
15831,07/19/2023 09:22:40,19.69,,,
15832,07/19/2023 09:25:40,19.73,,,
15833,07/19/2023 09:28:40,19.65,,,
15834,07/19/2023 09:31:40,19.17,,,
15835,07/19/2023 09:34:40,19.65,,,
15836,07/19/2023 09:37:40,19.82,,,
15837,07/19/2023 09:40:40,19.73,,,
15838,07/19/2023 09:43:40,19.13,,,
15839,07/19/2023 09:46:40,19.00,,,
15840,07/19/2023 09:49:40,20.98,,,
15841,07/19/2023 09:52:40,21.19,,,
15842,07/19/2023 09:55:40,20.85,,,
15843,07/19/2023 09:58:40,21.32,,,
15844,07/19/2023 10:01:40,21.75,,,
15845,07/19/2023 10:04:40,21.70,,,
15846,07/19/2023 10:07:40,22.48,,,
15847,07/19/2023 10:10:40,22.52,,,
15848,07/19/2023 10:13:40,22.56,,,
15849,07/19/2023 10:16:40,22.69,,,
15850,07/19/2023 10:19:40,22.86,,,
15851,07/19/2023 10:22:40,22.82,,,
15852,07/19/2023 10:25:40,23.42,,,
15853,07/19/2023 10:28:40,23.34,,,
15854,07/19/2023 10:31:40,23.42,,,
15855,07/19/2023 10:34:40,23.46,,,
15856,07/19/2023 10:37:40,23.68,,,
15857,07/19/2023 10:40:40,23.89,,,
15858,07/19/2023 10:43:40,24.11,,,
15859,07/19/2023 10:46:40,23.51,,,
15860,07/19/2023 10:49:40,23.68,,,
15861,07/19/2023 10:52:40,24.06,,,
15862,07/19/2023 10:55:40,23.85,,,
15863,07/19/2023 10:58:40,23.85,,,
15864,07/19/2023 11:01:40,23.94,,,
15865,07/19/2023 11:04:40,24.32,,,
15866,07/19/2023 11:07:40,24.41,,,
15867,07/19/2023 11:10:40,24.32,,,
15868,07/19/2023 11:13:40,24.79,,,
15869,07/19/2023 11:16:40,25.09,,,
15870,07/19/2023 11:19:40,25.27,,,
15871,07/19/2023 11:22:40,25.27,,,
15872,07/19/2023 11:25:40,24.75,,,
15873,07/19/2023 11:28:40,25.48,,,
15874,07/19/2023 11:31:40,26.25,,,
15875,07/19/2023 11:34:40,25.48,,,
15876,07/19/2023 11:37:40,26.34,,,
15877,07/19/2023 11:40:40,26.38,,,
15878,07/19/2023 11:43:40,26.38,,,
15879,07/19/2023 11:46:40,25.65,,,
15880,07/19/2023 11:49:40,26.98,,,
15881,07/19/2023 11:52:40,27.45,,,
15882,07/19/2023 11:55:40,28.48,,,
15883,07/19/2023 11:58:40,28.65,,,
15884,07/19/2023 12:01:40,27.28,,,
15885,07/19/2023 12:04:40,26.04,,,
15886,07/19/2023 12:07:40,25.48,,,
15887,07/19/2023 12:10:40,25.09,,,
15888,07/19/2023 12:13:40,25.05,,,
15889,07/19/2023 12:16:40,25.48,,,
15890,07/19/2023 12:19:40,27.15,,,
15891,07/19/2023 12:22:40,27.45,,,
15892,07/19/2023 12:25:40,28.01,,,
15893,07/19/2023 12:28:40,27.93,,,
15894,07/19/2023 12:31:40,27.37,,,
15895,07/19/2023 12:34:40,25.69,,,
15896,07/19/2023 12:37:40,25.82,,,
15897,07/19/2023 12:40:40,26.94,,,
15898,07/19/2023 12:43:40,27.02,,,
15899,07/19/2023 12:46:40,27.15,,,
15900,07/19/2023 12:49:40,28.01,,,
15901,07/19/2023 12:52:40,28.44,,,
15902,07/19/2023 12:55:40,29.34,,,
15903,07/19/2023 12:58:40,28.53,,,
15904,07/19/2023 13:01:40,27.67,,,
15905,07/19/2023 13:04:40,27.54,,,
15906,07/19/2023 13:07:40,26.25,,,
15907,07/19/2023 13:10:40,25.22,,,
15908,07/19/2023 13:13:40,26.17,,,
15909,07/19/2023 13:16:40,27.11,,,
15910,07/19/2023 13:19:40,27.32,,,
15911,07/19/2023 13:22:40,27.45,,,
15912,07/19/2023 13:25:40,27.20,,,
15913,07/19/2023 13:28:40,27.20,,,
15914,07/19/2023 13:31:40,27.15,,,
15915,07/19/2023 13:34:40,27.28,,,
15916,07/19/2023 13:37:40,27.67,,,
15917,07/19/2023 13:40:40,27.71,,,
15918,07/19/2023 13:43:40,27.93,,,
15919,07/19/2023 13:46:40,28.14,,,
15920,07/19/2023 13:49:40,27.20,,,
15921,07/19/2023 13:52:40,27.84,,,
15922,07/19/2023 13:55:40,27.93,,,
15923,07/19/2023 13:58:40,27.20,,,
15924,07/19/2023 14:01:40,27.54,,,
15925,07/19/2023 14:04:40,28.14,,,
15926,07/19/2023 14:07:40,28.40,,,
15927,07/19/2023 14:10:40,28.74,,,
15928,07/19/2023 14:13:40,28.10,,,
15929,07/19/2023 14:16:40,28.65,,,
15930,07/19/2023 14:19:40,28.10,,,
15931,07/19/2023 14:22:40,28.53,,,
15932,07/19/2023 14:25:40,28.10,,,
15933,07/19/2023 14:28:40,27.88,,,
15934,07/19/2023 14:31:40,27.71,,,
15935,07/19/2023 14:34:40,27.93,,,
15936,07/19/2023 14:37:40,28.01,,,
15937,07/19/2023 14:40:40,27.75,,,
15938,07/19/2023 14:43:40,28.78,,,
15939,07/19/2023 14:46:40,28.01,,,
15940,07/19/2023 14:49:40,28.35,,,
15941,07/19/2023 14:52:40,29.26,,,
15942,07/19/2023 14:55:40,29.21,,,
15943,07/19/2023 14:58:40,29.00,,,
15944,07/19/2023 15:01:40,28.78,,,
15945,07/19/2023 15:04:40,28.70,,,
15946,07/19/2023 15:07:40,28.35,,,
15947,07/19/2023 15:10:40,27.67,,,
15948,07/19/2023 15:13:40,27.84,,,
15949,07/19/2023 15:16:40,28.53,,,
15950,07/19/2023 15:19:40,28.14,,,
15951,07/19/2023 15:22:40,28.14,,,
15952,07/19/2023 15:25:40,28.53,,,
15953,07/19/2023 15:28:40,28.10,,,
15954,07/19/2023 15:31:40,28.14,,,
15955,07/19/2023 15:34:40,28.53,,,
15956,07/19/2023 15:37:40,28.01,,,
15957,07/19/2023 15:40:40,27.84,,,
15958,07/19/2023 15:43:40,28.23,,,
15959,07/19/2023 15:46:40,27.37,,,
15960,07/19/2023 15:49:40,27.75,,,
15961,07/19/2023 15:52:40,26.94,,,
15962,07/19/2023 15:55:40,26.42,,,
15963,07/19/2023 15:58:40,27.11,,,
15964,07/19/2023 16:01:40,26.17,,,
15965,07/19/2023 16:04:40,25.69,,,
15966,07/19/2023 16:07:40,25.74,,,
15967,07/19/2023 16:10:40,27.07,,,
15968,07/19/2023 16:13:40,27.63,,,
15969,07/19/2023 16:16:40,26.21,,,
15970,07/19/2023 16:19:40,25.48,,,
15971,07/19/2023 16:22:40,25.18,,,
15972,07/19/2023 16:25:40,26.08,,,
15973,07/19/2023 16:28:40,26.12,,,
15974,07/19/2023 16:31:40,25.69,,,
15975,07/19/2023 16:34:40,25.18,,,
15976,07/19/2023 16:37:40,25.82,,,
15977,07/19/2023 16:40:40,26.34,,,
15978,07/19/2023 16:43:40,26.64,,,
15979,07/19/2023 16:46:40,27.24,,,
15980,07/19/2023 16:49:40,27.20,,,
15981,07/19/2023 16:52:40,26.85,,,
15982,07/19/2023 16:55:40,26.04,,,
15983,07/19/2023 16:58:40,26.68,,,
15984,07/19/2023 17:01:40,26.30,,,
15985,07/19/2023 17:04:40,26.55,,,
15986,07/19/2023 17:07:40,27.32,,,
15987,07/19/2023 17:10:40,27.37,,,
15988,07/19/2023 17:13:40,27.32,,,
15989,07/19/2023 17:16:40,27.15,,,
15990,07/19/2023 17:19:40,27.41,,,
15991,07/19/2023 17:22:40,27.15,,,
15992,07/19/2023 17:25:40,26.12,,,
15993,07/19/2023 17:28:40,26.55,,,
15994,07/19/2023 17:31:40,26.34,,,
15995,07/19/2023 17:34:40,25.44,,,
15996,07/19/2023 17:37:40,25.57,,,
15997,07/19/2023 17:40:40,25.74,,,
15998,07/19/2023 17:43:40,25.99,,,
15999,07/19/2023 17:46:40,26.25,,,
16000,07/19/2023 17:49:40,26.30,,,
16001,07/19/2023 17:52:40,26.12,,,
16002,07/19/2023 17:55:40,25.44,,,
16003,07/19/2023 17:58:40,25.78,,,
16004,07/19/2023 18:01:40,25.99,,,
16005,07/19/2023 18:04:40,26.60,,,
16006,07/19/2023 18:07:40,26.17,,,
16007,07/19/2023 18:10:40,25.82,,,
16008,07/19/2023 18:13:40,25.48,,,
16009,07/19/2023 18:16:40,25.44,,,
16010,07/19/2023 18:19:40,25.27,,,
16011,07/19/2023 18:22:40,24.79,,,
16012,07/19/2023 18:25:40,24.62,,,
16013,07/19/2023 18:28:40,24.28,,,
16014,07/19/2023 18:31:40,23.94,,,
16015,07/19/2023 18:34:40,23.85,,,
16016,07/19/2023 18:37:40,24.28,,,
16017,07/19/2023 18:40:40,24.49,,,
16018,07/19/2023 18:43:40,24.41,,,
16019,07/19/2023 18:46:40,24.15,,,
16020,07/19/2023 18:49:40,24.02,,,
16021,07/19/2023 18:52:40,23.72,,,
16022,07/19/2023 18:55:40,23.34,,,
16023,07/19/2023 18:58:40,23.21,,,
16024,07/19/2023 19:01:40,23.34,,,
16025,07/19/2023 19:04:40,23.34,,,
16026,07/19/2023 19:07:40,23.25,,,
16027,07/19/2023 19:10:40,23.16,,,
16028,07/19/2023 19:13:40,23.08,,,
16029,07/19/2023 19:16:40,22.95,,,
16030,07/19/2023 19:19:40,22.91,,,
16031,07/19/2023 19:22:40,22.86,,,
16032,07/19/2023 19:25:40,22.73,,,
16033,07/19/2023 19:28:40,22.56,,,
16034,07/19/2023 19:31:40,22.31,,,
16035,07/19/2023 19:34:40,22.13,,,
16036,07/19/2023 19:37:40,22.13,,,
16037,07/19/2023 19:40:40,22.13,,,
16038,07/19/2023 19:43:40,22.01,,,
16039,07/19/2023 19:46:40,22.01,,,
16040,07/19/2023 19:49:40,22.01,,,
16041,07/19/2023 19:52:40,21.62,,,
16042,07/19/2023 19:55:40,21.10,,,
16043,07/19/2023 19:58:40,20.85,,,
16044,07/19/2023 20:01:40,20.29,,,
16045,07/19/2023 20:04:40,19.82,,,
16046,07/19/2023 20:07:40,19.39,,,
16047,07/19/2023 20:10:40,19.17,,,
16048,07/19/2023 20:13:40,18.87,,,
16049,07/19/2023 20:16:40,18.79,,,
16050,07/19/2023 20:19:40,18.44,,,
16051,07/19/2023 20:22:40,18.36,,,
16052,07/19/2023 20:25:40,18.19,,,
16053,07/19/2023 20:28:40,18.19,,,
16054,07/19/2023 20:31:40,18.06,,,
16055,07/19/2023 20:34:40,18.23,,,
16056,07/19/2023 20:37:40,18.23,,,
16057,07/19/2023 20:40:40,18.06,,,
16058,07/19/2023 20:43:40,17.80,,,
16059,07/19/2023 20:46:40,17.80,,,
16060,07/19/2023 20:49:40,17.76,,,
16061,07/19/2023 20:52:40,17.76,,,
16062,07/19/2023 20:55:40,17.93,,,
16063,07/19/2023 20:58:40,17.72,,,
16064,07/19/2023 21:01:40,17.97,,,
16065,07/19/2023 21:04:40,17.89,,,
16066,07/19/2023 21:07:40,17.59,,,
16067,07/19/2023 21:10:40,17.37,,,
16068,07/19/2023 21:13:40,17.41,,,
16069,07/19/2023 21:16:40,16.90,,,
16070,07/19/2023 21:19:40,16.73,,,
16071,07/19/2023 21:22:40,16.56,,,
16072,07/19/2023 21:25:40,16.56,,,
16073,07/19/2023 21:28:40,16.39,,,
16074,07/19/2023 21:31:40,15.96,,,
16075,07/19/2023 21:34:40,15.66,,,
16076,07/19/2023 21:37:40,15.44,,,
16077,07/19/2023 21:40:40,15.27,,,
16078,07/19/2023 21:43:40,15.14,,,
16079,07/19/2023 21:46:40,15.01,,,
16080,07/19/2023 21:49:40,15.06,,,
16081,07/19/2023 21:52:40,15.06,,,
16082,07/19/2023 21:55:40,15.10,,,
16083,07/19/2023 21:58:40,15.23,,,
16084,07/19/2023 22:01:40,15.27,,,
16085,07/19/2023 22:04:40,14.97,,,
16086,07/19/2023 22:07:40,14.67,,,
16087,07/19/2023 22:10:40,14.41,,,
16088,07/19/2023 22:13:40,14.33,,,
16089,07/19/2023 22:16:40,14.11,,,
16090,07/19/2023 22:19:40,14.24,,,
16091,07/19/2023 22:22:40,14.33,,,
16092,07/19/2023 22:25:40,14.67,,,
16093,07/19/2023 22:28:40,14.67,,,
16094,07/19/2023 22:31:40,14.50,,,
16095,07/19/2023 22:34:40,14.07,,,
16096,07/19/2023 22:37:40,13.85,,,
16097,07/19/2023 22:40:40,13.81,,,
16098,07/19/2023 22:43:40,13.77,,,
16099,07/19/2023 22:46:40,13.55,,,
16100,07/19/2023 22:49:40,13.51,,,
16101,07/19/2023 22:52:40,13.43,,,
16102,07/19/2023 22:55:40,13.43,,,
16103,07/19/2023 22:58:40,13.25,,,
16104,07/19/2023 23:01:40,13.00,,,
16105,07/19/2023 23:04:40,13.04,,,
16106,07/19/2023 23:07:40,13.17,,,
16107,07/19/2023 23:10:40,13.08,,,
16108,07/19/2023 23:13:40,13.00,,,
16109,07/19/2023 23:16:40,12.91,,,
16110,07/19/2023 23:19:40,12.82,,,
16111,07/19/2023 23:22:40,12.65,,,
16112,07/19/2023 23:25:40,12.44,,,
16113,07/19/2023 23:28:40,12.27,,,
16114,07/19/2023 23:31:40,12.01,,,
16115,07/19/2023 23:34:40,12.01,,,
16116,07/19/2023 23:37:40,11.92,,,
16117,07/19/2023 23:40:40,11.97,,,
16118,07/19/2023 23:43:40,11.88,,,
16119,07/19/2023 23:46:40,11.88,,,
16120,07/19/2023 23:49:40,11.88,,,
16121,07/19/2023 23:52:40,11.84,,,
16122,07/19/2023 23:55:40,11.67,,,
16123,07/19/2023 23:58:40,11.71,,,
16124,07/20/2023 00:01:40,11.62,,,
16125,07/20/2023 00:04:40,11.49,,,
16126,07/20/2023 00:07:40,11.11,,,
16127,07/20/2023 00:10:40,10.77,,,
16128,07/20/2023 00:13:40,10.77,,,
16129,07/20/2023 00:16:40,10.89,,,
16130,07/20/2023 00:19:40,11.15,,,
16131,07/20/2023 00:22:40,10.98,,,
16132,07/20/2023 00:25:40,10.64,,,
16133,07/20/2023 00:28:40,10.25,,,
16134,07/20/2023 00:31:40,9.78,,,
16135,07/20/2023 00:34:40,9.65,,,
16136,07/20/2023 00:37:40,9.86,,,
16137,07/20/2023 00:40:40,9.95,,,
16138,07/20/2023 00:43:40,9.95,,,
16139,07/20/2023 00:46:40,9.99,,,
16140,07/20/2023 00:49:40,9.78,,,
16141,07/20/2023 00:52:40,9.44,,,
16142,07/20/2023 00:55:40,9.09,,,
16143,07/20/2023 00:58:40,8.96,,,
16144,07/20/2023 01:01:40,9.18,,,
16145,07/20/2023 01:04:40,9.48,,,
16146,07/20/2023 01:07:40,9.52,,,
16147,07/20/2023 01:10:40,9.39,,,
16148,07/20/2023 01:13:40,9.14,,,
16149,07/20/2023 01:16:40,9.18,,,
16150,07/20/2023 01:19:40,8.66,,,
16151,07/20/2023 01:22:40,8.49,,,
16152,07/20/2023 01:25:40,8.58,,,
16153,07/20/2023 01:28:40,8.62,,,
16154,07/20/2023 01:31:40,8.58,,,
16155,07/20/2023 01:34:40,8.41,,,
16156,07/20/2023 01:37:40,8.28,,,
16157,07/20/2023 01:40:40,8.58,,,
16158,07/20/2023 01:43:40,8.75,,,
16159,07/20/2023 01:46:40,8.66,,,
16160,07/20/2023 01:49:40,8.66,,,
16161,07/20/2023 01:52:40,8.62,,,
16162,07/20/2023 01:55:40,8.62,,,
16163,07/20/2023 01:58:40,8.79,,,
16164,07/20/2023 02:01:40,8.75,,,
16165,07/20/2023 02:04:40,8.58,,,
16166,07/20/2023 02:07:40,8.49,,,
16167,07/20/2023 02:10:40,8.11,,,
16168,07/20/2023 02:13:40,7.81,,,
16169,07/20/2023 02:16:40,7.98,,,
16170,07/20/2023 02:19:40,8.28,,,
16171,07/20/2023 02:22:40,8.23,,,
16172,07/20/2023 02:25:40,8.28,,,
16173,07/20/2023 02:28:40,8.19,,,
16174,07/20/2023 02:31:40,7.72,,,
16175,07/20/2023 02:34:40,7.59,,,
16176,07/20/2023 02:37:40,7.76,,,
16177,07/20/2023 02:40:40,7.98,,,
16178,07/20/2023 02:43:40,8.28,,,
16179,07/20/2023 02:46:40,8.02,,,
16180,07/20/2023 02:49:40,7.85,,,
16181,07/20/2023 02:52:40,7.89,,,
16182,07/20/2023 02:55:40,7.76,,,
16183,07/20/2023 02:58:40,7.81,,,
16184,07/20/2023 03:01:40,7.89,,,
16185,07/20/2023 03:04:40,7.59,,,
16186,07/20/2023 03:07:40,7.46,,,
16187,07/20/2023 03:10:40,7.29,,,
16188,07/20/2023 03:13:40,7.42,,,
16189,07/20/2023 03:16:40,7.72,,,
16190,07/20/2023 03:19:40,7.68,,,
16191,07/20/2023 03:22:40,8.19,,,
16192,07/20/2023 03:25:40,8.11,,,
16193,07/20/2023 03:28:40,7.85,,,
16194,07/20/2023 03:31:40,7.63,,,
16195,07/20/2023 03:34:40,7.63,,,
16196,07/20/2023 03:37:40,7.72,,,
16197,07/20/2023 03:40:40,7.76,,,
16198,07/20/2023 03:43:40,7.76,,,
16199,07/20/2023 03:46:40,7.76,,,
16200,07/20/2023 03:49:40,7.59,,,
16201,07/20/2023 03:52:40,7.68,,,
16202,07/20/2023 03:55:40,7.68,,,
16203,07/20/2023 03:58:40,7.59,,,
16204,07/20/2023 04:01:40,7.72,,,
16205,07/20/2023 04:04:40,7.72,,,
16206,07/20/2023 04:07:40,7.68,,,
16207,07/20/2023 04:10:40,7.68,,,
16208,07/20/2023 04:13:40,7.63,,,
16209,07/20/2023 04:16:40,7.85,,,
16210,07/20/2023 04:19:40,7.93,,,
16211,07/20/2023 04:22:40,7.59,,,
16212,07/20/2023 04:25:40,7.38,,,
16213,07/20/2023 04:28:40,7.63,,,
16214,07/20/2023 04:31:40,7.85,,,
16215,07/20/2023 04:34:40,7.85,,,
16216,07/20/2023 04:37:40,7.93,,,
16217,07/20/2023 04:40:40,7.98,,,
16218,07/20/2023 04:43:40,7.93,,,
16219,07/20/2023 04:46:40,7.98,,,
16220,07/20/2023 04:49:40,8.19,,,
16221,07/20/2023 04:52:40,8.45,,,
16222,07/20/2023 04:55:40,8.32,,,
16223,07/20/2023 04:58:40,8.28,,,
16224,07/20/2023 05:01:40,8.32,,,
16225,07/20/2023 05:04:40,8.02,,,
16226,07/20/2023 05:07:40,7.68,,,
16227,07/20/2023 05:10:40,7.38,,,
16228,07/20/2023 05:13:40,7.42,,,
16229,07/20/2023 05:16:40,7.42,,,
16230,07/20/2023 05:19:40,7.42,,,
16231,07/20/2023 05:22:40,7.50,,,
16232,07/20/2023 05:25:40,7.89,,,
16233,07/20/2023 05:28:40,7.72,,,
16234,07/20/2023 05:31:40,7.46,,,
16235,07/20/2023 05:34:40,7.33,,,
16236,07/20/2023 05:37:40,7.38,,,
16237,07/20/2023 05:40:40,7.42,,,
16238,07/20/2023 05:43:40,7.50,,,
16239,07/20/2023 05:46:40,7.38,,,
16240,07/20/2023 05:49:40,7.38,,,
16241,07/20/2023 05:52:40,7.16,,,
16242,07/20/2023 05:55:40,6.95,,,
16243,07/20/2023 05:58:40,6.82,,,
16244,07/20/2023 06:01:40,6.86,,,
16245,07/20/2023 06:04:40,6.99,,,
16246,07/20/2023 06:07:40,6.86,,,
16247,07/20/2023 06:10:40,6.78,,,
16248,07/20/2023 06:13:40,6.73,,,
16249,07/20/2023 06:16:40,6.86,,,
16250,07/20/2023 06:19:40,6.99,,,
16251,07/20/2023 06:22:40,6.99,,,
16252,07/20/2023 06:25:40,7.08,,,
16253,07/20/2023 06:28:40,6.95,,,
16254,07/20/2023 06:31:40,6.95,,,
16255,07/20/2023 06:34:40,6.99,,,
16256,07/20/2023 06:37:40,7.08,,,
16257,07/20/2023 06:40:40,7.08,,,
16258,07/20/2023 06:43:40,7.12,,,
16259,07/20/2023 06:46:40,7.29,,,
16260,07/20/2023 06:49:40,7.59,,,
16261,07/20/2023 06:52:40,7.98,,,
16262,07/20/2023 06:55:40,8.53,,,
16263,07/20/2023 06:58:40,9.35,,,
16264,07/20/2023 07:01:40,10.16,,,
16265,07/20/2023 07:04:40,10.55,,,
16266,07/20/2023 07:07:40,10.77,,,
16267,07/20/2023 07:10:40,10.89,,,
16268,07/20/2023 07:13:40,11.11,,,
16269,07/20/2023 07:16:40,12.05,,,
16270,07/20/2023 07:19:40,12.74,,,
16271,07/20/2023 07:22:40,13.38,,,
16272,07/20/2023 07:25:40,13.73,,,
16273,07/20/2023 07:28:40,13.85,,,
16274,07/20/2023 07:31:40,14.11,,,
16275,07/20/2023 07:34:40,14.50,,,
16276,07/20/2023 07:37:40,14.88,,,
16277,07/20/2023 07:40:40,15.23,,,
16278,07/20/2023 07:43:40,15.57,,,
16279,07/20/2023 07:46:40,14.93,,,
16280,07/20/2023 07:49:40,14.67,,,
16281,07/20/2023 07:52:40,14.80,,,
16282,07/20/2023 07:55:40,15.83,,,
16283,07/20/2023 07:58:40,16.90,,,
16284,07/20/2023 08:01:40,16.94,,,
16285,07/20/2023 08:04:40,17.50,,,
16286,07/20/2023 08:07:40,17.93,,,
16287,07/20/2023 08:10:40,18.44,,,
16288,07/20/2023 08:13:40,18.19,,,
16289,07/20/2023 08:16:40,18.62,,,
16290,07/20/2023 08:19:40,19.17,,,
16291,07/20/2023 08:22:40,19.43,,,
16292,07/20/2023 08:25:40,21.15,,,
16293,07/20/2023 08:28:40,20.29,,,
16294,07/20/2023 08:31:40,20.07,,,
16295,07/20/2023 08:34:40,20.03,,,
16296,07/20/2023 08:37:40,19.73,,,
16297,07/20/2023 08:40:40,19.47,,,
16298,07/20/2023 08:43:40,19.30,,,
16299,07/20/2023 08:46:40,19.90,,,
16300,07/20/2023 08:49:40,19.60,,,
16301,07/20/2023 08:52:40,19.60,,,
16302,07/20/2023 08:55:40,19.86,,,
16303,07/20/2023 08:58:40,19.90,,,
16304,07/20/2023 09:01:40,19.77,,,
16305,07/20/2023 09:04:40,20.63,,,
16306,07/20/2023 09:07:40,20.68,,,
16307,07/20/2023 09:10:40,20.42,,,
16308,07/20/2023 09:13:40,21.28,,,
16309,07/20/2023 09:16:40,21.28,,,
16310,07/20/2023 09:19:40,20.63,,,
16311,07/20/2023 09:22:40,20.63,,,
16312,07/20/2023 09:25:40,20.55,,,
16313,07/20/2023 09:28:40,20.98,,,
16314,07/20/2023 09:31:40,21.19,,,
16315,07/20/2023 09:34:40,21.02,,,
16316,07/20/2023 09:37:40,20.85,,,
16317,07/20/2023 09:40:40,20.98,,,
16318,07/20/2023 09:43:40,21.15,,,
16319,07/20/2023 09:46:40,21.83,,,
16320,07/20/2023 09:49:40,21.40,,,
16321,07/20/2023 09:52:40,21.02,,,
16322,07/20/2023 09:55:40,22.13,,,
16323,07/20/2023 09:58:40,21.49,,,
16324,07/20/2023 10:01:40,21.75,,,
16325,07/20/2023 10:04:40,21.62,,,
16326,07/20/2023 10:07:40,21.58,,,
16327,07/20/2023 10:10:40,22.18,,,
16328,07/20/2023 10:13:40,22.91,,,
16329,07/20/2023 10:16:40,21.96,,,
16330,07/20/2023 10:19:40,21.23,,,
16331,07/20/2023 10:22:40,20.98,,,
16332,07/20/2023 10:25:40,21.10,,,
16333,07/20/2023 10:28:40,21.45,,,
16334,07/20/2023 10:31:40,21.36,,,
16335,07/20/2023 10:34:40,21.45,,,
16336,07/20/2023 10:37:40,22.43,,,
16337,07/20/2023 10:40:40,22.39,,,
16338,07/20/2023 10:43:40,22.26,,,
16339,07/20/2023 10:46:40,21.96,,,
16340,07/20/2023 10:49:40,22.91,,,
16341,07/20/2023 10:52:40,23.29,,,
16342,07/20/2023 10:55:40,23.51,,,
16343,07/20/2023 10:58:40,24.11,,,
16344,07/20/2023 11:01:40,24.11,,,
16345,07/20/2023 11:04:40,23.29,,,
16346,07/20/2023 11:07:40,24.36,,,
16347,07/20/2023 11:10:40,24.32,,,
16348,07/20/2023 11:13:40,24.58,,,
16349,07/20/2023 11:16:40,24.36,,,
16350,07/20/2023 11:19:40,25.27,,,
16351,07/20/2023 11:22:40,25.22,,,
16352,07/20/2023 11:25:40,24.97,,,
16353,07/20/2023 11:28:40,24.32,,,
16354,07/20/2023 11:31:40,23.85,,,
16355,07/20/2023 11:34:40,23.64,,,
16356,07/20/2023 11:37:40,24.02,,,
16357,07/20/2023 11:40:40,24.84,,,
16358,07/20/2023 11:43:40,24.41,,,
16359,07/20/2023 11:46:40,23.85,,,
16360,07/20/2023 11:49:40,24.79,,,
16361,07/20/2023 11:52:40,24.32,,,
16362,07/20/2023 11:55:40,23.46,,,
16363,07/20/2023 11:58:40,25.44,,,
16364,07/20/2023 12:01:40,26.12,,,
16365,07/20/2023 12:04:40,25.14,,,
16366,07/20/2023 12:07:40,25.39,,,
16367,07/20/2023 12:10:40,25.05,,,
16368,07/20/2023 12:13:40,24.88,,,
16369,07/20/2023 12:16:40,26.12,,,
16370,07/20/2023 12:19:40,25.78,,,
16371,07/20/2023 12:22:40,24.97,,,
16372,07/20/2023 12:25:40,26.25,,,
16373,07/20/2023 12:28:40,26.98,,,
16374,07/20/2023 12:31:40,25.91,,,
16375,07/20/2023 12:34:40,26.17,,,
16376,07/20/2023 12:37:40,25.57,,,
16377,07/20/2023 12:40:40,25.05,,,
16378,07/20/2023 12:43:40,24.97,,,
16379,07/20/2023 12:46:40,25.44,,,
16380,07/20/2023 12:49:40,25.31,,,
16381,07/20/2023 12:52:40,25.22,,,
16382,07/20/2023 12:55:40,24.84,,,
16383,07/20/2023 12:58:40,24.79,,,
16384,07/20/2023 13:01:40,25.14,,,
16385,07/20/2023 13:04:40,24.54,,,
16386,07/20/2023 13:07:40,25.09,,,
16387,07/20/2023 13:10:40,25.74,,,
16388,07/20/2023 13:13:40,26.21,,,
16389,07/20/2023 13:16:40,25.99,,,
16390,07/20/2023 13:19:40,26.60,,,
16391,07/20/2023 13:22:40,26.64,,,
16392,07/20/2023 13:25:40,26.81,,,
16393,07/20/2023 13:28:40,27.02,,,
16394,07/20/2023 13:31:40,26.85,,,
16395,07/20/2023 13:34:40,27.15,,,
16396,07/20/2023 13:37:40,27.45,,,
16397,07/20/2023 13:40:40,27.50,,,
16398,07/20/2023 13:43:40,27.37,,,
16399,07/20/2023 13:46:40,27.20,,,
16400,07/20/2023 13:49:40,26.81,,,
16401,07/20/2023 13:52:40,26.60,,,
16402,07/20/2023 13:55:40,26.64,,,
16403,07/20/2023 13:58:40,25.87,,,
16404,07/20/2023 14:01:40,25.61,,,
16405,07/20/2023 14:04:40,25.69,,,
16406,07/20/2023 14:07:40,26.90,,,
16407,07/20/2023 14:10:40,28.53,,,
16408,07/20/2023 14:13:40,28.78,,,
16409,07/20/2023 14:16:40,27.93,,,
16410,07/20/2023 14:19:40,27.50,,,
16411,07/20/2023 14:22:40,28.31,,,
16412,07/20/2023 14:25:40,28.65,,,
16413,07/20/2023 14:28:40,28.31,,,
16414,07/20/2023 14:31:40,28.61,,,
16415,07/20/2023 14:34:40,28.65,,,
16416,07/20/2023 14:37:40,28.01,,,
16417,07/20/2023 14:40:40,29.04,,,
16418,07/20/2023 14:43:40,29.17,,,
16419,07/20/2023 14:46:40,29.26,,,
16420,07/20/2023 14:49:40,28.83,,,
16421,07/20/2023 14:52:40,28.74,,,
16422,07/20/2023 14:55:40,28.40,,,
16423,07/20/2023 14:58:40,28.14,,,
16424,07/20/2023 15:01:40,28.53,,,
16425,07/20/2023 15:04:40,28.44,,,
16426,07/20/2023 15:07:40,29.17,,,
16427,07/20/2023 15:10:40,29.34,,,
16428,07/20/2023 15:13:40,28.18,,,
16429,07/20/2023 15:16:40,28.57,,,
16430,07/20/2023 15:19:40,27.80,,,
16431,07/20/2023 15:22:40,28.65,,,
16432,07/20/2023 15:25:40,28.83,,,
16433,07/20/2023 15:28:40,28.48,,,
16434,07/20/2023 15:31:40,28.74,,,
16435,07/20/2023 15:34:40,28.48,,,
16436,07/20/2023 15:37:40,28.74,,,
16437,07/20/2023 15:40:40,28.44,,,
16438,07/20/2023 15:43:40,28.18,,,
16439,07/20/2023 15:46:40,27.37,,,
16440,07/20/2023 15:49:40,27.93,,,
16441,07/20/2023 15:52:40,27.97,,,
16442,07/20/2023 15:55:40,28.83,,,
16443,07/20/2023 15:58:40,27.84,,,
16444,07/20/2023 16:01:40,27.67,,,
16445,07/20/2023 16:04:40,28.01,,,
16446,07/20/2023 16:07:40,27.84,,,
16447,07/20/2023 16:10:40,27.58,,,
16448,07/20/2023 16:13:40,27.41,,,
16449,07/20/2023 16:16:40,27.54,,,
16450,07/20/2023 16:19:40,28.48,,,
16451,07/20/2023 16:22:40,27.93,,,
16452,07/20/2023 16:25:40,27.84,,,
16453,07/20/2023 16:28:40,27.75,,,
16454,07/20/2023 16:31:40,27.41,,,
16455,07/20/2023 16:34:40,27.37,,,
16456,07/20/2023 16:37:40,27.41,,,
16457,07/20/2023 16:40:40,26.94,,,
16458,07/20/2023 16:43:40,26.51,,,
16459,07/20/2023 16:46:40,26.08,,,
16460,07/20/2023 16:49:40,26.64,,,
16461,07/20/2023 16:52:40,26.17,,,
16462,07/20/2023 16:55:40,26.38,,,
16463,07/20/2023 16:58:40,27.41,,,
16464,07/20/2023 17:01:40,27.84,,,
16465,07/20/2023 17:04:40,28.01,,,
16466,07/20/2023 17:07:40,27.37,,,
16467,07/20/2023 17:10:40,27.71,,,
16468,07/20/2023 17:13:40,27.32,,,
16469,07/20/2023 17:16:40,27.24,,,
16470,07/20/2023 17:19:40,27.50,,,
16471,07/20/2023 17:22:40,27.24,,,
16472,07/20/2023 17:25:40,25.65,,,
16473,07/20/2023 17:28:40,26.12,,,
16474,07/20/2023 17:31:40,25.57,,,
16475,07/20/2023 17:34:40,25.65,,,
16476,07/20/2023 17:37:40,25.82,,,
16477,07/20/2023 17:40:40,25.74,,,
16478,07/20/2023 17:43:40,25.22,,,
16479,07/20/2023 17:46:40,24.79,,,
16480,07/20/2023 17:49:40,25.22,,,
16481,07/20/2023 17:52:40,25.05,,,
16482,07/20/2023 17:55:40,24.71,,,
16483,07/20/2023 17:58:40,24.41,,,
16484,07/20/2023 18:01:40,24.75,,,
16485,07/20/2023 18:04:40,24.54,,,
16486,07/20/2023 18:07:40,24.11,,,
16487,07/20/2023 18:10:40,24.11,,,
16488,07/20/2023 18:13:40,24.19,,,
16489,07/20/2023 18:16:40,24.75,,,
16490,07/20/2023 18:19:40,24.84,,,
16491,07/20/2023 18:22:40,24.75,,,
16492,07/20/2023 18:25:40,24.84,,,
16493,07/20/2023 18:28:40,25.01,,,
16494,07/20/2023 18:31:40,25.69,,,
16495,07/20/2023 18:34:40,25.44,,,
16496,07/20/2023 18:37:40,25.39,,,
16497,07/20/2023 18:40:40,25.35,,,
16498,07/20/2023 18:43:40,24.88,,,
16499,07/20/2023 18:46:40,24.71,,,
16500,07/20/2023 18:49:40,25.01,,,
16501,07/20/2023 18:52:40,25.27,,,
16502,07/20/2023 18:55:40,24.88,,,
16503,07/20/2023 18:58:40,24.71,,,
16504,07/20/2023 19:01:40,24.36,,,
16505,07/20/2023 19:04:40,24.36,,,
16506,07/20/2023 19:07:40,24.36,,,
16507,07/20/2023 19:10:40,24.11,,,
16508,07/20/2023 19:13:40,24.11,,,
16509,07/20/2023 19:16:40,23.72,,,
16510,07/20/2023 19:19:40,23.68,,,
16511,07/20/2023 19:22:40,23.72,,,
16512,07/20/2023 19:25:40,23.85,,,
16513,07/20/2023 19:28:40,23.76,,,
16514,07/20/2023 19:31:40,23.55,,,
16515,07/20/2023 19:34:40,23.34,,,
16516,07/20/2023 19:37:40,22.99,,,
16517,07/20/2023 19:40:40,22.73,,,
16518,07/20/2023 19:43:40,22.18,,,
16519,07/20/2023 19:46:40,21.66,,,
16520,07/20/2023 19:49:40,21.32,,,
16521,07/20/2023 19:52:40,20.85,,,
16522,07/20/2023 19:55:40,20.59,,,
16523,07/20/2023 19:58:40,20.42,,,
16524,07/20/2023 20:01:40,19.99,,,
16525,07/20/2023 20:04:40,19.82,,,
16526,07/20/2023 20:07:40,19.73,,,
16527,07/20/2023 20:10:40,19.65,,,
16528,07/20/2023 20:13:40,19.35,,,
16529,07/20/2023 20:16:40,19.26,,,
16530,07/20/2023 20:19:40,18.83,,,
16531,07/20/2023 20:22:40,18.66,,,
16532,07/20/2023 20:25:40,18.27,,,
16533,07/20/2023 20:28:40,18.10,,,
16534,07/20/2023 20:31:40,17.84,,,
16535,07/20/2023 20:34:40,17.76,,,
16536,07/20/2023 20:37:40,17.54,,,
16537,07/20/2023 20:40:40,17.46,,,
16538,07/20/2023 20:43:40,16.86,,,
16539,07/20/2023 20:46:40,16.86,,,
16540,07/20/2023 20:49:40,17.03,,,
16541,07/20/2023 20:52:40,16.90,,,
16542,07/20/2023 20:55:40,16.56,,,
16543,07/20/2023 20:58:40,16.00,,,
16544,07/20/2023 21:01:40,15.61,,,
16545,07/20/2023 21:04:40,15.57,,,
16546,07/20/2023 21:07:40,15.53,,,
16547,07/20/2023 21:10:40,15.23,,,
16548,07/20/2023 21:13:40,14.58,,,
16549,07/20/2023 21:16:40,14.37,,,
16550,07/20/2023 21:19:40,14.20,,,
16551,07/20/2023 21:22:40,14.03,,,
16552,07/20/2023 21:25:40,13.77,,,
16553,07/20/2023 21:28:40,13.55,,,
16554,07/20/2023 21:31:40,13.47,,,
16555,07/20/2023 21:34:40,13.38,,,
16556,07/20/2023 21:37:40,13.17,,,
16557,07/20/2023 21:40:40,13.00,,,
16558,07/20/2023 21:43:40,13.00,,,
16559,07/20/2023 21:46:40,12.82,,,
16560,07/20/2023 21:49:40,12.70,,,
16561,07/20/2023 21:52:40,13.00,,,
16562,07/20/2023 21:55:40,12.61,,,
16563,07/20/2023 21:58:40,12.22,,,
16564,07/20/2023 22:01:40,12.10,,,
16565,07/20/2023 22:04:40,11.92,,,
16566,07/20/2023 22:07:40,11.84,,,
16567,07/20/2023 22:10:40,12.40,,,
16568,07/20/2023 22:13:40,12.40,,,
16569,07/20/2023 22:16:40,12.40,,,
16570,07/20/2023 22:19:40,12.22,,,
16571,07/20/2023 22:22:40,12.22,,,
16572,07/20/2023 22:25:40,11.84,,,
16573,07/20/2023 22:28:40,11.62,,,
16574,07/20/2023 22:31:40,11.54,,,
16575,07/20/2023 22:34:40,11.45,,,
16576,07/20/2023 22:37:40,11.41,,,
16577,07/20/2023 22:40:40,11.49,,,
16578,07/20/2023 22:43:40,11.58,,,
16579,07/20/2023 22:46:40,11.62,,,
16580,07/20/2023 22:49:40,11.58,,,
16581,07/20/2023 22:52:40,11.79,,,
16582,07/20/2023 22:55:40,11.71,,,
16583,07/20/2023 22:58:40,11.58,,,
16584,07/20/2023 23:01:40,11.92,,,
16585,07/20/2023 23:04:40,12.14,,,
16586,07/20/2023 23:07:40,12.01,,,
16587,07/20/2023 23:10:40,11.84,,,
16588,07/20/2023 23:13:40,11.88,,,
16589,07/20/2023 23:16:40,11.84,,,
16590,07/20/2023 23:19:40,11.97,,,
16591,07/20/2023 23:22:40,11.75,,,
16592,07/20/2023 23:25:40,11.79,,,
16593,07/20/2023 23:28:40,11.71,,,
16594,07/20/2023 23:31:40,11.71,,,
16595,07/20/2023 23:34:40,11.84,,,
16596,07/20/2023 23:37:40,11.92,,,
16597,07/20/2023 23:40:40,11.67,,,
16598,07/20/2023 23:43:40,11.62,,,
16599,07/20/2023 23:46:40,11.58,,,
16600,07/20/2023 23:49:40,11.67,,,
16601,07/20/2023 23:52:40,11.58,,,
16602,07/20/2023 23:55:40,11.67,,,
16603,07/20/2023 23:58:40,11.62,,,
16604,07/21/2023 00:01:40,11.71,,,
16605,07/21/2023 00:04:40,11.75,,,
16606,07/21/2023 00:07:40,11.79,,,
16607,07/21/2023 00:10:40,11.75,,,
16608,07/21/2023 00:13:40,11.75,,,
16609,07/21/2023 00:16:40,11.71,,,
16610,07/21/2023 00:19:40,11.75,,,
16611,07/21/2023 00:22:40,11.92,,,
16612,07/21/2023 00:25:40,11.67,,,
16613,07/21/2023 00:28:40,11.62,,,
16614,07/21/2023 00:31:40,11.71,,,
16615,07/21/2023 00:34:40,11.54,,,
16616,07/21/2023 00:37:40,11.54,,,
16617,07/21/2023 00:40:40,11.58,,,
16618,07/21/2023 00:43:40,11.67,,,
16619,07/21/2023 00:46:40,11.88,,,
16620,07/21/2023 00:49:40,11.84,,,
16621,07/21/2023 00:52:40,11.62,,,
16622,07/21/2023 00:55:40,11.45,,,
16623,07/21/2023 00:58:40,11.37,,,
16624,07/21/2023 01:01:40,11.15,,,
16625,07/21/2023 01:04:40,10.85,,,
16626,07/21/2023 01:07:40,10.85,,,
16627,07/21/2023 01:10:40,11.15,,,
16628,07/21/2023 01:13:40,11.79,,,
16629,07/21/2023 01:16:40,11.92,,,
16630,07/21/2023 01:19:40,12.18,,,
16631,07/21/2023 01:22:40,12.27,,,
16632,07/21/2023 01:25:40,12.14,,,
16633,07/21/2023 01:28:40,12.01,,,
16634,07/21/2023 01:31:40,11.58,,,
16635,07/21/2023 01:34:40,11.41,,,
16636,07/21/2023 01:37:40,11.49,,,
16637,07/21/2023 01:40:40,11.71,,,
16638,07/21/2023 01:43:40,11.92,,,
16639,07/21/2023 01:46:40,11.49,,,
16640,07/21/2023 01:49:40,11.45,,,
16641,07/21/2023 01:52:40,11.28,,,
16642,07/21/2023 01:55:40,11.32,,,
16643,07/21/2023 01:58:40,11.02,,,
16644,07/21/2023 02:01:40,11.15,,,
16645,07/21/2023 02:04:40,11.02,,,
16646,07/21/2023 02:07:40,10.81,,,
16647,07/21/2023 02:10:40,10.55,,,
16648,07/21/2023 02:13:40,10.25,,,
16649,07/21/2023 02:16:40,10.25,,,
16650,07/21/2023 02:19:40,10.21,,,
16651,07/21/2023 02:22:40,10.38,,,
16652,07/21/2023 02:25:40,10.21,,,
16653,07/21/2023 02:28:40,9.99,,,
16654,07/21/2023 02:31:40,9.78,,,
16655,07/21/2023 02:34:40,9.74,,,
16656,07/21/2023 02:37:40,9.56,,,
16657,07/21/2023 02:40:40,9.31,,,
16658,07/21/2023 02:43:40,9.22,,,
16659,07/21/2023 02:46:40,9.18,,,
16660,07/21/2023 02:49:40,9.39,,,
16661,07/21/2023 02:52:40,9.82,,,
16662,07/21/2023 02:55:40,9.99,,,
16663,07/21/2023 02:58:40,9.95,,,
16664,07/21/2023 03:01:40,9.74,,,
16665,07/21/2023 03:04:40,9.44,,,
16666,07/21/2023 03:07:40,9.35,,,
16667,07/21/2023 03:10:40,9.31,,,
16668,07/21/2023 03:13:40,9.22,,,
16669,07/21/2023 03:16:40,9.09,,,
16670,07/21/2023 03:19:40,8.92,,,
16671,07/21/2023 03:22:40,8.58,,,
16672,07/21/2023 03:25:40,7.89,,,
16673,07/21/2023 03:28:40,7.68,,,
16674,07/21/2023 03:31:40,7.76,,,
16675,07/21/2023 03:34:40,8.11,,,
16676,07/21/2023 03:37:40,8.19,,,
16677,07/21/2023 03:40:40,8.28,,,
16678,07/21/2023 03:43:40,8.32,,,
16679,07/21/2023 03:46:40,8.11,,,
16680,07/21/2023 03:49:40,7.76,,,
16681,07/21/2023 03:52:40,7.59,,,
16682,07/21/2023 03:55:40,7.76,,,
16683,07/21/2023 03:58:40,7.93,,,
16684,07/21/2023 04:01:40,8.15,,,
16685,07/21/2023 04:04:40,7.93,,,
16686,07/21/2023 04:07:40,7.68,,,
16687,07/21/2023 04:10:40,7.38,,,
16688,07/21/2023 04:13:40,7.29,,,
16689,07/21/2023 04:16:40,7.03,,,
16690,07/21/2023 04:19:40,6.86,,,
16691,07/21/2023 04:22:40,7.25,,,
16692,07/21/2023 04:25:40,7.25,,,
16693,07/21/2023 04:28:40,7.03,,,
16694,07/21/2023 04:31:40,6.82,,,
16695,07/21/2023 04:34:40,6.56,,,
16696,07/21/2023 04:37:40,6.52,,,
16697,07/21/2023 04:40:40,6.39,,,
16698,07/21/2023 04:43:40,6.17,,,
16699,07/21/2023 04:46:40,6.13,,,
16700,07/21/2023 04:49:40,6.86,,,
16701,07/21/2023 04:52:40,6.95,,,
16702,07/21/2023 04:55:40,6.73,,,
16703,07/21/2023 04:58:40,6.48,,,
16704,07/21/2023 05:01:40,6.43,,,
16705,07/21/2023 05:04:40,6.48,,,
16706,07/21/2023 05:07:40,6.60,,,
16707,07/21/2023 05:10:40,6.56,,,
16708,07/21/2023 05:13:40,6.73,,,
16709,07/21/2023 05:16:40,6.39,,,
16710,07/21/2023 05:19:40,6.00,,,
16711,07/21/2023 05:22:40,5.70,,,
16712,07/21/2023 05:25:40,5.62,,,
16713,07/21/2023 05:28:40,5.70,,,
16714,07/21/2023 05:31:40,5.66,,,
16715,07/21/2023 05:34:40,5.66,,,
16716,07/21/2023 05:37:40,5.96,,,
16717,07/21/2023 05:40:40,5.83,,,
16718,07/21/2023 05:43:40,6.05,,,
16719,07/21/2023 05:46:40,6.17,,,
16720,07/21/2023 05:49:40,6.00,,,
16721,07/21/2023 05:52:40,5.66,,,
16722,07/21/2023 05:55:40,5.57,,,
16723,07/21/2023 05:58:40,5.27,,,
16724,07/21/2023 06:01:40,5.15,,,
16725,07/21/2023 06:04:40,5.06,,,
16726,07/21/2023 06:07:40,5.06,,,
16727,07/21/2023 06:10:40,5.10,,,
16728,07/21/2023 06:13:40,5.19,,,
16729,07/21/2023 06:16:40,5.23,,,
16730,07/21/2023 06:19:40,5.23,,,
16731,07/21/2023 06:22:40,5.06,,,
16732,07/21/2023 06:25:40,4.84,,,
16733,07/21/2023 06:28:40,4.72,,,
16734,07/21/2023 06:31:40,4.80,,,
16735,07/21/2023 06:34:40,4.89,,,
16736,07/21/2023 06:37:40,4.84,,,
16737,07/21/2023 06:40:40,4.76,,,
16738,07/21/2023 06:43:40,4.63,,,
16739,07/21/2023 06:46:40,4.97,,,
16740,07/21/2023 06:49:40,5.06,,,
16741,07/21/2023 06:52:40,5.40,,,
16742,07/21/2023 06:55:40,5.87,,,
16743,07/21/2023 06:58:40,6.52,,,
16744,07/21/2023 07:01:40,7.25,,,
16745,07/21/2023 07:04:40,7.59,,,
16746,07/21/2023 07:07:40,8.11,,,
16747,07/21/2023 07:10:40,8.32,,,
16748,07/21/2023 07:13:40,8.53,,,
16749,07/21/2023 07:16:40,9.35,,,
16750,07/21/2023 07:19:40,9.78,,,
16751,07/21/2023 07:22:40,10.51,,,
16752,07/21/2023 07:25:40,10.89,,,
16753,07/21/2023 07:28:40,10.94,,,
16754,07/21/2023 07:31:40,11.15,,,
16755,07/21/2023 07:34:40,10.98,,,
16756,07/21/2023 07:37:40,10.85,,,
16757,07/21/2023 07:40:40,11.15,,,
16758,07/21/2023 07:43:40,11.62,,,
16759,07/21/2023 07:46:40,11.79,,,
16760,07/21/2023 07:49:40,12.14,,,
16761,07/21/2023 07:52:40,12.44,,,
16762,07/21/2023 07:55:40,13.04,,,
16763,07/21/2023 07:58:40,13.25,,,
16764,07/21/2023 08:01:40,13.60,,,
16765,07/21/2023 08:04:40,14.20,,,
16766,07/21/2023 08:07:40,14.50,,,
16767,07/21/2023 08:10:40,14.63,,,
16768,07/21/2023 08:13:40,14.84,,,
16769,07/21/2023 08:16:40,15.40,,,
16770,07/21/2023 08:19:40,16.26,,,
16771,07/21/2023 08:22:40,16.94,,,
16772,07/21/2023 08:25:40,18.06,,,
16773,07/21/2023 08:28:40,19.00,,,
16774,07/21/2023 08:31:40,18.74,,,
16775,07/21/2023 08:34:40,19.60,,,
16776,07/21/2023 08:37:40,21.10,,,
16777,07/21/2023 08:40:40,22.01,,,
16778,07/21/2023 08:43:40,19.69,,,
16779,07/21/2023 08:46:40,19.69,,,
16780,07/21/2023 08:49:40,19.52,,,
16781,07/21/2023 08:52:40,19.05,,,
16782,07/21/2023 08:55:40,18.49,,,
16783,07/21/2023 08:58:40,18.57,,,
16784,07/21/2023 09:01:40,18.23,,,
16785,07/21/2023 09:04:40,19.65,,,
16786,07/21/2023 09:07:40,19.22,,,
16787,07/21/2023 09:10:40,19.73,,,
16788,07/21/2023 09:13:40,20.85,,,
16789,07/21/2023 09:16:40,21.02,,,
16790,07/21/2023 09:19:40,21.32,,,
16791,07/21/2023 09:22:40,21.19,,,
16792,07/21/2023 09:25:40,20.50,,,
16793,07/21/2023 09:28:40,20.25,,,
16794,07/21/2023 09:31:40,20.68,,,
16795,07/21/2023 09:34:40,20.20,,,
16796,07/21/2023 09:37:40,20.03,,,
16797,07/21/2023 09:40:40,20.12,,,
16798,07/21/2023 09:43:40,20.68,,,
16799,07/21/2023 09:46:40,20.55,,,
16800,07/21/2023 09:49:40,21.10,,,
16801,07/21/2023 09:52:40,20.98,,,
16802,07/21/2023 09:55:40,21.32,,,
16803,07/21/2023 09:58:40,21.15,,,
16804,07/21/2023 10:01:40,21.45,,,
16805,07/21/2023 10:04:40,22.05,,,
16806,07/21/2023 10:07:40,21.70,,,
16807,07/21/2023 10:10:40,22.13,,,
16808,07/21/2023 10:13:40,21.83,,,
16809,07/21/2023 10:16:40,23.12,,,
16810,07/21/2023 10:19:40,22.95,,,
16811,07/21/2023 10:22:40,22.35,,,
16812,07/21/2023 10:25:40,22.73,,,
16813,07/21/2023 10:28:40,23.72,,,
16814,07/21/2023 10:31:40,24.24,,,
16815,07/21/2023 10:34:40,23.89,,,
16816,07/21/2023 10:37:40,23.81,,,
16817,07/21/2023 10:40:40,23.64,,,
16818,07/21/2023 10:43:40,23.68,,,
16819,07/21/2023 10:46:40,24.11,,,
16820,07/21/2023 10:49:40,23.42,,,
16821,07/21/2023 10:52:40,22.95,,,
16822,07/21/2023 10:55:40,24.15,,,
16823,07/21/2023 10:58:40,24.71,,,
16824,07/21/2023 11:01:40,25.52,,,
16825,07/21/2023 11:04:40,26.42,,,
16826,07/21/2023 11:07:40,25.65,,,
16827,07/21/2023 11:10:40,25.01,,,
16828,07/21/2023 11:13:40,24.92,,,
16829,07/21/2023 11:16:40,24.32,,,
16830,07/21/2023 11:19:40,24.71,,,
16831,07/21/2023 11:22:40,24.54,,,
16832,07/21/2023 11:25:40,25.05,,,
16833,07/21/2023 11:28:40,25.52,,,
16834,07/21/2023 11:31:40,26.64,,,
16835,07/21/2023 11:34:40,25.99,,,
16836,07/21/2023 11:37:40,25.18,,,
16837,07/21/2023 11:40:40,25.09,,,
16838,07/21/2023 11:43:40,25.52,,,
16839,07/21/2023 11:46:40,25.44,,,
16840,07/21/2023 11:49:40,25.09,,,
16841,07/21/2023 11:52:40,25.57,,,
16842,07/21/2023 11:55:40,25.74,,,
16843,07/21/2023 11:58:40,25.61,,,
16844,07/21/2023 12:01:40,25.22,,,
16845,07/21/2023 12:04:40,25.99,,,
16846,07/21/2023 12:07:40,26.25,,,
16847,07/21/2023 12:10:40,26.47,,,
16848,07/21/2023 12:13:40,26.85,,,
16849,07/21/2023 12:16:40,27.20,,,
16850,07/21/2023 12:19:40,26.04,,,
16851,07/21/2023 12:22:40,25.65,,,
16852,07/21/2023 12:25:40,25.18,,,
16853,07/21/2023 12:28:40,25.52,,,
16854,07/21/2023 12:31:40,25.95,,,
16855,07/21/2023 12:34:40,25.44,,,
16856,07/21/2023 12:37:40,25.61,,,
16857,07/21/2023 12:40:40,26.51,,,
16858,07/21/2023 12:43:40,26.94,,,
16859,07/21/2023 12:46:40,26.94,,,
16860,07/21/2023 12:49:40,26.85,,,
16861,07/21/2023 12:52:40,26.08,,,
16862,07/21/2023 12:55:40,26.08,,,
16863,07/21/2023 12:58:40,26.98,,,
16864,07/21/2023 13:01:40,26.68,,,
16865,07/21/2023 13:04:40,27.11,,,
16866,07/21/2023 13:07:40,26.85,,,
16867,07/21/2023 13:10:40,26.51,,,
16868,07/21/2023 13:13:40,26.51,,,
16869,07/21/2023 13:16:40,26.55,,,
16870,07/21/2023 13:19:40,26.38,,,
16871,07/21/2023 13:22:40,26.42,,,
16872,07/21/2023 13:25:40,26.30,,,
16873,07/21/2023 13:28:40,26.94,,,
16874,07/21/2023 13:31:40,26.98,,,
16875,07/21/2023 13:34:40,27.28,,,
16876,07/21/2023 13:37:40,27.15,,,
16877,07/21/2023 13:40:40,27.02,,,
16878,07/21/2023 13:43:40,26.98,,,
16879,07/21/2023 13:46:40,26.68,,,
16880,07/21/2023 13:49:40,26.81,,,
16881,07/21/2023 13:52:40,27.24,,,
16882,07/21/2023 13:55:40,26.85,,,
16883,07/21/2023 13:58:40,27.15,,,
16884,07/21/2023 14:01:40,27.93,,,
16885,07/21/2023 14:04:40,27.80,,,
16886,07/21/2023 14:07:40,27.41,,,
16887,07/21/2023 14:10:40,28.40,,,
16888,07/21/2023 14:13:40,28.53,,,
16889,07/21/2023 14:16:40,28.65,,,
16890,07/21/2023 14:19:40,27.28,,,
16891,07/21/2023 14:22:40,27.67,,,
16892,07/21/2023 14:25:40,27.88,,,
16893,07/21/2023 14:28:40,28.18,,,
16894,07/21/2023 14:31:40,28.27,,,
16895,07/21/2023 14:34:40,27.45,,,
16896,07/21/2023 14:37:40,26.98,,,
16897,07/21/2023 14:40:40,27.45,,,
16898,07/21/2023 14:43:40,27.28,,,
16899,07/21/2023 14:46:40,27.58,,,
16900,07/21/2023 14:49:40,27.41,,,
16901,07/21/2023 14:52:40,27.45,,,
16902,07/21/2023 14:55:40,26.98,,,
16903,07/21/2023 14:58:40,26.98,,,
16904,07/21/2023 15:01:40,27.20,,,
16905,07/21/2023 15:04:40,27.45,,,
16906,07/21/2023 15:07:40,27.58,,,
16907,07/21/2023 15:10:40,27.54,,,
16908,07/21/2023 15:13:40,27.32,,,
16909,07/21/2023 15:16:40,27.28,,,
16910,07/21/2023 15:19:40,27.07,,,
16911,07/21/2023 15:22:40,26.90,,,
16912,07/21/2023 15:25:40,26.90,,,
16913,07/21/2023 15:28:40,26.85,,,
16914,07/21/2023 15:31:40,27.24,,,
16915,07/21/2023 15:34:40,27.15,,,
16916,07/21/2023 15:37:40,26.77,,,
16917,07/21/2023 15:40:40,27.54,,,
16918,07/21/2023 15:43:40,27.45,,,
16919,07/21/2023 15:46:40,27.28,,,
16920,07/21/2023 15:49:40,26.68,,,
16921,07/21/2023 15:52:40,26.98,,,
16922,07/21/2023 15:55:40,26.81,,,
16923,07/21/2023 15:58:40,26.77,,,
16924,07/21/2023 16:01:40,27.07,,,
16925,07/21/2023 16:04:40,27.20,,,
16926,07/21/2023 16:07:40,27.50,,,
16927,07/21/2023 16:10:40,26.81,,,
16928,07/21/2023 16:13:40,26.68,,,
16929,07/21/2023 16:16:40,26.94,,,
16930,07/21/2023 16:19:40,27.07,,,
16931,07/21/2023 16:22:40,27.02,,,
16932,07/21/2023 16:25:40,26.94,,,
16933,07/21/2023 16:28:40,27.32,,,
16934,07/21/2023 16:31:40,26.98,,,
16935,07/21/2023 16:34:40,26.81,,,
16936,07/21/2023 16:37:40,27.11,,,
16937,07/21/2023 16:40:40,26.94,,,
16938,07/21/2023 16:43:40,26.68,,,
16939,07/21/2023 16:46:40,26.68,,,
16940,07/21/2023 16:49:40,26.34,,,
16941,07/21/2023 16:52:40,26.25,,,
16942,07/21/2023 16:55:40,26.21,,,
16943,07/21/2023 16:58:40,26.47,,,
16944,07/21/2023 17:01:40,26.38,,,
16945,07/21/2023 17:04:40,26.34,,,
16946,07/21/2023 17:07:40,26.42,,,
16947,07/21/2023 17:10:40,26.47,,,
16948,07/21/2023 17:13:40,26.64,,,
16949,07/21/2023 17:16:40,26.64,,,
16950,07/21/2023 17:19:40,26.55,,,
16951,07/21/2023 17:22:40,26.51,,,
16952,07/21/2023 17:25:40,26.25,,,
16953,07/21/2023 17:28:40,26.30,,,
16954,07/21/2023 17:31:40,26.42,,,
16955,07/21/2023 17:34:40,26.47,,,
16956,07/21/2023 17:37:40,26.21,,,
16957,07/21/2023 17:40:40,26.34,,,
16958,07/21/2023 17:43:40,26.30,,,
16959,07/21/2023 17:46:40,26.34,,,
16960,07/21/2023 17:49:40,26.04,,,
16961,07/21/2023 17:52:40,26.12,,,
16962,07/21/2023 17:55:40,26.17,,,
16963,07/21/2023 17:58:40,26.04,,,
16964,07/21/2023 18:01:40,26.12,,,
16965,07/21/2023 18:04:40,26.12,,,
16966,07/21/2023 18:07:40,25.82,,,
16967,07/21/2023 18:10:40,25.74,,,
16968,07/21/2023 18:13:40,25.87,,,
16969,07/21/2023 18:16:40,25.65,,,
16970,07/21/2023 18:19:40,25.61,,,
16971,07/21/2023 18:22:40,25.57,,,
16972,07/21/2023 18:25:40,25.18,,,
16973,07/21/2023 18:28:40,25.18,,,
16974,07/21/2023 18:31:40,25.14,,,
16975,07/21/2023 18:34:40,25.05,,,
16976,07/21/2023 18:37:40,25.05,,,
16977,07/21/2023 18:40:40,24.97,,,
16978,07/21/2023 18:43:40,24.97,,,
16979,07/21/2023 18:46:40,24.84,,,
16980,07/21/2023 18:49:40,24.88,,,
16981,07/21/2023 18:52:40,24.71,,,
16982,07/21/2023 18:55:40,24.54,,,
16983,07/21/2023 18:58:40,24.41,,,
16984,07/21/2023 19:01:40,24.24,,,
16985,07/21/2023 19:04:40,23.98,,,
16986,07/21/2023 19:07:40,23.76,,,
16987,07/21/2023 19:10:40,23.25,,,
16988,07/21/2023 19:13:40,22.82,,,
16989,07/21/2023 19:16:40,22.52,,,
16990,07/21/2023 19:19:40,22.43,,,
16991,07/21/2023 19:22:40,22.09,,,
16992,07/21/2023 19:25:40,21.70,,,
16993,07/21/2023 19:28:40,21.92,,,
16994,07/21/2023 19:31:40,21.45,,,
16995,07/21/2023 19:34:40,20.80,,,
16996,07/21/2023 19:37:40,20.46,,,
16997,07/21/2023 19:40:40,20.12,,,
16998,07/21/2023 19:43:40,19.99,,,
16999,07/21/2023 19:46:40,19.65,,,
17000,07/21/2023 19:49:40,19.00,,,
17001,07/21/2023 19:52:40,18.70,,,
17002,07/21/2023 19:55:40,18.79,,,
17003,07/21/2023 19:58:40,18.36,,,
17004,07/21/2023 20:01:40,17.97,,,
17005,07/21/2023 20:04:40,17.67,,,
17006,07/21/2023 20:07:40,17.89,,,
17007,07/21/2023 20:10:40,17.29,,,
17008,07/21/2023 20:13:40,16.90,,,
17009,07/21/2023 20:16:40,16.51,,,
17010,07/21/2023 20:19:40,16.13,,,
17011,07/21/2023 20:22:40,16.04,,,
17012,07/21/2023 20:25:40,15.83,,,
17013,07/21/2023 20:28:40,15.44,,,
17014,07/21/2023 20:31:40,15.18,,,
17015,07/21/2023 20:34:40,14.75,,,
17016,07/21/2023 20:37:40,15.01,,,
17017,07/21/2023 20:40:40,14.75,,,
17018,07/21/2023 20:43:40,14.80,,,
17019,07/21/2023 20:46:40,14.67,,,
17020,07/21/2023 20:49:40,14.67,,,
17021,07/21/2023 20:52:40,14.50,,,
17022,07/21/2023 20:55:40,14.54,,,
17023,07/21/2023 20:58:40,14.67,,,
17024,07/21/2023 21:01:40,14.50,,,
17025,07/21/2023 21:04:40,14.03,,,
17026,07/21/2023 21:07:40,13.81,,,
17027,07/21/2023 21:10:40,13.85,,,
17028,07/21/2023 21:13:40,13.55,,,
17029,07/21/2023 21:16:40,13.43,,,
17030,07/21/2023 21:19:40,13.85,,,
17031,07/21/2023 21:22:40,14.03,,,
17032,07/21/2023 21:25:40,13.60,,,
17033,07/21/2023 21:28:40,13.60,,,
17034,07/21/2023 21:31:40,13.34,,,
17035,07/21/2023 21:34:40,13.21,,,
17036,07/21/2023 21:37:40,13.08,,,
17037,07/21/2023 21:40:40,12.91,,,
17038,07/21/2023 21:43:40,13.00,,,
17039,07/21/2023 21:46:40,12.91,,,
17040,07/21/2023 21:49:40,12.78,,,
17041,07/21/2023 21:52:40,12.44,,,
17042,07/21/2023 21:55:40,12.05,,,
17043,07/21/2023 21:58:40,12.01,,,
17044,07/21/2023 22:01:40,12.01,,,
17045,07/21/2023 22:04:40,11.49,,,
17046,07/21/2023 22:07:40,11.15,,,
17047,07/21/2023 22:10:40,11.02,,,
17048,07/21/2023 22:13:40,10.81,,,
17049,07/21/2023 22:16:40,10.81,,,
17050,07/21/2023 22:19:40,11.37,,,
17051,07/21/2023 22:22:40,11.24,,,
17052,07/21/2023 22:25:40,11.37,,,
17053,07/21/2023 22:28:40,11.19,,,
17054,07/21/2023 22:31:40,11.07,,,
17055,07/21/2023 22:34:40,11.07,,,
17056,07/21/2023 22:37:40,10.85,,,
17057,07/21/2023 22:40:40,10.12,,,
17058,07/21/2023 22:43:40,10.42,,,
17059,07/21/2023 22:46:40,10.98,,,
17060,07/21/2023 22:49:40,10.81,,,
17061,07/21/2023 22:52:40,10.51,,,
17062,07/21/2023 22:55:40,9.78,,,
17063,07/21/2023 22:58:40,9.74,,,
17064,07/21/2023 23:01:40,9.52,,,
17065,07/21/2023 23:04:40,9.44,,,
17066,07/21/2023 23:07:40,9.52,,,
17067,07/21/2023 23:10:40,9.26,,,
17068,07/21/2023 23:13:40,9.26,,,
17069,07/21/2023 23:16:40,9.78,,,
17070,07/21/2023 23:19:40,10.08,,,
17071,07/21/2023 23:22:40,10.51,,,
17072,07/21/2023 23:25:40,10.64,,,
17073,07/21/2023 23:28:40,9.99,,,
17074,07/21/2023 23:31:40,9.95,,,
17075,07/21/2023 23:34:40,9.74,,,
17076,07/21/2023 23:37:40,9.61,,,
17077,07/21/2023 23:40:40,9.52,,,
17078,07/21/2023 23:43:40,9.56,,,
17079,07/21/2023 23:46:40,9.61,,,
17080,07/21/2023 23:49:40,9.22,,,
17081,07/21/2023 23:52:40,9.39,,,
17082,07/21/2023 23:55:40,9.52,,,
17083,07/21/2023 23:58:40,9.35,,,
17084,07/22/2023 00:01:40,9.22,,,
17085,07/22/2023 00:04:40,9.35,,,
17086,07/22/2023 00:07:40,9.05,,,
17087,07/22/2023 00:10:40,9.48,,,
17088,07/22/2023 00:13:40,9.74,,,
17089,07/22/2023 00:16:40,9.61,,,
17090,07/22/2023 00:19:40,8.92,,,
17091,07/22/2023 00:22:40,9.09,,,
17092,07/22/2023 00:25:40,9.78,,,
17093,07/22/2023 00:28:40,9.35,,,
17094,07/22/2023 00:31:40,8.66,,,
17095,07/22/2023 00:34:40,8.45,,,
17096,07/22/2023 00:37:40,8.19,,,
17097,07/22/2023 00:40:40,7.98,,,
17098,07/22/2023 00:43:40,8.32,,,
17099,07/22/2023 00:46:40,8.28,,,
17100,07/22/2023 00:49:40,8.28,,,
17101,07/22/2023 00:52:40,8.19,,,
17102,07/22/2023 00:55:40,7.81,,,
17103,07/22/2023 00:58:40,7.50,,,
17104,07/22/2023 01:01:40,7.33,,,
17105,07/22/2023 01:04:40,7.20,,,
17106,07/22/2023 01:07:40,7.12,,,
17107,07/22/2023 01:10:40,7.33,,,
17108,07/22/2023 01:13:40,7.16,,,
17109,07/22/2023 01:16:40,7.08,,,
17110,07/22/2023 01:19:40,6.56,,,
17111,07/22/2023 01:22:40,6.30,,,
17112,07/22/2023 01:25:40,6.22,,,
17113,07/22/2023 01:28:40,6.13,,,
17114,07/22/2023 01:31:40,5.96,,,
17115,07/22/2023 01:34:40,6.22,,,
17116,07/22/2023 01:37:40,6.35,,,
17117,07/22/2023 01:40:40,6.60,,,
17118,07/22/2023 01:43:40,6.60,,,
17119,07/22/2023 01:46:40,6.35,,,
17120,07/22/2023 01:49:40,6.00,,,
17121,07/22/2023 01:52:40,5.92,,,
17122,07/22/2023 01:55:40,5.53,,,
17123,07/22/2023 01:58:40,5.66,,,
17124,07/22/2023 02:01:40,5.66,,,
17125,07/22/2023 02:04:40,5.62,,,
17126,07/22/2023 02:07:40,5.53,,,
17127,07/22/2023 02:10:40,5.83,,,
17128,07/22/2023 02:13:40,6.09,,,
17129,07/22/2023 02:16:40,5.96,,,
17130,07/22/2023 02:19:40,5.96,,,
17131,07/22/2023 02:22:40,6.09,,,
17132,07/22/2023 02:25:40,6.17,,,
17133,07/22/2023 02:28:40,6.05,,,
17134,07/22/2023 02:31:40,5.70,,,
17135,07/22/2023 02:34:40,5.49,,,
17136,07/22/2023 02:37:40,5.27,,,
17137,07/22/2023 02:40:40,5.45,,,
17138,07/22/2023 02:43:40,5.45,,,
17139,07/22/2023 02:46:40,5.45,,,
17140,07/22/2023 02:49:40,5.49,,,
17141,07/22/2023 02:52:40,5.32,,,
17142,07/22/2023 02:55:40,5.23,,,
17143,07/22/2023 02:58:40,5.15,,,
17144,07/22/2023 03:01:40,4.89,,,
17145,07/22/2023 03:04:40,5.06,,,
17146,07/22/2023 03:07:40,5.19,,,
17147,07/22/2023 03:10:40,5.45,,,
17148,07/22/2023 03:13:40,5.49,,,
17149,07/22/2023 03:16:40,5.53,,,
17150,07/22/2023 03:19:40,5.27,,,
17151,07/22/2023 03:22:40,5.19,,,
17152,07/22/2023 03:25:40,5.27,,,
17153,07/22/2023 03:28:40,5.32,,,
17154,07/22/2023 03:31:40,5.27,,,
17155,07/22/2023 03:34:40,5.15,,,
17156,07/22/2023 03:37:40,5.23,,,
17157,07/22/2023 03:40:40,5.36,,,
17158,07/22/2023 03:43:40,5.06,,,
17159,07/22/2023 03:46:40,4.84,,,
17160,07/22/2023 03:49:40,4.63,,,
17161,07/22/2023 03:52:40,4.46,,,
17162,07/22/2023 03:55:40,4.50,,,
17163,07/22/2023 03:58:40,5.23,,,
17164,07/22/2023 04:01:40,4.97,,,
17165,07/22/2023 04:04:40,4.72,,,
17166,07/22/2023 04:07:40,4.63,,,
17167,07/22/2023 04:10:40,4.67,,,
17168,07/22/2023 04:13:40,4.67,,,
17169,07/22/2023 04:16:40,4.59,,,
17170,07/22/2023 04:19:40,4.54,,,
17171,07/22/2023 04:22:40,4.46,,,
17172,07/22/2023 04:25:40,4.42,,,
17173,07/22/2023 04:28:40,4.24,,,
17174,07/22/2023 04:31:40,4.16,,,
17175,07/22/2023 04:34:40,4.29,,,
17176,07/22/2023 04:37:40,4.16,,,
17177,07/22/2023 04:40:40,4.20,,,
17178,07/22/2023 04:43:40,4.03,,,
17179,07/22/2023 04:46:40,3.86,,,
17180,07/22/2023 04:49:40,3.64,,,
17181,07/22/2023 04:52:40,3.64,,,
17182,07/22/2023 04:55:40,3.82,,,
17183,07/22/2023 04:58:40,3.86,,,
17184,07/22/2023 05:01:40,4.07,,,
17185,07/22/2023 05:04:40,4.12,,,
17186,07/22/2023 05:07:40,4.12,,,
17187,07/22/2023 05:10:40,4.16,,,
17188,07/22/2023 05:13:40,4.24,,,
17189,07/22/2023 05:16:40,4.20,,,
17190,07/22/2023 05:19:40,3.94,,,
17191,07/22/2023 05:22:40,3.60,,,
17192,07/22/2023 05:25:40,3.73,,,
17193,07/22/2023 05:28:40,4.03,,,
17194,07/22/2023 05:31:40,4.16,,,
17195,07/22/2023 05:34:40,4.29,,,
17196,07/22/2023 05:37:40,4.12,,,
17197,07/22/2023 05:40:40,4.16,,,
17198,07/22/2023 05:43:40,3.99,,,
17199,07/22/2023 05:46:40,3.86,,,
17200,07/22/2023 05:49:40,3.73,,,
17201,07/22/2023 05:52:40,3.73,,,
17202,07/22/2023 05:55:40,3.94,,,
17203,07/22/2023 05:58:40,3.99,,,
17204,07/22/2023 06:01:40,4.16,,,
17205,07/22/2023 06:04:40,4.24,,,
17206,07/22/2023 06:07:40,4.24,,,
17207,07/22/2023 06:10:40,4.03,,,
17208,07/22/2023 06:13:40,3.86,,,
17209,07/22/2023 06:16:40,3.99,,,
17210,07/22/2023 06:19:40,3.90,,,
17211,07/22/2023 06:22:40,3.86,,,
17212,07/22/2023 06:25:40,3.86,,,
17213,07/22/2023 06:28:40,3.90,,,
17214,07/22/2023 06:31:40,3.90,,,
17215,07/22/2023 06:34:40,3.90,,,
17216,07/22/2023 06:37:40,4.07,,,
17217,07/22/2023 06:40:40,4.29,,,
17218,07/22/2023 06:43:40,4.67,,,
17219,07/22/2023 06:46:40,4.84,,,
17220,07/22/2023 06:49:40,4.93,,,
17221,07/22/2023 06:52:40,5.23,,,
17222,07/22/2023 06:55:40,5.53,,,
17223,07/22/2023 06:58:40,6.26,,,
17224,07/22/2023 07:01:40,7.16,,,
17225,07/22/2023 07:04:40,7.93,,,
17226,07/22/2023 07:07:40,8.66,,,
17227,07/22/2023 07:10:40,9.14,,,
17228,07/22/2023 07:13:40,9.65,,,
17229,07/22/2023 07:16:40,10.08,,,
17230,07/22/2023 07:19:40,10.46,,,
17231,07/22/2023 07:22:40,10.72,,,
17232,07/22/2023 07:25:40,10.98,,,
17233,07/22/2023 07:28:40,11.32,,,
17234,07/22/2023 07:31:40,11.45,,,
17235,07/22/2023 07:34:40,11.11,,,
17236,07/22/2023 07:37:40,11.19,,,
17237,07/22/2023 07:40:40,11.71,,,
17238,07/22/2023 07:43:40,12.27,,,
17239,07/22/2023 07:46:40,13.00,,,
17240,07/22/2023 07:49:40,13.43,,,
17241,07/22/2023 07:52:40,13.85,,,
17242,07/22/2023 07:55:40,14.15,,,
17243,07/22/2023 07:58:40,14.45,,,
17244,07/22/2023 08:01:40,14.28,,,
17245,07/22/2023 08:04:40,13.98,,,
17246,07/22/2023 08:07:40,14.07,,,
17247,07/22/2023 08:10:40,14.41,,,
17248,07/22/2023 08:13:40,14.93,,,
17249,07/22/2023 08:16:40,16.26,,,
17250,07/22/2023 08:19:40,16.94,,,
17251,07/22/2023 08:22:40,17.89,,,
17252,07/22/2023 08:25:40,18.79,,,
17253,07/22/2023 08:28:40,18.79,,,
17254,07/22/2023 08:31:40,19.17,,,
17255,07/22/2023 08:34:40,17.84,,,
17256,07/22/2023 08:37:40,17.11,,,
17257,07/22/2023 08:40:40,17.20,,,
17258,07/22/2023 08:43:40,17.37,,,
17259,07/22/2023 08:46:40,17.63,,,
17260,07/22/2023 08:49:40,17.41,,,
17261,07/22/2023 08:52:40,17.59,,,
17262,07/22/2023 08:55:40,17.37,,,
17263,07/22/2023 08:58:40,17.41,,,
17264,07/22/2023 09:01:40,17.54,,,
17265,07/22/2023 09:04:40,18.36,,,
17266,07/22/2023 09:07:40,18.02,,,
17267,07/22/2023 09:10:40,18.66,,,
17268,07/22/2023 09:13:40,18.62,,,
17269,07/22/2023 09:16:40,19.43,,,
17270,07/22/2023 09:19:40,19.13,,,
17271,07/22/2023 09:22:40,19.26,,,
17272,07/22/2023 09:25:40,19.90,,,
17273,07/22/2023 09:28:40,19.95,,,
17274,07/22/2023 09:31:40,20.29,,,
17275,07/22/2023 09:34:40,20.85,,,
17276,07/22/2023 09:37:40,21.32,,,
17277,07/22/2023 09:40:40,20.85,,,
17278,07/22/2023 09:43:40,20.80,,,
17279,07/22/2023 09:46:40,21.79,,,
17280,07/22/2023 09:49:40,21.88,,,
17281,07/22/2023 09:52:40,22.69,,,
17282,07/22/2023 09:55:40,22.05,,,
17283,07/22/2023 09:58:40,22.56,,,
17284,07/22/2023 10:01:40,22.35,,,
17285,07/22/2023 10:04:40,22.56,,,
17286,07/22/2023 10:07:40,23.16,,,
17287,07/22/2023 10:10:40,22.82,,,
17288,07/22/2023 10:13:40,21.75,,,
17289,07/22/2023 10:16:40,22.52,,,
17290,07/22/2023 10:19:40,22.52,,,
17291,07/22/2023 10:22:40,22.05,,,
17292,07/22/2023 10:25:40,22.01,,,
17293,07/22/2023 10:28:40,22.09,,,
17294,07/22/2023 10:31:40,22.39,,,
17295,07/22/2023 10:34:40,22.26,,,
17296,07/22/2023 10:37:40,22.48,,,
17297,07/22/2023 10:40:40,23.21,,,
17298,07/22/2023 10:43:40,22.91,,,
17299,07/22/2023 10:46:40,22.52,,,
17300,07/22/2023 10:49:40,22.95,,,
17301,07/22/2023 10:52:40,23.12,,,
17302,07/22/2023 10:55:40,23.25,,,
17303,07/22/2023 10:58:40,23.46,,,
17304,07/22/2023 11:01:40,22.91,,,
17305,07/22/2023 11:04:40,23.38,,,
17306,07/22/2023 11:07:40,23.34,,,
17307,07/22/2023 11:10:40,23.55,,,
17308,07/22/2023 11:13:40,23.51,,,
17309,07/22/2023 11:16:40,24.02,,,
17310,07/22/2023 11:19:40,23.94,,,
17311,07/22/2023 11:22:40,24.15,,,
17312,07/22/2023 11:25:40,24.45,,,
17313,07/22/2023 11:28:40,24.84,,,
17314,07/22/2023 11:31:40,24.54,,,
17315,07/22/2023 11:34:40,24.88,,,
17316,07/22/2023 11:37:40,25.18,,,
17317,07/22/2023 11:40:40,24.79,,,
17318,07/22/2023 11:43:40,25.22,,,
17319,07/22/2023 11:46:40,25.01,,,
17320,07/22/2023 11:49:40,25.31,,,
17321,07/22/2023 11:52:40,25.74,,,
17322,07/22/2023 11:55:40,27.15,,,
17323,07/22/2023 11:58:40,27.37,,,
17324,07/22/2023 12:01:40,26.72,,,
17325,07/22/2023 12:04:40,27.24,,,
17326,07/22/2023 12:07:40,27.07,,,
17327,07/22/2023 12:10:40,27.88,,,
17328,07/22/2023 12:13:40,27.54,,,
17329,07/22/2023 12:16:40,27.32,,,
17330,07/22/2023 12:19:40,26.85,,,
17331,07/22/2023 12:22:40,26.17,,,
17332,07/22/2023 12:25:40,26.25,,,
17333,07/22/2023 12:28:40,26.51,,,
17334,07/22/2023 12:31:40,27.37,,,
17335,07/22/2023 12:34:40,27.24,,,
17336,07/22/2023 12:37:40,26.85,,,
17337,07/22/2023 12:40:40,26.17,,,
17338,07/22/2023 12:43:40,26.60,,,
17339,07/22/2023 12:46:40,26.51,,,
17340,07/22/2023 12:49:40,26.94,,,
17341,07/22/2023 12:52:40,26.21,,,
17342,07/22/2023 12:55:40,27.15,,,
17343,07/22/2023 12:58:40,26.81,,,
17344,07/22/2023 13:01:40,27.32,,,
17345,07/22/2023 13:04:40,27.97,,,
17346,07/22/2023 13:07:40,28.18,,,
17347,07/22/2023 13:10:40,27.97,,,
17348,07/22/2023 13:13:40,26.85,,,
17349,07/22/2023 13:16:40,27.45,,,
17350,07/22/2023 13:19:40,27.97,,,
17351,07/22/2023 13:22:40,27.11,,,
17352,07/22/2023 13:25:40,27.32,,,
17353,07/22/2023 13:28:40,27.07,,,
17354,07/22/2023 13:31:40,27.58,,,
17355,07/22/2023 13:34:40,27.15,,,
17356,07/22/2023 13:37:40,27.71,,,
17357,07/22/2023 13:40:40,27.58,,,
17358,07/22/2023 13:43:40,27.11,,,
17359,07/22/2023 13:46:40,26.98,,,
17360,07/22/2023 13:49:40,27.58,,,
17361,07/22/2023 13:52:40,27.80,,,
17362,07/22/2023 13:55:40,28.01,,,
17363,07/22/2023 13:58:40,27.67,,,
17364,07/22/2023 14:01:40,28.57,,,
17365,07/22/2023 14:04:40,28.10,,,
17366,07/22/2023 14:07:40,27.63,,,
17367,07/22/2023 14:10:40,27.54,,,
17368,07/22/2023 14:13:40,27.32,,,
17369,07/22/2023 14:16:40,26.85,,,
17370,07/22/2023 14:19:40,27.28,,,
17371,07/22/2023 14:22:40,28.14,,,
17372,07/22/2023 14:25:40,27.41,,,
17373,07/22/2023 14:28:40,27.24,,,
17374,07/22/2023 14:31:40,27.37,,,
17375,07/22/2023 14:34:40,27.63,,,
17376,07/22/2023 14:37:40,27.28,,,
17377,07/22/2023 14:40:40,27.58,,,
17378,07/22/2023 14:43:40,26.98,,,
17379,07/22/2023 14:46:40,27.45,,,
17380,07/22/2023 14:49:40,27.24,,,
17381,07/22/2023 14:52:40,27.32,,,
17382,07/22/2023 14:55:40,27.37,,,
17383,07/22/2023 14:58:40,27.50,,,
17384,07/22/2023 15:01:40,27.63,,,
17385,07/22/2023 15:04:40,27.63,,,
17386,07/22/2023 15:07:40,27.67,,,
17387,07/22/2023 15:10:40,28.31,,,
17388,07/22/2023 15:13:40,27.97,,,
17389,07/22/2023 15:16:40,27.41,,,
17390,07/22/2023 15:19:40,27.54,,,
17391,07/22/2023 15:22:40,27.28,,,
17392,07/22/2023 15:25:40,26.98,,,
17393,07/22/2023 15:28:40,26.94,,,
17394,07/22/2023 15:31:40,27.32,,,
17395,07/22/2023 15:34:40,27.32,,,
17396,07/22/2023 15:37:40,27.54,,,
17397,07/22/2023 15:40:40,28.14,,,
17398,07/22/2023 15:43:40,27.28,,,
17399,07/22/2023 15:46:40,27.07,,,
17400,07/22/2023 15:49:40,27.41,,,
17401,07/22/2023 15:52:40,27.50,,,
17402,07/22/2023 15:55:40,27.58,,,
17403,07/22/2023 15:58:40,27.28,,,
17404,07/22/2023 16:01:40,27.28,,,
17405,07/22/2023 16:04:40,27.67,,,
17406,07/22/2023 16:07:40,27.28,,,
17407,07/22/2023 16:10:40,27.32,,,
17408,07/22/2023 16:13:40,27.15,,,
17409,07/22/2023 16:16:40,27.67,,,
17410,07/22/2023 16:19:40,27.75,,,
17411,07/22/2023 16:22:40,27.32,,,
17412,07/22/2023 16:25:40,27.07,,,
17413,07/22/2023 16:28:40,27.54,,,
17414,07/22/2023 16:31:40,27.50,,,
17415,07/22/2023 16:34:40,27.84,,,
17416,07/22/2023 16:37:40,27.20,,,
17417,07/22/2023 16:40:40,26.98,,,
17418,07/22/2023 16:43:40,27.02,,,
17419,07/22/2023 16:46:40,27.02,,,
17420,07/22/2023 16:49:40,27.37,,,
17421,07/22/2023 16:52:40,27.24,,,
17422,07/22/2023 16:55:40,27.11,,,
17423,07/22/2023 16:58:40,26.90,,,
17424,07/22/2023 17:01:40,26.90,,,
17425,07/22/2023 17:04:40,26.90,,,
17426,07/22/2023 17:07:40,26.85,,,
17427,07/22/2023 17:10:40,26.90,,,
17428,07/22/2023 17:13:40,26.81,,,
17429,07/22/2023 17:16:40,26.77,,,
17430,07/22/2023 17:19:40,26.81,,,
17431,07/22/2023 17:22:40,26.72,,,
17432,07/22/2023 17:25:40,26.85,,,
17433,07/22/2023 17:28:40,26.81,,,
17434,07/22/2023 17:31:40,26.72,,,
17435,07/22/2023 17:34:40,26.51,,,
17436,07/22/2023 17:37:40,26.72,,,
17437,07/22/2023 17:40:40,26.98,,,
17438,07/22/2023 17:43:40,26.90,,,
17439,07/22/2023 17:46:40,26.77,,,
17440,07/22/2023 17:49:40,26.60,,,
17441,07/22/2023 17:52:40,26.51,,,
17442,07/22/2023 17:55:40,26.25,,,
17443,07/22/2023 17:58:40,26.34,,,
17444,07/22/2023 18:01:40,26.12,,,
17445,07/22/2023 18:04:40,25.99,,,
17446,07/22/2023 18:07:40,26.17,,,
17447,07/22/2023 18:10:40,26.12,,,
17448,07/22/2023 18:13:40,25.99,,,
17449,07/22/2023 18:16:40,25.74,,,
17450,07/22/2023 18:19:40,25.78,,,
17451,07/22/2023 18:22:40,25.87,,,
17452,07/22/2023 18:25:40,26.04,,,
17453,07/22/2023 18:28:40,25.95,,,
17454,07/22/2023 18:31:40,25.52,,,
17455,07/22/2023 18:34:40,25.39,,,
17456,07/22/2023 18:37:40,25.52,,,
17457,07/22/2023 18:40:40,25.57,,,
17458,07/22/2023 18:43:40,25.39,,,
17459,07/22/2023 18:46:40,25.27,,,
17460,07/22/2023 18:49:40,25.05,,,
17461,07/22/2023 18:52:40,24.84,,,
17462,07/22/2023 18:55:40,24.58,,,
17463,07/22/2023 18:58:40,24.41,,,
17464,07/22/2023 19:01:40,24.15,,,
17465,07/22/2023 19:04:40,24.02,,,
17466,07/22/2023 19:07:40,23.85,,,
17467,07/22/2023 19:10:40,23.55,,,
17468,07/22/2023 19:13:40,23.42,,,
17469,07/22/2023 19:16:40,23.55,,,
17470,07/22/2023 19:19:40,23.29,,,
17471,07/22/2023 19:22:40,22.91,,,
17472,07/22/2023 19:25:40,22.35,,,
17473,07/22/2023 19:28:40,22.13,,,
17474,07/22/2023 19:31:40,21.83,,,
17475,07/22/2023 19:34:40,21.58,,,
17476,07/22/2023 19:37:40,21.62,,,
17477,07/22/2023 19:40:40,21.36,,,
17478,07/22/2023 19:43:40,21.02,,,
17479,07/22/2023 19:46:40,20.37,,,
17480,07/22/2023 19:49:40,19.90,,,
17481,07/22/2023 19:52:40,19.22,,,
17482,07/22/2023 19:55:40,18.79,,,
17483,07/22/2023 19:58:40,18.79,,,
17484,07/22/2023 20:01:40,18.92,,,
17485,07/22/2023 20:04:40,18.36,,,
17486,07/22/2023 20:07:40,17.50,,,
17487,07/22/2023 20:10:40,17.29,,,
17488,07/22/2023 20:13:40,17.07,,,
17489,07/22/2023 20:16:40,16.60,,,
17490,07/22/2023 20:19:40,16.30,,,
17491,07/22/2023 20:22:40,16.56,,,
17492,07/22/2023 20:25:40,17.03,,,
17493,07/22/2023 20:28:40,16.47,,,
17494,07/22/2023 20:31:40,15.70,,,
17495,07/22/2023 20:34:40,15.31,,,
17496,07/22/2023 20:37:40,14.93,,,
17497,07/22/2023 20:40:40,14.54,,,
17498,07/22/2023 20:43:40,14.15,,,
17499,07/22/2023 20:46:40,14.20,,,
17500,07/22/2023 20:49:40,13.98,,,
17501,07/22/2023 20:52:40,13.55,,,
17502,07/22/2023 20:55:40,13.73,,,
17503,07/22/2023 20:58:40,13.64,,,
17504,07/22/2023 21:01:40,13.30,,,
17505,07/22/2023 21:04:40,13.12,,,
17506,07/22/2023 21:07:40,13.00,,,
17507,07/22/2023 21:10:40,12.74,,,
17508,07/22/2023 21:13:40,12.70,,,
17509,07/22/2023 21:16:40,13.00,,,
17510,07/22/2023 21:19:40,12.91,,,
17511,07/22/2023 21:22:40,13.00,,,
17512,07/22/2023 21:25:40,12.57,,,
17513,07/22/2023 21:28:40,12.87,,,
17514,07/22/2023 21:31:40,13.08,,,
17515,07/22/2023 21:34:40,13.21,,,
17516,07/22/2023 21:37:40,13.08,,,
17517,07/22/2023 21:40:40,13.25,,,
17518,07/22/2023 21:43:40,13.30,,,
17519,07/22/2023 21:46:40,13.68,,,
17520,07/22/2023 21:49:40,13.34,,,
17521,07/22/2023 21:52:40,12.78,,,
17522,07/22/2023 21:55:40,12.78,,,
17523,07/22/2023 21:58:40,12.74,,,
17524,07/22/2023 22:01:40,12.27,,,
17525,07/22/2023 22:04:40,11.88,,,
17526,07/22/2023 22:07:40,11.88,,,
17527,07/22/2023 22:10:40,11.75,,,
17528,07/22/2023 22:13:40,11.49,,,
17529,07/22/2023 22:16:40,11.45,,,
17530,07/22/2023 22:19:40,11.24,,,
17531,07/22/2023 22:22:40,11.07,,,
17532,07/22/2023 22:25:40,10.77,,,
17533,07/22/2023 22:28:40,10.89,,,
17534,07/22/2023 22:31:40,10.77,,,
17535,07/22/2023 22:34:40,10.64,,,
17536,07/22/2023 22:37:40,10.64,,,
17537,07/22/2023 22:40:40,10.68,,,
17538,07/22/2023 22:43:40,11.15,,,
17539,07/22/2023 22:46:40,11.24,,,
17540,07/22/2023 22:49:40,11.11,,,
17541,07/22/2023 22:52:40,11.07,,,
17542,07/22/2023 22:55:40,10.98,,,
17543,07/22/2023 22:58:40,10.98,,,
17544,07/22/2023 23:01:40,11.11,,,
17545,07/22/2023 23:04:40,10.89,,,
17546,07/22/2023 23:07:40,10.77,,,
17547,07/22/2023 23:10:40,10.68,,,
17548,07/22/2023 23:13:40,10.85,,,
17549,07/22/2023 23:16:40,10.85,,,
17550,07/22/2023 23:19:40,10.77,,,
17551,07/22/2023 23:22:40,10.77,,,
17552,07/22/2023 23:25:40,10.81,,,
17553,07/22/2023 23:28:40,10.64,,,
17554,07/22/2023 23:31:40,10.89,,,
17555,07/22/2023 23:34:40,11.19,,,
17556,07/22/2023 23:37:40,11.19,,,
17557,07/22/2023 23:40:40,10.98,,,
17558,07/22/2023 23:43:40,10.89,,,
17559,07/22/2023 23:46:40,10.55,,,
17560,07/22/2023 23:49:40,10.29,,,
17561,07/22/2023 23:52:40,10.21,,,
17562,07/22/2023 23:55:40,9.91,,,
17563,07/22/2023 23:58:40,9.52,,,
17564,07/23/2023 00:01:40,9.18,,,
17565,07/23/2023 00:04:40,8.88,,,
17566,07/23/2023 00:07:40,8.66,,,
17567,07/23/2023 00:10:40,8.62,,,
17568,07/23/2023 00:13:40,8.45,,,
17569,07/23/2023 00:16:40,8.36,,,
17570,07/23/2023 00:19:40,8.36,,,
17571,07/23/2023 00:22:40,8.36,,,
17572,07/23/2023 00:25:40,8.62,,,
17573,07/23/2023 00:28:40,8.49,,,
17574,07/23/2023 00:31:40,8.28,,,
17575,07/23/2023 00:34:40,8.11,,,
17576,07/23/2023 00:37:40,7.85,,,
17577,07/23/2023 00:40:40,7.55,,,
17578,07/23/2023 00:43:40,8.11,,,
17579,07/23/2023 00:46:40,9.18,,,
17580,07/23/2023 00:49:40,8.41,,,
17581,07/23/2023 00:52:40,8.41,,,
17582,07/23/2023 00:55:40,9.09,,,
17583,07/23/2023 00:58:40,9.56,,,
17584,07/23/2023 01:01:40,9.35,,,
17585,07/23/2023 01:04:40,9.35,,,
17586,07/23/2023 01:07:40,9.22,,,
17587,07/23/2023 01:10:40,8.11,,,
17588,07/23/2023 01:13:40,8.06,,,
17589,07/23/2023 01:16:40,7.98,,,
17590,07/23/2023 01:19:40,7.93,,,
17591,07/23/2023 01:22:40,7.72,,,
17592,07/23/2023 01:25:40,7.33,,,
17593,07/23/2023 01:28:40,7.12,,,
17594,07/23/2023 01:31:40,7.38,,,
17595,07/23/2023 01:34:40,6.99,,,
17596,07/23/2023 01:37:40,6.48,,,
17597,07/23/2023 01:40:40,6.30,,,
17598,07/23/2023 01:43:40,6.30,,,
17599,07/23/2023 01:46:40,6.22,,,
17600,07/23/2023 01:49:40,6.09,,,
17601,07/23/2023 01:52:40,6.00,,,
17602,07/23/2023 01:55:40,5.83,,,
17603,07/23/2023 01:58:40,6.00,,,
17604,07/23/2023 02:01:40,5.96,,,
17605,07/23/2023 02:04:40,5.32,,,
17606,07/23/2023 02:07:40,4.93,,,
17607,07/23/2023 02:10:40,4.80,,,
17608,07/23/2023 02:13:40,4.93,,,
17609,07/23/2023 02:16:40,4.97,,,
17610,07/23/2023 02:19:40,5.36,,,
17611,07/23/2023 02:22:40,5.23,,,
17612,07/23/2023 02:25:40,5.23,,,
17613,07/23/2023 02:28:40,4.93,,,
17614,07/23/2023 02:31:40,4.97,,,
17615,07/23/2023 02:34:40,5.02,,,
17616,07/23/2023 02:37:40,5.06,,,
17617,07/23/2023 02:40:40,5.32,,,
17618,07/23/2023 02:43:40,5.06,,,
17619,07/23/2023 02:46:40,5.19,,,
17620,07/23/2023 02:49:40,4.89,,,
17621,07/23/2023 02:52:40,4.67,,,
17622,07/23/2023 02:55:40,4.67,,,
17623,07/23/2023 02:58:40,4.89,,,
17624,07/23/2023 03:01:40,4.93,,,
17625,07/23/2023 03:04:40,5.02,,,
17626,07/23/2023 03:07:40,5.06,,,
17627,07/23/2023 03:10:40,5.10,,,
17628,07/23/2023 03:13:40,4.63,,,
17629,07/23/2023 03:16:40,4.29,,,
17630,07/23/2023 03:19:40,4.37,,,
17631,07/23/2023 03:22:40,4.37,,,
17632,07/23/2023 03:25:40,4.42,,,
17633,07/23/2023 03:28:40,4.24,,,
17634,07/23/2023 03:31:40,4.24,,,
17635,07/23/2023 03:34:40,4.16,,,
17636,07/23/2023 03:37:40,4.24,,,
17637,07/23/2023 03:40:40,4.24,,,
17638,07/23/2023 03:43:40,4.37,,,
17639,07/23/2023 03:46:40,4.20,,,
17640,07/23/2023 03:49:40,4.37,,,
17641,07/23/2023 03:52:40,4.67,,,
17642,07/23/2023 03:55:40,4.80,,,
17643,07/23/2023 03:58:40,4.72,,,
17644,07/23/2023 04:01:40,4.80,,,
17645,07/23/2023 04:04:40,4.67,,,
17646,07/23/2023 04:07:40,4.46,,,
17647,07/23/2023 04:10:40,4.33,,,
17648,07/23/2023 04:13:40,4.24,,,
17649,07/23/2023 04:16:40,4.33,,,
17650,07/23/2023 04:19:40,4.37,,,
17651,07/23/2023 04:22:40,4.12,,,
17652,07/23/2023 04:25:40,3.77,,,
17653,07/23/2023 04:28:40,4.03,,,
17654,07/23/2023 04:31:40,4.54,,,
17655,07/23/2023 04:34:40,4.63,,,
17656,07/23/2023 04:37:40,4.72,,,
17657,07/23/2023 04:40:40,4.97,,,
17658,07/23/2023 04:43:40,4.89,,,
17659,07/23/2023 04:46:40,4.33,,,
17660,07/23/2023 04:49:40,4.12,,,
17661,07/23/2023 04:52:40,4.12,,,
17662,07/23/2023 04:55:40,4.07,,,
17663,07/23/2023 04:58:40,4.07,,,
17664,07/23/2023 05:01:40,4.16,,,
17665,07/23/2023 05:04:40,3.86,,,
17666,07/23/2023 05:07:40,3.73,,,
17667,07/23/2023 05:10:40,3.64,,,
17668,07/23/2023 05:13:40,3.82,,,
17669,07/23/2023 05:16:40,4.12,,,
17670,07/23/2023 05:19:40,4.29,,,
17671,07/23/2023 05:22:40,4.33,,,
17672,07/23/2023 05:25:40,4.29,,,
17673,07/23/2023 05:28:40,4.20,,,
17674,07/23/2023 05:31:40,4.37,,,
17675,07/23/2023 05:34:40,4.46,,,
17676,07/23/2023 05:37:40,4.12,,,
17677,07/23/2023 05:40:40,4.07,,,
17678,07/23/2023 05:43:40,3.99,,,
17679,07/23/2023 05:46:40,4.03,,,
17680,07/23/2023 05:49:40,3.99,,,
17681,07/23/2023 05:52:40,3.99,,,
17682,07/23/2023 05:55:40,4.24,,,
17683,07/23/2023 05:58:40,4.24,,,
17684,07/23/2023 06:01:40,4.33,,,
17685,07/23/2023 06:04:40,4.46,,,
17686,07/23/2023 06:07:40,4.37,,,
17687,07/23/2023 06:10:40,4.42,,,
17688,07/23/2023 06:13:40,4.24,,,
17689,07/23/2023 06:16:40,4.16,,,
17690,07/23/2023 06:19:40,4.29,,,
17691,07/23/2023 06:22:40,4.12,,,
17692,07/23/2023 06:25:40,3.94,,,
17693,07/23/2023 06:28:40,3.77,,,
17694,07/23/2023 06:31:40,3.94,,,
17695,07/23/2023 06:34:40,3.86,,,
17696,07/23/2023 06:37:40,3.90,,,
17697,07/23/2023 06:40:40,3.77,,,
17698,07/23/2023 06:43:40,3.73,,,
17699,07/23/2023 06:46:40,3.73,,,
17700,07/23/2023 06:49:40,3.99,,,
17701,07/23/2023 06:52:40,4.37,,,
17702,07/23/2023 06:55:40,4.59,,,
17703,07/23/2023 06:58:40,5.70,,,
17704,07/23/2023 07:01:40,6.52,,,
17705,07/23/2023 07:04:40,6.73,,,
17706,07/23/2023 07:07:40,6.56,,,
17707,07/23/2023 07:10:40,6.99,,,
17708,07/23/2023 07:13:40,7.33,,,
17709,07/23/2023 07:16:40,7.72,,,
17710,07/23/2023 07:19:40,8.28,,,
17711,07/23/2023 07:22:40,8.92,,,
17712,07/23/2023 07:25:40,8.96,,,
17713,07/23/2023 07:28:40,9.65,,,
17714,07/23/2023 07:31:40,10.72,,,
17715,07/23/2023 07:34:40,11.41,,,
17716,07/23/2023 07:37:40,11.71,,,
17717,07/23/2023 07:40:40,12.10,,,
17718,07/23/2023 07:43:40,12.87,,,
17719,07/23/2023 07:46:40,13.17,,,
17720,07/23/2023 07:49:40,13.04,,,
17721,07/23/2023 07:52:40,12.14,,,
17722,07/23/2023 07:55:40,12.14,,,
17723,07/23/2023 07:58:40,12.70,,,
17724,07/23/2023 08:01:40,12.95,,,
17725,07/23/2023 08:04:40,13.21,,,
17726,07/23/2023 08:07:40,13.68,,,
17727,07/23/2023 08:10:40,14.28,,,
17728,07/23/2023 08:13:40,14.97,,,
17729,07/23/2023 08:16:40,15.23,,,
17730,07/23/2023 08:19:40,15.18,,,
17731,07/23/2023 08:22:40,15.10,,,
17732,07/23/2023 08:25:40,15.48,,,
17733,07/23/2023 08:28:40,16.21,,,
17734,07/23/2023 08:31:40,16.90,,,
17735,07/23/2023 08:34:40,17.80,,,
17736,07/23/2023 08:37:40,19.30,,,
17737,07/23/2023 08:40:40,18.66,,,
17738,07/23/2023 08:43:40,18.19,,,
17739,07/23/2023 08:46:40,18.02,,,
17740,07/23/2023 08:49:40,18.10,,,
17741,07/23/2023 08:52:40,18.44,,,
17742,07/23/2023 08:55:40,18.27,,,
17743,07/23/2023 08:58:40,18.14,,,
17744,07/23/2023 09:01:40,17.72,,,
17745,07/23/2023 09:04:40,18.44,,,
17746,07/23/2023 09:07:40,18.74,,,
17747,07/23/2023 09:10:40,19.52,,,
17748,07/23/2023 09:13:40,19.90,,,
17749,07/23/2023 09:16:40,20.03,,,
17750,07/23/2023 09:19:40,19.90,,,
17751,07/23/2023 09:22:40,20.59,,,
17752,07/23/2023 09:25:40,20.03,,,
17753,07/23/2023 09:28:40,20.50,,,
17754,07/23/2023 09:31:40,20.89,,,
17755,07/23/2023 09:34:40,20.03,,,
17756,07/23/2023 09:37:40,20.59,,,
17757,07/23/2023 09:40:40,20.59,,,
17758,07/23/2023 09:43:40,20.72,,,
17759,07/23/2023 09:46:40,21.23,,,
17760,07/23/2023 09:49:40,21.62,,,
17761,07/23/2023 09:52:40,21.79,,,
17762,07/23/2023 09:55:40,22.31,,,
17763,07/23/2023 09:58:40,23.12,,,
17764,07/23/2023 10:01:40,22.99,,,
17765,07/23/2023 10:04:40,23.03,,,
17766,07/23/2023 10:07:40,23.12,,,
17767,07/23/2023 10:10:40,23.25,,,
17768,07/23/2023 10:13:40,23.29,,,
17769,07/23/2023 10:16:40,23.16,,,
17770,07/23/2023 10:19:40,24.54,,,
17771,07/23/2023 10:22:40,25.39,,,
17772,07/23/2023 10:25:40,25.01,,,
17773,07/23/2023 10:28:40,25.31,,,
17774,07/23/2023 10:31:40,25.18,,,
17775,07/23/2023 10:34:40,26.25,,,
17776,07/23/2023 10:37:40,26.64,,,
17777,07/23/2023 10:40:40,26.30,,,
17778,07/23/2023 10:43:40,25.78,,,
17779,07/23/2023 10:46:40,25.22,,,
17780,07/23/2023 10:49:40,24.15,,,
17781,07/23/2023 10:52:40,25.39,,,
17782,07/23/2023 10:55:40,25.78,,,
17783,07/23/2023 10:58:40,24.88,,,
17784,07/23/2023 11:01:40,25.57,,,
17785,07/23/2023 11:04:40,25.65,,,
17786,07/23/2023 11:07:40,25.52,,,
17787,07/23/2023 11:10:40,25.52,,,
17788,07/23/2023 11:13:40,26.38,,,
17789,07/23/2023 11:16:40,26.64,,,
17790,07/23/2023 11:19:40,26.90,,,
17791,07/23/2023 11:22:40,26.90,,,
17792,07/23/2023 11:25:40,26.77,,,
17793,07/23/2023 11:28:40,26.21,,,
17794,07/23/2023 11:31:40,26.21,,,
17795,07/23/2023 11:34:40,26.64,,,
17796,07/23/2023 11:37:40,27.02,,,
17797,07/23/2023 11:40:40,26.38,,,
17798,07/23/2023 11:43:40,26.47,,,
17799,07/23/2023 11:46:40,26.08,,,
17800,07/23/2023 11:49:40,26.47,,,
17801,07/23/2023 11:52:40,26.55,,,
17802,07/23/2023 11:55:40,26.34,,,
17803,07/23/2023 11:58:40,26.51,,,
17804,07/23/2023 12:01:40,26.94,,,
17805,07/23/2023 12:04:40,27.20,,,
17806,07/23/2023 12:07:40,26.85,,,
17807,07/23/2023 12:10:40,26.98,,,
17808,07/23/2023 12:13:40,27.41,,,
17809,07/23/2023 12:16:40,26.81,,,
17810,07/23/2023 12:19:40,27.80,,,
17811,07/23/2023 12:22:40,27.88,,,
17812,07/23/2023 12:25:40,27.41,,,
17813,07/23/2023 12:28:40,27.71,,,
17814,07/23/2023 12:31:40,28.01,,,
17815,07/23/2023 12:34:40,29.30,,,
17816,07/23/2023 12:37:40,28.87,,,
17817,07/23/2023 12:40:40,28.48,,,
17818,07/23/2023 12:43:40,28.95,,,
17819,07/23/2023 12:46:40,29.30,,,
17820,07/23/2023 12:49:40,28.74,,,
17821,07/23/2023 12:52:40,29.86,,,
17822,07/23/2023 12:55:40,30.03,,,
17823,07/23/2023 12:58:40,29.90,,,
17824,07/23/2023 13:01:40,29.94,,,
17825,07/23/2023 13:04:40,28.83,,,
17826,07/23/2023 13:07:40,29.30,,,
17827,07/23/2023 13:10:40,29.77,,,
17828,07/23/2023 13:13:40,30.20,,,
17829,07/23/2023 13:16:40,29.51,,,
17830,07/23/2023 13:19:40,30.11,,,
17831,07/23/2023 13:22:40,30.03,,,
17832,07/23/2023 13:25:40,30.24,,,
17833,07/23/2023 13:28:40,29.47,,,
17834,07/23/2023 13:31:40,29.00,,,
17835,07/23/2023 13:34:40,29.51,,,
17836,07/23/2023 13:37:40,29.77,,,
17837,07/23/2023 13:40:40,29.68,,,
17838,07/23/2023 13:43:40,30.03,,,
17839,07/23/2023 13:46:40,29.51,,,
17840,07/23/2023 13:49:40,30.33,,,
17841,07/23/2023 13:52:40,29.77,,,
17842,07/23/2023 13:55:40,30.76,,,
17843,07/23/2023 13:58:40,30.93,,,
17844,07/23/2023 14:01:40,30.11,,,
17845,07/23/2023 14:04:40,30.20,,,
17846,07/23/2023 14:07:40,30.20,,,
17847,07/23/2023 14:10:40,30.97,,,
17848,07/23/2023 14:13:40,30.84,,,
17849,07/23/2023 14:16:40,30.76,,,
17850,07/23/2023 14:19:40,30.41,,,
17851,07/23/2023 14:22:40,30.71,,,
17852,07/23/2023 14:25:40,30.28,,,
17853,07/23/2023 14:28:40,30.59,,,
17854,07/23/2023 14:31:40,30.37,,,
17855,07/23/2023 14:34:40,30.59,,,
17856,07/23/2023 14:37:40,30.76,,,
17857,07/23/2023 14:40:40,30.54,,,
17858,07/23/2023 14:43:40,30.89,,,
17859,07/23/2023 14:46:40,31.23,,,
17860,07/23/2023 14:49:40,30.59,,,
17861,07/23/2023 14:52:40,30.59,,,
17862,07/23/2023 14:55:40,30.59,,,
17863,07/23/2023 14:58:40,30.24,,,
17864,07/23/2023 15:01:40,29.98,,,
17865,07/23/2023 15:04:40,30.16,,,
17866,07/23/2023 15:07:40,29.51,,,
17867,07/23/2023 15:10:40,29.56,,,
17868,07/23/2023 15:13:40,29.81,,,
17869,07/23/2023 15:16:40,30.50,,,
17870,07/23/2023 15:19:40,29.64,,,
17871,07/23/2023 15:22:40,29.64,,,
17872,07/23/2023 15:25:40,29.90,,,
17873,07/23/2023 15:28:40,30.03,,,
17874,07/23/2023 15:31:40,30.46,,,
17875,07/23/2023 15:34:40,30.41,,,
17876,07/23/2023 15:37:40,30.54,,,
17877,07/23/2023 15:40:40,30.41,,,
17878,07/23/2023 15:43:40,30.11,,,
17879,07/23/2023 15:46:40,30.46,,,
17880,07/23/2023 15:49:40,30.03,,,
17881,07/23/2023 15:52:40,29.64,,,
17882,07/23/2023 15:55:40,29.77,,,
17883,07/23/2023 15:58:40,29.77,,,
17884,07/23/2023 16:01:40,29.77,,,
17885,07/23/2023 16:04:40,29.94,,,
17886,07/23/2023 16:07:40,29.81,,,
17887,07/23/2023 16:10:40,29.90,,,
17888,07/23/2023 16:13:40,29.47,,,
17889,07/23/2023 16:16:40,29.38,,,
17890,07/23/2023 16:19:40,29.00,,,
17891,07/23/2023 16:22:40,29.26,,,
17892,07/23/2023 16:25:40,29.56,,,
17893,07/23/2023 16:28:40,29.26,,,
17894,07/23/2023 16:31:40,29.47,,,
17895,07/23/2023 16:34:40,29.38,,,
17896,07/23/2023 16:37:40,29.17,,,
17897,07/23/2023 16:40:40,29.60,,,
17898,07/23/2023 16:43:40,29.64,,,
17899,07/23/2023 16:46:40,29.43,,,
17900,07/23/2023 16:49:40,29.68,,,
17901,07/23/2023 16:52:40,29.30,,,
17902,07/23/2023 16:55:40,29.60,,,
17903,07/23/2023 16:58:40,29.51,,,
17904,07/23/2023 17:01:40,29.00,,,
17905,07/23/2023 17:04:40,28.74,,,
17906,07/23/2023 17:07:40,28.78,,,
17907,07/23/2023 17:10:40,28.83,,,
17908,07/23/2023 17:13:40,29.13,,,
17909,07/23/2023 17:16:40,29.26,,,
17910,07/23/2023 17:19:40,28.78,,,
17911,07/23/2023 17:22:40,28.95,,,
17912,07/23/2023 17:25:40,29.21,,,
17913,07/23/2023 17:28:40,28.91,,,
17914,07/23/2023 17:31:40,28.95,,,
17915,07/23/2023 17:34:40,28.78,,,
17916,07/23/2023 17:37:40,29.00,,,
17917,07/23/2023 17:40:40,28.87,,,
17918,07/23/2023 17:43:40,28.95,,,
17919,07/23/2023 17:46:40,28.61,,,
17920,07/23/2023 17:49:40,28.31,,,
17921,07/23/2023 17:52:40,28.35,,,
17922,07/23/2023 17:55:40,28.14,,,
17923,07/23/2023 17:58:40,28.23,,,
17924,07/23/2023 18:01:40,28.40,,,
17925,07/23/2023 18:04:40,28.27,,,
17926,07/23/2023 18:07:40,28.14,,,
17927,07/23/2023 18:10:40,28.14,,,
17928,07/23/2023 18:13:40,28.10,,,
17929,07/23/2023 18:16:40,27.88,,,
17930,07/23/2023 18:19:40,27.88,,,
17931,07/23/2023 18:22:40,27.50,,,
17932,07/23/2023 18:25:40,27.20,,,
17933,07/23/2023 18:28:40,27.11,,,
17934,07/23/2023 18:31:40,26.60,,,
17935,07/23/2023 18:34:40,26.42,,,
17936,07/23/2023 18:37:40,26.42,,,
17937,07/23/2023 18:40:40,26.98,,,
17938,07/23/2023 18:43:40,26.98,,,
17939,07/23/2023 18:46:40,26.72,,,
17940,07/23/2023 18:49:40,25.39,,,
17941,07/23/2023 18:52:40,25.09,,,
17942,07/23/2023 18:55:40,25.48,,,
17943,07/23/2023 18:58:40,25.52,,,
17944,07/23/2023 19:01:40,24.62,,,
17945,07/23/2023 19:04:40,23.85,,,
17946,07/23/2023 19:07:40,23.38,,,
17947,07/23/2023 19:10:40,22.82,,,
17948,07/23/2023 19:13:40,22.26,,,
17949,07/23/2023 19:16:40,21.96,,,
17950,07/23/2023 19:19:40,22.05,,,
17951,07/23/2023 19:22:40,21.88,,,
17952,07/23/2023 19:25:40,21.62,,,
17953,07/23/2023 19:28:40,21.45,,,
17954,07/23/2023 19:31:40,21.15,,,
17955,07/23/2023 19:34:40,21.06,,,
17956,07/23/2023 19:37:40,20.55,,,
17957,07/23/2023 19:40:40,20.07,,,
17958,07/23/2023 19:43:40,20.29,,,
17959,07/23/2023 19:46:40,20.20,,,
17960,07/23/2023 19:49:40,20.72,,,
17961,07/23/2023 19:52:40,20.80,,,
17962,07/23/2023 19:55:40,19.86,,,
17963,07/23/2023 19:58:40,19.30,,,
17964,07/23/2023 20:01:40,18.92,,,
17965,07/23/2023 20:04:40,18.23,,,
17966,07/23/2023 20:07:40,17.63,,,
17967,07/23/2023 20:10:40,17.54,,,
17968,07/23/2023 20:13:40,17.20,,,
17969,07/23/2023 20:16:40,17.16,,,
17970,07/23/2023 20:19:40,16.94,,,
17971,07/23/2023 20:22:40,16.99,,,
17972,07/23/2023 20:25:40,17.03,,,
17973,07/23/2023 20:28:40,16.64,,,
17974,07/23/2023 20:31:40,16.81,,,
17975,07/23/2023 20:34:40,16.90,,,
17976,07/23/2023 20:37:40,16.21,,,
17977,07/23/2023 20:40:40,16.56,,,
17978,07/23/2023 20:43:40,16.69,,,
17979,07/23/2023 20:46:40,16.30,,,
17980,07/23/2023 20:49:40,16.04,,,
17981,07/23/2023 20:52:40,16.56,,,
17982,07/23/2023 20:55:40,16.73,,,
17983,07/23/2023 20:58:40,16.60,,,
17984,07/23/2023 21:01:40,16.73,,,
17985,07/23/2023 21:04:40,17.37,,,
17986,07/23/2023 21:07:40,17.16,,,
17987,07/23/2023 21:10:40,16.77,,,
17988,07/23/2023 21:13:40,16.51,,,
17989,07/23/2023 21:16:40,16.73,,,
17990,07/23/2023 21:19:40,16.47,,,
17991,07/23/2023 21:22:40,17.07,,,
17992,07/23/2023 21:25:40,17.29,,,
17993,07/23/2023 21:28:40,17.20,,,
17994,07/23/2023 21:31:40,17.33,,,
17995,07/23/2023 21:34:40,16.90,,,
17996,07/23/2023 21:37:40,16.86,,,
17997,07/23/2023 21:40:40,16.73,,,
17998,07/23/2023 21:43:40,17.89,,,
17999,07/23/2023 21:46:40,17.89,,,
18000,07/23/2023 21:49:40,18.36,,,
18001,07/23/2023 21:52:40,17.89,,,
18002,07/23/2023 21:55:40,17.97,,,
18003,07/23/2023 21:58:40,18.36,,,
18004,07/23/2023 22:01:40,20.07,,,
18005,07/23/2023 22:04:40,20.98,,,
18006,07/23/2023 22:07:40,21.58,,,
18007,07/23/2023 22:10:40,21.06,,,
18008,07/23/2023 22:13:40,19.56,,,
18009,07/23/2023 22:16:40,18.96,,,
18010,07/23/2023 22:19:40,18.79,,,
18011,07/23/2023 22:22:40,19.17,,,
18012,07/23/2023 22:25:40,19.52,,,
18013,07/23/2023 22:28:40,20.25,,,
18014,07/23/2023 22:31:40,20.29,,,
18015,07/23/2023 22:34:40,21.10,,,
18016,07/23/2023 22:37:40,20.89,,,
18017,07/23/2023 22:40:40,21.40,,,
18018,07/23/2023 22:43:40,20.63,,,
18019,07/23/2023 22:46:40,19.56,,,
18020,07/23/2023 22:49:40,18.92,,,
18021,07/23/2023 22:52:40,18.49,,,
18022,07/23/2023 22:55:40,18.27,,,
18023,07/23/2023 22:58:40,18.10,,,
18024,07/23/2023 23:01:40,17.84,,,
18025,07/23/2023 23:04:40,17.93,,,
18026,07/23/2023 23:07:40,17.84,,,
18027,07/23/2023 23:10:40,17.41,,,
18028,07/23/2023 23:13:40,17.07,,,
18029,07/23/2023 23:16:40,17.20,,,
18030,07/23/2023 23:19:40,16.60,,,
18031,07/23/2023 23:22:40,16.39,,,
18032,07/23/2023 23:25:40,16.30,,,
18033,07/23/2023 23:28:40,16.13,,,
18034,07/23/2023 23:31:40,16.17,,,
18035,07/23/2023 23:34:40,16.43,,,
18036,07/23/2023 23:37:40,16.47,,,
18037,07/23/2023 23:40:40,16.64,,,
18038,07/23/2023 23:43:40,16.60,,,
18039,07/23/2023 23:46:40,16.56,,,
18040,07/23/2023 23:49:40,16.94,,,
18041,07/23/2023 23:52:40,16.69,,,
18042,07/23/2023 23:55:40,15.70,,,
18043,07/23/2023 23:58:40,15.36,,,
18044,07/24/2023 00:01:40,14.97,,,
18045,07/24/2023 00:04:40,14.37,,,
18046,07/24/2023 00:07:40,14.28,,,
18047,07/24/2023 00:10:40,14.24,,,
18048,07/24/2023 00:13:40,13.98,,,
18049,07/24/2023 00:16:40,14.07,,,
18050,07/24/2023 00:19:40,14.24,,,
18051,07/24/2023 00:22:40,14.37,,,
18052,07/24/2023 00:25:40,14.07,,,
18053,07/24/2023 00:28:40,13.77,,,
18054,07/24/2023 00:31:40,13.21,,,
18055,07/24/2023 00:34:40,13.25,,,
18056,07/24/2023 00:37:40,13.47,,,
18057,07/24/2023 00:40:40,13.38,,,
18058,07/24/2023 00:43:40,13.38,,,
18059,07/24/2023 00:46:40,13.12,,,
18060,07/24/2023 00:49:40,12.61,,,
18061,07/24/2023 00:52:40,12.48,,,
18062,07/24/2023 00:55:40,12.40,,,
18063,07/24/2023 00:58:40,12.27,,,
18064,07/24/2023 01:01:40,12.01,,,
18065,07/24/2023 01:04:40,11.49,,,
18066,07/24/2023 01:07:40,11.41,,,
18067,07/24/2023 01:10:40,11.24,,,
18068,07/24/2023 01:13:40,11.24,,,
18069,07/24/2023 01:16:40,11.41,,,
18070,07/24/2023 01:19:40,11.37,,,
18071,07/24/2023 01:22:40,11.15,,,
18072,07/24/2023 01:25:40,10.81,,,
18073,07/24/2023 01:28:40,10.64,,,
18074,07/24/2023 01:31:40,10.51,,,
18075,07/24/2023 01:34:40,10.29,,,
18076,07/24/2023 01:37:40,10.25,,,
18077,07/24/2023 01:40:40,10.38,,,
18078,07/24/2023 01:43:40,10.38,,,
18079,07/24/2023 01:46:40,10.38,,,
18080,07/24/2023 01:49:40,10.77,,,
18081,07/24/2023 01:52:40,11.19,,,
18082,07/24/2023 01:55:40,11.79,,,
18083,07/24/2023 01:58:40,12.18,,,
18084,07/24/2023 02:01:40,11.62,,,
18085,07/24/2023 02:04:40,11.15,,,
18086,07/24/2023 02:07:40,10.77,,,
18087,07/24/2023 02:10:40,10.72,,,
18088,07/24/2023 02:13:40,10.98,,,
18089,07/24/2023 02:16:40,11.11,,,
18090,07/24/2023 02:19:40,10.98,,,
18091,07/24/2023 02:22:40,10.85,,,
18092,07/24/2023 02:25:40,10.64,,,
18093,07/24/2023 02:28:40,10.42,,,
18094,07/24/2023 02:31:40,10.16,,,
18095,07/24/2023 02:34:40,9.86,,,
18096,07/24/2023 02:37:40,9.74,,,
18097,07/24/2023 02:40:40,9.52,,,
18098,07/24/2023 02:43:40,9.39,,,
18099,07/24/2023 02:46:40,9.44,,,
18100,07/24/2023 02:49:40,9.14,,,
18101,07/24/2023 02:52:40,9.01,,,
18102,07/24/2023 02:55:40,8.88,,,
18103,07/24/2023 02:58:40,8.79,,,
18104,07/24/2023 03:01:40,8.75,,,
18105,07/24/2023 03:04:40,9.01,,,
18106,07/24/2023 03:07:40,9.01,,,
18107,07/24/2023 03:10:40,8.49,,,
18108,07/24/2023 03:13:40,7.85,,,
18109,07/24/2023 03:16:40,7.81,,,
18110,07/24/2023 03:19:40,7.76,,,
18111,07/24/2023 03:22:40,7.89,,,
18112,07/24/2023 03:25:40,8.23,,,
18113,07/24/2023 03:28:40,7.98,,,
18114,07/24/2023 03:31:40,7.85,,,
18115,07/24/2023 03:34:40,8.06,,,
18116,07/24/2023 03:37:40,7.68,,,
18117,07/24/2023 03:40:40,7.50,,,
18118,07/24/2023 03:43:40,7.33,,,
18119,07/24/2023 03:46:40,7.46,,,
18120,07/24/2023 03:49:40,7.55,,,
18121,07/24/2023 03:52:40,7.63,,,
18122,07/24/2023 03:55:40,7.68,,,
18123,07/24/2023 03:58:40,8.02,,,
18124,07/24/2023 04:01:40,8.28,,,
18125,07/24/2023 04:04:40,8.36,,,
18126,07/24/2023 04:07:40,8.23,,,
18127,07/24/2023 04:10:40,7.81,,,
18128,07/24/2023 04:13:40,7.63,,,
18129,07/24/2023 04:16:40,7.38,,,
18130,07/24/2023 04:19:40,7.33,,,
18131,07/24/2023 04:22:40,7.33,,,
18132,07/24/2023 04:25:40,7.25,,,
18133,07/24/2023 04:28:40,7.46,,,
18134,07/24/2023 04:31:40,7.76,,,
18135,07/24/2023 04:34:40,7.76,,,
18136,07/24/2023 04:37:40,7.93,,,
18137,07/24/2023 04:40:40,8.06,,,
18138,07/24/2023 04:43:40,7.81,,,
18139,07/24/2023 04:46:40,7.12,,,
18140,07/24/2023 04:49:40,6.99,,,
18141,07/24/2023 04:52:40,6.95,,,
18142,07/24/2023 04:55:40,6.95,,,
18143,07/24/2023 04:58:40,7.16,,,
18144,07/24/2023 05:01:40,7.12,,,
18145,07/24/2023 05:04:40,6.90,,,
18146,07/24/2023 05:07:40,6.90,,,
18147,07/24/2023 05:10:40,6.56,,,
18148,07/24/2023 05:13:40,6.05,,,
18149,07/24/2023 05:16:40,6.09,,,
18150,07/24/2023 05:19:40,6.09,,,
18151,07/24/2023 05:22:40,6.05,,,
18152,07/24/2023 05:25:40,5.96,,,
18153,07/24/2023 05:28:40,6.00,,,
18154,07/24/2023 05:31:40,5.92,,,
18155,07/24/2023 05:34:40,5.87,,,
18156,07/24/2023 05:37:40,5.96,,,
18157,07/24/2023 05:40:40,6.43,,,
18158,07/24/2023 05:43:40,6.43,,,
18159,07/24/2023 05:46:40,6.26,,,
18160,07/24/2023 05:49:40,6.35,,,
18161,07/24/2023 05:52:40,5.75,,,
18162,07/24/2023 05:55:40,5.53,,,
18163,07/24/2023 05:58:40,5.57,,,
18164,07/24/2023 06:01:40,5.79,,,
18165,07/24/2023 06:04:40,5.36,,,
18166,07/24/2023 06:07:40,5.02,,,
18167,07/24/2023 06:10:40,5.45,,,
18168,07/24/2023 06:13:40,5.92,,,
18169,07/24/2023 06:16:40,6.13,,,
18170,07/24/2023 06:19:40,6.13,,,
18171,07/24/2023 06:22:40,6.05,,,
18172,07/24/2023 06:25:40,5.66,,,
18173,07/24/2023 06:28:40,5.57,,,
18174,07/24/2023 06:31:40,5.92,,,
18175,07/24/2023 06:34:40,5.66,,,
18176,07/24/2023 06:37:40,5.70,,,
18177,07/24/2023 06:40:40,5.83,,,
18178,07/24/2023 06:43:40,6.05,,,
18179,07/24/2023 06:46:40,6.05,,,
18180,07/24/2023 06:49:40,6.65,,,
18181,07/24/2023 06:52:40,6.17,,,
18182,07/24/2023 06:55:40,6.39,,,
18183,07/24/2023 06:58:40,7.20,,,
18184,07/24/2023 07:01:40,7.85,,,
18185,07/24/2023 07:04:40,8.62,,,
18186,07/24/2023 07:07:40,8.92,,,
18187,07/24/2023 07:10:40,9.09,,,
18188,07/24/2023 07:13:40,8.88,,,
18189,07/24/2023 07:16:40,9.22,,,
18190,07/24/2023 07:19:40,9.69,,,
18191,07/24/2023 07:22:40,10.21,,,
18192,07/24/2023 07:25:40,10.51,,,
18193,07/24/2023 07:28:40,10.98,,,
18194,07/24/2023 07:31:40,11.02,,,
18195,07/24/2023 07:34:40,11.54,,,
18196,07/24/2023 07:37:40,11.84,,,
18197,07/24/2023 07:40:40,12.61,,,
18198,07/24/2023 07:43:40,13.17,,,
18199,07/24/2023 07:46:40,14.03,,,
18200,07/24/2023 07:49:40,14.45,,,
18201,07/24/2023 07:52:40,14.54,,,
18202,07/24/2023 07:55:40,14.88,,,
18203,07/24/2023 07:58:40,15.14,,,
18204,07/24/2023 08:01:40,15.48,,,
18205,07/24/2023 08:04:40,15.61,,,
18206,07/24/2023 08:07:40,15.61,,,
18207,07/24/2023 08:10:40,15.74,,,
18208,07/24/2023 08:13:40,16.39,,,
18209,07/24/2023 08:16:40,16.94,,,
18210,07/24/2023 08:19:40,17.11,,,
18211,07/24/2023 08:22:40,17.33,,,
18212,07/24/2023 08:25:40,17.84,,,
18213,07/24/2023 08:28:40,17.72,,,
18214,07/24/2023 08:31:40,17.46,,,
18215,07/24/2023 08:34:40,17.93,,,
18216,07/24/2023 08:37:40,18.49,,,
18217,07/24/2023 08:40:40,19.56,,,
18218,07/24/2023 08:43:40,19.82,,,
18219,07/24/2023 08:46:40,19.73,,,
18220,07/24/2023 08:49:40,19.35,,,
18221,07/24/2023 08:52:40,19.52,,,
18222,07/24/2023 08:55:40,20.25,,,
18223,07/24/2023 08:58:40,22.61,,,
18224,07/24/2023 09:01:40,24.97,,,
18225,07/24/2023 09:04:40,25.69,,,
18226,07/24/2023 09:07:40,25.35,,,
18227,07/24/2023 09:10:40,24.84,,,
18228,07/24/2023 09:13:40,23.08,,,
18229,07/24/2023 09:16:40,22.13,,,
18230,07/24/2023 09:19:40,21.79,,,
18231,07/24/2023 09:22:40,22.35,,,
18232,07/24/2023 09:25:40,22.56,,,
18233,07/24/2023 09:28:40,23.03,,,
18234,07/24/2023 09:31:40,22.65,,,
18235,07/24/2023 09:34:40,21.83,,,
18236,07/24/2023 09:37:40,22.22,,,
18237,07/24/2023 09:40:40,22.43,,,
18238,07/24/2023 09:43:40,22.73,,,
18239,07/24/2023 09:46:40,23.12,,,
18240,07/24/2023 09:49:40,23.38,,,
18241,07/24/2023 09:52:40,23.12,,,
18242,07/24/2023 09:55:40,23.42,,,
18243,07/24/2023 09:58:40,23.55,,,
18244,07/24/2023 10:01:40,23.94,,,
18245,07/24/2023 10:04:40,24.28,,,
18246,07/24/2023 10:07:40,24.88,,,
18247,07/24/2023 10:10:40,25.05,,,
18248,07/24/2023 10:13:40,24.88,,,
18249,07/24/2023 10:16:40,24.54,,,
18250,07/24/2023 10:19:40,24.88,,,
18251,07/24/2023 10:22:40,25.35,,,
18252,07/24/2023 10:25:40,25.44,,,
18253,07/24/2023 10:28:40,25.44,,,
18254,07/24/2023 10:31:40,25.05,,,
18255,07/24/2023 10:34:40,25.65,,,
18256,07/24/2023 10:37:40,25.31,,,
18257,07/24/2023 10:40:40,25.52,,,
18258,07/24/2023 10:43:40,24.79,,,
18259,07/24/2023 10:46:40,25.65,,,
18260,07/24/2023 10:49:40,26.25,,,
18261,07/24/2023 10:52:40,26.55,,,
18262,07/24/2023 10:55:40,25.61,,,
18263,07/24/2023 10:58:40,25.48,,,
18264,07/24/2023 11:01:40,25.99,,,
18265,07/24/2023 11:04:40,25.52,,,
18266,07/24/2023 11:07:40,26.08,,,
18267,07/24/2023 11:10:40,25.99,,,
18268,07/24/2023 11:13:40,25.69,,,
18269,07/24/2023 11:16:40,26.17,,,
18270,07/24/2023 11:19:40,25.82,,,
18271,07/24/2023 11:22:40,25.44,,,
18272,07/24/2023 11:25:40,25.74,,,
18273,07/24/2023 11:28:40,25.82,,,
18274,07/24/2023 11:31:40,26.30,,,
18275,07/24/2023 11:34:40,25.87,,,
18276,07/24/2023 11:37:40,25.65,,,
18277,07/24/2023 11:40:40,26.04,,,
18278,07/24/2023 11:43:40,26.38,,,
18279,07/24/2023 11:46:40,26.04,,,
18280,07/24/2023 11:49:40,26.60,,,
18281,07/24/2023 11:52:40,26.34,,,
18282,07/24/2023 11:55:40,26.64,,,
18283,07/24/2023 11:58:40,26.60,,,
18284,07/24/2023 12:01:40,26.51,,,
18285,07/24/2023 12:04:40,26.51,,,
18286,07/24/2023 12:07:40,27.32,,,
18287,07/24/2023 12:10:40,27.28,,,
18288,07/24/2023 12:13:40,27.71,,,
18289,07/24/2023 12:16:40,27.84,,,
18290,07/24/2023 12:19:40,27.75,,,
18291,07/24/2023 12:22:40,28.05,,,
18292,07/24/2023 12:25:40,28.23,,,
18293,07/24/2023 12:28:40,28.31,,,
18294,07/24/2023 12:31:40,28.53,,,
18295,07/24/2023 12:34:40,28.95,,,
18296,07/24/2023 12:37:40,28.95,,,
18297,07/24/2023 12:40:40,29.04,,,
18298,07/24/2023 12:43:40,28.83,,,
18299,07/24/2023 12:46:40,29.47,,,
18300,07/24/2023 12:49:40,29.56,,,
18301,07/24/2023 12:52:40,29.04,,,
18302,07/24/2023 12:55:40,29.38,,,
18303,07/24/2023 12:58:40,30.28,,,
18304,07/24/2023 13:01:40,30.54,,,
18305,07/24/2023 13:04:40,30.50,,,
18306,07/24/2023 13:07:40,31.44,,,
18307,07/24/2023 13:10:40,30.67,,,
18308,07/24/2023 13:13:40,30.46,,,
18309,07/24/2023 13:16:40,30.50,,,
18310,07/24/2023 13:19:40,30.24,,,
18311,07/24/2023 13:22:40,30.89,,,
18312,07/24/2023 13:25:40,30.24,,,
18313,07/24/2023 13:28:40,29.21,,,
18314,07/24/2023 13:31:40,30.28,,,
18315,07/24/2023 13:34:40,30.11,,,
18316,07/24/2023 13:37:40,29.98,,,
18317,07/24/2023 13:40:40,30.03,,,
18318,07/24/2023 13:43:40,30.54,,,
18319,07/24/2023 13:46:40,30.07,,,
18320,07/24/2023 13:49:40,30.50,,,
18321,07/24/2023 13:52:40,30.59,,,
18322,07/24/2023 13:55:40,29.43,,,
18323,07/24/2023 13:58:40,28.05,,,
18324,07/24/2023 14:01:40,28.14,,,
18325,07/24/2023 14:04:40,28.65,,,
18326,07/24/2023 14:07:40,28.48,,,
18327,07/24/2023 14:10:40,28.10,,,
18328,07/24/2023 14:13:40,27.37,,,
18329,07/24/2023 14:16:40,27.32,,,
18330,07/24/2023 14:19:40,27.41,,,
18331,07/24/2023 14:22:40,27.54,,,
18332,07/24/2023 14:25:40,27.15,,,
18333,07/24/2023 14:28:40,26.94,,,
18334,07/24/2023 14:31:40,26.68,,,
18335,07/24/2023 14:34:40,26.72,,,
18336,07/24/2023 14:37:40,26.55,,,
18337,07/24/2023 14:40:40,26.64,,,
18338,07/24/2023 14:43:40,26.94,,,
18339,07/24/2023 14:46:40,28.78,,,
18340,07/24/2023 14:49:40,30.16,,,
18341,07/24/2023 14:52:40,30.80,,,
18342,07/24/2023 14:55:40,30.80,,,
18343,07/24/2023 14:58:40,29.13,,,
18344,07/24/2023 15:01:40,27.93,,,
18345,07/24/2023 15:04:40,28.35,,,
18346,07/24/2023 15:07:40,29.21,,,
18347,07/24/2023 15:10:40,29.30,,,
18348,07/24/2023 15:13:40,30.16,,,
18349,07/24/2023 15:16:40,30.20,,,
18350,07/24/2023 15:19:40,30.11,,,
18351,07/24/2023 15:22:40,30.16,,,
18352,07/24/2023 15:25:40,30.24,,,
18353,07/24/2023 15:28:40,29.94,,,
18354,07/24/2023 15:31:40,29.51,,,
18355,07/24/2023 15:34:40,30.16,,,
18356,07/24/2023 15:37:40,30.20,,,
18357,07/24/2023 15:40:40,30.37,,,
18358,07/24/2023 15:43:40,30.41,,,
18359,07/24/2023 15:46:40,30.24,,,
18360,07/24/2023 15:49:40,30.28,,,
18361,07/24/2023 15:52:40,30.33,,,
18362,07/24/2023 15:55:40,30.50,,,
18363,07/24/2023 15:58:40,30.67,,,
18364,07/24/2023 16:01:40,30.50,,,
18365,07/24/2023 16:04:40,30.11,,,
18366,07/24/2023 16:07:40,29.73,,,
18367,07/24/2023 16:10:40,29.86,,,
18368,07/24/2023 16:13:40,29.86,,,
18369,07/24/2023 16:16:40,29.64,,,
18370,07/24/2023 16:19:40,29.94,,,
18371,07/24/2023 16:22:40,29.90,,,
18372,07/24/2023 16:25:40,28.53,,,
18373,07/24/2023 16:28:40,28.44,,,
18374,07/24/2023 16:31:40,28.57,,,
18375,07/24/2023 16:34:40,28.95,,,
18376,07/24/2023 16:37:40,29.04,,,
18377,07/24/2023 16:40:40,28.74,,,
18378,07/24/2023 16:43:40,28.53,,,
18379,07/24/2023 16:46:40,28.31,,,
18380,07/24/2023 16:49:40,28.23,,,
18381,07/24/2023 16:52:40,28.10,,,
18382,07/24/2023 16:55:40,28.23,,,
18383,07/24/2023 16:58:40,28.57,,,
18384,07/24/2023 17:01:40,28.35,,,
18385,07/24/2023 17:04:40,28.48,,,
18386,07/24/2023 17:07:40,28.83,,,
18387,07/24/2023 17:10:40,29.08,,,
18388,07/24/2023 17:13:40,29.51,,,
18389,07/24/2023 17:16:40,29.81,,,
18390,07/24/2023 17:19:40,29.43,,,
18391,07/24/2023 17:22:40,28.65,,,
18392,07/24/2023 17:25:40,27.67,,,
18393,07/24/2023 17:28:40,27.20,,,
18394,07/24/2023 17:31:40,27.50,,,
18395,07/24/2023 17:34:40,27.11,,,
18396,07/24/2023 17:37:40,26.25,,,
18397,07/24/2023 17:40:40,26.08,,,
18398,07/24/2023 17:43:40,25.69,,,
18399,07/24/2023 17:46:40,25.31,,,
18400,07/24/2023 17:49:40,25.22,,,
18401,07/24/2023 17:52:40,25.27,,,
18402,07/24/2023 17:55:40,25.35,,,
18403,07/24/2023 17:58:40,25.35,,,
18404,07/24/2023 18:01:40,24.97,,,
18405,07/24/2023 18:04:40,24.62,,,
18406,07/24/2023 18:07:40,24.49,,,
18407,07/24/2023 18:10:40,24.19,,,
18408,07/24/2023 18:13:40,25.01,,,
18409,07/24/2023 18:16:40,24.62,,,
18410,07/24/2023 18:19:40,24.79,,,
18411,07/24/2023 18:22:40,24.62,,,
18412,07/24/2023 18:25:40,24.97,,,
18413,07/24/2023 18:28:40,24.92,,,
18414,07/24/2023 18:31:40,25.18,,,
18415,07/24/2023 18:34:40,24.75,,,
18416,07/24/2023 18:37:40,25.78,,,
18417,07/24/2023 18:40:40,25.87,,,
18418,07/24/2023 18:43:40,25.74,,,
18419,07/24/2023 18:46:40,25.69,,,
18420,07/24/2023 18:49:40,25.78,,,
18421,07/24/2023 18:52:40,25.44,,,
18422,07/24/2023 18:55:40,25.05,,,
18423,07/24/2023 18:58:40,24.88,,,
18424,07/24/2023 19:01:40,24.58,,,
18425,07/24/2023 19:04:40,24.36,,,
18426,07/24/2023 19:07:40,24.11,,,
18427,07/24/2023 19:10:40,23.29,,,
18428,07/24/2023 19:13:40,22.52,,,
18429,07/24/2023 19:16:40,23.03,,,
18430,07/24/2023 19:19:40,22.91,,,
18431,07/24/2023 19:22:40,23.34,,,
18432,07/24/2023 19:25:40,23.64,,,
18433,07/24/2023 19:28:40,23.46,,,
18434,07/24/2023 19:31:40,23.38,,,
18435,07/24/2023 19:34:40,23.38,,,
18436,07/24/2023 19:37:40,23.42,,,
18437,07/24/2023 19:40:40,23.51,,,
18438,07/24/2023 19:43:40,23.38,,,
18439,07/24/2023 19:46:40,23.34,,,
18440,07/24/2023 19:49:40,23.21,,,
18441,07/24/2023 19:52:40,23.03,,,
18442,07/24/2023 19:55:40,23.08,,,
18443,07/24/2023 19:58:40,23.08,,,
18444,07/24/2023 20:01:40,23.03,,,
18445,07/24/2023 20:04:40,22.82,,,
18446,07/24/2023 20:07:40,22.48,,,
18447,07/24/2023 20:10:40,21.92,,,
18448,07/24/2023 20:13:40,21.66,,,
18449,07/24/2023 20:16:40,21.23,,,
18450,07/24/2023 20:19:40,20.76,,,
18451,07/24/2023 20:22:40,20.29,,,
18452,07/24/2023 20:25:40,19.73,,,
18453,07/24/2023 20:28:40,19.30,,,
18454,07/24/2023 20:31:40,19.60,,,
18455,07/24/2023 20:34:40,19.35,,,
18456,07/24/2023 20:37:40,19.22,,,
18457,07/24/2023 20:40:40,19.00,,,
18458,07/24/2023 20:43:40,18.74,,,
18459,07/24/2023 20:46:40,18.57,,,
18460,07/24/2023 20:49:40,18.44,,,
18461,07/24/2023 20:52:40,17.84,,,
18462,07/24/2023 20:55:40,17.84,,,
18463,07/24/2023 20:58:40,18.19,,,
18464,07/24/2023 21:01:40,17.50,,,
18465,07/24/2023 21:04:40,17.20,,,
18466,07/24/2023 21:07:40,17.24,,,
18467,07/24/2023 21:10:40,17.24,,,
18468,07/24/2023 21:13:40,17.03,,,
18469,07/24/2023 21:16:40,16.51,,,
18470,07/24/2023 21:19:40,16.08,,,
18471,07/24/2023 21:22:40,15.78,,,
18472,07/24/2023 21:25:40,15.83,,,
18473,07/24/2023 21:28:40,15.61,,,
18474,07/24/2023 21:31:40,15.44,,,
18475,07/24/2023 21:34:40,15.27,,,
18476,07/24/2023 21:37:40,15.23,,,
18477,07/24/2023 21:40:40,15.10,,,
18478,07/24/2023 21:43:40,15.14,,,
18479,07/24/2023 21:46:40,14.88,,,
18480,07/24/2023 21:49:40,14.37,,,
18481,07/24/2023 21:52:40,13.90,,,
18482,07/24/2023 21:55:40,13.94,,,
18483,07/24/2023 21:58:40,13.77,,,
18484,07/24/2023 22:01:40,13.43,,,
18485,07/24/2023 22:04:40,13.25,,,
18486,07/24/2023 22:07:40,13.04,,,
18487,07/24/2023 22:10:40,12.91,,,
18488,07/24/2023 22:13:40,12.78,,,
18489,07/24/2023 22:16:40,12.57,,,
18490,07/24/2023 22:19:40,12.52,,,
18491,07/24/2023 22:22:40,12.48,,,
18492,07/24/2023 22:25:40,11.92,,,
18493,07/24/2023 22:28:40,11.67,,,
18494,07/24/2023 22:31:40,11.45,,,
18495,07/24/2023 22:34:40,11.41,,,
18496,07/24/2023 22:37:40,11.28,,,
18497,07/24/2023 22:40:40,11.71,,,
18498,07/24/2023 22:43:40,11.88,,,
18499,07/24/2023 22:46:40,12.10,,,
18500,07/24/2023 22:49:40,11.79,,,
18501,07/24/2023 22:52:40,11.41,,,
18502,07/24/2023 22:55:40,11.28,,,
18503,07/24/2023 22:58:40,11.19,,,
18504,07/24/2023 23:01:40,11.15,,,
18505,07/24/2023 23:04:40,10.64,,,
18506,07/24/2023 23:07:40,10.25,,,
18507,07/24/2023 23:10:40,10.04,,,
18508,07/24/2023 23:13:40,10.25,,,
18509,07/24/2023 23:16:40,10.16,,,
18510,07/24/2023 23:19:40,10.25,,,
18511,07/24/2023 23:22:40,10.21,,,
18512,07/24/2023 23:25:40,9.95,,,
18513,07/24/2023 23:28:40,9.95,,,
18514,07/24/2023 23:31:40,9.99,,,
18515,07/24/2023 23:34:40,10.46,,,
18516,07/24/2023 23:37:40,10.59,,,
18517,07/24/2023 23:40:40,10.64,,,
18518,07/24/2023 23:43:40,10.25,,,
18519,07/24/2023 23:46:40,10.38,,,
18520,07/24/2023 23:49:40,10.34,,,
18521,07/24/2023 23:52:40,9.99,,,
18522,07/24/2023 23:55:40,9.86,,,
18523,07/24/2023 23:58:40,9.86,,,
18524,07/25/2023 00:01:40,9.82,,,
18525,07/25/2023 00:04:40,10.12,,,
18526,07/25/2023 00:07:40,10.16,,,
18527,07/25/2023 00:10:40,9.91,,,
18528,07/25/2023 00:13:40,10.42,,,
18529,07/25/2023 00:16:40,10.25,,,
18530,07/25/2023 00:19:40,9.74,,,
18531,07/25/2023 00:22:40,9.52,,,
18532,07/25/2023 00:25:40,9.56,,,
18533,07/25/2023 00:28:40,9.52,,,
18534,07/25/2023 00:31:40,9.56,,,
18535,07/25/2023 00:34:40,9.61,,,
18536,07/25/2023 00:37:40,9.74,,,
18537,07/25/2023 00:40:40,9.31,,,
18538,07/25/2023 00:43:40,9.26,,,
18539,07/25/2023 00:46:40,9.14,,,
18540,07/25/2023 00:49:40,8.88,,,
18541,07/25/2023 00:52:40,8.66,,,
18542,07/25/2023 00:55:40,8.71,,,
18543,07/25/2023 00:58:40,9.05,,,
18544,07/25/2023 01:01:40,9.26,,,
18545,07/25/2023 01:04:40,9.01,,,
18546,07/25/2023 01:07:40,8.88,,,
18547,07/25/2023 01:10:40,8.66,,,
18548,07/25/2023 01:13:40,8.66,,,
18549,07/25/2023 01:16:40,8.62,,,
18550,07/25/2023 01:19:40,8.28,,,
18551,07/25/2023 01:22:40,8.19,,,
18552,07/25/2023 01:25:40,8.02,,,
18553,07/25/2023 01:28:40,8.36,,,
18554,07/25/2023 01:31:40,8.66,,,
18555,07/25/2023 01:34:40,8.49,,,
18556,07/25/2023 01:37:40,8.02,,,
18557,07/25/2023 01:40:40,7.89,,,
18558,07/25/2023 01:43:40,7.76,,,
18559,07/25/2023 01:46:40,7.42,,,
18560,07/25/2023 01:49:40,7.55,,,
18561,07/25/2023 01:52:40,7.50,,,
18562,07/25/2023 01:55:40,7.38,,,
18563,07/25/2023 01:58:40,7.68,,,
18564,07/25/2023 02:01:40,7.93,,,
18565,07/25/2023 02:04:40,8.41,,,
18566,07/25/2023 02:07:40,7.72,,,
18567,07/25/2023 02:10:40,7.08,,,
18568,07/25/2023 02:13:40,7.20,,,
18569,07/25/2023 02:16:40,7.12,,,
18570,07/25/2023 02:19:40,7.08,,,
18571,07/25/2023 02:22:40,7.29,,,
18572,07/25/2023 02:25:40,7.42,,,
18573,07/25/2023 02:28:40,7.59,,,
18574,07/25/2023 02:31:40,7.59,,,
18575,07/25/2023 02:34:40,7.55,,,
18576,07/25/2023 02:37:40,7.20,,,
18577,07/25/2023 02:40:40,6.90,,,
18578,07/25/2023 02:43:40,7.50,,,
18579,07/25/2023 02:46:40,7.76,,,
18580,07/25/2023 02:49:40,7.50,,,
18581,07/25/2023 02:52:40,7.25,,,
18582,07/25/2023 02:55:40,7.20,,,
18583,07/25/2023 02:58:40,7.42,,,
18584,07/25/2023 03:01:40,7.20,,,
18585,07/25/2023 03:04:40,6.95,,,
18586,07/25/2023 03:07:40,6.86,,,
18587,07/25/2023 03:10:40,7.03,,,
18588,07/25/2023 03:13:40,7.46,,,
18589,07/25/2023 03:16:40,7.42,,,
18590,07/25/2023 03:19:40,7.12,,,
18591,07/25/2023 03:22:40,6.69,,,
18592,07/25/2023 03:25:40,6.78,,,
18593,07/25/2023 03:28:40,6.65,,,
18594,07/25/2023 03:31:40,6.65,,,
18595,07/25/2023 03:34:40,7.03,,,
18596,07/25/2023 03:37:40,6.99,,,
18597,07/25/2023 03:40:40,7.03,,,
18598,07/25/2023 03:43:40,6.78,,,
18599,07/25/2023 03:46:40,6.43,,,
18600,07/25/2023 03:49:40,6.35,,,
18601,07/25/2023 03:52:40,6.39,,,
18602,07/25/2023 03:55:40,6.30,,,
18603,07/25/2023 03:58:40,6.65,,,
18604,07/25/2023 04:01:40,6.99,,,
18605,07/25/2023 04:04:40,7.20,,,
18606,07/25/2023 04:07:40,6.95,,,
18607,07/25/2023 04:10:40,6.78,,,
18608,07/25/2023 04:13:40,6.90,,,
18609,07/25/2023 04:16:40,7.12,,,
18610,07/25/2023 04:19:40,7.12,,,
18611,07/25/2023 04:22:40,7.03,,,
18612,07/25/2023 04:25:40,6.99,,,
18613,07/25/2023 04:28:40,6.90,,,
18614,07/25/2023 04:31:40,6.95,,,
18615,07/25/2023 04:34:40,6.95,,,
18616,07/25/2023 04:37:40,6.69,,,
18617,07/25/2023 04:40:40,6.56,,,
18618,07/25/2023 04:43:40,6.73,,,
18619,07/25/2023 04:46:40,6.86,,,
18620,07/25/2023 04:49:40,6.90,,,
18621,07/25/2023 04:52:40,7.29,,,
18622,07/25/2023 04:55:40,7.42,,,
18623,07/25/2023 04:58:40,7.20,,,
18624,07/25/2023 05:01:40,7.20,,,
18625,07/25/2023 05:04:40,7.20,,,
18626,07/25/2023 05:07:40,7.25,,,
18627,07/25/2023 05:10:40,6.69,,,
18628,07/25/2023 05:13:40,6.65,,,
18629,07/25/2023 05:16:40,6.73,,,
18630,07/25/2023 05:19:40,6.73,,,
18631,07/25/2023 05:22:40,6.73,,,
18632,07/25/2023 05:25:40,6.43,,,
18633,07/25/2023 05:28:40,6.43,,,
18634,07/25/2023 05:31:40,6.56,,,
18635,07/25/2023 05:34:40,6.82,,,
18636,07/25/2023 05:37:40,6.82,,,
18637,07/25/2023 05:40:40,6.86,,,
18638,07/25/2023 05:43:40,6.65,,,
18639,07/25/2023 05:46:40,6.43,,,
18640,07/25/2023 05:49:40,6.30,,,
18641,07/25/2023 05:52:40,6.35,,,
18642,07/25/2023 05:55:40,6.30,,,
18643,07/25/2023 05:58:40,6.09,,,
18644,07/25/2023 06:01:40,6.13,,,
18645,07/25/2023 06:04:40,5.75,,,
18646,07/25/2023 06:07:40,5.53,,,
18647,07/25/2023 06:10:40,5.66,,,
18648,07/25/2023 06:13:40,5.62,,,
18649,07/25/2023 06:16:40,5.66,,,
18650,07/25/2023 06:19:40,5.53,,,
18651,07/25/2023 06:22:40,5.79,,,
18652,07/25/2023 06:25:40,6.35,,,
18653,07/25/2023 06:28:40,6.35,,,
18654,07/25/2023 06:31:40,6.39,,,
18655,07/25/2023 06:34:40,6.39,,,
18656,07/25/2023 06:37:40,5.96,,,
18657,07/25/2023 06:40:40,5.79,,,
18658,07/25/2023 06:43:40,5.75,,,
18659,07/25/2023 06:46:40,5.87,,,
18660,07/25/2023 06:49:40,5.96,,,
18661,07/25/2023 06:52:40,5.96,,,
18662,07/25/2023 06:55:40,6.30,,,
18663,07/25/2023 06:58:40,6.90,,,
18664,07/25/2023 07:01:40,7.76,,,
18665,07/25/2023 07:04:40,8.19,,,
18666,07/25/2023 07:07:40,8.15,,,
18667,07/25/2023 07:10:40,8.23,,,
18668,07/25/2023 07:13:40,8.28,,,
18669,07/25/2023 07:16:40,8.19,,,
18670,07/25/2023 07:19:40,8.19,,,
18671,07/25/2023 07:22:40,8.62,,,
18672,07/25/2023 07:25:40,8.83,,,
18673,07/25/2023 07:28:40,8.83,,,
18674,07/25/2023 07:31:40,9.05,,,
18675,07/25/2023 07:34:40,9.61,,,
18676,07/25/2023 07:37:40,9.95,,,
18677,07/25/2023 07:40:40,10.38,,,
18678,07/25/2023 07:43:40,10.21,,,
18679,07/25/2023 07:46:40,10.55,,,
18680,07/25/2023 07:49:40,10.64,,,
18681,07/25/2023 07:52:40,11.19,,,
18682,07/25/2023 07:55:40,11.71,,,
18683,07/25/2023 07:58:40,11.79,,,
18684,07/25/2023 08:01:40,12.05,,,
18685,07/25/2023 08:04:40,12.31,,,
18686,07/25/2023 08:07:40,13.55,,,
18687,07/25/2023 08:10:40,14.54,,,
18688,07/25/2023 08:13:40,15.31,,,
18689,07/25/2023 08:16:40,15.36,,,
18690,07/25/2023 08:19:40,15.48,,,
18691,07/25/2023 08:22:40,16.08,,,
18692,07/25/2023 08:25:40,16.30,,,
18693,07/25/2023 08:28:40,17.20,,,
18694,07/25/2023 08:31:40,17.16,,,
18695,07/25/2023 08:34:40,17.33,,,
18696,07/25/2023 08:37:40,17.93,,,
18697,07/25/2023 08:40:40,18.83,,,
18698,07/25/2023 08:43:40,19.17,,,
18699,07/25/2023 08:46:40,19.56,,,
18700,07/25/2023 08:49:40,19.86,,,
18701,07/25/2023 08:52:40,21.28,,,
18702,07/25/2023 08:55:40,20.98,,,
18703,07/25/2023 08:58:40,21.70,,,
18704,07/25/2023 09:01:40,23.03,,,
18705,07/25/2023 09:04:40,21.79,,,
18706,07/25/2023 09:07:40,21.15,,,
18707,07/25/2023 09:10:40,21.49,,,
18708,07/25/2023 09:13:40,21.49,,,
18709,07/25/2023 09:16:40,21.75,,,
18710,07/25/2023 09:19:40,21.92,,,
18711,07/25/2023 09:22:40,21.62,,,
18712,07/25/2023 09:25:40,22.18,,,
18713,07/25/2023 09:28:40,21.92,,,
18714,07/25/2023 09:31:40,21.92,,,
18715,07/25/2023 09:34:40,21.32,,,
18716,07/25/2023 09:37:40,21.36,,,
18717,07/25/2023 09:40:40,20.80,,,
18718,07/25/2023 09:43:40,21.06,,,
18719,07/25/2023 09:46:40,21.02,,,
18720,07/25/2023 09:49:40,21.23,,,
18721,07/25/2023 09:52:40,21.10,,,
18722,07/25/2023 09:55:40,20.89,,,
18723,07/25/2023 09:58:40,21.23,,,
18724,07/25/2023 10:01:40,21.23,,,
18725,07/25/2023 10:04:40,21.62,,,
18726,07/25/2023 10:07:40,21.83,,,
18727,07/25/2023 10:10:40,22.18,,,
18728,07/25/2023 10:13:40,23.12,,,
18729,07/25/2023 10:16:40,22.13,,,
18730,07/25/2023 10:19:40,22.01,,,
18731,07/25/2023 10:22:40,22.56,,,
18732,07/25/2023 10:25:40,22.39,,,
18733,07/25/2023 10:28:40,23.55,,,
18734,07/25/2023 10:31:40,23.38,,,
18735,07/25/2023 10:34:40,23.38,,,
18736,07/25/2023 10:37:40,23.42,,,
18737,07/25/2023 10:40:40,23.42,,,
18738,07/25/2023 10:43:40,23.76,,,
18739,07/25/2023 10:46:40,23.12,,,
18740,07/25/2023 10:49:40,23.46,,,
18741,07/25/2023 10:52:40,24.11,,,
18742,07/25/2023 10:55:40,23.98,,,
18743,07/25/2023 10:58:40,23.98,,,
18744,07/25/2023 11:01:40,24.11,,,
18745,07/25/2023 11:04:40,23.42,,,
18746,07/25/2023 11:07:40,23.72,,,
18747,07/25/2023 11:10:40,23.34,,,
18748,07/25/2023 11:13:40,22.39,,,
18749,07/25/2023 11:16:40,22.82,,,
18750,07/25/2023 11:19:40,24.49,,,
18751,07/25/2023 11:22:40,24.02,,,
18752,07/25/2023 11:25:40,22.82,,,
18753,07/25/2023 11:28:40,21.88,,,
18754,07/25/2023 11:31:40,22.48,,,
18755,07/25/2023 11:34:40,22.52,,,
18756,07/25/2023 11:37:40,22.35,,,
18757,07/25/2023 11:40:40,22.82,,,
18758,07/25/2023 11:43:40,23.03,,,
18759,07/25/2023 11:46:40,23.21,,,
18760,07/25/2023 11:49:40,24.06,,,
18761,07/25/2023 11:52:40,23.98,,,
18762,07/25/2023 11:55:40,24.49,,,
18763,07/25/2023 11:58:40,25.39,,,
18764,07/25/2023 12:01:40,24.49,,,
18765,07/25/2023 12:04:40,23.68,,,
18766,07/25/2023 12:07:40,23.51,,,
18767,07/25/2023 12:10:40,23.85,,,
18768,07/25/2023 12:13:40,23.03,,,
18769,07/25/2023 12:16:40,23.59,,,
18770,07/25/2023 12:19:40,23.76,,,
18771,07/25/2023 12:22:40,23.38,,,
18772,07/25/2023 12:25:40,23.29,,,
18773,07/25/2023 12:28:40,24.79,,,
18774,07/25/2023 12:31:40,24.71,,,
18775,07/25/2023 12:34:40,24.24,,,
18776,07/25/2023 12:37:40,24.06,,,
18777,07/25/2023 12:40:40,25.01,,,
18778,07/25/2023 12:43:40,26.94,,,
18779,07/25/2023 12:46:40,27.07,,,
18780,07/25/2023 12:49:40,26.98,,,
18781,07/25/2023 12:52:40,25.69,,,
18782,07/25/2023 12:55:40,26.12,,,
18783,07/25/2023 12:58:40,26.51,,,
18784,07/25/2023 13:01:40,26.34,,,
18785,07/25/2023 13:04:40,27.20,,,
18786,07/25/2023 13:07:40,28.74,,,
18787,07/25/2023 13:10:40,29.64,,,
18788,07/25/2023 13:13:40,29.77,,,
18789,07/25/2023 13:16:40,29.26,,,
18790,07/25/2023 13:19:40,29.04,,,
18791,07/25/2023 13:22:40,29.34,,,
18792,07/25/2023 13:25:40,29.13,,,
18793,07/25/2023 13:28:40,29.00,,,
18794,07/25/2023 13:31:40,29.21,,,
18795,07/25/2023 13:34:40,29.73,,,
18796,07/25/2023 13:37:40,29.60,,,
18797,07/25/2023 13:40:40,29.77,,,
18798,07/25/2023 13:43:40,30.03,,,
18799,07/25/2023 13:46:40,30.59,,,
18800,07/25/2023 13:49:40,29.98,,,
18801,07/25/2023 13:52:40,29.98,,,
18802,07/25/2023 13:55:40,29.90,,,
18803,07/25/2023 13:58:40,30.67,,,
18804,07/25/2023 14:01:40,30.84,,,
18805,07/25/2023 14:04:40,29.38,,,
18806,07/25/2023 14:07:40,29.64,,,
18807,07/25/2023 14:10:40,29.30,,,
18808,07/25/2023 14:13:40,29.64,,,
18809,07/25/2023 14:16:40,29.68,,,
18810,07/25/2023 14:19:40,29.98,,,
18811,07/25/2023 14:22:40,29.86,,,
18812,07/25/2023 14:25:40,29.60,,,
18813,07/25/2023 14:28:40,29.90,,,
18814,07/25/2023 14:31:40,30.03,,,
18815,07/25/2023 14:34:40,29.77,,,
18816,07/25/2023 14:37:40,29.94,,,
18817,07/25/2023 14:40:40,30.03,,,
18818,07/25/2023 14:43:40,29.51,,,
18819,07/25/2023 14:46:40,29.51,,,
18820,07/25/2023 14:49:40,30.50,,,
18821,07/25/2023 14:52:40,29.73,,,
18822,07/25/2023 14:55:40,29.47,,,
18823,07/25/2023 14:58:40,30.24,,,
18824,07/25/2023 15:01:40,30.59,,,
18825,07/25/2023 15:04:40,30.46,,,
18826,07/25/2023 15:07:40,31.06,,,
18827,07/25/2023 15:10:40,30.76,,,
18828,07/25/2023 15:13:40,30.16,,,
18829,07/25/2023 15:16:40,29.34,,,
18830,07/25/2023 15:19:40,30.07,,,
18831,07/25/2023 15:22:40,30.46,,,
18832,07/25/2023 15:25:40,30.37,,,
18833,07/25/2023 15:28:40,28.78,,,
18834,07/25/2023 15:31:40,28.91,,,
18835,07/25/2023 15:34:40,29.47,,,
18836,07/25/2023 15:37:40,29.68,,,
18837,07/25/2023 15:40:40,30.03,,,
18838,07/25/2023 15:43:40,29.86,,,
18839,07/25/2023 15:46:40,30.24,,,
18840,07/25/2023 15:49:40,30.03,,,
18841,07/25/2023 15:52:40,30.76,,,
18842,07/25/2023 15:55:40,31.40,,,
18843,07/25/2023 15:58:40,30.84,,,
18844,07/25/2023 16:01:40,30.76,,,
18845,07/25/2023 16:04:40,30.28,,,
18846,07/25/2023 16:07:40,29.56,,,
18847,07/25/2023 16:10:40,29.38,,,
18848,07/25/2023 16:13:40,29.26,,,
18849,07/25/2023 16:16:40,29.94,,,
18850,07/25/2023 16:19:40,29.51,,,
18851,07/25/2023 16:22:40,29.43,,,
18852,07/25/2023 16:25:40,28.74,,,
18853,07/25/2023 16:28:40,28.10,,,
18854,07/25/2023 16:31:40,28.48,,,
18855,07/25/2023 16:34:40,28.65,,,
18856,07/25/2023 16:37:40,28.27,,,
18857,07/25/2023 16:40:40,28.23,,,
18858,07/25/2023 16:43:40,28.05,,,
18859,07/25/2023 16:46:40,27.75,,,
18860,07/25/2023 16:49:40,27.97,,,
18861,07/25/2023 16:52:40,28.35,,,
18862,07/25/2023 16:55:40,28.70,,,
18863,07/25/2023 16:58:40,28.91,,,
18864,07/25/2023 17:01:40,27.71,,,
18865,07/25/2023 17:04:40,27.11,,,
18866,07/25/2023 17:07:40,26.72,,,
18867,07/25/2023 17:10:40,26.38,,,
18868,07/25/2023 17:13:40,26.47,,,
18869,07/25/2023 17:16:40,27.50,,,
18870,07/25/2023 17:19:40,27.24,,,
18871,07/25/2023 17:22:40,26.34,,,
18872,07/25/2023 17:25:40,25.99,,,
18873,07/25/2023 17:28:40,26.04,,,
18874,07/25/2023 17:31:40,26.60,,,
18875,07/25/2023 17:34:40,26.08,,,
18876,07/25/2023 17:37:40,25.35,,,
18877,07/25/2023 17:40:40,24.84,,,
18878,07/25/2023 17:43:40,24.49,,,
18879,07/25/2023 17:46:40,24.19,,,
18880,07/25/2023 17:49:40,23.76,,,
18881,07/25/2023 17:52:40,23.08,,,
18882,07/25/2023 17:55:40,22.78,,,
18883,07/25/2023 17:58:40,22.78,,,
18884,07/25/2023 18:01:40,23.46,,,
18885,07/25/2023 18:04:40,23.46,,,
18886,07/25/2023 18:07:40,23.34,,,
18887,07/25/2023 18:10:40,22.78,,,
18888,07/25/2023 18:13:40,22.52,,,
18889,07/25/2023 18:16:40,22.22,,,
18890,07/25/2023 18:19:40,22.05,,,
18891,07/25/2023 18:22:40,21.28,,,
18892,07/25/2023 18:25:40,21.02,,,
18893,07/25/2023 18:28:40,21.06,,,
18894,07/25/2023 18:31:40,20.68,,,
18895,07/25/2023 18:34:40,21.58,,,
18896,07/25/2023 18:37:40,21.92,,,
18897,07/25/2023 18:40:40,21.40,,,
18898,07/25/2023 18:43:40,21.40,,,
18899,07/25/2023 18:46:40,20.93,,,
18900,07/25/2023 18:49:40,20.63,,,
18901,07/25/2023 18:52:40,20.33,,,
18902,07/25/2023 18:55:40,19.99,,,
18903,07/25/2023 18:58:40,19.86,,,
18904,07/25/2023 19:01:40,19.77,,,
18905,07/25/2023 19:04:40,19.65,,,
18906,07/25/2023 19:07:40,19.52,,,
18907,07/25/2023 19:10:40,19.22,,,
18908,07/25/2023 19:13:40,19.56,,,
18909,07/25/2023 19:16:40,19.73,,,
18910,07/25/2023 19:19:40,19.82,,,
18911,07/25/2023 19:22:40,19.95,,,
18912,07/25/2023 19:25:40,20.59,,,
18913,07/25/2023 19:28:40,20.80,,,
18914,07/25/2023 19:31:40,20.50,,,
18915,07/25/2023 19:34:40,20.46,,,
18916,07/25/2023 19:37:40,20.76,,,
18917,07/25/2023 19:40:40,20.72,,,
18918,07/25/2023 19:43:40,20.89,,,
18919,07/25/2023 19:46:40,20.72,,,
18920,07/25/2023 19:49:40,20.46,,,
18921,07/25/2023 19:52:40,20.07,,,
18922,07/25/2023 19:55:40,20.20,,,
18923,07/25/2023 19:58:40,20.37,,,
18924,07/25/2023 20:01:40,20.03,,,
18925,07/25/2023 20:04:40,20.25,,,
18926,07/25/2023 20:07:40,19.95,,,
18927,07/25/2023 20:10:40,19.30,,,
18928,07/25/2023 20:13:40,19.09,,,
18929,07/25/2023 20:16:40,19.05,,,
18930,07/25/2023 20:19:40,19.13,,,
18931,07/25/2023 20:22:40,18.87,,,
18932,07/25/2023 20:25:40,18.57,,,
18933,07/25/2023 20:28:40,18.53,,,
18934,07/25/2023 20:31:40,18.83,,,
18935,07/25/2023 20:34:40,18.79,,,
18936,07/25/2023 20:37:40,18.57,,,
18937,07/25/2023 20:40:40,18.32,,,
18938,07/25/2023 20:43:40,17.93,,,
18939,07/25/2023 20:46:40,17.84,,,
18940,07/25/2023 20:49:40,17.97,,,
18941,07/25/2023 20:52:40,18.40,,,
18942,07/25/2023 20:55:40,18.32,,,
18943,07/25/2023 20:58:40,18.36,,,
18944,07/25/2023 21:01:40,18.40,,,
18945,07/25/2023 21:04:40,18.19,,,
18946,07/25/2023 21:07:40,18.27,,,
18947,07/25/2023 21:10:40,17.63,,,
18948,07/25/2023 21:13:40,17.33,,,
18949,07/25/2023 21:16:40,17.46,,,
18950,07/25/2023 21:19:40,17.24,,,
18951,07/25/2023 21:22:40,16.60,,,
18952,07/25/2023 21:25:40,16.21,,,
18953,07/25/2023 21:28:40,16.08,,,
18954,07/25/2023 21:31:40,16.30,,,
18955,07/25/2023 21:34:40,15.53,,,
18956,07/25/2023 21:37:40,15.01,,,
18957,07/25/2023 21:40:40,14.58,,,
18958,07/25/2023 21:43:40,15.01,,,
18959,07/25/2023 21:46:40,14.93,,,
18960,07/25/2023 21:49:40,14.88,,,
18961,07/25/2023 21:52:40,15.01,,,
18962,07/25/2023 21:55:40,14.45,,,
18963,07/25/2023 21:58:40,14.11,,,
18964,07/25/2023 22:01:40,13.64,,,
18965,07/25/2023 22:04:40,14.03,,,
18966,07/25/2023 22:07:40,14.11,,,
18967,07/25/2023 22:10:40,14.28,,,
18968,07/25/2023 22:13:40,13.85,,,
18969,07/25/2023 22:16:40,13.77,,,
18970,07/25/2023 22:19:40,13.60,,,
18971,07/25/2023 22:22:40,13.43,,,
18972,07/25/2023 22:25:40,13.55,,,
18973,07/25/2023 22:28:40,13.51,,,
18974,07/25/2023 22:31:40,13.60,,,
18975,07/25/2023 22:34:40,13.47,,,
18976,07/25/2023 22:37:40,13.08,,,
18977,07/25/2023 22:40:40,12.74,,,
18978,07/25/2023 22:43:40,12.40,,,
18979,07/25/2023 22:46:40,11.79,,,
18980,07/25/2023 22:49:40,12.05,,,
18981,07/25/2023 22:52:40,12.14,,,
18982,07/25/2023 22:55:40,12.82,,,
18983,07/25/2023 22:58:40,12.87,,,
18984,07/25/2023 23:01:40,12.14,,,
18985,07/25/2023 23:04:40,12.31,,,
18986,07/25/2023 23:07:40,13.00,,,
18987,07/25/2023 23:10:40,13.94,,,
18988,07/25/2023 23:13:40,13.81,,,
18989,07/25/2023 23:16:40,13.68,,,
18990,07/25/2023 23:19:40,13.25,,,
18991,07/25/2023 23:22:40,13.30,,,
18992,07/25/2023 23:25:40,13.64,,,
18993,07/25/2023 23:28:40,13.25,,,
18994,07/25/2023 23:31:40,13.00,,,
18995,07/25/2023 23:34:40,12.87,,,
18996,07/25/2023 23:37:40,12.95,,,
18997,07/25/2023 23:40:40,13.08,,,
18998,07/25/2023 23:43:40,13.47,,,
18999,07/25/2023 23:46:40,13.90,,,
19000,07/25/2023 23:49:40,14.11,,,
19001,07/25/2023 23:52:40,14.20,,,
19002,07/25/2023 23:55:40,14.63,,,
19003,07/25/2023 23:58:40,14.33,,,
19004,07/26/2023 00:01:40,14.28,,,
19005,07/26/2023 00:04:40,13.81,,,
19006,07/26/2023 00:07:40,13.38,,,
19007,07/26/2023 00:10:40,13.73,,,
19008,07/26/2023 00:13:40,13.81,,,
19009,07/26/2023 00:16:40,14.54,,,
19010,07/26/2023 00:19:40,14.88,,,
19011,07/26/2023 00:22:40,14.84,,,
19012,07/26/2023 00:25:40,14.88,,,
19013,07/26/2023 00:28:40,14.93,,,
19014,07/26/2023 00:31:40,14.58,,,
19015,07/26/2023 00:34:40,14.15,,,
19016,07/26/2023 00:37:40,13.77,,,
19017,07/26/2023 00:40:40,13.73,,,
19018,07/26/2023 00:43:40,13.81,,,
19019,07/26/2023 00:46:40,13.64,,,
19020,07/26/2023 00:49:40,13.38,,,
19021,07/26/2023 00:52:40,13.30,,,
19022,07/26/2023 00:55:40,13.21,,,
19023,07/26/2023 00:58:40,13.08,,,
19024,07/26/2023 01:01:40,12.82,,,
19025,07/26/2023 01:04:40,12.40,,,
19026,07/26/2023 01:07:40,12.18,,,
19027,07/26/2023 01:10:40,11.84,,,
19028,07/26/2023 01:13:40,11.41,,,
19029,07/26/2023 01:16:40,11.24,,,
19030,07/26/2023 01:19:40,10.94,,,
19031,07/26/2023 01:22:40,11.02,,,
19032,07/26/2023 01:25:40,10.85,,,
19033,07/26/2023 01:28:40,11.11,,,
19034,07/26/2023 01:31:40,11.19,,,
19035,07/26/2023 01:34:40,11.02,,,
19036,07/26/2023 01:37:40,10.89,,,
19037,07/26/2023 01:40:40,10.72,,,
19038,07/26/2023 01:43:40,11.15,,,
19039,07/26/2023 01:46:40,10.89,,,
19040,07/26/2023 01:49:40,10.89,,,
19041,07/26/2023 01:52:40,10.38,,,
19042,07/26/2023 01:55:40,10.21,,,
19043,07/26/2023 01:58:40,10.16,,,
19044,07/26/2023 02:01:40,9.82,,,
19045,07/26/2023 02:04:40,9.74,,,
19046,07/26/2023 02:07:40,9.61,,,
19047,07/26/2023 02:10:40,9.52,,,
19048,07/26/2023 02:13:40,9.86,,,
19049,07/26/2023 02:16:40,10.04,,,
19050,07/26/2023 02:19:40,10.16,,,
19051,07/26/2023 02:22:40,9.82,,,
19052,07/26/2023 02:25:40,9.44,,,
19053,07/26/2023 02:28:40,9.05,,,
19054,07/26/2023 02:31:40,8.58,,,
19055,07/26/2023 02:34:40,8.71,,,
19056,07/26/2023 02:37:40,9.01,,,
19057,07/26/2023 02:40:40,8.96,,,
19058,07/26/2023 02:43:40,9.05,,,
19059,07/26/2023 02:46:40,9.05,,,
19060,07/26/2023 02:49:40,9.01,,,
19061,07/26/2023 02:52:40,8.88,,,
19062,07/26/2023 02:55:40,8.32,,,
19063,07/26/2023 02:58:40,8.15,,,
19064,07/26/2023 03:01:40,7.85,,,
19065,07/26/2023 03:04:40,8.02,,,
19066,07/26/2023 03:07:40,8.32,,,
19067,07/26/2023 03:10:40,8.41,,,
19068,07/26/2023 03:13:40,7.81,,,
19069,07/26/2023 03:16:40,7.55,,,
19070,07/26/2023 03:19:40,7.55,,,
19071,07/26/2023 03:22:40,7.38,,,
19072,07/26/2023 03:25:40,7.50,,,
19073,07/26/2023 03:28:40,7.59,,,
19074,07/26/2023 03:31:40,7.42,,,
19075,07/26/2023 03:34:40,7.46,,,
19076,07/26/2023 03:37:40,7.33,,,
19077,07/26/2023 03:40:40,7.08,,,
19078,07/26/2023 03:43:40,7.25,,,
19079,07/26/2023 03:46:40,7.42,,,
19080,07/26/2023 03:49:40,7.55,,,
19081,07/26/2023 03:52:40,7.42,,,
19082,07/26/2023 03:55:40,7.29,,,
19083,07/26/2023 03:58:40,7.29,,,
19084,07/26/2023 04:01:40,7.25,,,
19085,07/26/2023 04:04:40,6.99,,,
19086,07/26/2023 04:07:40,6.95,,,
19087,07/26/2023 04:10:40,6.56,,,
19088,07/26/2023 04:13:40,6.56,,,
19089,07/26/2023 04:16:40,6.48,,,
19090,07/26/2023 04:19:40,6.35,,,
19091,07/26/2023 04:22:40,6.52,,,
19092,07/26/2023 04:25:40,6.69,,,
19093,07/26/2023 04:28:40,6.99,,,
19094,07/26/2023 04:31:40,6.90,,,
19095,07/26/2023 04:34:40,6.73,,,
19096,07/26/2023 04:37:40,6.43,,,
19097,07/26/2023 04:40:40,6.17,,,
19098,07/26/2023 04:43:40,6.26,,,
19099,07/26/2023 04:46:40,6.17,,,
19100,07/26/2023 04:49:40,5.83,,,
19101,07/26/2023 04:52:40,5.75,,,
19102,07/26/2023 04:55:40,5.96,,,
19103,07/26/2023 04:58:40,6.48,,,
19104,07/26/2023 05:01:40,6.65,,,
19105,07/26/2023 05:04:40,6.48,,,
19106,07/26/2023 05:07:40,6.35,,,
19107,07/26/2023 05:10:40,6.09,,,
19108,07/26/2023 05:13:40,6.09,,,
19109,07/26/2023 05:16:40,5.96,,,
19110,07/26/2023 05:19:40,5.96,,,
19111,07/26/2023 05:22:40,6.22,,,
19112,07/26/2023 05:25:40,5.75,,,
19113,07/26/2023 05:28:40,5.70,,,
19114,07/26/2023 05:31:40,6.09,,,
19115,07/26/2023 05:34:40,6.30,,,
19116,07/26/2023 05:37:40,6.56,,,
19117,07/26/2023 05:40:40,6.52,,,
19118,07/26/2023 05:43:40,6.48,,,
19119,07/26/2023 05:46:40,6.17,,,
19120,07/26/2023 05:49:40,5.75,,,
19121,07/26/2023 05:52:40,5.53,,,
19122,07/26/2023 05:55:40,5.53,,,
19123,07/26/2023 05:58:40,5.57,,,
19124,07/26/2023 06:01:40,5.57,,,
19125,07/26/2023 06:04:40,5.66,,,
19126,07/26/2023 06:07:40,5.62,,,
19127,07/26/2023 06:10:40,5.57,,,
19128,07/26/2023 06:13:40,5.75,,,
19129,07/26/2023 06:16:40,6.22,,,
19130,07/26/2023 06:19:40,6.48,,,
19131,07/26/2023 06:22:40,6.39,,,
19132,07/26/2023 06:25:40,6.35,,,
19133,07/26/2023 06:28:40,5.96,,,
19134,07/26/2023 06:31:40,6.09,,,
19135,07/26/2023 06:34:40,5.87,,,
19136,07/26/2023 06:37:40,5.87,,,
19137,07/26/2023 06:40:40,5.96,,,
19138,07/26/2023 06:43:40,5.79,,,
19139,07/26/2023 06:46:40,5.66,,,
19140,07/26/2023 06:49:40,5.70,,,
19141,07/26/2023 06:52:40,5.83,,,
19142,07/26/2023 06:55:40,6.00,,,
19143,07/26/2023 06:58:40,6.95,,,
19144,07/26/2023 07:01:40,7.93,,,
19145,07/26/2023 07:04:40,8.41,,,
19146,07/26/2023 07:07:40,9.01,,,
19147,07/26/2023 07:10:40,9.78,,,
19148,07/26/2023 07:13:40,10.16,,,
19149,07/26/2023 07:16:40,10.16,,,
19150,07/26/2023 07:19:40,10.72,,,
19151,07/26/2023 07:22:40,10.89,,,
19152,07/26/2023 07:25:40,11.24,,,
19153,07/26/2023 07:28:40,11.41,,,
19154,07/26/2023 07:31:40,11.15,,,
19155,07/26/2023 07:34:40,11.45,,,
19156,07/26/2023 07:37:40,12.48,,,
19157,07/26/2023 07:40:40,12.35,,,
19158,07/26/2023 07:43:40,12.01,,,
19159,07/26/2023 07:46:40,12.52,,,
19160,07/26/2023 07:49:40,13.38,,,
19161,07/26/2023 07:52:40,14.15,,,
19162,07/26/2023 07:55:40,14.88,,,
19163,07/26/2023 07:58:40,15.31,,,
19164,07/26/2023 08:01:40,16.04,,,
19165,07/26/2023 08:04:40,16.34,,,
19166,07/26/2023 08:07:40,15.78,,,
19167,07/26/2023 08:10:40,15.74,,,
19168,07/26/2023 08:13:40,16.13,,,
19169,07/26/2023 08:16:40,17.03,,,
19170,07/26/2023 08:19:40,17.46,,,
19171,07/26/2023 08:22:40,17.16,,,
19172,07/26/2023 08:25:40,17.37,,,
19173,07/26/2023 08:28:40,18.02,,,
19174,07/26/2023 08:31:40,19.65,,,
19175,07/26/2023 08:34:40,20.63,,,
19176,07/26/2023 08:37:40,20.07,,,
19177,07/26/2023 08:40:40,20.16,,,
19178,07/26/2023 08:43:40,19.77,,,
19179,07/26/2023 08:46:40,20.55,,,
19180,07/26/2023 08:49:40,20.80,,,
19181,07/26/2023 08:52:40,21.96,,,
19182,07/26/2023 08:55:40,22.13,,,
19183,07/26/2023 08:58:40,22.52,,,
19184,07/26/2023 09:01:40,21.62,,,
19185,07/26/2023 09:04:40,21.45,,,
19186,07/26/2023 09:07:40,21.83,,,
19187,07/26/2023 09:10:40,21.88,,,
19188,07/26/2023 09:13:40,23.21,,,
19189,07/26/2023 09:16:40,21.96,,,
19190,07/26/2023 09:19:40,22.78,,,
19191,07/26/2023 09:22:40,22.52,,,
19192,07/26/2023 09:25:40,21.62,,,
19193,07/26/2023 09:28:40,23.25,,,
19194,07/26/2023 09:31:40,22.39,,,
19195,07/26/2023 09:34:40,22.09,,,
19196,07/26/2023 09:37:40,22.35,,,
19197,07/26/2023 09:40:40,21.83,,,
19198,07/26/2023 09:43:40,22.09,,,
19199,07/26/2023 09:46:40,21.83,,,
19200,07/26/2023 09:49:40,22.86,,,
19201,07/26/2023 09:52:40,23.42,,,
19202,07/26/2023 09:55:40,23.34,,,
19203,07/26/2023 09:58:40,22.86,,,
19204,07/26/2023 10:01:40,22.78,,,
19205,07/26/2023 10:04:40,23.81,,,
19206,07/26/2023 10:07:40,24.15,,,
19207,07/26/2023 10:10:40,24.11,,,
19208,07/26/2023 10:13:40,23.34,,,
19209,07/26/2023 10:16:40,23.21,,,
19210,07/26/2023 10:19:40,23.25,,,
19211,07/26/2023 10:22:40,23.34,,,
19212,07/26/2023 10:25:40,24.11,,,
19213,07/26/2023 10:28:40,24.19,,,
19214,07/26/2023 10:31:40,23.59,,,
19215,07/26/2023 10:34:40,23.76,,,
19216,07/26/2023 10:37:40,23.72,,,
19217,07/26/2023 10:40:40,24.02,,,
19218,07/26/2023 10:43:40,23.98,,,
19219,07/26/2023 10:46:40,24.02,,,
19220,07/26/2023 10:49:40,23.94,,,
19221,07/26/2023 10:52:40,24.24,,,
19222,07/26/2023 10:55:40,24.75,,,
19223,07/26/2023 10:58:40,25.09,,,
19224,07/26/2023 11:01:40,24.97,,,
19225,07/26/2023 11:04:40,24.62,,,
19226,07/26/2023 11:07:40,24.49,,,
19227,07/26/2023 11:10:40,24.45,,,
19228,07/26/2023 11:13:40,24.32,,,
19229,07/26/2023 11:16:40,24.88,,,
19230,07/26/2023 11:19:40,25.22,,,
19231,07/26/2023 11:22:40,24.92,,,
19232,07/26/2023 11:25:40,25.61,,,
19233,07/26/2023 11:28:40,24.62,,,
19234,07/26/2023 11:31:40,23.29,,,
19235,07/26/2023 11:34:40,24.75,,,
19236,07/26/2023 11:37:40,24.92,,,
19237,07/26/2023 11:40:40,24.79,,,
19238,07/26/2023 11:43:40,25.05,,,
19239,07/26/2023 11:46:40,25.78,,,
19240,07/26/2023 11:49:40,26.08,,,
19241,07/26/2023 11:52:40,25.82,,,
19242,07/26/2023 11:55:40,24.58,,,
19243,07/26/2023 11:58:40,25.48,,,
19244,07/26/2023 12:01:40,26.68,,,
19245,07/26/2023 12:04:40,25.65,,,
19246,07/26/2023 12:07:40,26.12,,,
19247,07/26/2023 12:10:40,26.94,,,
19248,07/26/2023 12:13:40,26.60,,,
19249,07/26/2023 12:16:40,25.39,,,
19250,07/26/2023 12:19:40,25.35,,,
19251,07/26/2023 12:22:40,26.85,,,
19252,07/26/2023 12:25:40,27.63,,,
19253,07/26/2023 12:28:40,27.63,,,
19254,07/26/2023 12:31:40,26.38,,,
19255,07/26/2023 12:34:40,27.45,,,
19256,07/26/2023 12:37:40,28.91,,,
19257,07/26/2023 12:40:40,29.13,,,
19258,07/26/2023 12:43:40,29.56,,,
19259,07/26/2023 12:46:40,29.04,,,
19260,07/26/2023 12:49:40,27.84,,,
19261,07/26/2023 12:52:40,26.25,,,
19262,07/26/2023 12:55:40,26.98,,,
19263,07/26/2023 12:58:40,26.68,,,
19264,07/26/2023 13:01:40,26.30,,,
19265,07/26/2023 13:04:40,26.55,,,
19266,07/26/2023 13:07:40,26.68,,,
19267,07/26/2023 13:10:40,28.14,,,
19268,07/26/2023 13:13:40,28.31,,,
19269,07/26/2023 13:16:40,27.97,,,
19270,07/26/2023 13:19:40,27.93,,,
19271,07/26/2023 13:22:40,27.93,,,
19272,07/26/2023 13:25:40,26.38,,,
19273,07/26/2023 13:28:40,25.82,,,
19274,07/26/2023 13:31:40,26.72,,,
19275,07/26/2023 13:34:40,27.88,,,
19276,07/26/2023 13:37:40,28.78,,,
19277,07/26/2023 13:40:40,29.81,,,
19278,07/26/2023 13:43:40,29.86,,,
19279,07/26/2023 13:46:40,29.81,,,
19280,07/26/2023 13:49:40,30.03,,,
19281,07/26/2023 13:52:40,29.90,,,
19282,07/26/2023 13:55:40,30.41,,,
19283,07/26/2023 13:58:40,29.26,,,
19284,07/26/2023 14:01:40,28.61,,,
19285,07/26/2023 14:04:40,28.83,,,
19286,07/26/2023 14:07:40,29.08,,,
19287,07/26/2023 14:10:40,28.31,,,
19288,07/26/2023 14:13:40,27.80,,,
19289,07/26/2023 14:16:40,26.55,,,
19290,07/26/2023 14:19:40,27.93,,,
19291,07/26/2023 14:22:40,29.04,,,
19292,07/26/2023 14:25:40,29.77,,,
19293,07/26/2023 14:28:40,28.57,,,
19294,07/26/2023 14:31:40,29.17,,,
19295,07/26/2023 14:34:40,29.38,,,
19296,07/26/2023 14:37:40,29.21,,,
19297,07/26/2023 14:40:40,29.00,,,
19298,07/26/2023 14:43:40,27.75,,,
19299,07/26/2023 14:46:40,26.98,,,
19300,07/26/2023 14:49:40,27.58,,,
19301,07/26/2023 14:52:40,28.57,,,
19302,07/26/2023 14:55:40,28.87,,,
19303,07/26/2023 14:58:40,28.87,,,
19304,07/26/2023 15:01:40,29.04,,,
19305,07/26/2023 15:04:40,29.08,,,
19306,07/26/2023 15:07:40,28.27,,,
19307,07/26/2023 15:10:40,28.14,,,
19308,07/26/2023 15:13:40,28.74,,,
19309,07/26/2023 15:16:40,29.00,,,
19310,07/26/2023 15:19:40,28.57,,,
19311,07/26/2023 15:22:40,29.04,,,
19312,07/26/2023 15:25:40,28.87,,,
19313,07/26/2023 15:28:40,29.30,,,
19314,07/26/2023 15:31:40,28.95,,,
19315,07/26/2023 15:34:40,28.35,,,
19316,07/26/2023 15:37:40,28.91,,,
19317,07/26/2023 15:40:40,28.70,,,
19318,07/26/2023 15:43:40,28.78,,,
19319,07/26/2023 15:46:40,28.87,,,
19320,07/26/2023 15:49:40,29.08,,,
19321,07/26/2023 15:52:40,28.87,,,
19322,07/26/2023 15:55:40,28.40,,,
19323,07/26/2023 15:58:40,28.05,,,
19324,07/26/2023 16:01:40,27.20,,,
19325,07/26/2023 16:04:40,27.71,,,
19326,07/26/2023 16:07:40,28.31,,,
19327,07/26/2023 16:10:40,28.91,,,
19328,07/26/2023 16:13:40,29.43,,,
19329,07/26/2023 16:16:40,29.77,,,
19330,07/26/2023 16:19:40,29.73,,,
19331,07/26/2023 16:22:40,29.68,,,
19332,07/26/2023 16:25:40,29.38,,,
19333,07/26/2023 16:28:40,30.20,,,
19334,07/26/2023 16:31:40,30.59,,,
19335,07/26/2023 16:34:40,28.70,,,
19336,07/26/2023 16:37:40,29.04,,,
19337,07/26/2023 16:40:40,29.51,,,
19338,07/26/2023 16:43:40,30.03,,,
19339,07/26/2023 16:46:40,30.24,,,
19340,07/26/2023 16:49:40,29.43,,,
19341,07/26/2023 16:52:40,29.64,,,
19342,07/26/2023 16:55:40,28.40,,,
19343,07/26/2023 16:58:40,28.01,,,
19344,07/26/2023 17:01:40,28.78,,,
19345,07/26/2023 17:04:40,28.61,,,
19346,07/26/2023 17:07:40,27.28,,,
19347,07/26/2023 17:10:40,27.07,,,
19348,07/26/2023 17:13:40,26.68,,,
19349,07/26/2023 17:16:40,25.78,,,
19350,07/26/2023 17:19:40,25.87,,,
19351,07/26/2023 17:22:40,26.47,,,
19352,07/26/2023 17:25:40,26.17,,,
19353,07/26/2023 17:28:40,26.12,,,
19354,07/26/2023 17:31:40,25.78,,,
19355,07/26/2023 17:34:40,25.57,,,
19356,07/26/2023 17:37:40,25.82,,,
19357,07/26/2023 17:40:40,25.57,,,
19358,07/26/2023 17:43:40,25.52,,,
19359,07/26/2023 17:46:40,25.52,,,
19360,07/26/2023 17:49:40,25.35,,,
19361,07/26/2023 17:52:40,25.09,,,
19362,07/26/2023 17:55:40,25.27,,,
19363,07/26/2023 17:58:40,25.18,,,
19364,07/26/2023 18:01:40,24.88,,,
19365,07/26/2023 18:04:40,24.66,,,
19366,07/26/2023 18:07:40,24.45,,,
19367,07/26/2023 18:10:40,24.54,,,
19368,07/26/2023 18:13:40,24.49,,,
19369,07/26/2023 18:16:40,24.79,,,
19370,07/26/2023 18:19:40,25.31,,,
19371,07/26/2023 18:22:40,25.22,,,
19372,07/26/2023 18:25:40,25.35,,,
19373,07/26/2023 18:28:40,25.35,,,
19374,07/26/2023 18:31:40,24.97,,,
19375,07/26/2023 18:34:40,25.01,,,
19376,07/26/2023 18:37:40,24.92,,,
19377,07/26/2023 18:40:40,24.88,,,
19378,07/26/2023 18:43:40,24.66,,,
19379,07/26/2023 18:46:40,24.54,,,
19380,07/26/2023 18:49:40,24.19,,,
19381,07/26/2023 18:52:40,24.02,,,
19382,07/26/2023 18:55:40,23.72,,,
19383,07/26/2023 18:58:40,23.29,,,
19384,07/26/2023 19:01:40,22.73,,,
19385,07/26/2023 19:04:40,22.99,,,
19386,07/26/2023 19:07:40,23.51,,,
19387,07/26/2023 19:10:40,24.11,,,
19388,07/26/2023 19:13:40,24.15,,,
19389,07/26/2023 19:16:40,23.89,,,
19390,07/26/2023 19:19:40,23.59,,,
19391,07/26/2023 19:22:40,24.06,,,
19392,07/26/2023 19:25:40,24.24,,,
19393,07/26/2023 19:28:40,24.28,,,
19394,07/26/2023 19:31:40,24.49,,,
19395,07/26/2023 19:34:40,24.62,,,
19396,07/26/2023 19:37:40,24.71,,,
19397,07/26/2023 19:40:40,24.58,,,
19398,07/26/2023 19:43:40,24.32,,,
19399,07/26/2023 19:46:40,23.85,,,
19400,07/26/2023 19:49:40,23.55,,,
19401,07/26/2023 19:52:40,22.95,,,
19402,07/26/2023 19:55:40,22.48,,,
19403,07/26/2023 19:58:40,22.95,,,
19404,07/26/2023 20:01:40,22.99,,,
19405,07/26/2023 20:04:40,22.39,,,
19406,07/26/2023 20:07:40,21.66,,,
19407,07/26/2023 20:10:40,20.93,,,
19408,07/26/2023 20:13:40,20.33,,,
19409,07/26/2023 20:16:40,19.95,,,
19410,07/26/2023 20:19:40,19.82,,,
19411,07/26/2023 20:22:40,19.73,,,
19412,07/26/2023 20:25:40,19.43,,,
19413,07/26/2023 20:28:40,19.05,,,
19414,07/26/2023 20:31:40,18.92,,,
19415,07/26/2023 20:34:40,19.09,,,
19416,07/26/2023 20:37:40,18.83,,,
19417,07/26/2023 20:40:40,18.66,,,
19418,07/26/2023 20:43:40,18.53,,,
19419,07/26/2023 20:46:40,18.27,,,
19420,07/26/2023 20:49:40,17.89,,,
19421,07/26/2023 20:52:40,17.93,,,
19422,07/26/2023 20:55:40,17.72,,,
19423,07/26/2023 20:58:40,17.50,,,
19424,07/26/2023 21:01:40,17.54,,,
19425,07/26/2023 21:04:40,17.63,,,
19426,07/26/2023 21:07:40,17.84,,,
19427,07/26/2023 21:10:40,18.40,,,
19428,07/26/2023 21:13:40,18.19,,,
19429,07/26/2023 21:16:40,17.93,,,
19430,07/26/2023 21:19:40,17.84,,,
19431,07/26/2023 21:22:40,17.80,,,
19432,07/26/2023 21:25:40,18.02,,,
19433,07/26/2023 21:28:40,17.29,,,
19434,07/26/2023 21:31:40,17.59,,,
19435,07/26/2023 21:34:40,17.72,,,
19436,07/26/2023 21:37:40,17.67,,,
19437,07/26/2023 21:40:40,17.16,,,
19438,07/26/2023 21:43:40,16.64,,,
19439,07/26/2023 21:46:40,16.34,,,
19440,07/26/2023 21:49:40,16.17,,,
19441,07/26/2023 21:52:40,15.78,,,
19442,07/26/2023 21:55:40,15.36,,,
19443,07/26/2023 21:58:40,15.31,,,
19444,07/26/2023 22:01:40,15.27,,,
19445,07/26/2023 22:04:40,14.97,,,
19446,07/26/2023 22:07:40,14.28,,,
19447,07/26/2023 22:10:40,14.03,,,
19448,07/26/2023 22:13:40,13.81,,,
19449,07/26/2023 22:16:40,13.77,,,
19450,07/26/2023 22:19:40,13.64,,,
19451,07/26/2023 22:22:40,13.43,,,
19452,07/26/2023 22:25:40,13.38,,,
19453,07/26/2023 22:28:40,13.34,,,
19454,07/26/2023 22:31:40,13.43,,,
19455,07/26/2023 22:34:40,13.25,,,
19456,07/26/2023 22:37:40,12.91,,,
19457,07/26/2023 22:40:40,12.78,,,
19458,07/26/2023 22:43:40,12.91,,,
19459,07/26/2023 22:46:40,13.17,,,
19460,07/26/2023 22:49:40,13.43,,,
19461,07/26/2023 22:52:40,13.38,,,
19462,07/26/2023 22:55:40,13.12,,,
19463,07/26/2023 22:58:40,13.00,,,
19464,07/26/2023 23:01:40,12.70,,,
19465,07/26/2023 23:04:40,12.70,,,
19466,07/26/2023 23:07:40,12.87,,,
19467,07/26/2023 23:10:40,12.91,,,
19468,07/26/2023 23:13:40,13.04,,,
19469,07/26/2023 23:16:40,13.17,,,
19470,07/26/2023 23:19:40,12.78,,,
19471,07/26/2023 23:22:40,12.65,,,
19472,07/26/2023 23:25:40,13.30,,,
19473,07/26/2023 23:28:40,12.95,,,
19474,07/26/2023 23:31:40,12.27,,,
19475,07/26/2023 23:34:40,12.31,,,
19476,07/26/2023 23:37:40,12.18,,,
19477,07/26/2023 23:40:40,12.05,,,
19478,07/26/2023 23:43:40,11.88,,,
19479,07/26/2023 23:46:40,11.67,,,
19480,07/26/2023 23:49:40,11.41,,,
19481,07/26/2023 23:52:40,11.49,,,
19482,07/26/2023 23:55:40,11.41,,,
19483,07/26/2023 23:58:40,11.62,,,
19484,07/27/2023 00:01:40,11.58,,,
19485,07/27/2023 00:04:40,11.54,,,
19486,07/27/2023 00:07:40,11.32,,,
19487,07/27/2023 00:10:40,10.89,,,
19488,07/27/2023 00:13:40,10.55,,,
19489,07/27/2023 00:16:40,10.55,,,
19490,07/27/2023 00:19:40,10.64,,,
19491,07/27/2023 00:22:40,11.11,,,
19492,07/27/2023 00:25:40,11.37,,,
19493,07/27/2023 00:28:40,10.77,,,
19494,07/27/2023 00:31:40,10.98,,,
19495,07/27/2023 00:34:40,11.07,,,
19496,07/27/2023 00:37:40,10.94,,,
19497,07/27/2023 00:40:40,10.72,,,
19498,07/27/2023 00:43:40,10.46,,,
19499,07/27/2023 00:46:40,10.85,,,
19500,07/27/2023 00:49:40,10.21,,,
19501,07/27/2023 00:52:40,10.64,,,
19502,07/27/2023 00:55:40,10.85,,,
19503,07/27/2023 00:58:40,10.25,,,
19504,07/27/2023 01:01:40,9.82,,,
19505,07/27/2023 01:04:40,9.44,,,
19506,07/27/2023 01:07:40,9.35,,,
19507,07/27/2023 01:10:40,9.18,,,
19508,07/27/2023 01:13:40,9.05,,,
19509,07/27/2023 01:16:40,9.39,,,
19510,07/27/2023 01:19:40,9.14,,,
19511,07/27/2023 01:22:40,9.18,,,
19512,07/27/2023 01:25:40,9.14,,,
19513,07/27/2023 01:28:40,9.14,,,
19514,07/27/2023 01:31:40,9.01,,,
19515,07/27/2023 01:34:40,9.18,,,
19516,07/27/2023 01:37:40,9.18,,,
19517,07/27/2023 01:40:40,8.96,,,
19518,07/27/2023 01:43:40,8.83,,,
19519,07/27/2023 01:46:40,8.62,,,
19520,07/27/2023 01:49:40,8.58,,,
19521,07/27/2023 01:52:40,8.53,,,
19522,07/27/2023 01:55:40,8.45,,,
19523,07/27/2023 01:58:40,8.45,,,
19524,07/27/2023 02:01:40,8.36,,,
19525,07/27/2023 02:04:40,8.32,,,
19526,07/27/2023 02:07:40,8.28,,,
19527,07/27/2023 02:10:40,8.06,,,
19528,07/27/2023 02:13:40,8.15,,,
19529,07/27/2023 02:16:40,8.32,,,
19530,07/27/2023 02:19:40,8.32,,,
19531,07/27/2023 02:22:40,8.23,,,
19532,07/27/2023 02:25:40,8.19,,,
19533,07/27/2023 02:28:40,8.15,,,
19534,07/27/2023 02:31:40,8.45,,,
19535,07/27/2023 02:34:40,8.75,,,
19536,07/27/2023 02:37:40,8.88,,,
19537,07/27/2023 02:40:40,8.71,,,
19538,07/27/2023 02:43:40,8.62,,,
19539,07/27/2023 02:46:40,8.79,,,
19540,07/27/2023 02:49:40,8.66,,,
19541,07/27/2023 02:52:40,8.62,,,
19542,07/27/2023 02:55:40,8.62,,,
19543,07/27/2023 02:58:40,8.53,,,
19544,07/27/2023 03:01:40,8.41,,,
19545,07/27/2023 03:04:40,8.53,,,
19546,07/27/2023 03:07:40,8.62,,,
19547,07/27/2023 03:10:40,8.66,,,
19548,07/27/2023 03:13:40,8.58,,,
19549,07/27/2023 03:16:40,8.58,,,
19550,07/27/2023 03:19:40,8.53,,,
19551,07/27/2023 03:22:40,8.41,,,
19552,07/27/2023 03:25:40,8.49,,,
19553,07/27/2023 03:28:40,9.05,,,
19554,07/27/2023 03:31:40,9.14,,,
19555,07/27/2023 03:34:40,9.39,,,
19556,07/27/2023 03:37:40,9.31,,,
19557,07/27/2023 03:40:40,9.14,,,
19558,07/27/2023 03:43:40,9.05,,,
19559,07/27/2023 03:46:40,9.35,,,
19560,07/27/2023 03:49:40,8.96,,,
19561,07/27/2023 03:52:40,8.75,,,
19562,07/27/2023 03:55:40,8.62,,,
19563,07/27/2023 03:58:40,8.53,,,
19564,07/27/2023 04:01:40,8.88,,,
19565,07/27/2023 04:04:40,8.88,,,
19566,07/27/2023 04:07:40,8.83,,,
19567,07/27/2023 04:10:40,8.62,,,
19568,07/27/2023 04:13:40,8.06,,,
19569,07/27/2023 04:16:40,7.81,,,
19570,07/27/2023 04:19:40,8.49,,,
19571,07/27/2023 04:22:40,9.14,,,
19572,07/27/2023 04:25:40,8.58,,,
19573,07/27/2023 04:28:40,7.93,,,
19574,07/27/2023 04:31:40,7.46,,,
19575,07/27/2023 04:34:40,7.20,,,
19576,07/27/2023 04:37:40,7.33,,,
19577,07/27/2023 04:40:40,7.63,,,
19578,07/27/2023 04:43:40,7.63,,,
19579,07/27/2023 04:46:40,7.85,,,
19580,07/27/2023 04:49:40,7.89,,,
19581,07/27/2023 04:52:40,7.55,,,
19582,07/27/2023 04:55:40,7.42,,,
19583,07/27/2023 04:58:40,7.50,,,
19584,07/27/2023 05:01:40,7.63,,,
19585,07/27/2023 05:04:40,7.59,,,
19586,07/27/2023 05:07:40,7.63,,,
19587,07/27/2023 05:10:40,7.50,,,
19588,07/27/2023 05:13:40,7.29,,,
19589,07/27/2023 05:16:40,7.38,,,
19590,07/27/2023 05:19:40,7.50,,,
19591,07/27/2023 05:22:40,7.63,,,
19592,07/27/2023 05:25:40,7.68,,,
19593,07/27/2023 05:28:40,7.81,,,
19594,07/27/2023 05:31:40,7.93,,,
19595,07/27/2023 05:34:40,7.85,,,
19596,07/27/2023 05:37:40,7.81,,,
19597,07/27/2023 05:40:40,8.45,,,
19598,07/27/2023 05:43:40,9.05,,,
19599,07/27/2023 05:46:40,9.26,,,
19600,07/27/2023 05:49:40,9.61,,,
19601,07/27/2023 05:52:40,9.31,,,
19602,07/27/2023 05:55:40,8.96,,,
19603,07/27/2023 05:58:40,8.88,,,
19604,07/27/2023 06:01:40,8.79,,,
19605,07/27/2023 06:04:40,8.83,,,
19606,07/27/2023 06:07:40,8.75,,,
19607,07/27/2023 06:10:40,8.75,,,
19608,07/27/2023 06:13:40,8.66,,,
19609,07/27/2023 06:16:40,8.45,,,
19610,07/27/2023 06:19:40,8.41,,,
19611,07/27/2023 06:22:40,8.19,,,
19612,07/27/2023 06:25:40,8.02,,,
19613,07/27/2023 06:28:40,8.23,,,
19614,07/27/2023 06:31:40,8.23,,,
19615,07/27/2023 06:34:40,8.32,,,
19616,07/27/2023 06:37:40,8.49,,,
19617,07/27/2023 06:40:40,8.45,,,
19618,07/27/2023 06:43:40,8.28,,,
19619,07/27/2023 06:46:40,8.06,,,
19620,07/27/2023 06:49:40,8.15,,,
19621,07/27/2023 06:52:40,8.36,,,
19622,07/27/2023 06:55:40,8.36,,,
19623,07/27/2023 06:58:40,9.01,,,
19624,07/27/2023 07:01:40,10.25,,,
19625,07/27/2023 07:04:40,11.02,,,
19626,07/27/2023 07:07:40,10.77,,,
19627,07/27/2023 07:10:40,10.85,,,
19628,07/27/2023 07:13:40,10.98,,,
19629,07/27/2023 07:16:40,10.68,,,
19630,07/27/2023 07:19:40,10.89,,,
19631,07/27/2023 07:22:40,10.72,,,
19632,07/27/2023 07:25:40,10.72,,,
19633,07/27/2023 07:28:40,10.89,,,
19634,07/27/2023 07:31:40,10.81,,,
19635,07/27/2023 07:34:40,10.89,,,
19636,07/27/2023 07:37:40,11.67,,,
19637,07/27/2023 07:40:40,11.88,,,
19638,07/27/2023 07:43:40,12.10,,,
19639,07/27/2023 07:46:40,12.61,,,
19640,07/27/2023 07:49:40,13.60,,,
19641,07/27/2023 07:52:40,13.38,,,
19642,07/27/2023 07:55:40,14.07,,,
19643,07/27/2023 07:58:40,14.37,,,
19644,07/27/2023 08:01:40,15.40,,,
19645,07/27/2023 08:04:40,15.44,,,
19646,07/27/2023 08:07:40,15.70,,,
19647,07/27/2023 08:10:40,16.17,,,
19648,07/27/2023 08:13:40,16.43,,,
19649,07/27/2023 08:16:40,16.51,,,
19650,07/27/2023 08:19:40,16.26,,,
19651,07/27/2023 08:22:40,16.39,,,
19652,07/27/2023 08:25:40,16.77,,,
19653,07/27/2023 08:28:40,16.81,,,
19654,07/27/2023 08:31:40,17.03,,,
19655,07/27/2023 08:34:40,17.84,,,
19656,07/27/2023 08:37:40,18.32,,,
19657,07/27/2023 08:40:40,17.46,,,
19658,07/27/2023 08:43:40,17.80,,,
19659,07/27/2023 08:46:40,18.36,,,
19660,07/27/2023 08:49:40,18.44,,,
19661,07/27/2023 08:52:40,18.57,,,
19662,07/27/2023 08:55:40,19.26,,,
19663,07/27/2023 08:58:40,19.43,,,
19664,07/27/2023 09:01:40,19.43,,,
19665,07/27/2023 09:04:40,19.77,,,
19666,07/27/2023 09:07:40,20.55,,,
19667,07/27/2023 09:10:40,20.98,,,
19668,07/27/2023 09:13:40,20.93,,,
19669,07/27/2023 09:16:40,20.89,,,
19670,07/27/2023 09:19:40,21.32,,,
19671,07/27/2023 09:22:40,21.66,,,
19672,07/27/2023 09:25:40,22.18,,,
19673,07/27/2023 09:28:40,22.31,,,
19674,07/27/2023 09:31:40,21.96,,,
19675,07/27/2023 09:34:40,22.78,,,
19676,07/27/2023 09:37:40,23.68,,,
19677,07/27/2023 09:40:40,23.29,,,
19678,07/27/2023 09:43:40,23.98,,,
19679,07/27/2023 09:46:40,23.12,,,
19680,07/27/2023 09:49:40,23.21,,,
19681,07/27/2023 09:52:40,24.24,,,
19682,07/27/2023 09:55:40,23.51,,,
19683,07/27/2023 09:58:40,23.64,,,
19684,07/27/2023 10:01:40,22.82,,,
19685,07/27/2023 10:04:40,21.15,,,
19686,07/27/2023 10:07:40,20.89,,,
19687,07/27/2023 10:10:40,21.66,,,
19688,07/27/2023 10:13:40,22.73,,,
19689,07/27/2023 10:16:40,23.51,,,
19690,07/27/2023 10:19:40,24.54,,,
19691,07/27/2023 10:22:40,24.79,,,
19692,07/27/2023 10:25:40,26.08,,,
19693,07/27/2023 10:28:40,25.87,,,
19694,07/27/2023 10:31:40,25.78,,,
19695,07/27/2023 10:34:40,27.28,,,
19696,07/27/2023 10:37:40,27.32,,,
19697,07/27/2023 10:40:40,27.75,,,
19698,07/27/2023 10:43:40,27.32,,,
19699,07/27/2023 10:46:40,25.35,,,
19700,07/27/2023 10:49:40,24.11,,,
19701,07/27/2023 10:52:40,24.92,,,
19702,07/27/2023 10:55:40,25.82,,,
19703,07/27/2023 10:58:40,25.48,,,
19704,07/27/2023 11:01:40,24.88,,,
19705,07/27/2023 11:04:40,24.49,,,
19706,07/27/2023 11:07:40,24.41,,,
19707,07/27/2023 11:10:40,24.66,,,
19708,07/27/2023 11:13:40,24.41,,,
19709,07/27/2023 11:16:40,23.72,,,
19710,07/27/2023 11:19:40,23.29,,,
19711,07/27/2023 11:22:40,23.68,,,
19712,07/27/2023 11:25:40,23.46,,,
19713,07/27/2023 11:28:40,23.76,,,
19714,07/27/2023 11:31:40,24.75,,,
19715,07/27/2023 11:34:40,24.79,,,
19716,07/27/2023 11:37:40,25.05,,,
19717,07/27/2023 11:40:40,25.65,,,
19718,07/27/2023 11:43:40,26.25,,,
19719,07/27/2023 11:46:40,26.34,,,
19720,07/27/2023 11:49:40,26.42,,,
19721,07/27/2023 11:52:40,26.17,,,
19722,07/27/2023 11:55:40,25.74,,,
19723,07/27/2023 11:58:40,25.18,,,
19724,07/27/2023 12:01:40,25.69,,,
19725,07/27/2023 12:04:40,25.35,,,
19726,07/27/2023 12:07:40,25.57,,,
19727,07/27/2023 12:10:40,26.42,,,
19728,07/27/2023 12:13:40,26.25,,,
19729,07/27/2023 12:16:40,26.30,,,
19730,07/27/2023 12:19:40,27.24,,,
19731,07/27/2023 12:22:40,28.10,,,
19732,07/27/2023 12:25:40,27.67,,,
19733,07/27/2023 12:28:40,27.32,,,
19734,07/27/2023 12:31:40,27.54,,,
19735,07/27/2023 12:34:40,27.54,,,
19736,07/27/2023 12:37:40,27.93,,,
19737,07/27/2023 12:40:40,27.80,,,
19738,07/27/2023 12:43:40,29.04,,,
19739,07/27/2023 12:46:40,27.84,,,
19740,07/27/2023 12:49:40,27.80,,,
19741,07/27/2023 12:52:40,26.77,,,
19742,07/27/2023 12:55:40,25.78,,,
19743,07/27/2023 12:58:40,25.14,,,
19744,07/27/2023 13:01:40,25.18,,,
19745,07/27/2023 13:04:40,24.66,,,
19746,07/27/2023 13:07:40,24.54,,,
19747,07/27/2023 13:10:40,24.28,,,
19748,07/27/2023 13:13:40,25.22,,,
19749,07/27/2023 13:16:40,26.64,,,
19750,07/27/2023 13:19:40,26.60,,,
19751,07/27/2023 13:22:40,26.12,,,
19752,07/27/2023 13:25:40,25.87,,,
19753,07/27/2023 13:28:40,25.35,,,
19754,07/27/2023 13:31:40,24.92,,,
19755,07/27/2023 13:34:40,24.75,,,
19756,07/27/2023 13:37:40,25.09,,,
19757,07/27/2023 13:40:40,24.79,,,
19758,07/27/2023 13:43:40,24.49,,,
19759,07/27/2023 13:46:40,24.58,,,
19760,07/27/2023 13:49:40,24.54,,,
19761,07/27/2023 13:52:40,24.49,,,
19762,07/27/2023 13:55:40,24.71,,,
19763,07/27/2023 13:58:40,24.92,,,
19764,07/27/2023 14:01:40,24.79,,,
19765,07/27/2023 14:04:40,24.41,,,
19766,07/27/2023 14:07:40,23.94,,,
19767,07/27/2023 14:10:40,23.68,,,
19768,07/27/2023 14:13:40,23.51,,,
19769,07/27/2023 14:16:40,23.76,,,
19770,07/27/2023 14:19:40,23.98,,,
19771,07/27/2023 14:22:40,23.81,,,
19772,07/27/2023 14:25:40,23.98,,,
19773,07/27/2023 14:28:40,24.24,,,
19774,07/27/2023 14:31:40,24.58,,,
19775,07/27/2023 14:34:40,24.58,,,
19776,07/27/2023 14:37:40,24.54,,,
19777,07/27/2023 14:40:40,24.36,,,
19778,07/27/2023 14:43:40,24.24,,,
19779,07/27/2023 14:46:40,24.15,,,
19780,07/27/2023 14:49:40,24.15,,,
19781,07/27/2023 14:52:40,24.32,,,
19782,07/27/2023 14:55:40,24.49,,,
19783,07/27/2023 14:58:40,24.32,,,
19784,07/27/2023 15:01:40,24.49,,,
19785,07/27/2023 15:04:40,24.32,,,
19786,07/27/2023 15:07:40,23.08,,,
19787,07/27/2023 15:10:40,22.09,,,
19788,07/27/2023 15:13:40,21.75,,,
19789,07/27/2023 15:16:40,21.32,,,
19790,07/27/2023 15:19:40,20.93,,,
19791,07/27/2023 15:22:40,20.37,,,
19792,07/27/2023 15:25:40,20.16,,,
19793,07/27/2023 15:28:40,19.30,,,
19794,07/27/2023 15:31:40,19.39,,,
19795,07/27/2023 15:34:40,19.05,,,
19796,07/27/2023 15:37:40,18.87,,,
19797,07/27/2023 15:40:40,19.17,,,
19798,07/27/2023 15:43:40,19.09,,,
19799,07/27/2023 15:46:40,18.96,,,
19800,07/27/2023 15:49:40,18.62,,,
19801,07/27/2023 15:52:40,18.49,,,
19802,07/27/2023 15:55:40,18.49,,,
19803,07/27/2023 15:58:40,18.79,,,
19804,07/27/2023 16:01:40,18.83,,,
19805,07/27/2023 16:04:40,18.70,,,
19806,07/27/2023 16:07:40,18.70,,,
19807,07/27/2023 16:10:40,18.70,,,
19808,07/27/2023 16:13:40,18.70,,,
19809,07/27/2023 16:16:40,18.92,,,
19810,07/27/2023 16:19:40,18.92,,,
19811,07/27/2023 16:22:40,18.92,,,
19812,07/27/2023 16:25:40,18.66,,,
19813,07/27/2023 16:28:40,18.62,,,
19814,07/27/2023 16:31:40,18.62,,,
19815,07/27/2023 16:34:40,18.40,,,
19816,07/27/2023 16:37:40,18.36,,,
19817,07/27/2023 16:40:40,18.57,,,
19818,07/27/2023 16:43:40,19.43,,,
19819,07/27/2023 16:46:40,19.56,,,
19820,07/27/2023 16:49:40,19.77,,,
19821,07/27/2023 16:52:40,19.69,,,
19822,07/27/2023 16:55:40,19.47,,,
19823,07/27/2023 16:58:40,19.39,,,
19824,07/27/2023 17:01:40,19.43,,,
19825,07/27/2023 17:04:40,19.47,,,
19826,07/27/2023 17:07:40,19.47,,,
19827,07/27/2023 17:10:40,19.56,,,
19828,07/27/2023 17:13:40,20.07,,,
19829,07/27/2023 17:16:40,20.93,,,
19830,07/27/2023 17:19:40,20.68,,,
19831,07/27/2023 17:22:40,20.20,,,
19832,07/27/2023 17:25:40,19.95,,,
19833,07/27/2023 17:28:40,19.69,,,
19834,07/27/2023 17:31:40,19.60,,,
19835,07/27/2023 17:34:40,19.73,,,
19836,07/27/2023 17:37:40,20.59,,,
19837,07/27/2023 17:40:40,21.23,,,
19838,07/27/2023 17:43:40,21.45,,,
19839,07/27/2023 17:46:40,21.06,,,
19840,07/27/2023 17:49:40,20.85,,,
19841,07/27/2023 17:52:40,20.98,,,
19842,07/27/2023 17:55:40,21.02,,,
19843,07/27/2023 17:58:40,20.68,,,
19844,07/27/2023 18:01:40,20.68,,,
19845,07/27/2023 18:04:40,20.80,,,
19846,07/27/2023 18:07:40,21.32,,,
19847,07/27/2023 18:10:40,21.28,,,
19848,07/27/2023 18:13:40,20.68,,,
19849,07/27/2023 18:16:40,20.59,,,
19850,07/27/2023 18:19:40,20.25,,,
19851,07/27/2023 18:22:40,19.95,,,
19852,07/27/2023 18:25:40,19.90,,,
19853,07/27/2023 18:28:40,20.29,,,
19854,07/27/2023 18:31:40,20.72,,,
19855,07/27/2023 18:34:40,21.23,,,
19856,07/27/2023 18:37:40,21.83,,,
19857,07/27/2023 18:40:40,21.88,,,
19858,07/27/2023 18:43:40,21.02,,,
19859,07/27/2023 18:46:40,20.29,,,
19860,07/27/2023 18:49:40,19.43,,,
19861,07/27/2023 18:52:40,19.47,,,
19862,07/27/2023 18:55:40,19.95,,,
19863,07/27/2023 18:58:40,20.03,,,
19864,07/27/2023 19:01:40,19.90,,,
19865,07/27/2023 19:04:40,19.77,,,
19866,07/27/2023 19:07:40,19.47,,,
19867,07/27/2023 19:10:40,19.22,,,
19868,07/27/2023 19:13:40,19.09,,,
19869,07/27/2023 19:16:40,19.00,,,
19870,07/27/2023 19:19:40,18.83,,,
19871,07/27/2023 19:22:40,18.49,,,
19872,07/27/2023 19:25:40,18.19,,,
19873,07/27/2023 19:28:40,17.97,,,
19874,07/27/2023 19:31:40,17.72,,,
19875,07/27/2023 19:34:40,17.63,,,
19876,07/27/2023 19:37:40,17.59,,,
19877,07/27/2023 19:40:40,17.24,,,
19878,07/27/2023 19:43:40,16.81,,,
19879,07/27/2023 19:46:40,16.64,,,
19880,07/27/2023 19:49:40,16.21,,,
19881,07/27/2023 19:52:40,15.87,,,
19882,07/27/2023 19:55:40,15.53,,,
19883,07/27/2023 19:58:40,15.23,,,
19884,07/27/2023 20:01:40,15.10,,,
19885,07/27/2023 20:04:40,14.97,,,
19886,07/27/2023 20:07:40,14.80,,,
19887,07/27/2023 20:10:40,14.80,,,
19888,07/27/2023 20:13:40,14.54,,,
19889,07/27/2023 20:16:40,14.15,,,
19890,07/27/2023 20:19:40,13.90,,,
19891,07/27/2023 20:22:40,13.81,,,
19892,07/27/2023 20:25:40,13.68,,,
19893,07/27/2023 20:28:40,13.38,,,
19894,07/27/2023 20:31:40,13.21,,,
19895,07/27/2023 20:34:40,13.00,,,
19896,07/27/2023 20:37:40,13.00,,,
19897,07/27/2023 20:40:40,12.82,,,
19898,07/27/2023 20:43:40,12.74,,,
19899,07/27/2023 20:46:40,12.74,,,
19900,07/27/2023 20:49:40,12.48,,,
19901,07/27/2023 20:52:40,12.35,,,
19902,07/27/2023 20:55:40,12.01,,,
19903,07/27/2023 20:58:40,11.88,,,
19904,07/27/2023 21:01:40,11.84,,,
19905,07/27/2023 21:04:40,12.01,,,
19906,07/27/2023 21:07:40,12.14,,,
19907,07/27/2023 21:10:40,11.88,,,
19908,07/27/2023 21:13:40,11.58,,,
19909,07/27/2023 21:16:40,11.54,,,
19910,07/27/2023 21:19:40,11.49,,,
19911,07/27/2023 21:22:40,11.32,,,
19912,07/27/2023 21:25:40,11.19,,,
19913,07/27/2023 21:28:40,11.15,,,
19914,07/27/2023 21:31:40,10.94,,,
19915,07/27/2023 21:34:40,10.64,,,
19916,07/27/2023 21:37:40,10.64,,,
19917,07/27/2023 21:40:40,10.42,,,
19918,07/27/2023 21:43:40,10.38,,,
19919,07/27/2023 21:46:40,10.38,,,
19920,07/27/2023 21:49:40,10.16,,,
19921,07/27/2023 21:52:40,9.86,,,
19922,07/27/2023 21:55:40,9.86,,,
19923,07/27/2023 21:58:40,10.08,,,
19924,07/27/2023 22:01:40,9.99,,,
19925,07/27/2023 22:04:40,10.12,,,
19926,07/27/2023 22:07:40,10.16,,,
19927,07/27/2023 22:10:40,10.42,,,
19928,07/27/2023 22:13:40,10.34,,,
19929,07/27/2023 22:16:40,10.04,,,
19930,07/27/2023 22:19:40,9.86,,,
19931,07/27/2023 22:22:40,9.48,,,
19932,07/27/2023 22:25:40,9.31,,,
19933,07/27/2023 22:28:40,9.18,,,
19934,07/27/2023 22:31:40,9.09,,,
19935,07/27/2023 22:34:40,9.09,,,
19936,07/27/2023 22:37:40,9.05,,,
19937,07/27/2023 22:40:40,9.09,,,
19938,07/27/2023 22:43:40,9.05,,,
19939,07/27/2023 22:46:40,9.05,,,
19940,07/27/2023 22:49:40,8.92,,,
19941,07/27/2023 22:52:40,8.92,,,
19942,07/27/2023 22:55:40,8.88,,,
19943,07/27/2023 22:58:40,8.83,,,
19944,07/27/2023 23:01:40,8.83,,,
19945,07/27/2023 23:04:40,8.71,,,
19946,07/27/2023 23:07:40,8.75,,,
19947,07/27/2023 23:10:40,8.75,,,
19948,07/27/2023 23:13:40,8.58,,,
19949,07/27/2023 23:16:40,8.45,,,
19950,07/27/2023 23:19:40,8.53,,,
19951,07/27/2023 23:22:40,8.53,,,
19952,07/27/2023 23:25:40,8.53,,,
19953,07/27/2023 23:28:40,8.49,,,
19954,07/27/2023 23:31:40,8.15,,,
19955,07/27/2023 23:34:40,8.11,,,
19956,07/27/2023 23:37:40,8.53,,,
19957,07/27/2023 23:40:40,8.66,,,
19958,07/27/2023 23:43:40,8.28,,,
19959,07/27/2023 23:46:40,8.58,,,
19960,07/27/2023 23:49:40,8.32,,,
19961,07/27/2023 23:52:40,8.11,,,
19962,07/27/2023 23:55:40,8.15,,,
19963,07/27/2023 23:58:40,8.23,,,
19964,07/28/2023 00:01:40,7.89,,,
19965,07/28/2023 00:04:40,7.72,,,
19966,07/28/2023 00:07:40,7.76,,,
19967,07/28/2023 00:10:40,7.85,,,
19968,07/28/2023 00:13:40,7.63,,,
19969,07/28/2023 00:16:40,7.33,,,
19970,07/28/2023 00:19:40,7.16,,,
19971,07/28/2023 00:22:40,6.86,,,
19972,07/28/2023 00:25:40,6.82,,,
19973,07/28/2023 00:28:40,6.90,,,
19974,07/28/2023 00:31:40,6.90,,,
19975,07/28/2023 00:34:40,7.08,,,
19976,07/28/2023 00:37:40,7.12,,,
19977,07/28/2023 00:40:40,7.16,,,
19978,07/28/2023 00:43:40,7.16,,,
19979,07/28/2023 00:46:40,6.95,,,
19980,07/28/2023 00:49:40,6.99,,,
19981,07/28/2023 00:52:40,7.03,,,
19982,07/28/2023 00:55:40,6.99,,,
19983,07/28/2023 00:58:40,6.86,,,
19984,07/28/2023 01:01:40,6.90,,,
19985,07/28/2023 01:04:40,6.73,,,
19986,07/28/2023 01:07:40,6.86,,,
19987,07/28/2023 01:10:40,6.73,,,
19988,07/28/2023 01:13:40,6.69,,,
19989,07/28/2023 01:16:40,6.73,,,
19990,07/28/2023 01:19:40,6.90,,,
19991,07/28/2023 01:22:40,7.12,,,
19992,07/28/2023 01:25:40,7.16,,,
19993,07/28/2023 01:28:40,6.90,,,
19994,07/28/2023 01:31:40,6.78,,,
19995,07/28/2023 01:34:40,6.60,,,
19996,07/28/2023 01:37:40,6.22,,,
19997,07/28/2023 01:40:40,6.26,,,
19998,07/28/2023 01:43:40,6.35,,,
19999,07/28/2023 01:46:40,6.52,,,
20000,07/28/2023 01:49:40,6.78,,,
20001,07/28/2023 01:52:40,6.82,,,
20002,07/28/2023 01:55:40,6.90,,,
20003,07/28/2023 01:58:40,6.90,,,
20004,07/28/2023 02:01:40,6.82,,,
20005,07/28/2023 02:04:40,6.69,,,
20006,07/28/2023 02:07:40,6.82,,,
20007,07/28/2023 02:10:40,6.73,,,
20008,07/28/2023 02:13:40,6.78,,,
20009,07/28/2023 02:16:40,6.90,,,
20010,07/28/2023 02:19:40,6.99,,,
20011,07/28/2023 02:22:40,6.86,,,
20012,07/28/2023 02:25:40,7.08,,,
20013,07/28/2023 02:28:40,6.86,,,
20014,07/28/2023 02:31:40,6.86,,,
20015,07/28/2023 02:34:40,6.60,,,
20016,07/28/2023 02:37:40,6.56,,,
20017,07/28/2023 02:40:40,6.73,,,
20018,07/28/2023 02:43:40,6.65,,,
20019,07/28/2023 02:46:40,6.56,,,
20020,07/28/2023 02:49:40,6.95,,,
20021,07/28/2023 02:52:40,7.16,,,
20022,07/28/2023 02:55:40,7.50,,,
20023,07/28/2023 02:58:40,7.59,,,
20024,07/28/2023 03:01:40,7.42,,,
20025,07/28/2023 03:04:40,7.33,,,
20026,07/28/2023 03:07:40,6.90,,,
20027,07/28/2023 03:10:40,6.69,,,
20028,07/28/2023 03:13:40,6.73,,,
20029,07/28/2023 03:16:40,6.86,,,
20030,07/28/2023 03:19:40,6.82,,,
20031,07/28/2023 03:22:40,6.78,,,
20032,07/28/2023 03:25:40,6.86,,,
20033,07/28/2023 03:28:40,6.86,,,
20034,07/28/2023 03:31:40,6.73,,,
20035,07/28/2023 03:34:40,6.78,,,
20036,07/28/2023 03:37:40,6.78,,,
20037,07/28/2023 03:40:40,6.52,,,
20038,07/28/2023 03:43:40,6.52,,,
20039,07/28/2023 03:46:40,6.60,,,
20040,07/28/2023 03:49:40,6.52,,,
20041,07/28/2023 03:52:40,6.43,,,
20042,07/28/2023 03:55:40,6.35,,,
20043,07/28/2023 03:58:40,6.56,,,
20044,07/28/2023 04:01:40,6.73,,,
20045,07/28/2023 04:04:40,6.78,,,
20046,07/28/2023 04:07:40,6.73,,,
20047,07/28/2023 04:10:40,6.56,,,
20048,07/28/2023 04:13:40,6.43,,,
20049,07/28/2023 04:16:40,6.48,,,
20050,07/28/2023 04:19:40,6.39,,,
20051,07/28/2023 04:22:40,6.56,,,
20052,07/28/2023 04:25:40,6.86,,,
20053,07/28/2023 04:28:40,6.90,,,
20054,07/28/2023 04:31:40,6.99,,,
20055,07/28/2023 04:34:40,7.25,,,
20056,07/28/2023 04:37:40,7.50,,,
20057,07/28/2023 04:40:40,7.76,,,
20058,07/28/2023 04:43:40,8.11,,,
20059,07/28/2023 04:46:40,7.93,,,
20060,07/28/2023 04:49:40,7.98,,,
20061,07/28/2023 04:52:40,8.02,,,
20062,07/28/2023 04:55:40,8.11,,,
20063,07/28/2023 04:58:40,8.19,,,
20064,07/28/2023 05:01:40,8.15,,,
20065,07/28/2023 05:04:40,8.15,,,
20066,07/28/2023 05:07:40,8.06,,,
20067,07/28/2023 05:10:40,7.93,,,
20068,07/28/2023 05:13:40,7.59,,,
20069,07/28/2023 05:16:40,7.50,,,
20070,07/28/2023 05:19:40,7.46,,,
20071,07/28/2023 05:22:40,7.38,,,
20072,07/28/2023 05:25:40,7.59,,,
20073,07/28/2023 05:28:40,7.63,,,
20074,07/28/2023 05:31:40,7.50,,,
20075,07/28/2023 05:34:40,7.33,,,
20076,07/28/2023 05:37:40,7.42,,,
20077,07/28/2023 05:40:40,7.76,,,
20078,07/28/2023 05:43:40,8.06,,,
20079,07/28/2023 05:46:40,8.75,,,
20080,07/28/2023 05:49:40,8.58,,,
20081,07/28/2023 05:52:40,8.36,,,
20082,07/28/2023 05:55:40,8.19,,,
20083,07/28/2023 05:58:40,8.23,,,
20084,07/28/2023 06:01:40,8.36,,,
20085,07/28/2023 06:04:40,8.36,,,
20086,07/28/2023 06:07:40,8.02,,,
20087,07/28/2023 06:10:40,7.76,,,
20088,07/28/2023 06:13:40,7.85,,,
20089,07/28/2023 06:16:40,7.93,,,
20090,07/28/2023 06:19:40,8.19,,,
20091,07/28/2023 06:22:40,8.19,,,
20092,07/28/2023 06:25:40,7.93,,,
20093,07/28/2023 06:28:40,7.98,,,
20094,07/28/2023 06:31:40,8.06,,,
20095,07/28/2023 06:34:40,8.11,,,
20096,07/28/2023 06:37:40,8.02,,,
20097,07/28/2023 06:40:40,7.89,,,
20098,07/28/2023 06:43:40,7.81,,,
20099,07/28/2023 06:46:40,7.98,,,
20100,07/28/2023 06:49:40,8.02,,,
20101,07/28/2023 06:52:40,8.11,,,
20102,07/28/2023 06:55:40,8.11,,,
20103,07/28/2023 06:58:40,8.66,,,
20104,07/28/2023 07:01:40,9.35,,,
20105,07/28/2023 07:04:40,9.39,,,
20106,07/28/2023 07:07:40,9.95,,,
20107,07/28/2023 07:10:40,10.42,,,
20108,07/28/2023 07:13:40,10.38,,,
20109,07/28/2023 07:16:40,9.69,,,
20110,07/28/2023 07:19:40,10.12,,,
20111,07/28/2023 07:22:40,10.72,,,
20112,07/28/2023 07:25:40,11.28,,,
20113,07/28/2023 07:28:40,11.79,,,
20114,07/28/2023 07:31:40,12.31,,,
20115,07/28/2023 07:34:40,12.82,,,
20116,07/28/2023 07:37:40,13.12,,,
20117,07/28/2023 07:40:40,13.43,,,
20118,07/28/2023 07:43:40,13.38,,,
20119,07/28/2023 07:46:40,14.07,,,
20120,07/28/2023 07:49:40,14.24,,,
20121,07/28/2023 07:52:40,14.71,,,
20122,07/28/2023 07:55:40,15.10,,,
20123,07/28/2023 07:58:40,15.01,,,
20124,07/28/2023 08:01:40,15.31,,,
20125,07/28/2023 08:04:40,15.87,,,
20126,07/28/2023 08:07:40,16.60,,,
20127,07/28/2023 08:10:40,17.89,,,
20128,07/28/2023 08:13:40,19.00,,,
20129,07/28/2023 08:16:40,19.00,,,
20130,07/28/2023 08:19:40,16.56,,,
20131,07/28/2023 08:22:40,15.66,,,
20132,07/28/2023 08:25:40,15.70,,,
20133,07/28/2023 08:28:40,15.66,,,
20134,07/28/2023 08:31:40,15.87,,,
20135,07/28/2023 08:34:40,16.04,,,
20136,07/28/2023 08:37:40,15.66,,,
20137,07/28/2023 08:40:40,15.96,,,
20138,07/28/2023 08:43:40,15.96,,,
20139,07/28/2023 08:46:40,16.21,,,
20140,07/28/2023 08:49:40,16.51,,,
20141,07/28/2023 08:52:40,16.47,,,
20142,07/28/2023 08:55:40,17.03,,,
20143,07/28/2023 08:58:40,17.16,,,
20144,07/28/2023 09:01:40,17.16,,,
20145,07/28/2023 09:04:40,17.33,,,
20146,07/28/2023 09:07:40,17.72,,,
20147,07/28/2023 09:10:40,18.14,,,
20148,07/28/2023 09:13:40,19.47,,,
20149,07/28/2023 09:16:40,19.30,,,
20150,07/28/2023 09:19:40,20.16,,,
20151,07/28/2023 09:22:40,19.17,,,
20152,07/28/2023 09:25:40,19.22,,,
20153,07/28/2023 09:28:40,19.60,,,
20154,07/28/2023 09:31:40,19.86,,,
20155,07/28/2023 09:34:40,19.26,,,
20156,07/28/2023 09:37:40,19.90,,,
20157,07/28/2023 09:40:40,19.77,,,
20158,07/28/2023 09:43:40,20.25,,,
20159,07/28/2023 09:46:40,20.20,,,
20160,07/28/2023 09:49:40,20.63,,,
20161,07/28/2023 09:52:40,20.46,,,
20162,07/28/2023 09:55:40,20.55,,,
20163,07/28/2023 09:58:40,20.98,,,
20164,07/28/2023 10:01:40,21.02,,,
20165,07/28/2023 10:04:40,21.62,,,
20166,07/28/2023 10:07:40,21.62,,,
20167,07/28/2023 10:10:40,21.79,,,
20168,07/28/2023 10:13:40,21.92,,,
20169,07/28/2023 10:16:40,22.35,,,
20170,07/28/2023 10:19:40,21.88,,,
20171,07/28/2023 10:22:40,22.31,,,
20172,07/28/2023 10:25:40,22.43,,,
20173,07/28/2023 10:28:40,23.38,,,
20174,07/28/2023 10:31:40,23.76,,,
20175,07/28/2023 10:34:40,23.72,,,
20176,07/28/2023 10:37:40,23.51,,,
20177,07/28/2023 10:40:40,23.08,,,
20178,07/28/2023 10:43:40,22.91,,,
20179,07/28/2023 10:46:40,23.08,,,
20180,07/28/2023 10:49:40,23.42,,,
20181,07/28/2023 10:52:40,24.06,,,
20182,07/28/2023 10:55:40,24.36,,,
20183,07/28/2023 10:58:40,23.68,,,
20184,07/28/2023 11:01:40,24.06,,,
20185,07/28/2023 11:04:40,23.29,,,
20186,07/28/2023 11:07:40,23.25,,,
20187,07/28/2023 11:10:40,23.42,,,
20188,07/28/2023 11:13:40,23.38,,,
20189,07/28/2023 11:16:40,23.72,,,
20190,07/28/2023 11:19:40,23.76,,,
20191,07/28/2023 11:22:40,23.42,,,
20192,07/28/2023 11:25:40,23.85,,,
20193,07/28/2023 11:28:40,24.19,,,
20194,07/28/2023 11:31:40,24.19,,,
20195,07/28/2023 11:34:40,24.49,,,
20196,07/28/2023 11:37:40,24.97,,,
20197,07/28/2023 11:40:40,24.32,,,
20198,07/28/2023 11:43:40,24.36,,,
20199,07/28/2023 11:46:40,23.76,,,
20200,07/28/2023 11:49:40,24.06,,,
20201,07/28/2023 11:52:40,25.01,,,
20202,07/28/2023 11:55:40,24.06,,,
20203,07/28/2023 11:58:40,23.94,,,
20204,07/28/2023 12:01:40,25.27,,,
20205,07/28/2023 12:04:40,25.31,,,
20206,07/28/2023 12:07:40,25.48,,,
20207,07/28/2023 12:10:40,24.75,,,
20208,07/28/2023 12:13:40,23.89,,,
20209,07/28/2023 12:16:40,25.09,,,
20210,07/28/2023 12:19:40,24.75,,,
20211,07/28/2023 12:22:40,24.58,,,
20212,07/28/2023 12:25:40,23.51,,,
20213,07/28/2023 12:28:40,22.73,,,
20214,07/28/2023 12:31:40,22.18,,,
20215,07/28/2023 12:34:40,21.75,,,
20216,07/28/2023 12:37:40,21.10,,,
20217,07/28/2023 12:40:40,19.99,,,
20218,07/28/2023 12:43:40,19.69,,,
20219,07/28/2023 12:46:40,20.12,,,
20220,07/28/2023 12:49:40,19.39,,,
20221,07/28/2023 12:52:40,19.05,,,
20222,07/28/2023 12:55:40,19.43,,,
20223,07/28/2023 12:58:40,19.65,,,
20224,07/28/2023 13:01:40,19.56,,,
20225,07/28/2023 13:04:40,21.28,,,
20226,07/28/2023 13:07:40,22.52,,,
20227,07/28/2023 13:10:40,22.09,,,
20228,07/28/2023 13:13:40,21.75,,,
20229,07/28/2023 13:16:40,21.92,,,
20230,07/28/2023 13:19:40,21.96,,,
20231,07/28/2023 13:22:40,22.01,,,
20232,07/28/2023 13:25:40,22.35,,,
20233,07/28/2023 13:28:40,22.78,,,
20234,07/28/2023 13:31:40,23.03,,,
20235,07/28/2023 13:34:40,24.58,,,
20236,07/28/2023 13:37:40,25.95,,,
20237,07/28/2023 13:40:40,26.77,,,
20238,07/28/2023 13:43:40,26.12,,,
20239,07/28/2023 13:46:40,25.05,,,
20240,07/28/2023 13:49:40,24.32,,,
20241,07/28/2023 13:52:40,23.64,,,
20242,07/28/2023 13:55:40,23.38,,,
20243,07/28/2023 13:58:40,23.08,,,
20244,07/28/2023 14:01:40,23.94,,,
20245,07/28/2023 14:04:40,25.48,,,
20246,07/28/2023 14:07:40,26.21,,,
20247,07/28/2023 14:10:40,26.47,,,
20248,07/28/2023 14:13:40,26.34,,,
20249,07/28/2023 14:16:40,26.55,,,
20250,07/28/2023 14:19:40,25.65,,,
20251,07/28/2023 14:22:40,25.22,,,
20252,07/28/2023 14:25:40,27.20,,,
20253,07/28/2023 14:28:40,28.44,,,
20254,07/28/2023 14:31:40,28.48,,,
20255,07/28/2023 14:34:40,27.97,,,
20256,07/28/2023 14:37:40,29.08,,,
20257,07/28/2023 14:40:40,29.64,,,
20258,07/28/2023 14:43:40,27.71,,,
20259,07/28/2023 14:46:40,27.45,,,
20260,07/28/2023 14:49:40,26.64,,,
20261,07/28/2023 14:52:40,26.85,,,
20262,07/28/2023 14:55:40,28.10,,,
20263,07/28/2023 14:58:40,28.44,,,
20264,07/28/2023 15:01:40,27.80,,,
20265,07/28/2023 15:04:40,27.24,,,
20266,07/28/2023 15:07:40,27.41,,,
20267,07/28/2023 15:10:40,28.14,,,
20268,07/28/2023 15:13:40,27.15,,,
20269,07/28/2023 15:16:40,27.54,,,
20270,07/28/2023 15:19:40,28.10,,,
20271,07/28/2023 15:22:40,27.84,,,
20272,07/28/2023 15:25:40,27.58,,,
20273,07/28/2023 15:28:40,27.71,,,
20274,07/28/2023 15:31:40,27.41,,,
20275,07/28/2023 15:34:40,26.68,,,
20276,07/28/2023 15:37:40,26.25,,,
20277,07/28/2023 15:40:40,25.91,,,
20278,07/28/2023 15:43:40,25.95,,,
20279,07/28/2023 15:46:40,25.82,,,
20280,07/28/2023 15:49:40,25.69,,,
20281,07/28/2023 15:52:40,25.61,,,
20282,07/28/2023 15:55:40,25.39,,,
20283,07/28/2023 15:58:40,25.39,,,
20284,07/28/2023 16:01:40,25.18,,,
20285,07/28/2023 16:04:40,25.22,,,
20286,07/28/2023 16:07:40,25.35,,,
20287,07/28/2023 16:10:40,26.90,,,
20288,07/28/2023 16:13:40,28.01,,,
20289,07/28/2023 16:16:40,28.23,,,
20290,07/28/2023 16:19:40,27.93,,,
20291,07/28/2023 16:22:40,27.93,,,
20292,07/28/2023 16:25:40,28.05,,,
20293,07/28/2023 16:28:40,28.14,,,
20294,07/28/2023 16:31:40,27.93,,,
20295,07/28/2023 16:34:40,27.50,,,
20296,07/28/2023 16:37:40,27.02,,,
20297,07/28/2023 16:40:40,26.72,,,
20298,07/28/2023 16:43:40,26.77,,,
20299,07/28/2023 16:46:40,26.72,,,
20300,07/28/2023 16:49:40,25.91,,,
20301,07/28/2023 16:52:40,25.39,,,
20302,07/28/2023 16:55:40,24.92,,,
20303,07/28/2023 16:58:40,24.54,,,
20304,07/28/2023 17:01:40,25.14,,,
20305,07/28/2023 17:04:40,25.39,,,
20306,07/28/2023 17:07:40,26.04,,,
20307,07/28/2023 17:10:40,26.55,,,
20308,07/28/2023 17:13:40,26.72,,,
20309,07/28/2023 17:16:40,27.02,,,
20310,07/28/2023 17:19:40,27.50,,,
20311,07/28/2023 17:22:40,27.28,,,
20312,07/28/2023 17:25:40,27.24,,,
20313,07/28/2023 17:28:40,26.85,,,
20314,07/28/2023 17:31:40,26.38,,,
20315,07/28/2023 17:34:40,26.34,,,
20316,07/28/2023 17:37:40,26.38,,,
20317,07/28/2023 17:40:40,26.17,,,
20318,07/28/2023 17:43:40,26.25,,,
20319,07/28/2023 17:46:40,26.72,,,
20320,07/28/2023 17:49:40,26.38,,,
20321,07/28/2023 17:52:40,26.42,,,
20322,07/28/2023 17:55:40,26.47,,,
20323,07/28/2023 17:58:40,26.25,,,
20324,07/28/2023 18:01:40,26.42,,,
20325,07/28/2023 18:04:40,26.64,,,
20326,07/28/2023 18:07:40,26.90,,,
20327,07/28/2023 18:10:40,26.81,,,
20328,07/28/2023 18:13:40,26.55,,,
20329,07/28/2023 18:16:40,26.08,,,
20330,07/28/2023 18:19:40,26.12,,,
20331,07/28/2023 18:22:40,25.78,,,
20332,07/28/2023 18:25:40,25.82,,,
20333,07/28/2023 18:28:40,26.21,,,
20334,07/28/2023 18:31:40,26.04,,,
20335,07/28/2023 18:34:40,25.82,,,
20336,07/28/2023 18:37:40,25.22,,,
20337,07/28/2023 18:40:40,24.62,,,
20338,07/28/2023 18:43:40,24.45,,,
20339,07/28/2023 18:46:40,24.32,,,
20340,07/28/2023 18:49:40,24.36,,,
20341,07/28/2023 18:52:40,24.45,,,
20342,07/28/2023 18:55:40,24.32,,,
20343,07/28/2023 18:58:40,24.11,,,
20344,07/28/2023 19:01:40,23.46,,,
20345,07/28/2023 19:04:40,23.03,,,
20346,07/28/2023 19:07:40,22.95,,,
20347,07/28/2023 19:10:40,22.48,,,
20348,07/28/2023 19:13:40,22.31,,,
20349,07/28/2023 19:16:40,22.09,,,
20350,07/28/2023 19:19:40,21.79,,,
20351,07/28/2023 19:22:40,21.88,,,
20352,07/28/2023 19:25:40,21.79,,,
20353,07/28/2023 19:28:40,21.58,,,
20354,07/28/2023 19:31:40,21.36,,,
20355,07/28/2023 19:34:40,21.23,,,
20356,07/28/2023 19:37:40,20.98,,,
20357,07/28/2023 19:40:40,20.46,,,
20358,07/28/2023 19:43:40,19.90,,,
20359,07/28/2023 19:46:40,19.52,,,
20360,07/28/2023 19:49:40,19.47,,,
20361,07/28/2023 19:52:40,19.39,,,
20362,07/28/2023 19:55:40,19.39,,,
20363,07/28/2023 19:58:40,19.90,,,
20364,07/28/2023 20:01:40,20.50,,,
20365,07/28/2023 20:04:40,20.29,,,
20366,07/28/2023 20:07:40,19.86,,,
20367,07/28/2023 20:10:40,19.17,,,
20368,07/28/2023 20:13:40,18.32,,,
20369,07/28/2023 20:16:40,17.97,,,
20370,07/28/2023 20:19:40,18.40,,,
20371,07/28/2023 20:22:40,17.84,,,
20372,07/28/2023 20:25:40,17.50,,,
20373,07/28/2023 20:28:40,17.84,,,
20374,07/28/2023 20:31:40,18.23,,,
20375,07/28/2023 20:34:40,18.62,,,
20376,07/28/2023 20:37:40,17.80,,,
20377,07/28/2023 20:40:40,17.29,,,
20378,07/28/2023 20:43:40,16.94,,,
20379,07/28/2023 20:46:40,16.69,,,
20380,07/28/2023 20:49:40,16.04,,,
20381,07/28/2023 20:52:40,15.74,,,
20382,07/28/2023 20:55:40,15.83,,,
20383,07/28/2023 20:58:40,15.87,,,
20384,07/28/2023 21:01:40,16.00,,,
20385,07/28/2023 21:04:40,15.57,,,
20386,07/28/2023 21:07:40,15.44,,,
20387,07/28/2023 21:10:40,15.31,,,
20388,07/28/2023 21:13:40,15.31,,,
20389,07/28/2023 21:16:40,14.84,,,
20390,07/28/2023 21:19:40,15.06,,,
20391,07/28/2023 21:22:40,14.67,,,
20392,07/28/2023 21:25:40,14.45,,,
20393,07/28/2023 21:28:40,14.67,,,
20394,07/28/2023 21:31:40,14.58,,,
20395,07/28/2023 21:34:40,14.63,,,
20396,07/28/2023 21:37:40,15.06,,,
20397,07/28/2023 21:40:40,14.93,,,
20398,07/28/2023 21:43:40,14.67,,,
20399,07/28/2023 21:46:40,14.15,,,
20400,07/28/2023 21:49:40,13.94,,,
20401,07/28/2023 21:52:40,13.73,,,
20402,07/28/2023 21:55:40,13.21,,,
20403,07/28/2023 21:58:40,12.91,,,
20404,07/28/2023 22:01:40,12.44,,,
20405,07/28/2023 22:04:40,12.31,,,
20406,07/28/2023 22:07:40,12.35,,,
20407,07/28/2023 22:10:40,12.44,,,
20408,07/28/2023 22:13:40,12.35,,,
20409,07/28/2023 22:16:40,12.01,,,
20410,07/28/2023 22:19:40,11.79,,,
20411,07/28/2023 22:22:40,11.41,,,
20412,07/28/2023 22:25:40,11.41,,,
20413,07/28/2023 22:28:40,11.15,,,
20414,07/28/2023 22:31:40,11.02,,,
20415,07/28/2023 22:34:40,11.11,,,
20416,07/28/2023 22:37:40,11.24,,,
20417,07/28/2023 22:40:40,11.37,,,
20418,07/28/2023 22:43:40,11.19,,,
20419,07/28/2023 22:46:40,11.02,,,
20420,07/28/2023 22:49:40,10.72,,,
20421,07/28/2023 22:52:40,10.16,,,
20422,07/28/2023 22:55:40,9.78,,,
20423,07/28/2023 22:58:40,9.86,,,
20424,07/28/2023 23:01:40,10.51,,,
20425,07/28/2023 23:04:40,10.46,,,
20426,07/28/2023 23:07:40,10.12,,,
20427,07/28/2023 23:10:40,9.56,,,
20428,07/28/2023 23:13:40,9.82,,,
20429,07/28/2023 23:16:40,10.34,,,
20430,07/28/2023 23:19:40,10.46,,,
20431,07/28/2023 23:22:40,10.16,,,
20432,07/28/2023 23:25:40,9.61,,,
20433,07/28/2023 23:28:40,9.26,,,
20434,07/28/2023 23:31:40,8.92,,,
20435,07/28/2023 23:34:40,8.83,,,
20436,07/28/2023 23:37:40,9.05,,,
20437,07/28/2023 23:40:40,9.09,,,
20438,07/28/2023 23:43:40,9.22,,,
20439,07/28/2023 23:46:40,9.44,,,
20440,07/28/2023 23:49:40,9.39,,,
20441,07/28/2023 23:52:40,9.52,,,
20442,07/28/2023 23:55:40,9.56,,,
20443,07/28/2023 23:58:40,9.52,,,
20444,07/29/2023 00:01:40,9.35,,,
20445,07/29/2023 00:04:40,9.35,,,
20446,07/29/2023 00:07:40,9.26,,,
20447,07/29/2023 00:10:40,9.14,,,
20448,07/29/2023 00:13:40,8.92,,,
20449,07/29/2023 00:16:40,9.01,,,
20450,07/29/2023 00:19:40,9.01,,,
20451,07/29/2023 00:22:40,8.75,,,
20452,07/29/2023 00:25:40,9.01,,,
20453,07/29/2023 00:28:40,8.79,,,
20454,07/29/2023 00:31:40,8.62,,,
20455,07/29/2023 00:34:40,8.96,,,
20456,07/29/2023 00:37:40,8.96,,,
20457,07/29/2023 00:40:40,8.62,,,
20458,07/29/2023 00:43:40,8.36,,,
20459,07/29/2023 00:46:40,8.23,,,
20460,07/29/2023 00:49:40,7.93,,,
20461,07/29/2023 00:52:40,7.93,,,
20462,07/29/2023 00:55:40,7.81,,,
20463,07/29/2023 00:58:40,7.76,,,
20464,07/29/2023 01:01:40,7.72,,,
20465,07/29/2023 01:04:40,7.85,,,
20466,07/29/2023 01:07:40,7.93,,,
20467,07/29/2023 01:10:40,7.89,,,
20468,07/29/2023 01:13:40,7.76,,,
20469,07/29/2023 01:16:40,7.38,,,
20470,07/29/2023 01:19:40,7.55,,,
20471,07/29/2023 01:22:40,7.38,,,
20472,07/29/2023 01:25:40,7.55,,,
20473,07/29/2023 01:28:40,7.72,,,
20474,07/29/2023 01:31:40,7.59,,,
20475,07/29/2023 01:34:40,7.50,,,
20476,07/29/2023 01:37:40,7.38,,,
20477,07/29/2023 01:40:40,7.55,,,
20478,07/29/2023 01:43:40,7.81,,,
20479,07/29/2023 01:46:40,7.63,,,
20480,07/29/2023 01:49:40,7.29,,,
20481,07/29/2023 01:52:40,7.16,,,
20482,07/29/2023 01:55:40,7.12,,,
20483,07/29/2023 01:58:40,7.25,,,
20484,07/29/2023 02:01:40,6.99,,,
20485,07/29/2023 02:04:40,6.69,,,
20486,07/29/2023 02:07:40,6.69,,,
20487,07/29/2023 02:10:40,6.65,,,
20488,07/29/2023 02:13:40,6.82,,,
20489,07/29/2023 02:16:40,6.73,,,
20490,07/29/2023 02:19:40,6.56,,,
20491,07/29/2023 02:22:40,7.03,,,
20492,07/29/2023 02:25:40,7.16,,,
20493,07/29/2023 02:28:40,7.03,,,
20494,07/29/2023 02:31:40,6.82,,,
20495,07/29/2023 02:34:40,6.73,,,
20496,07/29/2023 02:37:40,6.65,,,
20497,07/29/2023 02:40:40,6.73,,,
20498,07/29/2023 02:43:40,7.03,,,
20499,07/29/2023 02:46:40,6.78,,,
20500,07/29/2023 02:49:40,6.95,,,
20501,07/29/2023 02:52:40,7.08,,,
20502,07/29/2023 02:55:40,7.12,,,
20503,07/29/2023 02:58:40,7.29,,,
20504,07/29/2023 03:01:40,7.12,,,
20505,07/29/2023 03:04:40,6.90,,,
20506,07/29/2023 03:07:40,6.65,,,
20507,07/29/2023 03:10:40,6.48,,,
20508,07/29/2023 03:13:40,6.30,,,
20509,07/29/2023 03:16:40,6.17,,,
20510,07/29/2023 03:19:40,6.48,,,
20511,07/29/2023 03:22:40,6.65,,,
20512,07/29/2023 03:25:40,6.69,,,
20513,07/29/2023 03:28:40,6.60,,,
20514,07/29/2023 03:31:40,6.69,,,
20515,07/29/2023 03:34:40,6.78,,,
20516,07/29/2023 03:37:40,6.73,,,
20517,07/29/2023 03:40:40,6.78,,,
20518,07/29/2023 03:43:40,6.78,,,
20519,07/29/2023 03:46:40,6.90,,,
20520,07/29/2023 03:49:40,6.90,,,
20521,07/29/2023 03:52:40,6.73,,,
20522,07/29/2023 03:55:40,6.73,,,
20523,07/29/2023 03:58:40,6.82,,,
20524,07/29/2023 04:01:40,6.56,,,
20525,07/29/2023 04:04:40,6.39,,,
20526,07/29/2023 04:07:40,6.30,,,
20527,07/29/2023 04:10:40,6.43,,,
20528,07/29/2023 04:13:40,6.60,,,
20529,07/29/2023 04:16:40,6.48,,,
20530,07/29/2023 04:19:40,6.48,,,
20531,07/29/2023 04:22:40,6.48,,,
20532,07/29/2023 04:25:40,6.43,,,
20533,07/29/2023 04:28:40,6.39,,,
20534,07/29/2023 04:31:40,6.22,,,
20535,07/29/2023 04:34:40,6.05,,,
20536,07/29/2023 04:37:40,6.05,,,
20537,07/29/2023 04:40:40,6.26,,,
20538,07/29/2023 04:43:40,6.43,,,
20539,07/29/2023 04:46:40,6.60,,,
20540,07/29/2023 04:49:40,6.56,,,
20541,07/29/2023 04:52:40,6.56,,,
20542,07/29/2023 04:55:40,6.69,,,
20543,07/29/2023 04:58:40,6.56,,,
20544,07/29/2023 05:01:40,6.30,,,
20545,07/29/2023 05:04:40,6.17,,,
20546,07/29/2023 05:07:40,6.22,,,
20547,07/29/2023 05:10:40,6.13,,,
20548,07/29/2023 05:13:40,6.13,,,
20549,07/29/2023 05:16:40,6.17,,,
20550,07/29/2023 05:19:40,6.35,,,
20551,07/29/2023 05:22:40,6.35,,,
20552,07/29/2023 05:25:40,6.09,,,
20553,07/29/2023 05:28:40,5.75,,,
20554,07/29/2023 05:31:40,5.49,,,
20555,07/29/2023 05:34:40,5.45,,,
20556,07/29/2023 05:37:40,5.62,,,
20557,07/29/2023 05:40:40,5.45,,,
20558,07/29/2023 05:43:40,5.23,,,
20559,07/29/2023 05:46:40,5.27,,,
20560,07/29/2023 05:49:40,5.32,,,
20561,07/29/2023 05:52:40,5.32,,,
20562,07/29/2023 05:55:40,5.53,,,
20563,07/29/2023 05:58:40,5.70,,,
20564,07/29/2023 06:01:40,5.87,,,
20565,07/29/2023 06:04:40,6.05,,,
20566,07/29/2023 06:07:40,5.75,,,
20567,07/29/2023 06:10:40,5.62,,,
20568,07/29/2023 06:13:40,5.45,,,
20569,07/29/2023 06:16:40,5.10,,,
20570,07/29/2023 06:19:40,5.06,,,
20571,07/29/2023 06:22:40,5.23,,,
20572,07/29/2023 06:25:40,5.19,,,
20573,07/29/2023 06:28:40,5.53,,,
20574,07/29/2023 06:31:40,5.96,,,
20575,07/29/2023 06:34:40,6.00,,,
20576,07/29/2023 06:37:40,5.92,,,
20577,07/29/2023 06:40:40,6.00,,,
20578,07/29/2023 06:43:40,5.75,,,
20579,07/29/2023 06:46:40,5.83,,,
20580,07/29/2023 06:49:40,5.96,,,
20581,07/29/2023 06:52:40,5.92,,,
20582,07/29/2023 06:55:40,6.26,,,
20583,07/29/2023 06:58:40,6.73,,,
20584,07/29/2023 07:01:40,7.63,,,
20585,07/29/2023 07:04:40,8.19,,,
20586,07/29/2023 07:07:40,8.36,,,
20587,07/29/2023 07:10:40,8.45,,,
20588,07/29/2023 07:13:40,8.53,,,
20589,07/29/2023 07:16:40,8.62,,,
20590,07/29/2023 07:19:40,9.01,,,
20591,07/29/2023 07:22:40,9.26,,,
20592,07/29/2023 07:25:40,9.74,,,
20593,07/29/2023 07:28:40,10.12,,,
20594,07/29/2023 07:31:40,10.64,,,
20595,07/29/2023 07:34:40,11.15,,,
20596,07/29/2023 07:37:40,11.49,,,
20597,07/29/2023 07:40:40,11.97,,,
20598,07/29/2023 07:43:40,12.14,,,
20599,07/29/2023 07:46:40,12.44,,,
20600,07/29/2023 07:49:40,12.57,,,
20601,07/29/2023 07:52:40,12.01,,,
20602,07/29/2023 07:55:40,12.31,,,
20603,07/29/2023 07:58:40,12.95,,,
20604,07/29/2023 08:01:40,13.77,,,
20605,07/29/2023 08:04:40,14.75,,,
20606,07/29/2023 08:07:40,15.36,,,
20607,07/29/2023 08:10:40,15.57,,,
20608,07/29/2023 08:13:40,16.17,,,
20609,07/29/2023 08:16:40,16.39,,,
20610,07/29/2023 08:19:40,16.69,,,
20611,07/29/2023 08:22:40,16.94,,,
20612,07/29/2023 08:25:40,17.20,,,
20613,07/29/2023 08:28:40,17.37,,,
20614,07/29/2023 08:31:40,17.03,,,
20615,07/29/2023 08:34:40,16.60,,,
20616,07/29/2023 08:37:40,17.20,,,
20617,07/29/2023 08:40:40,17.72,,,
20618,07/29/2023 08:43:40,18.19,,,
20619,07/29/2023 08:46:40,18.36,,,
20620,07/29/2023 08:49:40,18.70,,,
20621,07/29/2023 08:52:40,19.43,,,
20622,07/29/2023 08:55:40,19.22,,,
20623,07/29/2023 08:58:40,19.13,,,
20624,07/29/2023 09:01:40,19.65,,,
20625,07/29/2023 09:04:40,20.59,,,
20626,07/29/2023 09:07:40,21.70,,,
20627,07/29/2023 09:10:40,21.62,,,
20628,07/29/2023 09:13:40,20.93,,,
20629,07/29/2023 09:16:40,20.93,,,
20630,07/29/2023 09:19:40,21.66,,,
20631,07/29/2023 09:22:40,21.96,,,
20632,07/29/2023 09:25:40,22.01,,,
20633,07/29/2023 09:28:40,22.13,,,
20634,07/29/2023 09:31:40,22.13,,,
20635,07/29/2023 09:34:40,22.05,,,
20636,07/29/2023 09:37:40,21.88,,,
20637,07/29/2023 09:40:40,21.70,,,
20638,07/29/2023 09:43:40,21.79,,,
20639,07/29/2023 09:46:40,21.53,,,
20640,07/29/2023 09:49:40,21.75,,,
20641,07/29/2023 09:52:40,22.39,,,
20642,07/29/2023 09:55:40,22.52,,,
20643,07/29/2023 09:58:40,23.08,,,
20644,07/29/2023 10:01:40,23.59,,,
20645,07/29/2023 10:04:40,23.85,,,
20646,07/29/2023 10:07:40,24.24,,,
20647,07/29/2023 10:10:40,24.41,,,
20648,07/29/2023 10:13:40,24.62,,,
20649,07/29/2023 10:16:40,24.92,,,
20650,07/29/2023 10:19:40,24.41,,,
20651,07/29/2023 10:22:40,23.42,,,
20652,07/29/2023 10:25:40,23.55,,,
20653,07/29/2023 10:28:40,24.19,,,
20654,07/29/2023 10:31:40,24.62,,,
20655,07/29/2023 10:34:40,24.24,,,
20656,07/29/2023 10:37:40,24.11,,,
20657,07/29/2023 10:40:40,24.36,,,
20658,07/29/2023 10:43:40,24.79,,,
20659,07/29/2023 10:46:40,24.71,,,
20660,07/29/2023 10:49:40,24.79,,,
20661,07/29/2023 10:52:40,24.11,,,
20662,07/29/2023 10:55:40,24.49,,,
20663,07/29/2023 10:58:40,24.97,,,
20664,07/29/2023 11:01:40,25.35,,,
20665,07/29/2023 11:04:40,25.27,,,
20666,07/29/2023 11:07:40,25.18,,,
20667,07/29/2023 11:10:40,24.92,,,
20668,07/29/2023 11:13:40,25.57,,,
20669,07/29/2023 11:16:40,26.04,,,
20670,07/29/2023 11:19:40,25.48,,,
20671,07/29/2023 11:22:40,25.82,,,
20672,07/29/2023 11:25:40,25.78,,,
20673,07/29/2023 11:28:40,26.60,,,
20674,07/29/2023 11:31:40,26.34,,,
20675,07/29/2023 11:34:40,26.30,,,
20676,07/29/2023 11:37:40,26.94,,,
20677,07/29/2023 11:40:40,26.94,,,
20678,07/29/2023 11:43:40,26.60,,,
20679,07/29/2023 11:46:40,25.52,,,
20680,07/29/2023 11:49:40,24.62,,,
20681,07/29/2023 11:52:40,24.36,,,
20682,07/29/2023 11:55:40,25.35,,,
20683,07/29/2023 11:58:40,26.25,,,
20684,07/29/2023 12:01:40,27.02,,,
20685,07/29/2023 12:04:40,28.05,,,
20686,07/29/2023 12:07:40,29.13,,,
20687,07/29/2023 12:10:40,28.57,,,
20688,07/29/2023 12:13:40,28.35,,,
20689,07/29/2023 12:16:40,29.77,,,
20690,07/29/2023 12:19:40,29.77,,,
20691,07/29/2023 12:22:40,29.00,,,
20692,07/29/2023 12:25:40,27.93,,,
20693,07/29/2023 12:28:40,27.88,,,
20694,07/29/2023 12:31:40,28.01,,,
20695,07/29/2023 12:34:40,28.35,,,
20696,07/29/2023 12:37:40,28.83,,,
20697,07/29/2023 12:40:40,29.30,,,
20698,07/29/2023 12:43:40,29.13,,,
20699,07/29/2023 12:46:40,29.26,,,
20700,07/29/2023 12:49:40,29.34,,,
20701,07/29/2023 12:52:40,29.56,,,
20702,07/29/2023 12:55:40,29.26,,,
20703,07/29/2023 12:58:40,29.43,,,
20704,07/29/2023 13:01:40,27.54,,,
20705,07/29/2023 13:04:40,26.17,,,
20706,07/29/2023 13:07:40,25.78,,,
20707,07/29/2023 13:10:40,25.57,,,
20708,07/29/2023 13:13:40,25.95,,,
20709,07/29/2023 13:16:40,26.51,,,
20710,07/29/2023 13:19:40,26.60,,,
20711,07/29/2023 13:22:40,26.30,,,
20712,07/29/2023 13:25:40,26.08,,,
20713,07/29/2023 13:28:40,26.08,,,
20714,07/29/2023 13:31:40,26.42,,,
20715,07/29/2023 13:34:40,28.10,,,
20716,07/29/2023 13:37:40,29.68,,,
20717,07/29/2023 13:40:40,30.33,,,
20718,07/29/2023 13:43:40,30.11,,,
20719,07/29/2023 13:46:40,30.50,,,
20720,07/29/2023 13:49:40,29.81,,,
20721,07/29/2023 13:52:40,29.77,,,
20722,07/29/2023 13:55:40,27.80,,,
20723,07/29/2023 13:58:40,28.18,,,
20724,07/29/2023 14:01:40,29.00,,,
20725,07/29/2023 14:04:40,30.03,,,
20726,07/29/2023 14:07:40,28.14,,,
20727,07/29/2023 14:10:40,26.64,,,
20728,07/29/2023 14:13:40,26.12,,,
20729,07/29/2023 14:16:40,25.82,,,
20730,07/29/2023 14:19:40,25.35,,,
20731,07/29/2023 14:22:40,26.04,,,
20732,07/29/2023 14:25:40,26.08,,,
20733,07/29/2023 14:28:40,26.42,,,
20734,07/29/2023 14:31:40,26.38,,,
20735,07/29/2023 14:34:40,26.34,,,
20736,07/29/2023 14:37:40,26.12,,,
20737,07/29/2023 14:40:40,25.78,,,
20738,07/29/2023 14:43:40,25.65,,,
20739,07/29/2023 14:46:40,25.01,,,
20740,07/29/2023 14:49:40,25.01,,,
20741,07/29/2023 14:52:40,25.18,,,
20742,07/29/2023 14:55:40,25.39,,,
20743,07/29/2023 14:58:40,25.65,,,
20744,07/29/2023 15:01:40,25.35,,,
20745,07/29/2023 15:04:40,25.82,,,
20746,07/29/2023 15:07:40,25.95,,,
20747,07/29/2023 15:10:40,26.17,,,
20748,07/29/2023 15:13:40,25.87,,,
20749,07/29/2023 15:16:40,26.08,,,
20750,07/29/2023 15:19:40,26.72,,,
20751,07/29/2023 15:22:40,27.37,,,
20752,07/29/2023 15:25:40,26.98,,,
20753,07/29/2023 15:28:40,26.64,,,
20754,07/29/2023 15:31:40,26.25,,,
20755,07/29/2023 15:34:40,25.91,,,
20756,07/29/2023 15:37:40,25.65,,,
20757,07/29/2023 15:40:40,25.57,,,
20758,07/29/2023 15:43:40,25.61,,,
20759,07/29/2023 15:46:40,25.27,,,
20760,07/29/2023 15:49:40,24.97,,,
20761,07/29/2023 15:52:40,24.54,,,
20762,07/29/2023 15:55:40,24.71,,,
20763,07/29/2023 15:58:40,25.27,,,
20764,07/29/2023 16:01:40,25.18,,,
20765,07/29/2023 16:04:40,25.14,,,
20766,07/29/2023 16:07:40,25.09,,,
20767,07/29/2023 16:10:40,25.05,,,
20768,07/29/2023 16:13:40,24.97,,,
20769,07/29/2023 16:16:40,24.92,,,
20770,07/29/2023 16:19:40,24.66,,,
20771,07/29/2023 16:22:40,23.72,,,
20772,07/29/2023 16:25:40,23.64,,,
20773,07/29/2023 16:28:40,23.42,,,
20774,07/29/2023 16:31:40,23.21,,,
20775,07/29/2023 16:34:40,22.99,,,
20776,07/29/2023 16:37:40,22.18,,,
20777,07/29/2023 16:40:40,21.62,,,
20778,07/29/2023 16:43:40,21.06,,,
20779,07/29/2023 16:46:40,20.89,,,
20780,07/29/2023 16:49:40,20.89,,,
20781,07/29/2023 16:52:40,20.68,,,
20782,07/29/2023 16:55:40,20.63,,,
20783,07/29/2023 16:58:40,20.50,,,
20784,07/29/2023 17:01:40,20.50,,,
20785,07/29/2023 17:04:40,20.63,,,
20786,07/29/2023 17:07:40,20.68,,,
20787,07/29/2023 17:10:40,20.55,,,
20788,07/29/2023 17:13:40,20.50,,,
20789,07/29/2023 17:16:40,20.63,,,
20790,07/29/2023 17:19:40,20.63,,,
20791,07/29/2023 17:22:40,20.55,,,
20792,07/29/2023 17:25:40,20.59,,,
20793,07/29/2023 17:28:40,20.50,,,
20794,07/29/2023 17:31:40,20.50,,,
20795,07/29/2023 17:34:40,20.50,,,
20796,07/29/2023 17:37:40,20.59,,,
20797,07/29/2023 17:40:40,21.02,,,
20798,07/29/2023 17:43:40,21.36,,,
20799,07/29/2023 17:46:40,22.05,,,
20800,07/29/2023 17:49:40,22.61,,,
20801,07/29/2023 17:52:40,23.03,,,
20802,07/29/2023 17:55:40,23.42,,,
20803,07/29/2023 17:58:40,23.89,,,
20804,07/29/2023 18:01:40,24.02,,,
20805,07/29/2023 18:04:40,23.72,,,
20806,07/29/2023 18:07:40,23.64,,,
20807,07/29/2023 18:10:40,23.89,,,
20808,07/29/2023 18:13:40,23.85,,,
20809,07/29/2023 18:16:40,23.51,,,
20810,07/29/2023 18:19:40,23.51,,,
20811,07/29/2023 18:22:40,23.42,,,
20812,07/29/2023 18:25:40,23.34,,,
20813,07/29/2023 18:28:40,23.29,,,
20814,07/29/2023 18:31:40,23.12,,,
20815,07/29/2023 18:34:40,23.12,,,
20816,07/29/2023 18:37:40,22.95,,,
20817,07/29/2023 18:40:40,22.95,,,
20818,07/29/2023 18:43:40,22.95,,,
20819,07/29/2023 18:46:40,23.08,,,
20820,07/29/2023 18:49:40,22.61,,,
20821,07/29/2023 18:52:40,22.43,,,
20822,07/29/2023 18:55:40,22.43,,,
20823,07/29/2023 18:58:40,22.13,,,
20824,07/29/2023 19:01:40,21.88,,,
20825,07/29/2023 19:04:40,21.36,,,
20826,07/29/2023 19:07:40,21.28,,,
20827,07/29/2023 19:10:40,21.28,,,
20828,07/29/2023 19:13:40,21.19,,,
20829,07/29/2023 19:16:40,21.10,,,
20830,07/29/2023 19:19:40,20.93,,,
20831,07/29/2023 19:22:40,20.89,,,
20832,07/29/2023 19:25:40,20.93,,,
20833,07/29/2023 19:28:40,20.59,,,
20834,07/29/2023 19:31:40,20.20,,,
20835,07/29/2023 19:34:40,19.86,,,
20836,07/29/2023 19:37:40,19.60,,,
20837,07/29/2023 19:40:40,19.22,,,
20838,07/29/2023 19:43:40,19.05,,,
20839,07/29/2023 19:46:40,18.79,,,
20840,07/29/2023 19:49:40,18.36,,,
20841,07/29/2023 19:52:40,18.10,,,
20842,07/29/2023 19:55:40,18.02,,,
20843,07/29/2023 19:58:40,17.84,,,
20844,07/29/2023 20:01:40,17.54,,,
20845,07/29/2023 20:04:40,17.11,,,
20846,07/29/2023 20:07:40,17.16,,,
20847,07/29/2023 20:10:40,17.20,,,
20848,07/29/2023 20:13:40,17.29,,,
20849,07/29/2023 20:16:40,16.94,,,
20850,07/29/2023 20:19:40,16.51,,,
20851,07/29/2023 20:22:40,16.56,,,
20852,07/29/2023 20:25:40,16.94,,,
20853,07/29/2023 20:28:40,16.94,,,
20854,07/29/2023 20:31:40,16.51,,,
20855,07/29/2023 20:34:40,16.73,,,
20856,07/29/2023 20:37:40,16.34,,,
20857,07/29/2023 20:40:40,15.78,,,
20858,07/29/2023 20:43:40,15.66,,,
20859,07/29/2023 20:46:40,15.31,,,
20860,07/29/2023 20:49:40,15.18,,,
20861,07/29/2023 20:52:40,14.84,,,
20862,07/29/2023 20:55:40,15.01,,,
20863,07/29/2023 20:58:40,15.27,,,
20864,07/29/2023 21:01:40,15.31,,,
20865,07/29/2023 21:04:40,15.31,,,
20866,07/29/2023 21:07:40,15.31,,,
20867,07/29/2023 21:10:40,15.31,,,
20868,07/29/2023 21:13:40,15.06,,,
20869,07/29/2023 21:16:40,14.84,,,
20870,07/29/2023 21:19:40,14.75,,,
20871,07/29/2023 21:22:40,14.80,,,
20872,07/29/2023 21:25:40,14.93,,,
20873,07/29/2023 21:28:40,15.01,,,
20874,07/29/2023 21:31:40,15.06,,,
20875,07/29/2023 21:34:40,15.10,,,
20876,07/29/2023 21:37:40,15.18,,,
20877,07/29/2023 21:40:40,15.53,,,
20878,07/29/2023 21:43:40,15.57,,,
20879,07/29/2023 21:46:40,15.48,,,
20880,07/29/2023 21:49:40,15.44,,,
20881,07/29/2023 21:52:40,15.61,,,
20882,07/29/2023 21:55:40,15.70,,,
20883,07/29/2023 21:58:40,15.31,,,
20884,07/29/2023 22:01:40,15.18,,,
20885,07/29/2023 22:04:40,15.01,,,
20886,07/29/2023 22:07:40,15.27,,,
20887,07/29/2023 22:10:40,15.36,,,
20888,07/29/2023 22:13:40,15.06,,,
20889,07/29/2023 22:16:40,14.80,,,
20890,07/29/2023 22:19:40,14.80,,,
20891,07/29/2023 22:22:40,14.93,,,
20892,07/29/2023 22:25:40,14.80,,,
20893,07/29/2023 22:28:40,14.93,,,
20894,07/29/2023 22:31:40,15.14,,,
20895,07/29/2023 22:34:40,15.44,,,
20896,07/29/2023 22:37:40,15.70,,,
20897,07/29/2023 22:40:40,15.31,,,
20898,07/29/2023 22:43:40,15.18,,,
20899,07/29/2023 22:46:40,15.44,,,
20900,07/29/2023 22:49:40,15.96,,,
20901,07/29/2023 22:52:40,15.61,,,
20902,07/29/2023 22:55:40,14.97,,,
20903,07/29/2023 22:58:40,14.50,,,
20904,07/29/2023 23:01:40,14.11,,,
20905,07/29/2023 23:04:40,13.94,,,
20906,07/29/2023 23:07:40,13.81,,,
20907,07/29/2023 23:10:40,13.85,,,
20908,07/29/2023 23:13:40,13.98,,,
20909,07/29/2023 23:16:40,13.94,,,
20910,07/29/2023 23:19:40,14.33,,,
20911,07/29/2023 23:22:40,14.58,,,
20912,07/29/2023 23:25:40,14.80,,,
20913,07/29/2023 23:28:40,14.67,,,
20914,07/29/2023 23:31:40,14.33,,,
20915,07/29/2023 23:34:40,14.88,,,
20916,07/29/2023 23:37:40,14.93,,,
20917,07/29/2023 23:40:40,14.71,,,
20918,07/29/2023 23:43:40,14.50,,,
20919,07/29/2023 23:46:40,14.54,,,
20920,07/29/2023 23:49:40,14.75,,,
20921,07/29/2023 23:52:40,14.45,,,
20922,07/29/2023 23:55:40,14.11,,,
20923,07/29/2023 23:58:40,13.94,,,
20924,07/30/2023 00:01:40,13.77,,,
20925,07/30/2023 00:04:40,13.64,,,
20926,07/30/2023 00:07:40,13.64,,,
20927,07/30/2023 00:10:40,13.47,,,
20928,07/30/2023 00:13:40,13.77,,,
20929,07/30/2023 00:16:40,13.98,,,
20930,07/30/2023 00:19:40,13.98,,,
20931,07/30/2023 00:22:40,13.55,,,
20932,07/30/2023 00:25:40,13.47,,,
20933,07/30/2023 00:28:40,13.47,,,
20934,07/30/2023 00:31:40,13.51,,,
20935,07/30/2023 00:34:40,13.38,,,
20936,07/30/2023 00:37:40,13.30,,,
20937,07/30/2023 00:40:40,13.30,,,
20938,07/30/2023 00:43:40,13.34,,,
20939,07/30/2023 00:46:40,13.43,,,
20940,07/30/2023 00:49:40,13.38,,,
20941,07/30/2023 00:52:40,13.68,,,
20942,07/30/2023 00:55:40,13.68,,,
20943,07/30/2023 00:58:40,13.47,,,
20944,07/30/2023 01:01:40,13.34,,,
20945,07/30/2023 01:04:40,13.25,,,
20946,07/30/2023 01:07:40,13.08,,,
20947,07/30/2023 01:10:40,13.00,,,
20948,07/30/2023 01:13:40,13.00,,,
20949,07/30/2023 01:16:40,12.95,,,
20950,07/30/2023 01:19:40,12.91,,,
20951,07/30/2023 01:22:40,12.91,,,
20952,07/30/2023 01:25:40,12.74,,,
20953,07/30/2023 01:28:40,12.70,,,
20954,07/30/2023 01:31:40,12.70,,,
20955,07/30/2023 01:34:40,12.74,,,
20956,07/30/2023 01:37:40,12.82,,,
20957,07/30/2023 01:40:40,12.74,,,
20958,07/30/2023 01:43:40,12.78,,,
20959,07/30/2023 01:46:40,13.04,,,
20960,07/30/2023 01:49:40,13.43,,,
20961,07/30/2023 01:52:40,13.25,,,
20962,07/30/2023 01:55:40,13.08,,,
20963,07/30/2023 01:58:40,13.12,,,
20964,07/30/2023 02:01:40,13.00,,,
20965,07/30/2023 02:04:40,13.04,,,
20966,07/30/2023 02:07:40,13.00,,,
20967,07/30/2023 02:10:40,12.87,,,
20968,07/30/2023 02:13:40,12.95,,,
20969,07/30/2023 02:16:40,13.43,,,
20970,07/30/2023 02:19:40,13.47,,,
20971,07/30/2023 02:22:40,13.12,,,
20972,07/30/2023 02:25:40,13.30,,,
20973,07/30/2023 02:28:40,13.08,,,
20974,07/30/2023 02:31:40,12.82,,,
20975,07/30/2023 02:34:40,12.87,,,
20976,07/30/2023 02:37:40,13.00,,,
20977,07/30/2023 02:40:40,12.91,,,
20978,07/30/2023 02:43:40,12.91,,,
20979,07/30/2023 02:46:40,12.91,,,
20980,07/30/2023 02:49:40,13.00,,,
20981,07/30/2023 02:52:40,13.12,,,
20982,07/30/2023 02:55:40,13.30,,,
20983,07/30/2023 02:58:40,13.00,,,
20984,07/30/2023 03:01:40,12.87,,,
20985,07/30/2023 03:04:40,12.78,,,
20986,07/30/2023 03:07:40,12.70,,,
20987,07/30/2023 03:10:40,12.61,,,
20988,07/30/2023 03:13:40,12.65,,,
20989,07/30/2023 03:16:40,12.61,,,
20990,07/30/2023 03:19:40,12.40,,,
20991,07/30/2023 03:22:40,12.40,,,
20992,07/30/2023 03:25:40,12.48,,,
20993,07/30/2023 03:28:40,12.48,,,
20994,07/30/2023 03:31:40,12.48,,,
20995,07/30/2023 03:34:40,12.57,,,
20996,07/30/2023 03:37:40,12.48,,,
20997,07/30/2023 03:40:40,12.22,,,
20998,07/30/2023 03:43:40,12.18,,,
20999,07/30/2023 03:46:40,12.22,,,
21000,07/30/2023 03:49:40,12.14,,,
21001,07/30/2023 03:52:40,11.92,,,
21002,07/30/2023 03:55:40,11.92,,,
21003,07/30/2023 03:58:40,12.18,,,
21004,07/30/2023 04:01:40,12.05,,,
21005,07/30/2023 04:04:40,11.67,,,
21006,07/30/2023 04:07:40,11.49,,,
21007,07/30/2023 04:10:40,11.32,,,
21008,07/30/2023 04:13:40,11.24,,,
21009,07/30/2023 04:16:40,11.02,,,
21010,07/30/2023 04:19:40,10.72,,,
21011,07/30/2023 04:22:40,10.81,,,
21012,07/30/2023 04:25:40,10.89,,,
21013,07/30/2023 04:28:40,10.89,,,
21014,07/30/2023 04:31:40,10.72,,,
21015,07/30/2023 04:34:40,10.81,,,
21016,07/30/2023 04:37:40,10.81,,,
21017,07/30/2023 04:40:40,10.68,,,
21018,07/30/2023 04:43:40,10.38,,,
21019,07/30/2023 04:46:40,10.21,,,
21020,07/30/2023 04:49:40,10.25,,,
21021,07/30/2023 04:52:40,10.12,,,
21022,07/30/2023 04:55:40,10.16,,,
21023,07/30/2023 04:58:40,10.12,,,
21024,07/30/2023 05:01:40,10.08,,,
21025,07/30/2023 05:04:40,10.29,,,
21026,07/30/2023 05:07:40,10.51,,,
21027,07/30/2023 05:10:40,10.51,,,
21028,07/30/2023 05:13:40,10.16,,,
21029,07/30/2023 05:16:40,9.82,,,
21030,07/30/2023 05:19:40,9.65,,,
21031,07/30/2023 05:22:40,9.56,,,
21032,07/30/2023 05:25:40,9.69,,,
21033,07/30/2023 05:28:40,9.69,,,
21034,07/30/2023 05:31:40,9.74,,,
21035,07/30/2023 05:34:40,9.56,,,
21036,07/30/2023 05:37:40,9.69,,,
21037,07/30/2023 05:40:40,9.74,,,
21038,07/30/2023 05:43:40,9.69,,,
21039,07/30/2023 05:46:40,9.82,,,
21040,07/30/2023 05:49:40,9.65,,,
21041,07/30/2023 05:52:40,9.65,,,
21042,07/30/2023 05:55:40,9.65,,,
21043,07/30/2023 05:58:40,9.35,,,
21044,07/30/2023 06:01:40,9.26,,,
21045,07/30/2023 06:04:40,9.31,,,
21046,07/30/2023 06:07:40,9.05,,,
21047,07/30/2023 06:10:40,8.79,,,
21048,07/30/2023 06:13:40,8.83,,,
21049,07/30/2023 06:16:40,8.88,,,
21050,07/30/2023 06:19:40,9.14,,,
21051,07/30/2023 06:22:40,9.05,,,
21052,07/30/2023 06:25:40,9.05,,,
21053,07/30/2023 06:28:40,9.01,,,
21054,07/30/2023 06:31:40,9.05,,,
21055,07/30/2023 06:34:40,9.18,,,
21056,07/30/2023 06:37:40,9.31,,,
21057,07/30/2023 06:40:40,9.39,,,
21058,07/30/2023 06:43:40,9.65,,,
21059,07/30/2023 06:46:40,9.82,,,
21060,07/30/2023 06:49:40,9.99,,,
21061,07/30/2023 06:52:40,10.21,,,
21062,07/30/2023 06:55:40,10.04,,,
21063,07/30/2023 06:58:40,10.16,,,
21064,07/30/2023 07:01:40,10.68,,,
21065,07/30/2023 07:04:40,11.37,,,
21066,07/30/2023 07:07:40,11.79,,,
21067,07/30/2023 07:10:40,12.18,,,
21068,07/30/2023 07:13:40,12.65,,,
21069,07/30/2023 07:16:40,12.70,,,
21070,07/30/2023 07:19:40,12.91,,,
21071,07/30/2023 07:22:40,12.35,,,
21072,07/30/2023 07:25:40,12.22,,,
21073,07/30/2023 07:28:40,12.78,,,
21074,07/30/2023 07:31:40,13.21,,,
21075,07/30/2023 07:34:40,13.04,,,
21076,07/30/2023 07:37:40,13.08,,,
21077,07/30/2023 07:40:40,13.38,,,
21078,07/30/2023 07:43:40,13.68,,,
21079,07/30/2023 07:46:40,14.45,,,
21080,07/30/2023 07:49:40,14.88,,,
21081,07/30/2023 07:52:40,14.33,,,
21082,07/30/2023 07:55:40,14.07,,,
21083,07/30/2023 07:58:40,14.71,,,
21084,07/30/2023 08:01:40,14.54,,,
21085,07/30/2023 08:04:40,14.15,,,
21086,07/30/2023 08:07:40,14.80,,,
21087,07/30/2023 08:10:40,16.51,,,
21088,07/30/2023 08:13:40,17.50,,,
21089,07/30/2023 08:16:40,17.93,,,
21090,07/30/2023 08:19:40,16.94,,,
21091,07/30/2023 08:22:40,16.47,,,
21092,07/30/2023 08:25:40,16.73,,,
21093,07/30/2023 08:28:40,17.20,,,
21094,07/30/2023 08:31:40,17.24,,,
21095,07/30/2023 08:34:40,17.50,,,
21096,07/30/2023 08:37:40,17.76,,,
21097,07/30/2023 08:40:40,18.27,,,
21098,07/30/2023 08:43:40,19.22,,,
21099,07/30/2023 08:46:40,19.47,,,
21100,07/30/2023 08:49:40,21.36,,,
21101,07/30/2023 08:52:40,20.33,,,
21102,07/30/2023 08:55:40,19.26,,,
21103,07/30/2023 08:58:40,20.76,,,
21104,07/30/2023 09:01:40,20.50,,,
21105,07/30/2023 09:04:40,20.42,,,
21106,07/30/2023 09:07:40,20.20,,,
21107,07/30/2023 09:10:40,19.26,,,
21108,07/30/2023 09:13:40,19.26,,,
21109,07/30/2023 09:16:40,20.50,,,
21110,07/30/2023 09:19:40,19.60,,,
21111,07/30/2023 09:22:40,18.83,,,
21112,07/30/2023 09:25:40,18.79,,,
21113,07/30/2023 09:28:40,19.65,,,
21114,07/30/2023 09:31:40,19.43,,,
21115,07/30/2023 09:34:40,19.56,,,
21116,07/30/2023 09:37:40,19.13,,,
21117,07/30/2023 09:40:40,19.05,,,
21118,07/30/2023 09:43:40,18.92,,,
21119,07/30/2023 09:46:40,18.66,,,
21120,07/30/2023 09:49:40,18.92,,,
21121,07/30/2023 09:52:40,19.26,,,
21122,07/30/2023 09:55:40,19.90,,,
21123,07/30/2023 09:58:40,20.12,,,
21124,07/30/2023 10:01:40,20.89,,,
21125,07/30/2023 10:04:40,20.80,,,
21126,07/30/2023 10:07:40,20.12,,,
21127,07/30/2023 10:10:40,20.63,,,
21128,07/30/2023 10:13:40,21.70,,,
21129,07/30/2023 10:16:40,22.35,,,
21130,07/30/2023 10:19:40,21.66,,,
21131,07/30/2023 10:22:40,22.05,,,
21132,07/30/2023 10:25:40,21.53,,,
21133,07/30/2023 10:28:40,21.49,,,
21134,07/30/2023 10:31:40,23.08,,,
21135,07/30/2023 10:34:40,22.82,,,
21136,07/30/2023 10:37:40,22.01,,,
21137,07/30/2023 10:40:40,22.73,,,
21138,07/30/2023 10:43:40,23.25,,,
21139,07/30/2023 10:46:40,22.61,,,
21140,07/30/2023 10:49:40,22.43,,,
21141,07/30/2023 10:52:40,21.66,,,
21142,07/30/2023 10:55:40,22.91,,,
21143,07/30/2023 10:58:40,22.09,,,
21144,07/30/2023 11:01:40,22.13,,,
21145,07/30/2023 11:04:40,21.49,,,
21146,07/30/2023 11:07:40,21.10,,,
21147,07/30/2023 11:10:40,20.89,,,
21148,07/30/2023 11:13:40,20.85,,,
21149,07/30/2023 11:16:40,20.59,,,
21150,07/30/2023 11:19:40,20.85,,,
21151,07/30/2023 11:22:40,21.10,,,
21152,07/30/2023 11:25:40,21.15,,,
21153,07/30/2023 11:28:40,21.28,,,
21154,07/30/2023 11:31:40,21.32,,,
21155,07/30/2023 11:34:40,21.36,,,
21156,07/30/2023 11:37:40,21.83,,,
21157,07/30/2023 11:40:40,23.16,,,
21158,07/30/2023 11:43:40,24.32,,,
21159,07/30/2023 11:46:40,24.24,,,
21160,07/30/2023 11:49:40,24.15,,,
21161,07/30/2023 11:52:40,24.41,,,
21162,07/30/2023 11:55:40,24.84,,,
21163,07/30/2023 11:58:40,25.82,,,
21164,07/30/2023 12:01:40,25.14,,,
21165,07/30/2023 12:04:40,24.92,,,
21166,07/30/2023 12:07:40,24.97,,,
21167,07/30/2023 12:10:40,25.91,,,
21168,07/30/2023 12:13:40,25.52,,,
21169,07/30/2023 12:16:40,25.48,,,
21170,07/30/2023 12:19:40,25.52,,,
21171,07/30/2023 12:22:40,25.78,,,
21172,07/30/2023 12:25:40,25.91,,,
21173,07/30/2023 12:28:40,26.12,,,
21174,07/30/2023 12:31:40,26.72,,,
21175,07/30/2023 12:34:40,26.55,,,
21176,07/30/2023 12:37:40,26.72,,,
21177,07/30/2023 12:40:40,27.37,,,
21178,07/30/2023 12:43:40,27.20,,,
21179,07/30/2023 12:46:40,27.20,,,
21180,07/30/2023 12:49:40,27.28,,,
21181,07/30/2023 12:52:40,27.11,,,
21182,07/30/2023 12:55:40,26.47,,,
21183,07/30/2023 12:58:40,25.05,,,
21184,07/30/2023 13:01:40,24.45,,,
21185,07/30/2023 13:04:40,24.15,,,
21186,07/30/2023 13:07:40,24.19,,,
21187,07/30/2023 13:10:40,24.32,,,
21188,07/30/2023 13:13:40,24.62,,,
21189,07/30/2023 13:16:40,24.62,,,
21190,07/30/2023 13:19:40,24.06,,,
21191,07/30/2023 13:22:40,23.85,,,
21192,07/30/2023 13:25:40,23.68,,,
21193,07/30/2023 13:28:40,23.42,,,
21194,07/30/2023 13:31:40,22.43,,,
21195,07/30/2023 13:34:40,21.83,,,
21196,07/30/2023 13:37:40,21.70,,,
21197,07/30/2023 13:40:40,21.06,,,
21198,07/30/2023 13:43:40,20.76,,,
21199,07/30/2023 13:46:40,20.37,,,
21200,07/30/2023 13:49:40,19.99,,,
21201,07/30/2023 13:52:40,19.52,,,
21202,07/30/2023 13:55:40,18.49,,,
21203,07/30/2023 13:58:40,18.06,,,
21204,07/30/2023 14:01:40,18.36,,,
21205,07/30/2023 14:04:40,18.53,,,
21206,07/30/2023 14:07:40,18.70,,,
21207,07/30/2023 14:10:40,18.62,,,
21208,07/30/2023 14:13:40,18.66,,,
21209,07/30/2023 14:16:40,19.13,,,
21210,07/30/2023 14:19:40,19.30,,,
21211,07/30/2023 14:22:40,18.74,,,
21212,07/30/2023 14:25:40,18.02,,,
21213,07/30/2023 14:28:40,17.72,,,
21214,07/30/2023 14:31:40,18.02,,,
21215,07/30/2023 14:34:40,18.14,,,
21216,07/30/2023 14:37:40,18.53,,,
21217,07/30/2023 14:40:40,19.65,,,
21218,07/30/2023 14:43:40,20.12,,,
21219,07/30/2023 14:46:40,19.65,,,
21220,07/30/2023 14:49:40,19.05,,,
21221,07/30/2023 14:52:40,19.17,,,
21222,07/30/2023 14:55:40,19.43,,,
21223,07/30/2023 14:58:40,19.90,,,
21224,07/30/2023 15:01:40,20.42,,,
21225,07/30/2023 15:04:40,20.76,,,
21226,07/30/2023 15:07:40,21.15,,,
21227,07/30/2023 15:10:40,21.40,,,
21228,07/30/2023 15:13:40,21.40,,,
21229,07/30/2023 15:16:40,21.88,,,
21230,07/30/2023 15:19:40,22.26,,,
21231,07/30/2023 15:22:40,22.56,,,
21232,07/30/2023 15:25:40,22.69,,,
21233,07/30/2023 15:28:40,22.61,,,
21234,07/30/2023 15:31:40,22.56,,,
21235,07/30/2023 15:34:40,22.26,,,
21236,07/30/2023 15:37:40,21.66,,,
21237,07/30/2023 15:40:40,21.32,,,
21238,07/30/2023 15:43:40,21.15,,,
21239,07/30/2023 15:46:40,21.19,,,
21240,07/30/2023 15:49:40,21.10,,,
21241,07/30/2023 15:52:40,21.19,,,
21242,07/30/2023 15:55:40,21.32,,,
21243,07/30/2023 15:58:40,21.92,,,
21244,07/30/2023 16:01:40,22.43,,,
21245,07/30/2023 16:04:40,22.91,,,
21246,07/30/2023 16:07:40,22.91,,,
21247,07/30/2023 16:10:40,22.91,,,
21248,07/30/2023 16:13:40,22.69,,,
21249,07/30/2023 16:16:40,22.43,,,
21250,07/30/2023 16:19:40,22.39,,,
21251,07/30/2023 16:22:40,22.65,,,
21252,07/30/2023 16:25:40,22.65,,,
21253,07/30/2023 16:28:40,22.65,,,
21254,07/30/2023 16:31:40,22.65,,,
21255,07/30/2023 16:34:40,22.13,,,
21256,07/30/2023 16:37:40,22.22,,,
21257,07/30/2023 16:40:40,22.01,,,
21258,07/30/2023 16:43:40,22.01,,,
21259,07/30/2023 16:46:40,21.66,,,
21260,07/30/2023 16:49:40,21.75,,,
21261,07/30/2023 16:52:40,21.88,,,
21262,07/30/2023 16:55:40,22.01,,,
21263,07/30/2023 16:58:40,22.01,,,
21264,07/30/2023 17:01:40,21.96,,,
21265,07/30/2023 17:04:40,21.96,,,
21266,07/30/2023 17:07:40,22.22,,,
21267,07/30/2023 17:10:40,22.18,,,
21268,07/30/2023 17:13:40,22.13,,,
21269,07/30/2023 17:16:40,22.13,,,
21270,07/30/2023 17:19:40,21.88,,,
21271,07/30/2023 17:22:40,22.09,,,
21272,07/30/2023 17:25:40,22.09,,,
21273,07/30/2023 17:28:40,22.05,,,
21274,07/30/2023 17:31:40,21.79,,,
21275,07/30/2023 17:34:40,21.45,,,
21276,07/30/2023 17:37:40,21.53,,,
21277,07/30/2023 17:40:40,21.36,,,
21278,07/30/2023 17:43:40,21.88,,,
21279,07/30/2023 17:46:40,22.01,,,
21280,07/30/2023 17:49:40,21.75,,,
21281,07/30/2023 17:52:40,21.45,,,
21282,07/30/2023 17:55:40,21.49,,,
21283,07/30/2023 17:58:40,21.49,,,
21284,07/30/2023 18:01:40,21.32,,,
21285,07/30/2023 18:04:40,21.10,,,
21286,07/30/2023 18:07:40,21.70,,,
21287,07/30/2023 18:10:40,21.96,,,
21288,07/30/2023 18:13:40,21.92,,,
21289,07/30/2023 18:16:40,21.36,,,
21290,07/30/2023 18:19:40,21.23,,,
21291,07/30/2023 18:22:40,21.23,,,
21292,07/30/2023 18:25:40,21.19,,,
21293,07/30/2023 18:28:40,20.98,,,
21294,07/30/2023 18:31:40,20.89,,,
21295,07/30/2023 18:34:40,20.80,,,
21296,07/30/2023 18:37:40,20.93,,,
21297,07/30/2023 18:40:40,20.72,,,
21298,07/30/2023 18:43:40,20.72,,,
21299,07/30/2023 18:46:40,20.59,,,
21300,07/30/2023 18:49:40,20.42,,,
21301,07/30/2023 18:52:40,20.16,,,
21302,07/30/2023 18:55:40,20.07,,,
21303,07/30/2023 18:58:40,19.95,,,
21304,07/30/2023 19:01:40,19.95,,,
21305,07/30/2023 19:04:40,19.82,,,
21306,07/30/2023 19:07:40,19.73,,,
21307,07/30/2023 19:10:40,19.99,,,
21308,07/30/2023 19:13:40,19.69,,,
21309,07/30/2023 19:16:40,19.39,,,
21310,07/30/2023 19:19:40,19.09,,,
21311,07/30/2023 19:22:40,19.35,,,
21312,07/30/2023 19:25:40,19.05,,,
21313,07/30/2023 19:28:40,19.00,,,
21314,07/30/2023 19:31:40,18.74,,,
21315,07/30/2023 19:34:40,18.53,,,
21316,07/30/2023 19:37:40,18.36,,,
21317,07/30/2023 19:40:40,18.23,,,
21318,07/30/2023 19:43:40,18.06,,,
21319,07/30/2023 19:46:40,18.02,,,
21320,07/30/2023 19:49:40,18.02,,,
21321,07/30/2023 19:52:40,17.76,,,
21322,07/30/2023 19:55:40,17.54,,,
21323,07/30/2023 19:58:40,17.29,,,
21324,07/30/2023 20:01:40,17.29,,,
21325,07/30/2023 20:04:40,17.46,,,
21326,07/30/2023 20:07:40,17.24,,,
21327,07/30/2023 20:10:40,16.99,,,
21328,07/30/2023 20:13:40,16.99,,,
21329,07/30/2023 20:16:40,17.11,,,
21330,07/30/2023 20:19:40,16.77,,,
21331,07/30/2023 20:22:40,16.73,,,
21332,07/30/2023 20:25:40,16.43,,,
21333,07/30/2023 20:28:40,16.43,,,
21334,07/30/2023 20:31:40,16.26,,,
21335,07/30/2023 20:34:40,16.04,,,
21336,07/30/2023 20:37:40,16.13,,,
21337,07/30/2023 20:40:40,16.21,,,
21338,07/30/2023 20:43:40,16.08,,,
21339,07/30/2023 20:46:40,16.13,,,
21340,07/30/2023 20:49:40,15.78,,,
21341,07/30/2023 20:52:40,15.48,,,
21342,07/30/2023 20:55:40,15.36,,,
21343,07/30/2023 20:58:40,15.44,,,
21344,07/30/2023 21:01:40,15.53,,,
21345,07/30/2023 21:04:40,15.23,,,
21346,07/30/2023 21:07:40,15.10,,,
21347,07/30/2023 21:10:40,14.97,,,
21348,07/30/2023 21:13:40,14.71,,,
21349,07/30/2023 21:16:40,14.54,,,
21350,07/30/2023 21:19:40,14.41,,,
21351,07/30/2023 21:22:40,14.33,,,
21352,07/30/2023 21:25:40,14.37,,,
21353,07/30/2023 21:28:40,14.33,,,
21354,07/30/2023 21:31:40,14.03,,,
21355,07/30/2023 21:34:40,14.07,,,
21356,07/30/2023 21:37:40,13.73,,,
21357,07/30/2023 21:40:40,13.38,,,
21358,07/30/2023 21:43:40,12.87,,,
21359,07/30/2023 21:46:40,13.00,,,
21360,07/30/2023 21:49:40,12.78,,,
21361,07/30/2023 21:52:40,12.74,,,
21362,07/30/2023 21:55:40,12.87,,,
21363,07/30/2023 21:58:40,12.74,,,
21364,07/30/2023 22:01:40,12.52,,,
21365,07/30/2023 22:04:40,12.40,,,
21366,07/30/2023 22:07:40,12.48,,,
21367,07/30/2023 22:10:40,12.44,,,
21368,07/30/2023 22:13:40,12.22,,,
21369,07/30/2023 22:16:40,12.10,,,
21370,07/30/2023 22:19:40,12.05,,,
21371,07/30/2023 22:22:40,12.01,,,
21372,07/30/2023 22:25:40,11.79,,,
21373,07/30/2023 22:28:40,11.62,,,
21374,07/30/2023 22:31:40,11.58,,,
21375,07/30/2023 22:34:40,11.54,,,
21376,07/30/2023 22:37:40,11.71,,,
21377,07/30/2023 22:40:40,11.92,,,
21378,07/30/2023 22:43:40,11.92,,,
21379,07/30/2023 22:46:40,11.79,,,
21380,07/30/2023 22:49:40,11.71,,,
21381,07/30/2023 22:52:40,11.41,,,
21382,07/30/2023 22:55:40,11.37,,,
21383,07/30/2023 22:58:40,11.32,,,
21384,07/30/2023 23:01:40,11.45,,,
21385,07/30/2023 23:04:40,11.41,,,
21386,07/30/2023 23:07:40,11.49,,,
21387,07/30/2023 23:10:40,11.28,,,
21388,07/30/2023 23:13:40,10.98,,,
21389,07/30/2023 23:16:40,10.72,,,
21390,07/30/2023 23:19:40,10.72,,,
21391,07/30/2023 23:22:40,10.55,,,
21392,07/30/2023 23:25:40,10.55,,,
21393,07/30/2023 23:28:40,10.51,,,
21394,07/30/2023 23:31:40,10.81,,,
21395,07/30/2023 23:34:40,10.85,,,
21396,07/30/2023 23:37:40,10.77,,,
21397,07/30/2023 23:40:40,10.77,,,
21398,07/30/2023 23:43:40,11.02,,,
21399,07/30/2023 23:46:40,10.81,,,
21400,07/30/2023 23:49:40,10.68,,,
21401,07/30/2023 23:52:40,10.46,,,
21402,07/30/2023 23:55:40,10.34,,,
21403,07/30/2023 23:58:40,10.34,,,
21404,07/31/2023 00:01:40,10.46,,,
21405,07/31/2023 00:04:40,10.46,,,
21406,07/31/2023 00:07:40,10.51,,,
21407,07/31/2023 00:10:40,10.42,,,
21408,07/31/2023 00:13:40,10.29,,,
21409,07/31/2023 00:16:40,10.21,,,
21410,07/31/2023 00:19:40,10.04,,,
21411,07/31/2023 00:22:40,9.74,,,
21412,07/31/2023 00:25:40,9.65,,,
21413,07/31/2023 00:28:40,9.61,,,
21414,07/31/2023 00:31:40,9.48,,,
21415,07/31/2023 00:34:40,9.44,,,
21416,07/31/2023 00:37:40,9.39,,,
21417,07/31/2023 00:40:40,9.52,,,
21418,07/31/2023 00:43:40,9.52,,,
21419,07/31/2023 00:46:40,9.39,,,
21420,07/31/2023 00:49:40,9.26,,,
21421,07/31/2023 00:52:40,9.48,,,
21422,07/31/2023 00:55:40,9.44,,,
21423,07/31/2023 00:58:40,9.39,,,
21424,07/31/2023 01:01:40,9.65,,,
21425,07/31/2023 01:04:40,9.31,,,
21426,07/31/2023 01:07:40,8.83,,,
21427,07/31/2023 01:10:40,8.66,,,
21428,07/31/2023 01:13:40,8.66,,,
21429,07/31/2023 01:16:40,8.75,,,
21430,07/31/2023 01:19:40,8.88,,,
21431,07/31/2023 01:22:40,8.92,,,
21432,07/31/2023 01:25:40,8.79,,,
21433,07/31/2023 01:28:40,8.71,,,
21434,07/31/2023 01:31:40,8.32,,,
21435,07/31/2023 01:34:40,8.28,,,
21436,07/31/2023 01:37:40,8.15,,,
21437,07/31/2023 01:40:40,8.28,,,
21438,07/31/2023 01:43:40,8.45,,,
21439,07/31/2023 01:46:40,8.28,,,
21440,07/31/2023 01:49:40,7.85,,,
21441,07/31/2023 01:52:40,7.72,,,
21442,07/31/2023 01:55:40,7.76,,,
21443,07/31/2023 01:58:40,7.55,,,
21444,07/31/2023 02:01:40,7.72,,,
21445,07/31/2023 02:04:40,7.76,,,
21446,07/31/2023 02:07:40,7.63,,,
21447,07/31/2023 02:10:40,7.59,,,
21448,07/31/2023 02:13:40,7.63,,,
21449,07/31/2023 02:16:40,7.68,,,
21450,07/31/2023 02:19:40,7.50,,,
21451,07/31/2023 02:22:40,7.55,,,
21452,07/31/2023 02:25:40,7.63,,,
21453,07/31/2023 02:28:40,7.55,,,
21454,07/31/2023 02:31:40,7.68,,,
21455,07/31/2023 02:34:40,7.59,,,
21456,07/31/2023 02:37:40,7.68,,,
21457,07/31/2023 02:40:40,7.72,,,
21458,07/31/2023 02:43:40,7.93,,,
21459,07/31/2023 02:46:40,7.89,,,
21460,07/31/2023 02:49:40,7.76,,,
21461,07/31/2023 02:52:40,7.38,,,
21462,07/31/2023 02:55:40,7.25,,,
21463,07/31/2023 02:58:40,7.42,,,
21464,07/31/2023 03:01:40,7.33,,,
21465,07/31/2023 03:04:40,7.12,,,
21466,07/31/2023 03:07:40,7.12,,,
21467,07/31/2023 03:10:40,7.50,,,
21468,07/31/2023 03:13:40,7.68,,,
21469,07/31/2023 03:16:40,7.81,,,
21470,07/31/2023 03:19:40,7.46,,,
21471,07/31/2023 03:22:40,7.25,,,
21472,07/31/2023 03:25:40,6.99,,,
21473,07/31/2023 03:28:40,6.73,,,
21474,07/31/2023 03:31:40,6.69,,,
21475,07/31/2023 03:34:40,6.69,,,
21476,07/31/2023 03:37:40,6.90,,,
21477,07/31/2023 03:40:40,7.16,,,
21478,07/31/2023 03:43:40,7.12,,,
21479,07/31/2023 03:46:40,7.16,,,
21480,07/31/2023 03:49:40,7.33,,,
21481,07/31/2023 03:52:40,7.46,,,
21482,07/31/2023 03:55:40,7.46,,,
21483,07/31/2023 03:58:40,7.63,,,
21484,07/31/2023 04:01:40,7.50,,,
21485,07/31/2023 04:04:40,7.63,,,
21486,07/31/2023 04:07:40,7.63,,,
21487,07/31/2023 04:10:40,8.28,,,
21488,07/31/2023 04:13:40,8.41,,,
21489,07/31/2023 04:16:40,8.41,,,
21490,07/31/2023 04:19:40,8.45,,,
21491,07/31/2023 04:22:40,8.58,,,
21492,07/31/2023 04:25:40,8.36,,,
21493,07/31/2023 04:28:40,8.23,,,
21494,07/31/2023 04:31:40,8.49,,,
21495,07/31/2023 04:34:40,8.41,,,
21496,07/31/2023 04:37:40,8.28,,,
21497,07/31/2023 04:40:40,8.36,,,
21498,07/31/2023 04:43:40,8.49,,,
21499,07/31/2023 04:46:40,8.71,,,
21500,07/31/2023 04:49:40,8.83,,,
21501,07/31/2023 04:52:40,9.01,,,
21502,07/31/2023 04:55:40,9.01,,,
21503,07/31/2023 04:58:40,9.31,,,
21504,07/31/2023 05:01:40,9.31,,,
21505,07/31/2023 05:04:40,9.26,,,
21506,07/31/2023 05:07:40,9.39,,,
21507,07/31/2023 05:10:40,9.31,,,
21508,07/31/2023 05:13:40,9.22,,,
21509,07/31/2023 05:16:40,9.22,,,
21510,07/31/2023 05:19:40,9.14,,,
21511,07/31/2023 05:22:40,8.96,,,
21512,07/31/2023 05:25:40,8.62,,,
21513,07/31/2023 05:28:40,8.62,,,
21514,07/31/2023 05:31:40,8.62,,,
21515,07/31/2023 05:34:40,8.71,,,
21516,07/31/2023 05:37:40,8.83,,,
21517,07/31/2023 05:40:40,9.01,,,
21518,07/31/2023 05:43:40,9.26,,,
21519,07/31/2023 05:46:40,9.31,,,
21520,07/31/2023 05:49:40,9.09,,,
21521,07/31/2023 05:52:40,9.01,,,
21522,07/31/2023 05:55:40,8.79,,,
21523,07/31/2023 05:58:40,8.53,,,
21524,07/31/2023 06:01:40,8.45,,,
21525,07/31/2023 06:04:40,8.75,,,
21526,07/31/2023 06:07:40,8.45,,,
21527,07/31/2023 06:10:40,7.89,,,
21528,07/31/2023 06:13:40,7.72,,,
21529,07/31/2023 06:16:40,7.76,,,
21530,07/31/2023 06:19:40,7.76,,,
21531,07/31/2023 06:22:40,7.76,,,
21532,07/31/2023 06:25:40,7.89,,,
21533,07/31/2023 06:28:40,7.93,,,
21534,07/31/2023 06:31:40,7.89,,,
21535,07/31/2023 06:34:40,7.89,,,
21536,07/31/2023 06:37:40,7.76,,,
21537,07/31/2023 06:40:40,7.85,,,
21538,07/31/2023 06:43:40,8.06,,,
21539,07/31/2023 06:46:40,8.23,,,
21540,07/31/2023 06:49:40,8.32,,,
21541,07/31/2023 06:52:40,8.75,,,
21542,07/31/2023 06:55:40,9.26,,,
21543,07/31/2023 06:58:40,9.82,,,
21544,07/31/2023 07:01:40,10.34,,,
21545,07/31/2023 07:04:40,10.38,,,
21546,07/31/2023 07:07:40,11.32,,,
21547,07/31/2023 07:10:40,12.14,,,
21548,07/31/2023 07:13:40,13.17,,,
21549,07/31/2023 07:16:40,13.98,,,
21550,07/31/2023 07:19:40,14.03,,,
21551,07/31/2023 07:22:40,14.11,,,
21552,07/31/2023 07:25:40,13.21,,,
21553,07/31/2023 07:28:40,13.64,,,
21554,07/31/2023 07:31:40,14.11,,,
21555,07/31/2023 07:34:40,14.28,,,
21556,07/31/2023 07:37:40,13.90,,,
21557,07/31/2023 07:40:40,13.64,,,
21558,07/31/2023 07:43:40,13.17,,,
21559,07/31/2023 07:46:40,13.17,,,
21560,07/31/2023 07:49:40,13.25,,,
21561,07/31/2023 07:52:40,13.12,,,
21562,07/31/2023 07:55:40,12.95,,,
21563,07/31/2023 07:58:40,12.82,,,
21564,07/31/2023 08:01:40,12.78,,,
21565,07/31/2023 08:04:40,12.82,,,
21566,07/31/2023 08:07:40,13.04,,,
21567,07/31/2023 08:10:40,13.17,,,
21568,07/31/2023 08:13:40,13.25,,,
21569,07/31/2023 08:16:40,13.43,,,
21570,07/31/2023 08:19:40,13.60,,,
21571,07/31/2023 08:22:40,13.60,,,
21572,07/31/2023 08:25:40,13.73,,,
21573,07/31/2023 08:28:40,13.77,,,
21574,07/31/2023 08:31:40,13.77,,,
21575,07/31/2023 08:34:40,13.77,,,
21576,07/31/2023 08:37:40,13.73,,,
21577,07/31/2023 08:40:40,13.64,,,
21578,07/31/2023 08:43:40,13.55,,,
21579,07/31/2023 08:46:40,13.38,,,
21580,07/31/2023 08:49:40,13.17,,,
21581,07/31/2023 08:52:40,13.00,,,
21582,07/31/2023 08:55:40,14.71,,,
21583,07/31/2023 08:58:40,16.43,,,
21584,07/31/2023 09:01:40,16.26,,,
21585,07/31/2023 09:04:40,17.03,,,
21586,07/31/2023 09:07:40,17.29,,,
21587,07/31/2023 09:10:40,17.84,,,
21588,07/31/2023 09:13:40,18.96,,,
21589,07/31/2023 09:16:40,18.36,,,
21590,07/31/2023 09:19:40,19.39,,,
21591,07/31/2023 09:22:40,18.57,,,
21592,07/31/2023 09:25:40,19.65,,,
21593,07/31/2023 09:28:40,20.42,,,
21594,07/31/2023 09:31:40,20.03,,,
21595,07/31/2023 09:34:40,20.03,,,
21596,07/31/2023 09:37:40,20.29,,,
21597,07/31/2023 09:40:40,21.23,,,
21598,07/31/2023 09:43:40,21.79,,,
21599,07/31/2023 09:46:40,21.70,,,
21600,07/31/2023 09:49:40,22.65,,,
21601,07/31/2023 09:52:40,22.56,,,
21602,07/31/2023 09:55:40,21.28,,,
21603,07/31/2023 09:58:40,20.93,,,
21604,07/31/2023 10:01:40,21.02,,,
21605,07/31/2023 10:04:40,21.66,,,
21606,07/31/2023 10:07:40,21.79,,,
21607,07/31/2023 10:10:40,21.70,,,
21608,07/31/2023 10:13:40,21.58,,,
21609,07/31/2023 10:16:40,21.83,,,
21610,07/31/2023 10:19:40,22.13,,,
21611,07/31/2023 10:22:40,22.35,,,
21612,07/31/2023 10:25:40,22.35,,,
21613,07/31/2023 10:28:40,22.13,,,
21614,07/31/2023 10:31:40,21.96,,,
21615,07/31/2023 10:34:40,22.31,,,
21616,07/31/2023 10:37:40,22.22,,,
21617,07/31/2023 10:40:40,22.22,,,
21618,07/31/2023 10:43:40,22.43,,,
21619,07/31/2023 10:46:40,22.86,,,
21620,07/31/2023 10:49:40,22.61,,,
21621,07/31/2023 10:52:40,22.65,,,
21622,07/31/2023 10:55:40,22.82,,,
21623,07/31/2023 10:58:40,22.99,,,
21624,07/31/2023 11:01:40,23.21,,,
21625,07/31/2023 11:04:40,23.81,,,
21626,07/31/2023 11:07:40,23.29,,,
21627,07/31/2023 11:10:40,23.85,,,
21628,07/31/2023 11:13:40,24.15,,,
21629,07/31/2023 11:16:40,23.81,,,
21630,07/31/2023 11:19:40,23.85,,,
21631,07/31/2023 11:22:40,24.15,,,
21632,07/31/2023 11:25:40,24.02,,,
21633,07/31/2023 11:28:40,24.41,,,
21634,07/31/2023 11:31:40,24.54,,,
21635,07/31/2023 11:34:40,24.88,,,
21636,07/31/2023 11:37:40,25.22,,,
21637,07/31/2023 11:40:40,24.71,,,
21638,07/31/2023 11:43:40,25.35,,,
21639,07/31/2023 11:46:40,25.69,,,
21640,07/31/2023 11:49:40,25.87,,,
21641,07/31/2023 11:52:40,25.74,,,
21642,07/31/2023 11:55:40,26.08,,,
21643,07/31/2023 11:58:40,26.51,,,
21644,07/31/2023 12:01:40,27.02,,,
21645,07/31/2023 12:04:40,26.25,,,
21646,07/31/2023 12:07:40,26.60,,,
21647,07/31/2023 12:10:40,26.85,,,
21648,07/31/2023 12:13:40,26.72,,,
21649,07/31/2023 12:16:40,26.77,,,
21650,07/31/2023 12:19:40,26.42,,,
21651,07/31/2023 12:22:40,27.02,,,
21652,07/31/2023 12:25:40,26.47,,,
21653,07/31/2023 12:28:40,26.38,,,
21654,07/31/2023 12:31:40,26.72,,,
21655,07/31/2023 12:34:40,26.72,,,
21656,07/31/2023 12:37:40,27.50,,,
21657,07/31/2023 12:40:40,27.80,,,
21658,07/31/2023 12:43:40,27.37,,,
21659,07/31/2023 12:46:40,27.07,,,
21660,07/31/2023 12:49:40,27.45,,,
21661,07/31/2023 12:52:40,27.24,,,
21662,07/31/2023 12:55:40,27.80,,,
21663,07/31/2023 12:58:40,26.98,,,
21664,07/31/2023 13:01:40,26.51,,,
21665,07/31/2023 13:04:40,25.69,,,
21666,07/31/2023 13:07:40,25.61,,,
21667,07/31/2023 13:10:40,25.61,,,
21668,07/31/2023 13:13:40,25.09,,,
21669,07/31/2023 13:16:40,24.92,,,
21670,07/31/2023 13:19:40,24.15,,,
21671,07/31/2023 13:22:40,23.89,,,
21672,07/31/2023 13:25:40,23.76,,,
21673,07/31/2023 13:28:40,23.68,,,
21674,07/31/2023 13:31:40,24.54,,,
21675,07/31/2023 13:34:40,24.66,,,
21676,07/31/2023 13:37:40,24.54,,,
21677,07/31/2023 13:40:40,24.41,,,
21678,07/31/2023 13:43:40,24.32,,,
21679,07/31/2023 13:46:40,24.32,,,
21680,07/31/2023 13:49:40,24.41,,,
21681,07/31/2023 13:52:40,24.62,,,
21682,07/31/2023 13:55:40,24.62,,,
21683,07/31/2023 13:58:40,25.01,,,
21684,07/31/2023 14:01:40,25.18,,,
21685,07/31/2023 14:04:40,24.58,,,
21686,07/31/2023 14:07:40,24.71,,,
21687,07/31/2023 14:10:40,23.94,,,
21688,07/31/2023 14:13:40,24.49,,,
21689,07/31/2023 14:16:40,25.01,,,
21690,07/31/2023 14:19:40,24.92,,,
21691,07/31/2023 14:22:40,24.84,,,
21692,07/31/2023 14:25:40,25.65,,,
21693,07/31/2023 14:28:40,25.78,,,
21694,07/31/2023 14:31:40,24.97,,,
21695,07/31/2023 14:34:40,24.28,,,
21696,07/31/2023 14:37:40,24.15,,,
21697,07/31/2023 14:40:40,24.06,,,
21698,07/31/2023 14:43:40,24.84,,,
21699,07/31/2023 14:46:40,25.57,,,
21700,07/31/2023 14:49:40,25.99,,,
21701,07/31/2023 14:52:40,24.97,,,
21702,07/31/2023 14:55:40,24.66,,,
21703,07/31/2023 14:58:40,24.62,,,
21704,07/31/2023 15:01:40,24.58,,,
21705,07/31/2023 15:04:40,24.54,,,
21706,07/31/2023 15:07:40,24.54,,,
21707,07/31/2023 15:10:40,24.32,,,
21708,07/31/2023 15:13:40,24.24,,,
21709,07/31/2023 15:16:40,23.85,,,
21710,07/31/2023 15:19:40,23.51,,,
21711,07/31/2023 15:22:40,23.46,,,
21712,07/31/2023 15:25:40,23.34,,,
21713,07/31/2023 15:28:40,23.08,,,
21714,07/31/2023 15:31:40,22.52,,,
21715,07/31/2023 15:34:40,21.23,,,
21716,07/31/2023 15:37:40,19.90,,,
21717,07/31/2023 15:40:40,19.30,,,
21718,07/31/2023 15:43:40,19.00,,,
21719,07/31/2023 15:46:40,18.74,,,
21720,07/31/2023 15:49:40,18.44,,,
21721,07/31/2023 15:52:40,18.44,,,
21722,07/31/2023 15:55:40,18.53,,,
21723,07/31/2023 15:58:40,18.49,,,
21724,07/31/2023 16:01:40,18.44,,,
21725,07/31/2023 16:04:40,18.40,,,
21726,07/31/2023 16:07:40,18.66,,,
21727,07/31/2023 16:10:40,18.92,,,
21728,07/31/2023 16:13:40,18.96,,,
21729,07/31/2023 16:16:40,18.92,,,
21730,07/31/2023 16:19:40,18.92,,,
21731,07/31/2023 16:22:40,19.05,,,
21732,07/31/2023 16:25:40,19.26,,,
21733,07/31/2023 16:28:40,19.05,,,
21734,07/31/2023 16:31:40,19.35,,,
21735,07/31/2023 16:34:40,19.65,,,
21736,07/31/2023 16:37:40,19.86,,,
21737,07/31/2023 16:40:40,19.86,,,
21738,07/31/2023 16:43:40,19.77,,,
21739,07/31/2023 16:46:40,19.26,,,
21740,07/31/2023 16:49:40,19.60,,,
21741,07/31/2023 16:52:40,19.90,,,
21742,07/31/2023 16:55:40,20.12,,,
21743,07/31/2023 16:58:40,20.12,,,
21744,07/31/2023 17:01:40,20.29,,,
21745,07/31/2023 17:04:40,20.16,,,
21746,07/31/2023 17:07:40,20.07,,,
21747,07/31/2023 17:10:40,20.16,,,
21748,07/31/2023 17:13:40,20.12,,,
21749,07/31/2023 17:16:40,20.07,,,
21750,07/31/2023 17:19:40,20.07,,,
21751,07/31/2023 17:22:40,20.20,,,
21752,07/31/2023 17:25:40,20.55,,,
21753,07/31/2023 17:28:40,20.85,,,
21754,07/31/2023 17:31:40,21.02,,,
21755,07/31/2023 17:34:40,21.06,,,
21756,07/31/2023 17:37:40,21.10,,,
21757,07/31/2023 17:40:40,21.36,,,
21758,07/31/2023 17:43:40,21.96,,,
21759,07/31/2023 17:46:40,22.61,,,
21760,07/31/2023 17:49:40,23.12,,,
21761,07/31/2023 17:52:40,23.08,,,
21762,07/31/2023 17:55:40,22.91,,,
21763,07/31/2023 17:58:40,22.69,,,
21764,07/31/2023 18:01:40,22.73,,,
21765,07/31/2023 18:04:40,23.03,,,
21766,07/31/2023 18:07:40,22.69,,,
21767,07/31/2023 18:10:40,22.61,,,
21768,07/31/2023 18:13:40,22.31,,,
21769,07/31/2023 18:16:40,22.18,,,
21770,07/31/2023 18:19:40,22.05,,,
21771,07/31/2023 18:22:40,21.83,,,
21772,07/31/2023 18:25:40,21.62,,,
21773,07/31/2023 18:28:40,21.36,,,
21774,07/31/2023 18:31:40,21.28,,,
21775,07/31/2023 18:34:40,21.23,,,
21776,07/31/2023 18:37:40,21.28,,,
21777,07/31/2023 18:40:40,21.15,,,
21778,07/31/2023 18:43:40,21.10,,,
21779,07/31/2023 18:46:40,21.06,,,
21780,07/31/2023 18:49:40,20.98,,,
21781,07/31/2023 18:52:40,20.89,,,
21782,07/31/2023 18:55:40,20.85,,,
21783,07/31/2023 18:58:40,20.68,,,
21784,07/31/2023 19:01:40,20.37,,,
21785,07/31/2023 19:04:40,20.03,,,
21786,07/31/2023 19:07:40,19.95,,,
21787,07/31/2023 19:10:40,19.86,,,
21788,07/31/2023 19:13:40,19.73,,,
21789,07/31/2023 19:16:40,19.90,,,
21790,07/31/2023 19:19:40,19.69,,,
21791,07/31/2023 19:22:40,19.52,,,
21792,07/31/2023 19:25:40,19.30,,,
21793,07/31/2023 19:28:40,19.13,,,
21794,07/31/2023 19:31:40,18.92,,,
21795,07/31/2023 19:34:40,18.83,,,
21796,07/31/2023 19:37:40,18.70,,,
21797,07/31/2023 19:40:40,18.40,,,
21798,07/31/2023 19:43:40,18.23,,,
21799,07/31/2023 19:46:40,18.06,,,
21800,07/31/2023 19:49:40,17.67,,,
21801,07/31/2023 19:52:40,17.33,,,
21802,07/31/2023 19:55:40,16.99,,,
21803,07/31/2023 19:58:40,16.81,,,
21804,07/31/2023 20:01:40,16.56,,,
21805,07/31/2023 20:04:40,16.26,,,
21806,07/31/2023 20:07:40,16.39,,,
21807,07/31/2023 20:10:40,16.08,,,
21808,07/31/2023 20:13:40,15.87,,,
21809,07/31/2023 20:16:40,15.70,,,
21810,07/31/2023 20:19:40,15.53,,,
21811,07/31/2023 20:22:40,15.31,,,
21812,07/31/2023 20:25:40,15.06,,,
21813,07/31/2023 20:28:40,14.80,,,
21814,07/31/2023 20:31:40,14.58,,,
21815,07/31/2023 20:34:40,14.63,,,
21816,07/31/2023 20:37:40,14.41,,,
21817,07/31/2023 20:40:40,14.37,,,
21818,07/31/2023 20:43:40,14.24,,,
21819,07/31/2023 20:46:40,13.81,,,
21820,07/31/2023 20:49:40,13.68,,,
21821,07/31/2023 20:52:40,13.77,,,
21822,07/31/2023 20:55:40,13.94,,,
21823,07/31/2023 20:58:40,13.85,,,
21824,07/31/2023 21:01:40,13.73,,,
21825,07/31/2023 21:04:40,13.73,,,
21826,07/31/2023 21:07:40,13.68,,,
21827,07/31/2023 21:10:40,13.51,,,
21828,07/31/2023 21:13:40,13.38,,,
21829,07/31/2023 21:16:40,13.60,,,
21830,07/31/2023 21:19:40,13.68,,,
21831,07/31/2023 21:22:40,13.90,,,
21832,07/31/2023 21:25:40,13.85,,,
21833,07/31/2023 21:28:40,13.73,,,
21834,07/31/2023 21:31:40,13.73,,,
21835,07/31/2023 21:34:40,13.55,,,
21836,07/31/2023 21:37:40,13.51,,,
21837,07/31/2023 21:40:40,13.51,,,
21838,07/31/2023 21:43:40,13.64,,,
21839,07/31/2023 21:46:40,13.68,,,
21840,07/31/2023 21:49:40,13.64,,,
21841,07/31/2023 21:52:40,13.81,,,
21842,07/31/2023 21:55:40,13.77,,,
21843,07/31/2023 21:58:40,13.60,,,
21844,07/31/2023 22:01:40,13.55,,,
21845,07/31/2023 22:04:40,13.60,,,
21846,07/31/2023 22:07:40,13.30,,,
21847,07/31/2023 22:10:40,13.25,,,
21848,07/31/2023 22:13:40,13.30,,,
21849,07/31/2023 22:16:40,13.34,,,
21850,07/31/2023 22:19:40,13.25,,,
21851,07/31/2023 22:22:40,13.21,,,
21852,07/31/2023 22:25:40,13.12,,,
21853,07/31/2023 22:28:40,12.91,,,
21854,07/31/2023 22:31:40,12.78,,,
21855,07/31/2023 22:34:40,12.57,,,
21856,07/31/2023 22:37:40,12.74,,,
21857,07/31/2023 22:40:40,13.12,,,
21858,07/31/2023 22:43:40,13.21,,,
21859,07/31/2023 22:46:40,13.30,,,
21860,07/31/2023 22:49:40,13.30,,,
21861,07/31/2023 22:52:40,13.08,,,
21862,07/31/2023 22:55:40,12.95,,,
21863,07/31/2023 22:58:40,12.91,,,
21864,07/31/2023 23:01:40,13.12,,,
21865,07/31/2023 23:04:40,13.21,,,
21866,07/31/2023 23:07:40,13.30,,,
21867,07/31/2023 23:10:40,13.34,,,
21868,07/31/2023 23:13:40,13.55,,,
21869,07/31/2023 23:16:40,13.98,,,
21870,07/31/2023 23:19:40,14.07,,,
21871,07/31/2023 23:22:40,14.58,,,
21872,07/31/2023 23:25:40,14.41,,,
21873,07/31/2023 23:28:40,14.54,,,
21874,07/31/2023 23:31:40,14.54,,,
21875,07/31/2023 23:34:40,14.41,,,
21876,07/31/2023 23:37:40,14.11,,,
21877,07/31/2023 23:40:40,14.03,,,
21878,07/31/2023 23:43:40,14.03,,,
21879,07/31/2023 23:46:40,14.07,,,
21880,07/31/2023 23:49:40,14.03,,,
21881,07/31/2023 23:52:40,13.90,,,
21882,07/31/2023 23:55:40,13.64,,,
21883,07/31/2023 23:58:40,13.55,,,
21884,08/01/2023 00:01:40,13.55,,,
21885,08/01/2023 00:04:40,13.60,,,
21886,08/01/2023 00:07:40,13.60,,,
21887,08/01/2023 00:10:40,13.60,,,
21888,08/01/2023 00:13:40,13.73,,,
21889,08/01/2023 00:16:40,13.68,,,
21890,08/01/2023 00:19:40,13.64,,,
21891,08/01/2023 00:22:40,13.60,,,
21892,08/01/2023 00:25:40,13.55,,,
21893,08/01/2023 00:28:40,13.34,,,
21894,08/01/2023 00:31:40,13.55,,,
21895,08/01/2023 00:34:40,13.90,,,
21896,08/01/2023 00:37:40,13.81,,,
21897,08/01/2023 00:40:40,13.55,,,
21898,08/01/2023 00:43:40,13.43,,,
21899,08/01/2023 00:46:40,13.30,,,
21900,08/01/2023 00:49:40,13.04,,,
21901,08/01/2023 00:52:40,12.95,,,
21902,08/01/2023 00:55:40,12.95,,,
21903,08/01/2023 00:58:40,13.17,,,
21904,08/01/2023 01:01:40,13.00,,,
21905,08/01/2023 01:04:40,12.95,,,
21906,08/01/2023 01:07:40,13.00,,,
21907,08/01/2023 01:10:40,12.95,,,
21908,08/01/2023 01:13:40,12.95,,,
21909,08/01/2023 01:16:40,12.91,,,
21910,08/01/2023 01:19:40,13.04,,,
21911,08/01/2023 01:22:40,13.12,,,
21912,08/01/2023 01:25:40,13.17,,,
21913,08/01/2023 01:28:40,12.82,,,
21914,08/01/2023 01:31:40,12.78,,,
21915,08/01/2023 01:34:40,12.82,,,
21916,08/01/2023 01:37:40,12.95,,,
21917,08/01/2023 01:40:40,12.87,,,
21918,08/01/2023 01:43:40,12.74,,,
21919,08/01/2023 01:46:40,12.65,,,
21920,08/01/2023 01:49:40,12.65,,,
21921,08/01/2023 01:52:40,12.70,,,
21922,08/01/2023 01:55:40,12.82,,,
21923,08/01/2023 01:58:40,12.82,,,
21924,08/01/2023 02:01:40,12.70,,,
21925,08/01/2023 02:04:40,12.70,,,
21926,08/01/2023 02:07:40,12.78,,,
21927,08/01/2023 02:10:40,12.74,,,
21928,08/01/2023 02:13:40,12.52,,,
21929,08/01/2023 02:16:40,12.48,,,
21930,08/01/2023 02:19:40,12.48,,,
21931,08/01/2023 02:22:40,12.48,,,
21932,08/01/2023 02:25:40,12.40,,,
21933,08/01/2023 02:28:40,12.31,,,
21934,08/01/2023 02:31:40,12.05,,,
21935,08/01/2023 02:34:40,11.75,,,
21936,08/01/2023 02:37:40,11.62,,,
21937,08/01/2023 02:40:40,11.62,,,
21938,08/01/2023 02:43:40,11.62,,,
21939,08/01/2023 02:46:40,11.41,,,
21940,08/01/2023 02:49:40,11.37,,,
21941,08/01/2023 02:52:40,11.41,,,
21942,08/01/2023 02:55:40,11.32,,,
21943,08/01/2023 02:58:40,11.02,,,
21944,08/01/2023 03:01:40,11.02,,,
21945,08/01/2023 03:04:40,10.89,,,
21946,08/01/2023 03:07:40,10.89,,,
21947,08/01/2023 03:10:40,10.72,,,
21948,08/01/2023 03:13:40,10.64,,,
21949,08/01/2023 03:16:40,10.46,,,
21950,08/01/2023 03:19:40,10.46,,,
21951,08/01/2023 03:22:40,10.42,,,
21952,08/01/2023 03:25:40,10.42,,,
21953,08/01/2023 03:28:40,10.34,,,
21954,08/01/2023 03:31:40,10.29,,,
21955,08/01/2023 03:34:40,10.42,,,
21956,08/01/2023 03:37:40,10.21,,,
21957,08/01/2023 03:40:40,10.08,,,
21958,08/01/2023 03:43:40,9.86,,,
21959,08/01/2023 03:46:40,9.78,,,
21960,08/01/2023 03:49:40,9.61,,,
21961,08/01/2023 03:52:40,9.69,,,
21962,08/01/2023 03:55:40,9.52,,,
21963,08/01/2023 03:58:40,9.52,,,
21964,08/01/2023 04:01:40,9.48,,,
21965,08/01/2023 04:04:40,9.48,,,
21966,08/01/2023 04:07:40,9.44,,,
21967,08/01/2023 04:10:40,9.35,,,
21968,08/01/2023 04:13:40,9.31,,,
21969,08/01/2023 04:16:40,9.05,,,
21970,08/01/2023 04:19:40,8.83,,,
21971,08/01/2023 04:22:40,8.75,,,
21972,08/01/2023 04:25:40,8.75,,,
21973,08/01/2023 04:28:40,8.62,,,
21974,08/01/2023 04:31:40,8.49,,,
21975,08/01/2023 04:34:40,8.53,,,
21976,08/01/2023 04:37:40,8.83,,,
21977,08/01/2023 04:40:40,9.14,,,
21978,08/01/2023 04:43:40,9.18,,,
21979,08/01/2023 04:46:40,9.35,,,
21980,08/01/2023 04:49:40,9.44,,,
21981,08/01/2023 04:52:40,9.48,,,
21982,08/01/2023 04:55:40,9.44,,,
21983,08/01/2023 04:58:40,9.44,,,
21984,08/01/2023 05:01:40,9.39,,,
21985,08/01/2023 05:04:40,9.39,,,
21986,08/01/2023 05:07:40,9.52,,,
21987,08/01/2023 05:10:40,9.65,,,
21988,08/01/2023 05:13:40,9.65,,,
21989,08/01/2023 05:16:40,10.04,,,
21990,08/01/2023 05:19:40,10.72,,,
21991,08/01/2023 05:22:40,11.28,,,
21992,08/01/2023 05:25:40,11.58,,,
21993,08/01/2023 05:28:40,11.84,,,
21994,08/01/2023 05:31:40,11.84,,,
21995,08/01/2023 05:34:40,11.58,,,
21996,08/01/2023 05:37:40,11.28,,,
21997,08/01/2023 05:40:40,10.98,,,
21998,08/01/2023 05:43:40,10.72,,,
21999,08/01/2023 05:46:40,11.19,,,
22000,08/01/2023 05:49:40,11.15,,,
22001,08/01/2023 05:52:40,10.68,,,
22002,08/01/2023 05:55:40,10.29,,,
22003,08/01/2023 05:58:40,10.38,,,
22004,08/01/2023 06:01:40,10.21,,,
22005,08/01/2023 06:04:40,10.08,,,
22006,08/01/2023 06:07:40,10.08,,,
22007,08/01/2023 06:10:40,9.78,,,
22008,08/01/2023 06:13:40,9.61,,,
22009,08/01/2023 06:16:40,9.52,,,
22010,08/01/2023 06:19:40,9.74,,,
22011,08/01/2023 06:22:40,10.34,,,
22012,08/01/2023 06:25:40,10.21,,,
22013,08/01/2023 06:28:40,10.04,,,
22014,08/01/2023 06:31:40,9.95,,,
22015,08/01/2023 06:34:40,10.12,,,
22016,08/01/2023 06:37:40,10.34,,,
22017,08/01/2023 06:40:40,10.38,,,
22018,08/01/2023 06:43:40,10.42,,,
22019,08/01/2023 06:46:40,10.55,,,
22020,08/01/2023 06:49:40,10.46,,,
22021,08/01/2023 06:52:40,10.46,,,
22022,08/01/2023 06:55:40,10.77,,,
22023,08/01/2023 06:58:40,10.81,,,
22024,08/01/2023 07:01:40,10.85,,,
22025,08/01/2023 07:04:40,10.81,,,
22026,08/01/2023 07:07:40,10.77,,,
22027,08/01/2023 07:10:40,10.89,,,
22028,08/01/2023 07:13:40,11.19,,,
22029,08/01/2023 07:16:40,11.54,,,
22030,08/01/2023 07:19:40,11.62,,,
22031,08/01/2023 07:22:40,11.54,,,
22032,08/01/2023 07:25:40,11.37,,,
22033,08/01/2023 07:28:40,11.49,,,
22034,08/01/2023 07:31:40,11.54,,,
22035,08/01/2023 07:34:40,11.67,,,
22036,08/01/2023 07:37:40,11.71,,,
22037,08/01/2023 07:40:40,11.58,,,
22038,08/01/2023 07:43:40,11.75,,,
22039,08/01/2023 07:46:40,12.05,,,
22040,08/01/2023 07:49:40,11.88,,,
22041,08/01/2023 07:52:40,11.79,,,
22042,08/01/2023 07:55:40,11.88,,,
22043,08/01/2023 07:58:40,12.01,,,
22044,08/01/2023 08:01:40,12.31,,,
22045,08/01/2023 08:04:40,12.48,,,
22046,08/01/2023 08:07:40,12.57,,,
22047,08/01/2023 08:10:40,12.52,,,
22048,08/01/2023 08:13:40,12.78,,,
22049,08/01/2023 08:16:40,12.82,,,
22050,08/01/2023 08:19:40,12.87,,,
22051,08/01/2023 08:22:40,13.04,,,
22052,08/01/2023 08:25:40,13.30,,,
22053,08/01/2023 08:28:40,13.64,,,
22054,08/01/2023 08:31:40,14.03,,,
22055,08/01/2023 08:34:40,14.75,,,
22056,08/01/2023 08:37:40,15.06,,,
22057,08/01/2023 08:40:40,15.44,,,
22058,08/01/2023 08:43:40,16.30,,,
22059,08/01/2023 08:46:40,17.84,,,
22060,08/01/2023 08:49:40,18.79,,,
22061,08/01/2023 08:52:40,19.90,,,
22062,08/01/2023 08:55:40,19.39,,,
22063,08/01/2023 08:58:40,19.22,,,
22064,08/01/2023 09:01:40,20.50,,,
22065,08/01/2023 09:04:40,19.52,,,
22066,08/01/2023 09:07:40,20.07,,,
22067,08/01/2023 09:10:40,19.26,,,
22068,08/01/2023 09:13:40,18.57,,,
22069,08/01/2023 09:16:40,18.83,,,
22070,08/01/2023 09:19:40,19.00,,,
22071,08/01/2023 09:22:40,19.22,,,
22072,08/01/2023 09:25:40,20.03,,,
22073,08/01/2023 09:28:40,20.42,,,
22074,08/01/2023 09:31:40,19.26,,,
22075,08/01/2023 09:34:40,20.25,,,
22076,08/01/2023 09:37:40,21.15,,,
22077,08/01/2023 09:40:40,21.36,,,
22078,08/01/2023 09:43:40,20.63,,,
22079,08/01/2023 09:46:40,21.32,,,
22080,08/01/2023 09:49:40,20.50,,,
22081,08/01/2023 09:52:40,22.18,,,
22082,08/01/2023 09:55:40,21.15,,,
22083,08/01/2023 09:58:40,20.55,,,
22084,08/01/2023 10:01:40,21.45,,,
22085,08/01/2023 10:04:40,22.05,,,
22086,08/01/2023 10:07:40,21.15,,,
22087,08/01/2023 10:10:40,21.70,,,
22088,08/01/2023 10:13:40,21.75,,,
22089,08/01/2023 10:16:40,22.05,,,
22090,08/01/2023 10:19:40,21.40,,,
22091,08/01/2023 10:22:40,22.73,,,
22092,08/01/2023 10:25:40,21.36,,,
22093,08/01/2023 10:28:40,21.58,,,
22094,08/01/2023 10:31:40,21.75,,,
22095,08/01/2023 10:34:40,22.69,,,
22096,08/01/2023 10:37:40,23.34,,,
22097,08/01/2023 10:40:40,22.99,,,
22098,08/01/2023 10:43:40,22.65,,,
22099,08/01/2023 10:46:40,22.73,,,
22100,08/01/2023 10:49:40,23.46,,,
22101,08/01/2023 10:52:40,22.95,,,
22102,08/01/2023 10:55:40,22.56,,,
22103,08/01/2023 10:58:40,23.34,,,
22104,08/01/2023 11:01:40,23.34,,,
22105,08/01/2023 11:04:40,24.15,,,
22106,08/01/2023 11:07:40,23.21,,,
22107,08/01/2023 11:10:40,22.91,,,
22108,08/01/2023 11:13:40,23.85,,,
22109,08/01/2023 11:16:40,24.45,,,
22110,08/01/2023 11:19:40,25.65,,,
22111,08/01/2023 11:22:40,23.59,,,
22112,08/01/2023 11:25:40,23.29,,,
22113,08/01/2023 11:28:40,22.95,,,
22114,08/01/2023 11:31:40,23.68,,,
22115,08/01/2023 11:34:40,22.82,,,
22116,08/01/2023 11:37:40,24.11,,,
22117,08/01/2023 11:40:40,24.41,,,
22118,08/01/2023 11:43:40,22.91,,,
22119,08/01/2023 11:46:40,23.38,,,
22120,08/01/2023 11:49:40,22.61,,,
22121,08/01/2023 11:52:40,21.79,,,
22122,08/01/2023 11:55:40,22.56,,,
22123,08/01/2023 11:58:40,23.34,,,
22124,08/01/2023 12:01:40,22.56,,,
22125,08/01/2023 12:04:40,22.26,,,
22126,08/01/2023 12:07:40,22.73,,,
22127,08/01/2023 12:10:40,22.01,,,
22128,08/01/2023 12:13:40,22.01,,,
22129,08/01/2023 12:16:40,22.31,,,
22130,08/01/2023 12:19:40,22.01,,,
22131,08/01/2023 12:22:40,22.05,,,
22132,08/01/2023 12:25:40,22.09,,,
22133,08/01/2023 12:28:40,22.78,,,
22134,08/01/2023 12:31:40,23.64,,,
22135,08/01/2023 12:34:40,24.28,,,
22136,08/01/2023 12:37:40,24.28,,,
22137,08/01/2023 12:40:40,24.15,,,
22138,08/01/2023 12:43:40,24.45,,,
22139,08/01/2023 12:46:40,24.84,,,
22140,08/01/2023 12:49:40,24.66,,,
22141,08/01/2023 12:52:40,25.78,,,
22142,08/01/2023 12:55:40,25.91,,,
22143,08/01/2023 12:58:40,24.28,,,
22144,08/01/2023 13:01:40,24.15,,,
22145,08/01/2023 13:04:40,25.87,,,
22146,08/01/2023 13:07:40,25.48,,,
22147,08/01/2023 13:10:40,25.91,,,
22148,08/01/2023 13:13:40,25.74,,,
22149,08/01/2023 13:16:40,25.65,,,
22150,08/01/2023 13:19:40,26.21,,,
22151,08/01/2023 13:22:40,25.57,,,
22152,08/01/2023 13:25:40,25.82,,,
22153,08/01/2023 13:28:40,25.05,,,
22154,08/01/2023 13:31:40,25.48,,,
22155,08/01/2023 13:34:40,25.31,,,
22156,08/01/2023 13:37:40,23.38,,,
22157,08/01/2023 13:40:40,23.12,,,
22158,08/01/2023 13:43:40,24.15,,,
22159,08/01/2023 13:46:40,24.19,,,
22160,08/01/2023 13:49:40,23.68,,,
22161,08/01/2023 13:52:40,23.46,,,
22162,08/01/2023 13:55:40,23.21,,,
22163,08/01/2023 13:58:40,23.29,,,
22164,08/01/2023 14:01:40,23.16,,,
22165,08/01/2023 14:04:40,23.16,,,
22166,08/01/2023 14:07:40,23.08,,,
22167,08/01/2023 14:10:40,23.21,,,
22168,08/01/2023 14:13:40,22.95,,,
22169,08/01/2023 14:16:40,22.61,,,
22170,08/01/2023 14:19:40,21.96,,,
22171,08/01/2023 14:22:40,21.45,,,
22172,08/01/2023 14:25:40,21.32,,,
22173,08/01/2023 14:28:40,20.55,,,
22174,08/01/2023 14:31:40,19.69,,,
22175,08/01/2023 14:34:40,18.83,,,
22176,08/01/2023 14:37:40,18.27,,,
22177,08/01/2023 14:40:40,17.80,,,
22178,08/01/2023 14:43:40,17.37,,,
22179,08/01/2023 14:46:40,17.16,,,
22180,08/01/2023 14:49:40,17.37,,,
22181,08/01/2023 14:52:40,17.84,,,
22182,08/01/2023 14:55:40,18.83,,,
22183,08/01/2023 14:58:40,19.73,,,
22184,08/01/2023 15:01:40,19.82,,,
22185,08/01/2023 15:04:40,19.95,,,
22186,08/01/2023 15:07:40,19.43,,,
22187,08/01/2023 15:10:40,20.29,,,
22188,08/01/2023 15:13:40,20.20,,,
22189,08/01/2023 15:16:40,20.16,,,
22190,08/01/2023 15:19:40,20.20,,,
22191,08/01/2023 15:22:40,19.95,,,
22192,08/01/2023 15:25:40,19.95,,,
22193,08/01/2023 15:28:40,20.33,,,
22194,08/01/2023 15:31:40,20.46,,,
22195,08/01/2023 15:34:40,20.50,,,
22196,08/01/2023 15:37:40,20.72,,,
22197,08/01/2023 15:40:40,20.98,,,
22198,08/01/2023 15:43:40,20.76,,,
22199,08/01/2023 15:46:40,20.72,,,
22200,08/01/2023 15:49:40,20.63,,,
22201,08/01/2023 15:52:40,20.42,,,
22202,08/01/2023 15:55:40,19.86,,,
22203,08/01/2023 15:58:40,19.35,,,
22204,08/01/2023 16:01:40,19.00,,,
22205,08/01/2023 16:04:40,18.66,,,
22206,08/01/2023 16:07:40,18.44,,,
22207,08/01/2023 16:10:40,18.32,,,
22208,08/01/2023 16:13:40,18.10,,,
22209,08/01/2023 16:16:40,18.02,,,
22210,08/01/2023 16:19:40,17.72,,,
22211,08/01/2023 16:22:40,17.20,,,
22212,08/01/2023 16:25:40,16.69,,,
22213,08/01/2023 16:28:40,16.51,,,
22214,08/01/2023 16:31:40,16.43,,,
22215,08/01/2023 16:34:40,16.34,,,
22216,08/01/2023 16:37:40,15.87,,,
22217,08/01/2023 16:40:40,15.83,,,
22218,08/01/2023 16:43:40,16.08,,,
22219,08/01/2023 16:46:40,16.30,,,
22220,08/01/2023 16:49:40,16.47,,,
22221,08/01/2023 16:52:40,16.43,,,
22222,08/01/2023 16:55:40,16.77,,,
22223,08/01/2023 16:58:40,17.03,,,
22224,08/01/2023 17:01:40,17.11,,,
22225,08/01/2023 17:04:40,17.24,,,
22226,08/01/2023 17:07:40,17.54,,,
22227,08/01/2023 17:10:40,17.41,,,
22228,08/01/2023 17:13:40,17.50,,,
22229,08/01/2023 17:16:40,18.06,,,
22230,08/01/2023 17:19:40,18.40,,,
22231,08/01/2023 17:22:40,18.36,,,
22232,08/01/2023 17:25:40,19.00,,,
22233,08/01/2023 17:28:40,20.03,,,
22234,08/01/2023 17:31:40,19.73,,,
22235,08/01/2023 17:34:40,19.73,,,
22236,08/01/2023 17:37:40,19.13,,,
22237,08/01/2023 17:40:40,18.87,,,
22238,08/01/2023 17:43:40,17.97,,,
22239,08/01/2023 17:46:40,17.63,,,
22240,08/01/2023 17:49:40,18.10,,,
22241,08/01/2023 17:52:40,18.27,,,
22242,08/01/2023 17:55:40,18.79,,,
22243,08/01/2023 17:58:40,18.83,,,
22244,08/01/2023 18:01:40,18.79,,,
22245,08/01/2023 18:04:40,18.96,,,
22246,08/01/2023 18:07:40,19.09,,,
22247,08/01/2023 18:10:40,19.05,,,
22248,08/01/2023 18:13:40,18.87,,,
22249,08/01/2023 18:16:40,18.62,,,
22250,08/01/2023 18:19:40,18.40,,,
22251,08/01/2023 18:22:40,18.06,,,
22252,08/01/2023 18:25:40,18.14,,,
22253,08/01/2023 18:28:40,18.36,,,
22254,08/01/2023 18:31:40,18.44,,,
22255,08/01/2023 18:34:40,18.40,,,
22256,08/01/2023 18:37:40,18.44,,,
22257,08/01/2023 18:40:40,18.06,,,
22258,08/01/2023 18:43:40,17.67,,,
22259,08/01/2023 18:46:40,17.59,,,
22260,08/01/2023 18:49:40,17.50,,,
22261,08/01/2023 18:52:40,17.97,,,
22262,08/01/2023 18:55:40,17.97,,,
22263,08/01/2023 18:58:40,17.67,,,
22264,08/01/2023 19:01:40,17.59,,,
22265,08/01/2023 19:04:40,17.50,,,
22266,08/01/2023 19:07:40,17.50,,,
22267,08/01/2023 19:10:40,17.46,,,
22268,08/01/2023 19:13:40,17.50,,,
22269,08/01/2023 19:16:40,17.59,,,
22270,08/01/2023 19:19:40,17.54,,,
22271,08/01/2023 19:22:40,17.59,,,
22272,08/01/2023 19:25:40,17.50,,,
22273,08/01/2023 19:28:40,17.37,,,
22274,08/01/2023 19:31:40,17.24,,,
22275,08/01/2023 19:34:40,17.11,,,
22276,08/01/2023 19:37:40,16.90,,,
22277,08/01/2023 19:40:40,16.60,,,
22278,08/01/2023 19:43:40,16.34,,,
22279,08/01/2023 19:46:40,16.08,,,
22280,08/01/2023 19:49:40,16.04,,,
22281,08/01/2023 19:52:40,15.83,,,
22282,08/01/2023 19:55:40,15.87,,,
22283,08/01/2023 19:58:40,15.83,,,
22284,08/01/2023 20:01:40,15.57,,,
22285,08/01/2023 20:04:40,15.48,,,
22286,08/01/2023 20:07:40,15.27,,,
22287,08/01/2023 20:10:40,15.06,,,
22288,08/01/2023 20:13:40,14.84,,,
22289,08/01/2023 20:16:40,14.71,,,
22290,08/01/2023 20:19:40,14.71,,,
22291,08/01/2023 20:22:40,14.67,,,
22292,08/01/2023 20:25:40,14.58,,,
22293,08/01/2023 20:28:40,14.41,,,
22294,08/01/2023 20:31:40,14.15,,,
22295,08/01/2023 20:34:40,14.11,,,
22296,08/01/2023 20:37:40,14.03,,,
22297,08/01/2023 20:40:40,13.81,,,
22298,08/01/2023 20:43:40,13.55,,,
22299,08/01/2023 20:46:40,13.25,,,
22300,08/01/2023 20:49:40,13.17,,,
22301,08/01/2023 20:52:40,12.87,,,
22302,08/01/2023 20:55:40,13.08,,,
22303,08/01/2023 20:58:40,12.87,,,
22304,08/01/2023 21:01:40,12.78,,,
22305,08/01/2023 21:04:40,12.48,,,
22306,08/01/2023 21:07:40,12.35,,,
22307,08/01/2023 21:10:40,12.01,,,
22308,08/01/2023 21:13:40,12.18,,,
22309,08/01/2023 21:16:40,12.10,,,
22310,08/01/2023 21:19:40,11.97,,,
22311,08/01/2023 21:22:40,11.88,,,
22312,08/01/2023 21:25:40,11.75,,,
22313,08/01/2023 21:28:40,11.62,,,
22314,08/01/2023 21:31:40,11.67,,,
22315,08/01/2023 21:34:40,11.79,,,
22316,08/01/2023 21:37:40,11.32,,,
22317,08/01/2023 21:40:40,10.98,,,
22318,08/01/2023 21:43:40,10.94,,,
22319,08/01/2023 21:46:40,10.77,,,
22320,08/01/2023 21:49:40,10.68,,,
22321,08/01/2023 21:52:40,10.77,,,
22322,08/01/2023 21:55:40,10.72,,,
22323,08/01/2023 21:58:40,10.72,,,
22324,08/01/2023 22:01:40,10.68,,,
22325,08/01/2023 22:04:40,10.98,,,
22326,08/01/2023 22:07:40,11.19,,,
22327,08/01/2023 22:10:40,11.02,,,
22328,08/01/2023 22:13:40,10.98,,,
22329,08/01/2023 22:16:40,10.94,,,
22330,08/01/2023 22:19:40,10.59,,,
22331,08/01/2023 22:22:40,10.38,,,
22332,08/01/2023 22:25:40,10.16,,,
22333,08/01/2023 22:28:40,10.34,,,
22334,08/01/2023 22:31:40,10.55,,,
22335,08/01/2023 22:34:40,10.64,,,
22336,08/01/2023 22:37:40,10.51,,,
22337,08/01/2023 22:40:40,10.34,,,
22338,08/01/2023 22:43:40,10.34,,,
22339,08/01/2023 22:46:40,10.16,,,
22340,08/01/2023 22:49:40,9.99,,,
22341,08/01/2023 22:52:40,9.78,,,
22342,08/01/2023 22:55:40,9.69,,,
22343,08/01/2023 22:58:40,9.69,,,
22344,08/01/2023 23:01:40,9.78,,,
22345,08/01/2023 23:04:40,9.82,,,
22346,08/01/2023 23:07:40,9.95,,,
22347,08/01/2023 23:10:40,9.74,,,
22348,08/01/2023 23:13:40,9.56,,,
22349,08/01/2023 23:16:40,9.52,,,
22350,08/01/2023 23:19:40,9.48,,,
22351,08/01/2023 23:22:40,9.31,,,
22352,08/01/2023 23:25:40,9.26,,,
22353,08/01/2023 23:28:40,9.26,,,
22354,08/01/2023 23:31:40,9.44,,,
22355,08/01/2023 23:34:40,9.44,,,
22356,08/01/2023 23:37:40,9.22,,,
22357,08/01/2023 23:40:40,9.09,,,
22358,08/01/2023 23:43:40,9.14,,,
22359,08/01/2023 23:46:40,9.22,,,
22360,08/01/2023 23:49:40,9.09,,,
22361,08/01/2023 23:52:40,9.18,,,
22362,08/01/2023 23:55:40,9.14,,,
22363,08/01/2023 23:58:40,9.09,,,
22364,08/02/2023 00:01:40,9.01,,,
22365,08/02/2023 00:04:40,8.75,,,
22366,08/02/2023 00:07:40,8.71,,,
22367,08/02/2023 00:10:40,8.66,,,
22368,08/02/2023 00:13:40,8.53,,,
22369,08/02/2023 00:16:40,8.28,,,
22370,08/02/2023 00:19:40,8.23,,,
22371,08/02/2023 00:22:40,8.28,,,
22372,08/02/2023 00:25:40,8.28,,,
22373,08/02/2023 00:28:40,8.23,,,
22374,08/02/2023 00:31:40,8.32,,,
22375,08/02/2023 00:34:40,8.11,,,
22376,08/02/2023 00:37:40,8.19,,,
22377,08/02/2023 00:40:40,8.19,,,
22378,08/02/2023 00:43:40,8.36,,,
22379,08/02/2023 00:46:40,8.36,,,
22380,08/02/2023 00:49:40,8.45,,,
22381,08/02/2023 00:52:40,8.58,,,
22382,08/02/2023 00:55:40,8.66,,,
22383,08/02/2023 00:58:40,8.62,,,
22384,08/02/2023 01:01:40,8.53,,,
22385,08/02/2023 01:04:40,8.19,,,
22386,08/02/2023 01:07:40,8.19,,,
22387,08/02/2023 01:10:40,8.19,,,
22388,08/02/2023 01:13:40,8.36,,,
22389,08/02/2023 01:16:40,8.45,,,
22390,08/02/2023 01:19:40,8.36,,,
22391,08/02/2023 01:22:40,8.45,,,
22392,08/02/2023 01:25:40,8.28,,,
22393,08/02/2023 01:28:40,8.32,,,
22394,08/02/2023 01:31:40,8.45,,,
22395,08/02/2023 01:34:40,8.32,,,
22396,08/02/2023 01:37:40,8.15,,,
22397,08/02/2023 01:40:40,8.06,,,
22398,08/02/2023 01:43:40,8.02,,,
22399,08/02/2023 01:46:40,8.23,,,
22400,08/02/2023 01:49:40,8.19,,,
22401,08/02/2023 01:52:40,8.02,,,
22402,08/02/2023 01:55:40,7.93,,,
22403,08/02/2023 01:58:40,7.76,,,
22404,08/02/2023 02:01:40,7.72,,,
22405,08/02/2023 02:04:40,7.76,,,
22406,08/02/2023 02:07:40,7.76,,,
22407,08/02/2023 02:10:40,7.76,,,
22408,08/02/2023 02:13:40,7.63,,,
22409,08/02/2023 02:16:40,7.55,,,
22410,08/02/2023 02:19:40,7.89,,,
22411,08/02/2023 02:22:40,7.81,,,
22412,08/02/2023 02:25:40,7.81,,,
22413,08/02/2023 02:28:40,7.81,,,
22414,08/02/2023 02:31:40,7.63,,,
22415,08/02/2023 02:34:40,7.42,,,
22416,08/02/2023 02:37:40,7.25,,,
22417,08/02/2023 02:40:40,7.33,,,
22418,08/02/2023 02:43:40,7.38,,,
22419,08/02/2023 02:46:40,7.46,,,
22420,08/02/2023 02:49:40,7.55,,,
22421,08/02/2023 02:52:40,7.50,,,
22422,08/02/2023 02:55:40,7.25,,,
22423,08/02/2023 02:58:40,7.20,,,
22424,08/02/2023 03:01:40,7.38,,,
22425,08/02/2023 03:04:40,7.25,,,
22426,08/02/2023 03:07:40,6.99,,,
22427,08/02/2023 03:10:40,7.03,,,
22428,08/02/2023 03:13:40,6.95,,,
22429,08/02/2023 03:16:40,6.90,,,
22430,08/02/2023 03:19:40,6.78,,,
22431,08/02/2023 03:22:40,6.90,,,
22432,08/02/2023 03:25:40,6.99,,,
22433,08/02/2023 03:28:40,7.12,,,
22434,08/02/2023 03:31:40,6.99,,,
22435,08/02/2023 03:34:40,6.56,,,
22436,08/02/2023 03:37:40,6.56,,,
22437,08/02/2023 03:40:40,6.43,,,
22438,08/02/2023 03:43:40,6.43,,,
22439,08/02/2023 03:46:40,6.26,,,
22440,08/02/2023 03:49:40,6.30,,,
22441,08/02/2023 03:52:40,6.30,,,
22442,08/02/2023 03:55:40,6.13,,,
22443,08/02/2023 03:58:40,6.09,,,
22444,08/02/2023 04:01:40,6.39,,,
22445,08/02/2023 04:04:40,6.30,,,
22446,08/02/2023 04:07:40,6.26,,,
22447,08/02/2023 04:10:40,6.17,,,
22448,08/02/2023 04:13:40,6.35,,,
22449,08/02/2023 04:16:40,6.52,,,
22450,08/02/2023 04:19:40,6.52,,,
22451,08/02/2023 04:22:40,6.39,,,
22452,08/02/2023 04:25:40,6.26,,,
22453,08/02/2023 04:28:40,5.83,,,
22454,08/02/2023 04:31:40,5.70,,,
22455,08/02/2023 04:34:40,5.75,,,
22456,08/02/2023 04:37:40,5.75,,,
22457,08/02/2023 04:40:40,5.70,,,
22458,08/02/2023 04:43:40,5.75,,,
22459,08/02/2023 04:46:40,5.75,,,
22460,08/02/2023 04:49:40,5.87,,,
22461,08/02/2023 04:52:40,5.75,,,
22462,08/02/2023 04:55:40,5.66,,,
22463,08/02/2023 04:58:40,5.62,,,
22464,08/02/2023 05:01:40,5.32,,,
22465,08/02/2023 05:04:40,5.32,,,
22466,08/02/2023 05:07:40,5.36,,,
22467,08/02/2023 05:10:40,5.15,,,
22468,08/02/2023 05:13:40,5.27,,,
22469,08/02/2023 05:16:40,5.23,,,
22470,08/02/2023 05:19:40,5.10,,,
22471,08/02/2023 05:22:40,5.15,,,
22472,08/02/2023 05:25:40,4.84,,,
22473,08/02/2023 05:28:40,4.76,,,
22474,08/02/2023 05:31:40,4.93,,,
22475,08/02/2023 05:34:40,4.84,,,
22476,08/02/2023 05:37:40,4.84,,,
22477,08/02/2023 05:40:40,5.02,,,
22478,08/02/2023 05:43:40,5.02,,,
22479,08/02/2023 05:46:40,5.23,,,
22480,08/02/2023 05:49:40,5.06,,,
22481,08/02/2023 05:52:40,5.06,,,
22482,08/02/2023 05:55:40,4.76,,,
22483,08/02/2023 05:58:40,4.67,,,
22484,08/02/2023 06:01:40,4.67,,,
22485,08/02/2023 06:04:40,4.80,,,
22486,08/02/2023 06:07:40,5.06,,,
22487,08/02/2023 06:10:40,5.15,,,
22488,08/02/2023 06:13:40,5.15,,,
22489,08/02/2023 06:16:40,5.23,,,
22490,08/02/2023 06:19:40,5.45,,,
22491,08/02/2023 06:22:40,5.62,,,
22492,08/02/2023 06:25:40,5.92,,,
22493,08/02/2023 06:28:40,6.05,,,
22494,08/02/2023 06:31:40,6.13,,,
22495,08/02/2023 06:34:40,6.05,,,
22496,08/02/2023 06:37:40,6.00,,,
22497,08/02/2023 06:40:40,6.00,,,
22498,08/02/2023 06:43:40,6.09,,,
22499,08/02/2023 06:46:40,6.09,,,
22500,08/02/2023 06:49:40,6.17,,,
22501,08/02/2023 06:52:40,6.05,,,
22502,08/02/2023 06:55:40,6.17,,,
22503,08/02/2023 06:58:40,6.86,,,
22504,08/02/2023 07:01:40,7.42,,,
22505,08/02/2023 07:04:40,7.76,,,
22506,08/02/2023 07:07:40,7.93,,,
22507,08/02/2023 07:10:40,8.23,,,
22508,08/02/2023 07:13:40,8.53,,,
22509,08/02/2023 07:16:40,8.92,,,
22510,08/02/2023 07:19:40,9.14,,,
22511,08/02/2023 07:22:40,9.14,,,
22512,08/02/2023 07:25:40,9.39,,,
22513,08/02/2023 07:28:40,10.08,,,
22514,08/02/2023 07:31:40,10.21,,,
22515,08/02/2023 07:34:40,10.46,,,
22516,08/02/2023 07:37:40,10.81,,,
22517,08/02/2023 07:40:40,11.02,,,
22518,08/02/2023 07:43:40,11.84,,,
22519,08/02/2023 07:46:40,11.11,,,
22520,08/02/2023 07:49:40,10.77,,,
22521,08/02/2023 07:52:40,11.02,,,
22522,08/02/2023 07:55:40,11.19,,,
22523,08/02/2023 07:58:40,11.62,,,
22524,08/02/2023 08:01:40,11.37,,,
22525,08/02/2023 08:04:40,11.67,,,
22526,08/02/2023 08:07:40,12.48,,,
22527,08/02/2023 08:10:40,13.12,,,
22528,08/02/2023 08:13:40,12.61,,,
22529,08/02/2023 08:16:40,12.61,,,
22530,08/02/2023 08:19:40,13.08,,,
22531,08/02/2023 08:22:40,13.43,,,
22532,08/02/2023 08:25:40,13.17,,,
22533,08/02/2023 08:28:40,13.43,,,
22534,08/02/2023 08:31:40,14.20,,,
22535,08/02/2023 08:34:40,14.28,,,
22536,08/02/2023 08:37:40,15.06,,,
22537,08/02/2023 08:40:40,15.53,,,
22538,08/02/2023 08:43:40,15.70,,,
22539,08/02/2023 08:46:40,16.21,,,
22540,08/02/2023 08:49:40,18.10,,,
22541,08/02/2023 08:52:40,18.27,,,
22542,08/02/2023 08:55:40,16.34,,,
22543,08/02/2023 08:58:40,16.64,,,
22544,08/02/2023 09:01:40,16.69,,,
22545,08/02/2023 09:04:40,16.60,,,
22546,08/02/2023 09:07:40,16.21,,,
22547,08/02/2023 09:10:40,16.60,,,
22548,08/02/2023 09:13:40,16.34,,,
22549,08/02/2023 09:16:40,16.64,,,
22550,08/02/2023 09:19:40,17.16,,,
22551,08/02/2023 09:22:40,16.69,,,
22552,08/02/2023 09:25:40,17.16,,,
22553,08/02/2023 09:28:40,16.99,,,
22554,08/02/2023 09:31:40,17.03,,,
22555,08/02/2023 09:34:40,17.29,,,
22556,08/02/2023 09:37:40,17.37,,,
22557,08/02/2023 09:40:40,17.41,,,
22558,08/02/2023 09:43:40,17.54,,,
22559,08/02/2023 09:46:40,17.54,,,
22560,08/02/2023 09:49:40,17.54,,,
22561,08/02/2023 09:52:40,17.72,,,
22562,08/02/2023 09:55:40,18.23,,,
22563,08/02/2023 09:58:40,17.54,,,
22564,08/02/2023 10:01:40,18.14,,,
22565,08/02/2023 10:04:40,18.27,,,
22566,08/02/2023 10:07:40,18.79,,,
22567,08/02/2023 10:10:40,18.66,,,
22568,08/02/2023 10:13:40,19.00,,,
22569,08/02/2023 10:16:40,19.26,,,
22570,08/02/2023 10:19:40,19.73,,,
22571,08/02/2023 10:22:40,19.95,,,
22572,08/02/2023 10:25:40,19.77,,,
22573,08/02/2023 10:28:40,20.33,,,
22574,08/02/2023 10:31:40,20.25,,,
22575,08/02/2023 10:34:40,19.99,,,
22576,08/02/2023 10:37:40,20.25,,,
22577,08/02/2023 10:40:40,19.90,,,
22578,08/02/2023 10:43:40,20.12,,,
22579,08/02/2023 10:46:40,19.73,,,
22580,08/02/2023 10:49:40,19.65,,,
22581,08/02/2023 10:52:40,20.12,,,
22582,08/02/2023 10:55:40,19.73,,,
22583,08/02/2023 10:58:40,19.99,,,
22584,08/02/2023 11:01:40,20.50,,,
22585,08/02/2023 11:04:40,19.60,,,
22586,08/02/2023 11:07:40,19.69,,,
22587,08/02/2023 11:10:40,19.00,,,
22588,08/02/2023 11:13:40,20.07,,,
22589,08/02/2023 11:16:40,20.68,,,
22590,08/02/2023 11:19:40,20.33,,,
22591,08/02/2023 11:22:40,21.32,,,
22592,08/02/2023 11:25:40,21.32,,,
22593,08/02/2023 11:28:40,21.62,,,
22594,08/02/2023 11:31:40,21.40,,,
22595,08/02/2023 11:34:40,21.19,,,
22596,08/02/2023 11:37:40,20.07,,,
22597,08/02/2023 11:40:40,19.86,,,
22598,08/02/2023 11:43:40,21.36,,,
22599,08/02/2023 11:46:40,22.22,,,
22600,08/02/2023 11:49:40,21.70,,,
22601,08/02/2023 11:52:40,22.31,,,
22602,08/02/2023 11:55:40,22.56,,,
22603,08/02/2023 11:58:40,23.21,,,
22604,08/02/2023 12:01:40,23.94,,,
22605,08/02/2023 12:04:40,23.59,,,
22606,08/02/2023 12:07:40,23.64,,,
22607,08/02/2023 12:10:40,23.21,,,
22608,08/02/2023 12:13:40,23.08,,,
22609,08/02/2023 12:16:40,22.69,,,
22610,08/02/2023 12:19:40,24.41,,,
22611,08/02/2023 12:22:40,25.09,,,
22612,08/02/2023 12:25:40,24.06,,,
22613,08/02/2023 12:28:40,22.39,,,
22614,08/02/2023 12:31:40,22.31,,,
22615,08/02/2023 12:34:40,22.18,,,
22616,08/02/2023 12:37:40,21.88,,,
22617,08/02/2023 12:40:40,21.49,,,
22618,08/02/2023 12:43:40,23.21,,,
22619,08/02/2023 12:46:40,24.19,,,
22620,08/02/2023 12:49:40,26.04,,,
22621,08/02/2023 12:52:40,24.54,,,
22622,08/02/2023 12:55:40,24.19,,,
22623,08/02/2023 12:58:40,23.94,,,
22624,08/02/2023 13:01:40,23.25,,,
22625,08/02/2023 13:04:40,22.86,,,
22626,08/02/2023 13:07:40,22.05,,,
22627,08/02/2023 13:10:40,21.83,,,
22628,08/02/2023 13:13:40,21.66,,,
22629,08/02/2023 13:16:40,21.92,,,
22630,08/02/2023 13:19:40,23.59,,,
22631,08/02/2023 13:22:40,23.89,,,
22632,08/02/2023 13:25:40,24.19,,,
22633,08/02/2023 13:28:40,23.03,,,
22634,08/02/2023 13:31:40,23.29,,,
22635,08/02/2023 13:34:40,24.41,,,
22636,08/02/2023 13:37:40,24.66,,,
22637,08/02/2023 13:40:40,25.01,,,
22638,08/02/2023 13:43:40,26.17,,,
22639,08/02/2023 13:46:40,25.95,,,
22640,08/02/2023 13:49:40,24.49,,,
22641,08/02/2023 13:52:40,25.61,,,
22642,08/02/2023 13:55:40,24.66,,,
22643,08/02/2023 13:58:40,24.36,,,
22644,08/02/2023 14:01:40,25.69,,,
22645,08/02/2023 14:04:40,25.27,,,
22646,08/02/2023 14:07:40,23.51,,,
22647,08/02/2023 14:10:40,23.34,,,
22648,08/02/2023 14:13:40,23.51,,,
22649,08/02/2023 14:16:40,23.42,,,
22650,08/02/2023 14:19:40,24.06,,,
22651,08/02/2023 14:22:40,23.98,,,
22652,08/02/2023 14:25:40,24.97,,,
22653,08/02/2023 14:28:40,25.52,,,
22654,08/02/2023 14:31:40,25.18,,,
22655,08/02/2023 14:34:40,25.14,,,
22656,08/02/2023 14:37:40,25.74,,,
22657,08/02/2023 14:40:40,25.74,,,
22658,08/02/2023 14:43:40,26.04,,,
22659,08/02/2023 14:46:40,26.17,,,
22660,08/02/2023 14:49:40,26.34,,,
22661,08/02/2023 14:52:40,26.81,,,
22662,08/02/2023 14:55:40,26.98,,,
22663,08/02/2023 14:58:40,26.60,,,
22664,08/02/2023 15:01:40,27.11,,,
22665,08/02/2023 15:04:40,26.94,,,
22666,08/02/2023 15:07:40,26.21,,,
22667,08/02/2023 15:10:40,25.44,,,
22668,08/02/2023 15:13:40,25.65,,,
22669,08/02/2023 15:16:40,26.04,,,
22670,08/02/2023 15:19:40,24.88,,,
22671,08/02/2023 15:22:40,24.71,,,
22672,08/02/2023 15:25:40,26.04,,,
22673,08/02/2023 15:28:40,26.77,,,
22674,08/02/2023 15:31:40,26.60,,,
22675,08/02/2023 15:34:40,26.47,,,
22676,08/02/2023 15:37:40,26.47,,,
22677,08/02/2023 15:40:40,26.30,,,
22678,08/02/2023 15:43:40,26.25,,,
22679,08/02/2023 15:46:40,26.98,,,
22680,08/02/2023 15:49:40,25.95,,,
22681,08/02/2023 15:52:40,26.08,,,
22682,08/02/2023 15:55:40,26.42,,,
22683,08/02/2023 15:58:40,26.12,,,
22684,08/02/2023 16:01:40,25.65,,,
22685,08/02/2023 16:04:40,26.47,,,
22686,08/02/2023 16:07:40,26.42,,,
22687,08/02/2023 16:10:40,25.95,,,
22688,08/02/2023 16:13:40,25.52,,,
22689,08/02/2023 16:16:40,24.88,,,
22690,08/02/2023 16:19:40,24.58,,,
22691,08/02/2023 16:22:40,24.19,,,
22692,08/02/2023 16:25:40,24.06,,,
22693,08/02/2023 16:28:40,23.85,,,
22694,08/02/2023 16:31:40,23.59,,,
22695,08/02/2023 16:34:40,23.46,,,
22696,08/02/2023 16:37:40,22.91,,,
22697,08/02/2023 16:40:40,22.69,,,
22698,08/02/2023 16:43:40,22.99,,,
22699,08/02/2023 16:46:40,23.12,,,
22700,08/02/2023 16:49:40,23.34,,,
22701,08/02/2023 16:52:40,23.46,,,
22702,08/02/2023 16:55:40,22.82,,,
22703,08/02/2023 16:58:40,22.43,,,
22704,08/02/2023 17:01:40,22.31,,,
22705,08/02/2023 17:04:40,20.89,,,
22706,08/02/2023 17:07:40,20.42,,,
22707,08/02/2023 17:10:40,20.25,,,
22708,08/02/2023 17:13:40,19.86,,,
22709,08/02/2023 17:16:40,19.17,,,
22710,08/02/2023 17:19:40,18.57,,,
22711,08/02/2023 17:22:40,17.72,,,
22712,08/02/2023 17:25:40,17.37,,,
22713,08/02/2023 17:28:40,17.54,,,
22714,08/02/2023 17:31:40,17.33,,,
22715,08/02/2023 17:34:40,17.24,,,
22716,08/02/2023 17:37:40,17.33,,,
22717,08/02/2023 17:40:40,17.46,,,
22718,08/02/2023 17:43:40,17.67,,,
22719,08/02/2023 17:46:40,17.76,,,
22720,08/02/2023 17:49:40,17.89,,,
22721,08/02/2023 17:52:40,18.10,,,
22722,08/02/2023 17:55:40,17.72,,,
22723,08/02/2023 17:58:40,17.29,,,
22724,08/02/2023 18:01:40,17.16,,,
22725,08/02/2023 18:04:40,17.24,,,
22726,08/02/2023 18:07:40,17.46,,,
22727,08/02/2023 18:10:40,18.19,,,
22728,08/02/2023 18:13:40,18.66,,,
22729,08/02/2023 18:16:40,19.00,,,
22730,08/02/2023 18:19:40,19.26,,,
22731,08/02/2023 18:22:40,19.47,,,
22732,08/02/2023 18:25:40,19.00,,,
22733,08/02/2023 18:28:40,18.83,,,
22734,08/02/2023 18:31:40,18.83,,,
22735,08/02/2023 18:34:40,19.00,,,
22736,08/02/2023 18:37:40,18.87,,,
22737,08/02/2023 18:40:40,18.66,,,
22738,08/02/2023 18:43:40,18.44,,,
22739,08/02/2023 18:46:40,18.23,,,
22740,08/02/2023 18:49:40,18.06,,,
22741,08/02/2023 18:52:40,18.02,,,
22742,08/02/2023 18:55:40,18.02,,,
22743,08/02/2023 18:58:40,17.97,,,
22744,08/02/2023 19:01:40,17.72,,,
22745,08/02/2023 19:04:40,17.54,,,
22746,08/02/2023 19:07:40,17.16,,,
22747,08/02/2023 19:10:40,17.11,,,
22748,08/02/2023 19:13:40,17.07,,,
22749,08/02/2023 19:16:40,17.24,,,
22750,08/02/2023 19:19:40,17.11,,,
22751,08/02/2023 19:22:40,17.24,,,
22752,08/02/2023 19:25:40,17.41,,,
22753,08/02/2023 19:28:40,17.41,,,
22754,08/02/2023 19:31:40,17.24,,,
22755,08/02/2023 19:34:40,17.07,,,
22756,08/02/2023 19:37:40,16.94,,,
22757,08/02/2023 19:40:40,16.77,,,
22758,08/02/2023 19:43:40,16.64,,,
22759,08/02/2023 19:46:40,16.60,,,
22760,08/02/2023 19:49:40,16.77,,,
22761,08/02/2023 19:52:40,16.99,,,
22762,08/02/2023 19:55:40,16.90,,,
22763,08/02/2023 19:58:40,16.81,,,
22764,08/02/2023 20:01:40,16.81,,,
22765,08/02/2023 20:04:40,16.60,,,
22766,08/02/2023 20:07:40,16.34,,,
22767,08/02/2023 20:10:40,16.26,,,
22768,08/02/2023 20:13:40,16.08,,,
22769,08/02/2023 20:16:40,15.91,,,
22770,08/02/2023 20:19:40,16.00,,,
22771,08/02/2023 20:22:40,15.70,,,
22772,08/02/2023 20:25:40,15.36,,,
22773,08/02/2023 20:28:40,15.06,,,
22774,08/02/2023 20:31:40,15.36,,,
22775,08/02/2023 20:34:40,15.48,,,
22776,08/02/2023 20:37:40,15.57,,,
22777,08/02/2023 20:40:40,15.23,,,
22778,08/02/2023 20:43:40,14.84,,,
22779,08/02/2023 20:46:40,14.75,,,
22780,08/02/2023 20:49:40,15.06,,,
22781,08/02/2023 20:52:40,15.06,,,
22782,08/02/2023 20:55:40,15.06,,,
22783,08/02/2023 20:58:40,14.54,,,
22784,08/02/2023 21:01:40,14.45,,,
22785,08/02/2023 21:04:40,14.24,,,
22786,08/02/2023 21:07:40,14.15,,,
22787,08/02/2023 21:10:40,14.33,,,
22788,08/02/2023 21:13:40,14.37,,,
22789,08/02/2023 21:16:40,14.33,,,
22790,08/02/2023 21:19:40,14.41,,,
22791,08/02/2023 21:22:40,14.54,,,
22792,08/02/2023 21:25:40,14.37,,,
22793,08/02/2023 21:28:40,14.33,,,
22794,08/02/2023 21:31:40,14.11,,,
22795,08/02/2023 21:34:40,13.85,,,
22796,08/02/2023 21:37:40,13.98,,,
22797,08/02/2023 21:40:40,13.98,,,
22798,08/02/2023 21:43:40,13.98,,,
22799,08/02/2023 21:46:40,14.07,,,
22800,08/02/2023 21:49:40,14.28,,,
22801,08/02/2023 21:52:40,14.28,,,
22802,08/02/2023 21:55:40,14.54,,,
22803,08/02/2023 21:58:40,14.84,,,
22804,08/02/2023 22:01:40,14.63,,,
22805,08/02/2023 22:04:40,14.54,,,
22806,08/02/2023 22:07:40,14.63,,,
22807,08/02/2023 22:10:40,14.75,,,
22808,08/02/2023 22:13:40,14.71,,,
22809,08/02/2023 22:16:40,14.41,,,
22810,08/02/2023 22:19:40,14.58,,,
22811,08/02/2023 22:22:40,14.75,,,
22812,08/02/2023 22:25:40,14.93,,,
22813,08/02/2023 22:28:40,14.93,,,
22814,08/02/2023 22:31:40,14.71,,,
22815,08/02/2023 22:34:40,14.11,,,
22816,08/02/2023 22:37:40,13.90,,,
22817,08/02/2023 22:40:40,13.73,,,
22818,08/02/2023 22:43:40,13.38,,,
22819,08/02/2023 22:46:40,13.17,,,
22820,08/02/2023 22:49:40,13.00,,,
22821,08/02/2023 22:52:40,12.95,,,
22822,08/02/2023 22:55:40,12.95,,,
22823,08/02/2023 22:58:40,13.04,,,
22824,08/02/2023 23:01:40,12.87,,,
22825,08/02/2023 23:04:40,12.82,,,
22826,08/02/2023 23:07:40,12.95,,,
22827,08/02/2023 23:10:40,13.12,,,
22828,08/02/2023 23:13:40,12.82,,,
22829,08/02/2023 23:16:40,12.48,,,
22830,08/02/2023 23:19:40,12.35,,,
22831,08/02/2023 23:22:40,12.44,,,
22832,08/02/2023 23:25:40,12.31,,,
22833,08/02/2023 23:28:40,12.31,,,
22834,08/02/2023 23:31:40,12.31,,,
22835,08/02/2023 23:34:40,12.18,,,
22836,08/02/2023 23:37:40,12.14,,,
22837,08/02/2023 23:40:40,11.92,,,
22838,08/02/2023 23:43:40,11.84,,,
22839,08/02/2023 23:46:40,11.79,,,
22840,08/02/2023 23:49:40,11.79,,,
22841,08/02/2023 23:52:40,11.84,,,
22842,08/02/2023 23:55:40,11.84,,,
22843,08/02/2023 23:58:40,11.79,,,
22844,08/03/2023 00:01:40,11.97,,,
22845,08/03/2023 00:04:40,11.75,,,
22846,08/03/2023 00:07:40,11.79,,,
22847,08/03/2023 00:10:40,12.01,,,
22848,08/03/2023 00:13:40,11.75,,,
22849,08/03/2023 00:16:40,11.88,,,
22850,08/03/2023 00:19:40,11.92,,,
22851,08/03/2023 00:22:40,11.79,,,
22852,08/03/2023 00:25:40,11.79,,,
22853,08/03/2023 00:28:40,12.01,,,
22854,08/03/2023 00:31:40,12.05,,,
22855,08/03/2023 00:34:40,12.44,,,
22856,08/03/2023 00:37:40,12.31,,,
22857,08/03/2023 00:40:40,12.18,,,
22858,08/03/2023 00:43:40,11.79,,,
22859,08/03/2023 00:46:40,11.79,,,
22860,08/03/2023 00:49:40,11.84,,,
22861,08/03/2023 00:52:40,11.75,,,
22862,08/03/2023 00:55:40,11.62,,,
22863,08/03/2023 00:58:40,11.75,,,
22864,08/03/2023 01:01:40,11.71,,,
22865,08/03/2023 01:04:40,11.75,,,
22866,08/03/2023 01:07:40,11.88,,,
22867,08/03/2023 01:10:40,11.79,,,
22868,08/03/2023 01:13:40,11.45,,,
22869,08/03/2023 01:16:40,11.49,,,
22870,08/03/2023 01:19:40,11.37,,,
22871,08/03/2023 01:22:40,11.19,,,
22872,08/03/2023 01:25:40,11.24,,,
22873,08/03/2023 01:28:40,11.11,,,
22874,08/03/2023 01:31:40,11.15,,,
22875,08/03/2023 01:34:40,10.98,,,
22876,08/03/2023 01:37:40,10.85,,,
22877,08/03/2023 01:40:40,10.72,,,
22878,08/03/2023 01:43:40,10.72,,,
22879,08/03/2023 01:46:40,10.77,,,
22880,08/03/2023 01:49:40,10.72,,,
22881,08/03/2023 01:52:40,10.72,,,
22882,08/03/2023 01:55:40,10.72,,,
22883,08/03/2023 01:58:40,10.21,,,
22884,08/03/2023 02:01:40,10.08,,,
22885,08/03/2023 02:04:40,9.86,,,
22886,08/03/2023 02:07:40,9.74,,,
22887,08/03/2023 02:10:40,9.99,,,
22888,08/03/2023 02:13:40,10.21,,,
22889,08/03/2023 02:16:40,9.78,,,
22890,08/03/2023 02:19:40,9.56,,,
22891,08/03/2023 02:22:40,9.31,,,
22892,08/03/2023 02:25:40,9.18,,,
22893,08/03/2023 02:28:40,9.05,,,
22894,08/03/2023 02:31:40,8.92,,,
22895,08/03/2023 02:34:40,9.05,,,
22896,08/03/2023 02:37:40,9.14,,,
22897,08/03/2023 02:40:40,9.14,,,
22898,08/03/2023 02:43:40,9.09,,,
22899,08/03/2023 02:46:40,9.09,,,
22900,08/03/2023 02:49:40,9.18,,,
22901,08/03/2023 02:52:40,9.14,,,
22902,08/03/2023 02:55:40,9.05,,,
22903,08/03/2023 02:58:40,8.71,,,
22904,08/03/2023 03:01:40,8.49,,,
22905,08/03/2023 03:04:40,8.53,,,
22906,08/03/2023 03:07:40,8.49,,,
22907,08/03/2023 03:10:40,8.53,,,
22908,08/03/2023 03:13:40,8.36,,,
22909,08/03/2023 03:16:40,8.11,,,
22910,08/03/2023 03:19:40,8.15,,,
22911,08/03/2023 03:22:40,8.19,,,
22912,08/03/2023 03:25:40,8.23,,,
22913,08/03/2023 03:28:40,8.23,,,
22914,08/03/2023 03:31:40,8.23,,,
22915,08/03/2023 03:34:40,8.23,,,
22916,08/03/2023 03:37:40,8.23,,,
22917,08/03/2023 03:40:40,8.36,,,
22918,08/03/2023 03:43:40,8.19,,,
22919,08/03/2023 03:46:40,8.06,,,
22920,08/03/2023 03:49:40,8.02,,,
22921,08/03/2023 03:52:40,8.06,,,
22922,08/03/2023 03:55:40,8.06,,,
22923,08/03/2023 03:58:40,7.89,,,
22924,08/03/2023 04:01:40,7.63,,,
22925,08/03/2023 04:04:40,7.72,,,
22926,08/03/2023 04:07:40,7.59,,,
22927,08/03/2023 04:10:40,7.68,,,
22928,08/03/2023 04:13:40,7.55,,,
22929,08/03/2023 04:16:40,7.59,,,
22930,08/03/2023 04:19:40,7.63,,,
22931,08/03/2023 04:22:40,7.72,,,
22932,08/03/2023 04:25:40,7.63,,,
22933,08/03/2023 04:28:40,7.63,,,
22934,08/03/2023 04:31:40,7.55,,,
22935,08/03/2023 04:34:40,7.46,,,
22936,08/03/2023 04:37:40,7.38,,,
22937,08/03/2023 04:40:40,7.42,,,
22938,08/03/2023 04:43:40,7.46,,,
22939,08/03/2023 04:46:40,7.68,,,
22940,08/03/2023 04:49:40,7.68,,,
22941,08/03/2023 04:52:40,7.72,,,
22942,08/03/2023 04:55:40,7.76,,,
22943,08/03/2023 04:58:40,7.81,,,
22944,08/03/2023 05:01:40,7.89,,,
22945,08/03/2023 05:04:40,7.93,,,
22946,08/03/2023 05:07:40,7.81,,,
22947,08/03/2023 05:10:40,7.72,,,
22948,08/03/2023 05:13:40,7.72,,,
22949,08/03/2023 05:16:40,7.81,,,
22950,08/03/2023 05:19:40,7.85,,,
22951,08/03/2023 05:22:40,8.06,,,
22952,08/03/2023 05:25:40,8.02,,,
22953,08/03/2023 05:28:40,7.98,,,
22954,08/03/2023 05:31:40,8.02,,,
22955,08/03/2023 05:34:40,8.02,,,
22956,08/03/2023 05:37:40,8.06,,,
22957,08/03/2023 05:40:40,8.28,,,
22958,08/03/2023 05:43:40,7.93,,,
22959,08/03/2023 05:46:40,7.89,,,
22960,08/03/2023 05:49:40,7.98,,,
22961,08/03/2023 05:52:40,7.81,,,
22962,08/03/2023 05:55:40,7.72,,,
22963,08/03/2023 05:58:40,7.81,,,
22964,08/03/2023 06:01:40,7.68,,,
22965,08/03/2023 06:04:40,7.63,,,
22966,08/03/2023 06:07:40,7.68,,,
22967,08/03/2023 06:10:40,7.50,,,
22968,08/03/2023 06:13:40,7.42,,,
22969,08/03/2023 06:16:40,7.25,,,
22970,08/03/2023 06:19:40,7.25,,,
22971,08/03/2023 06:22:40,7.33,,,
22972,08/03/2023 06:25:40,7.29,,,
22973,08/03/2023 06:28:40,7.46,,,
22974,08/03/2023 06:31:40,7.33,,,
22975,08/03/2023 06:34:40,7.46,,,
22976,08/03/2023 06:37:40,7.46,,,
22977,08/03/2023 06:40:40,7.33,,,
22978,08/03/2023 06:43:40,7.29,,,
22979,08/03/2023 06:46:40,7.29,,,
22980,08/03/2023 06:49:40,7.12,,,
22981,08/03/2023 06:52:40,7.08,,,
22982,08/03/2023 06:55:40,6.99,,,
22983,08/03/2023 06:58:40,7.59,,,
22984,08/03/2023 07:01:40,8.28,,,
22985,08/03/2023 07:04:40,8.79,,,
22986,08/03/2023 07:07:40,9.05,,,
22987,08/03/2023 07:10:40,9.18,,,
22988,08/03/2023 07:13:40,9.39,,,
22989,08/03/2023 07:16:40,9.65,,,
22990,08/03/2023 07:19:40,10.55,,,
22991,08/03/2023 07:22:40,11.88,,,
22992,08/03/2023 07:25:40,11.92,,,
22993,08/03/2023 07:28:40,12.78,,,
22994,08/03/2023 07:31:40,12.40,,,
22995,08/03/2023 07:34:40,12.44,,,
22996,08/03/2023 07:37:40,13.25,,,
22997,08/03/2023 07:40:40,13.25,,,
22998,08/03/2023 07:43:40,13.00,,,
22999,08/03/2023 07:46:40,12.70,,,
23000,08/03/2023 07:49:40,12.57,,,
23001,08/03/2023 07:52:40,12.95,,,
23002,08/03/2023 07:55:40,13.12,,,
23003,08/03/2023 07:58:40,13.08,,,
23004,08/03/2023 08:01:40,13.17,,,
23005,08/03/2023 08:04:40,13.60,,,
23006,08/03/2023 08:07:40,13.21,,,
23007,08/03/2023 08:10:40,13.12,,,
23008,08/03/2023 08:13:40,13.30,,,
23009,08/03/2023 08:16:40,13.43,,,
23010,08/03/2023 08:19:40,13.68,,,
23011,08/03/2023 08:22:40,13.85,,,
23012,08/03/2023 08:25:40,14.41,,,
23013,08/03/2023 08:28:40,14.24,,,
23014,08/03/2023 08:31:40,14.07,,,
23015,08/03/2023 08:34:40,14.41,,,
23016,08/03/2023 08:37:40,14.24,,,
23017,08/03/2023 08:40:40,14.50,,,
23018,08/03/2023 08:43:40,14.58,,,
23019,08/03/2023 08:46:40,14.41,,,
23020,08/03/2023 08:49:40,14.71,,,
23021,08/03/2023 08:52:40,14.93,,,
23022,08/03/2023 08:55:40,15.01,,,
23023,08/03/2023 08:58:40,15.57,,,
23024,08/03/2023 09:01:40,15.48,,,
23025,08/03/2023 09:04:40,15.78,,,
23026,08/03/2023 09:07:40,15.48,,,
23027,08/03/2023 09:10:40,15.66,,,
23028,08/03/2023 09:13:40,16.00,,,
23029,08/03/2023 09:16:40,15.78,,,
23030,08/03/2023 09:19:40,16.04,,,
23031,08/03/2023 09:22:40,15.78,,,
23032,08/03/2023 09:25:40,16.47,,,
23033,08/03/2023 09:28:40,16.34,,,
23034,08/03/2023 09:31:40,16.81,,,
23035,08/03/2023 09:34:40,16.86,,,
23036,08/03/2023 09:37:40,16.64,,,
23037,08/03/2023 09:40:40,16.73,,,
23038,08/03/2023 09:43:40,16.90,,,
23039,08/03/2023 09:46:40,17.11,,,
23040,08/03/2023 09:49:40,18.06,,,
23041,08/03/2023 09:52:40,17.33,,,
23042,08/03/2023 09:55:40,17.41,,,
23043,08/03/2023 09:58:40,17.54,,,
23044,08/03/2023 10:01:40,17.67,,,
23045,08/03/2023 10:04:40,17.67,,,
23046,08/03/2023 10:07:40,17.54,,,
23047,08/03/2023 10:10:40,17.93,,,
23048,08/03/2023 10:13:40,18.14,,,
23049,08/03/2023 10:16:40,18.53,,,
23050,08/03/2023 10:19:40,18.14,,,
23051,08/03/2023 10:22:40,18.36,,,
23052,08/03/2023 10:25:40,18.49,,,
23053,08/03/2023 10:28:40,18.32,,,
23054,08/03/2023 10:31:40,18.66,,,
23055,08/03/2023 10:34:40,19.69,,,
23056,08/03/2023 10:37:40,19.17,,,
23057,08/03/2023 10:40:40,19.05,,,
23058,08/03/2023 10:43:40,19.22,,,
23059,08/03/2023 10:46:40,19.35,,,
23060,08/03/2023 10:49:40,19.65,,,
23061,08/03/2023 10:52:40,19.26,,,
23062,08/03/2023 10:55:40,19.77,,,
23063,08/03/2023 10:58:40,20.46,,,
23064,08/03/2023 11:01:40,19.90,,,
23065,08/03/2023 11:04:40,20.03,,,
23066,08/03/2023 11:07:40,19.82,,,
23067,08/03/2023 11:10:40,19.95,,,
23068,08/03/2023 11:13:40,20.72,,,
23069,08/03/2023 11:16:40,20.76,,,
23070,08/03/2023 11:19:40,20.20,,,
23071,08/03/2023 11:22:40,21.45,,,
23072,08/03/2023 11:25:40,20.89,,,
23073,08/03/2023 11:28:40,21.23,,,
23074,08/03/2023 11:31:40,21.96,,,
23075,08/03/2023 11:34:40,21.62,,,
23076,08/03/2023 11:37:40,21.10,,,
23077,08/03/2023 11:40:40,20.03,,,
23078,08/03/2023 11:43:40,19.95,,,
23079,08/03/2023 11:46:40,20.98,,,
23080,08/03/2023 11:49:40,20.72,,,
23081,08/03/2023 11:52:40,20.98,,,
23082,08/03/2023 11:55:40,19.95,,,
23083,08/03/2023 11:58:40,20.68,,,
23084,08/03/2023 12:01:40,20.07,,,
23085,08/03/2023 12:04:40,20.25,,,
23086,08/03/2023 12:07:40,21.45,,,
23087,08/03/2023 12:10:40,22.13,,,
23088,08/03/2023 12:13:40,22.18,,,
23089,08/03/2023 12:16:40,23.21,,,
23090,08/03/2023 12:19:40,23.34,,,
23091,08/03/2023 12:22:40,23.68,,,
23092,08/03/2023 12:25:40,22.99,,,
23093,08/03/2023 12:28:40,23.34,,,
23094,08/03/2023 12:31:40,23.81,,,
23095,08/03/2023 12:34:40,23.29,,,
23096,08/03/2023 12:37:40,22.26,,,
23097,08/03/2023 12:40:40,22.39,,,
23098,08/03/2023 12:43:40,22.18,,,
23099,08/03/2023 12:46:40,22.39,,,
23100,08/03/2023 12:49:40,21.83,,,
23101,08/03/2023 12:52:40,23.25,,,
23102,08/03/2023 12:55:40,23.51,,,
23103,08/03/2023 12:58:40,22.52,,,
23104,08/03/2023 13:01:40,22.35,,,
23105,08/03/2023 13:04:40,23.64,,,
23106,08/03/2023 13:07:40,24.11,,,
23107,08/03/2023 13:10:40,24.54,,,
23108,08/03/2023 13:13:40,24.41,,,
23109,08/03/2023 13:16:40,24.75,,,
23110,08/03/2023 13:19:40,23.42,,,
23111,08/03/2023 13:22:40,23.85,,,
23112,08/03/2023 13:25:40,24.15,,,
23113,08/03/2023 13:28:40,25.22,,,
23114,08/03/2023 13:31:40,25.61,,,
23115,08/03/2023 13:34:40,25.09,,,
23116,08/03/2023 13:37:40,23.72,,,
23117,08/03/2023 13:40:40,23.16,,,
23118,08/03/2023 13:43:40,23.89,,,
23119,08/03/2023 13:46:40,24.19,,,
23120,08/03/2023 13:49:40,24.54,,,
23121,08/03/2023 13:52:40,24.92,,,
23122,08/03/2023 13:55:40,24.88,,,
23123,08/03/2023 13:58:40,24.58,,,
23124,08/03/2023 14:01:40,25.31,,,
23125,08/03/2023 14:04:40,25.48,,,
23126,08/03/2023 14:07:40,25.61,,,
23127,08/03/2023 14:10:40,25.91,,,
23128,08/03/2023 14:13:40,25.01,,,
23129,08/03/2023 14:16:40,25.44,,,
23130,08/03/2023 14:19:40,25.39,,,
23131,08/03/2023 14:22:40,24.75,,,
23132,08/03/2023 14:25:40,24.15,,,
23133,08/03/2023 14:28:40,23.89,,,
23134,08/03/2023 14:31:40,24.62,,,
23135,08/03/2023 14:34:40,24.97,,,
23136,08/03/2023 14:37:40,25.65,,,
23137,08/03/2023 14:40:40,25.39,,,
23138,08/03/2023 14:43:40,25.44,,,
23139,08/03/2023 14:46:40,24.54,,,
23140,08/03/2023 14:49:40,25.18,,,
23141,08/03/2023 14:52:40,25.09,,,
23142,08/03/2023 14:55:40,25.65,,,
23143,08/03/2023 14:58:40,24.97,,,
23144,08/03/2023 15:01:40,25.48,,,
23145,08/03/2023 15:04:40,24.88,,,
23146,08/03/2023 15:07:40,24.45,,,
23147,08/03/2023 15:10:40,24.58,,,
23148,08/03/2023 15:13:40,23.59,,,
23149,08/03/2023 15:16:40,23.46,,,
23150,08/03/2023 15:19:40,24.06,,,
23151,08/03/2023 15:22:40,24.11,,,
23152,08/03/2023 15:25:40,24.28,,,
23153,08/03/2023 15:28:40,24.28,,,
23154,08/03/2023 15:31:40,24.45,,,
23155,08/03/2023 15:34:40,23.59,,,
23156,08/03/2023 15:37:40,23.03,,,
23157,08/03/2023 15:40:40,22.26,,,
23158,08/03/2023 15:43:40,22.86,,,
23159,08/03/2023 15:46:40,23.72,,,
23160,08/03/2023 15:49:40,24.11,,,
23161,08/03/2023 15:52:40,23.94,,,
23162,08/03/2023 15:55:40,23.81,,,
23163,08/03/2023 15:58:40,24.41,,,
23164,08/03/2023 16:01:40,24.02,,,
23165,08/03/2023 16:04:40,24.32,,,
23166,08/03/2023 16:07:40,24.24,,,
23167,08/03/2023 16:10:40,24.62,,,
23168,08/03/2023 16:13:40,24.84,,,
23169,08/03/2023 16:16:40,24.41,,,
23170,08/03/2023 16:19:40,24.41,,,
23171,08/03/2023 16:22:40,24.36,,,
23172,08/03/2023 16:25:40,24.24,,,
23173,08/03/2023 16:28:40,24.06,,,
23174,08/03/2023 16:31:40,24.58,,,
23175,08/03/2023 16:34:40,24.24,,,
23176,08/03/2023 16:37:40,23.76,,,
23177,08/03/2023 16:40:40,23.89,,,
23178,08/03/2023 16:43:40,24.06,,,
23179,08/03/2023 16:46:40,24.28,,,
23180,08/03/2023 16:49:40,24.11,,,
23181,08/03/2023 16:52:40,24.11,,,
23182,08/03/2023 16:55:40,23.72,,,
23183,08/03/2023 16:58:40,23.81,,,
23184,08/03/2023 17:01:40,23.55,,,
23185,08/03/2023 17:04:40,23.42,,,
23186,08/03/2023 17:07:40,23.64,,,
23187,08/03/2023 17:10:40,23.25,,,
23188,08/03/2023 17:13:40,23.16,,,
23189,08/03/2023 17:16:40,23.55,,,
23190,08/03/2023 17:19:40,23.21,,,
23191,08/03/2023 17:22:40,23.42,,,
23192,08/03/2023 17:25:40,23.51,,,
23193,08/03/2023 17:28:40,23.29,,,
23194,08/03/2023 17:31:40,22.86,,,
23195,08/03/2023 17:34:40,23.08,,,
23196,08/03/2023 17:37:40,23.16,,,
23197,08/03/2023 17:40:40,22.82,,,
23198,08/03/2023 17:43:40,22.43,,,
23199,08/03/2023 17:46:40,22.39,,,
23200,08/03/2023 17:49:40,22.73,,,
23201,08/03/2023 17:52:40,22.78,,,
23202,08/03/2023 17:55:40,22.56,,,
23203,08/03/2023 17:58:40,22.43,,,
23204,08/03/2023 18:01:40,22.18,,,
23205,08/03/2023 18:04:40,22.31,,,
23206,08/03/2023 18:07:40,22.09,,,
23207,08/03/2023 18:10:40,21.92,,,
23208,08/03/2023 18:13:40,21.70,,,
23209,08/03/2023 18:16:40,21.58,,,
23210,08/03/2023 18:19:40,21.62,,,
23211,08/03/2023 18:22:40,21.45,,,
23212,08/03/2023 18:25:40,21.40,,,
23213,08/03/2023 18:28:40,21.40,,,
23214,08/03/2023 18:31:40,21.40,,,
23215,08/03/2023 18:34:40,21.45,,,
23216,08/03/2023 18:37:40,21.45,,,
23217,08/03/2023 18:40:40,21.45,,,
23218,08/03/2023 18:43:40,21.40,,,
23219,08/03/2023 18:46:40,21.36,,,
23220,08/03/2023 18:49:40,21.19,,,
23221,08/03/2023 18:52:40,21.10,,,
23222,08/03/2023 18:55:40,21.06,,,
23223,08/03/2023 18:58:40,21.19,,,
23224,08/03/2023 19:01:40,21.06,,,
23225,08/03/2023 19:04:40,20.93,,,
23226,08/03/2023 19:07:40,20.76,,,
23227,08/03/2023 19:10:40,20.55,,,
23228,08/03/2023 19:13:40,20.12,,,
23229,08/03/2023 19:16:40,19.73,,,
23230,08/03/2023 19:19:40,19.43,,,
23231,08/03/2023 19:22:40,19.52,,,
23232,08/03/2023 19:25:40,19.22,,,
23233,08/03/2023 19:28:40,18.74,,,
23234,08/03/2023 19:31:40,18.62,,,
23235,08/03/2023 19:34:40,18.19,,,
23236,08/03/2023 19:37:40,18.14,,,
23237,08/03/2023 19:40:40,18.36,,,
23238,08/03/2023 19:43:40,18.19,,,
23239,08/03/2023 19:46:40,19.09,,,
23240,08/03/2023 19:49:40,19.17,,,
23241,08/03/2023 19:52:40,19.00,,,
23242,08/03/2023 19:55:40,18.53,,,
23243,08/03/2023 19:58:40,17.97,,,
23244,08/03/2023 20:01:40,17.20,,,
23245,08/03/2023 20:04:40,16.60,,,
23246,08/03/2023 20:07:40,16.17,,,
23247,08/03/2023 20:10:40,15.48,,,
23248,08/03/2023 20:13:40,15.44,,,
23249,08/03/2023 20:16:40,14.67,,,
23250,08/03/2023 20:19:40,14.33,,,
23251,08/03/2023 20:22:40,13.98,,,
23252,08/03/2023 20:25:40,13.64,,,
23253,08/03/2023 20:28:40,13.25,,,
23254,08/03/2023 20:31:40,13.60,,,
23255,08/03/2023 20:34:40,13.47,,,
23256,08/03/2023 20:37:40,13.08,,,
23257,08/03/2023 20:40:40,13.08,,,
23258,08/03/2023 20:43:40,12.82,,,
23259,08/03/2023 20:46:40,12.91,,,
23260,08/03/2023 20:49:40,12.31,,,
23261,08/03/2023 20:52:40,12.14,,,
23262,08/03/2023 20:55:40,11.92,,,
23263,08/03/2023 20:58:40,11.75,,,
23264,08/03/2023 21:01:40,11.37,,,
23265,08/03/2023 21:04:40,11.15,,,
23266,08/03/2023 21:07:40,11.49,,,
23267,08/03/2023 21:10:40,11.28,,,
23268,08/03/2023 21:13:40,11.15,,,
23269,08/03/2023 21:16:40,11.02,,,
23270,08/03/2023 21:19:40,10.94,,,
23271,08/03/2023 21:22:40,10.55,,,
23272,08/03/2023 21:25:40,10.34,,,
23273,08/03/2023 21:28:40,9.99,,,
23274,08/03/2023 21:31:40,9.91,,,
23275,08/03/2023 21:34:40,10.25,,,
23276,08/03/2023 21:37:40,10.25,,,
23277,08/03/2023 21:40:40,10.46,,,
23278,08/03/2023 21:43:40,10.25,,,
23279,08/03/2023 21:46:40,10.29,,,
23280,08/03/2023 21:49:40,9.91,,,
23281,08/03/2023 21:52:40,9.86,,,
23282,08/03/2023 21:55:40,9.91,,,
23283,08/03/2023 21:58:40,10.25,,,
23284,08/03/2023 22:01:40,10.04,,,
23285,08/03/2023 22:04:40,9.52,,,
23286,08/03/2023 22:07:40,9.01,,,
23287,08/03/2023 22:10:40,8.58,,,
23288,08/03/2023 22:13:40,8.79,,,
23289,08/03/2023 22:16:40,8.92,,,
23290,08/03/2023 22:19:40,8.79,,,
23291,08/03/2023 22:22:40,8.62,,,
23292,08/03/2023 22:25:40,8.58,,,
23293,08/03/2023 22:28:40,8.66,,,
23294,08/03/2023 22:31:40,8.75,,,
23295,08/03/2023 22:34:40,7.98,,,
23296,08/03/2023 22:37:40,8.02,,,
23297,08/03/2023 22:40:40,8.06,,,
23298,08/03/2023 22:43:40,8.58,,,
23299,08/03/2023 22:46:40,8.71,,,
23300,08/03/2023 22:49:40,8.62,,,
23301,08/03/2023 22:52:40,8.23,,,
23302,08/03/2023 22:55:40,8.41,,,
23303,08/03/2023 22:58:40,8.36,,,
23304,08/03/2023 23:01:40,8.11,,,
23305,08/03/2023 23:04:40,7.98,,,
23306,08/03/2023 23:07:40,7.81,,,
23307,08/03/2023 23:10:40,7.42,,,
23308,08/03/2023 23:13:40,7.50,,,
23309,08/03/2023 23:16:40,7.25,,,
23310,08/03/2023 23:19:40,7.20,,,
23311,08/03/2023 23:22:40,7.08,,,
23312,08/03/2023 23:25:40,6.73,,,
23313,08/03/2023 23:28:40,6.69,,,
23314,08/03/2023 23:31:40,6.82,,,
23315,08/03/2023 23:34:40,6.95,,,
23316,08/03/2023 23:37:40,6.86,,,
23317,08/03/2023 23:40:40,6.52,,,
23318,08/03/2023 23:43:40,6.43,,,
23319,08/03/2023 23:46:40,6.22,,,
23320,08/03/2023 23:49:40,6.13,,,
23321,08/03/2023 23:52:40,6.39,,,
23322,08/03/2023 23:55:40,6.30,,,
23323,08/03/2023 23:58:40,6.09,,,
23324,08/04/2023 00:01:40,5.96,,,
23325,08/04/2023 00:04:40,5.87,,,
23326,08/04/2023 00:07:40,5.92,,,
23327,08/04/2023 00:10:40,6.56,,,
23328,08/04/2023 00:13:40,6.43,,,
23329,08/04/2023 00:16:40,6.65,,,
23330,08/04/2023 00:19:40,6.78,,,
23331,08/04/2023 00:22:40,6.99,,,
23332,08/04/2023 00:25:40,7.08,,,
23333,08/04/2023 00:28:40,7.38,,,
23334,08/04/2023 00:31:40,7.76,,,
23335,08/04/2023 00:34:40,7.59,,,
23336,08/04/2023 00:37:40,7.76,,,
23337,08/04/2023 00:40:40,8.11,,,
23338,08/04/2023 00:43:40,8.36,,,
23339,08/04/2023 00:46:40,8.41,,,
23340,08/04/2023 00:49:40,8.62,,,
23341,08/04/2023 00:52:40,8.02,,,
23342,08/04/2023 00:55:40,7.46,,,
23343,08/04/2023 00:58:40,7.42,,,
23344,08/04/2023 01:01:40,7.50,,,
23345,08/04/2023 01:04:40,7.38,,,
23346,08/04/2023 01:07:40,7.42,,,
23347,08/04/2023 01:10:40,7.50,,,
23348,08/04/2023 01:13:40,7.38,,,
23349,08/04/2023 01:16:40,7.29,,,
23350,08/04/2023 01:19:40,7.33,,,
23351,08/04/2023 01:22:40,7.63,,,
23352,08/04/2023 01:25:40,7.93,,,
23353,08/04/2023 01:28:40,8.19,,,
23354,08/04/2023 01:31:40,7.98,,,
23355,08/04/2023 01:34:40,7.72,,,
23356,08/04/2023 01:37:40,7.76,,,
23357,08/04/2023 01:40:40,7.85,,,
23358,08/04/2023 01:43:40,7.38,,,
23359,08/04/2023 01:46:40,7.29,,,
23360,08/04/2023 01:49:40,7.33,,,
23361,08/04/2023 01:52:40,7.12,,,
23362,08/04/2023 01:55:40,6.95,,,
23363,08/04/2023 01:58:40,6.60,,,
23364,08/04/2023 02:01:40,6.56,,,
23365,08/04/2023 02:04:40,6.26,,,
23366,08/04/2023 02:07:40,6.26,,,
23367,08/04/2023 02:10:40,6.35,,,
23368,08/04/2023 02:13:40,6.09,,,
23369,08/04/2023 02:16:40,5.75,,,
23370,08/04/2023 02:19:40,5.53,,,
23371,08/04/2023 02:22:40,5.75,,,
23372,08/04/2023 02:25:40,5.66,,,
23373,08/04/2023 02:28:40,5.49,,,
23374,08/04/2023 02:31:40,5.45,,,
23375,08/04/2023 02:34:40,5.70,,,
23376,08/04/2023 02:37:40,5.79,,,
23377,08/04/2023 02:40:40,5.92,,,
23378,08/04/2023 02:43:40,5.62,,,
23379,08/04/2023 02:46:40,5.49,,,
23380,08/04/2023 02:49:40,5.57,,,
23381,08/04/2023 02:52:40,5.75,,,
23382,08/04/2023 02:55:40,5.70,,,
23383,08/04/2023 02:58:40,5.75,,,
23384,08/04/2023 03:01:40,5.57,,,
23385,08/04/2023 03:04:40,5.36,,,
23386,08/04/2023 03:07:40,5.45,,,
23387,08/04/2023 03:10:40,5.49,,,
23388,08/04/2023 03:13:40,5.40,,,
23389,08/04/2023 03:16:40,5.40,,,
23390,08/04/2023 03:19:40,5.57,,,
23391,08/04/2023 03:22:40,5.66,,,
23392,08/04/2023 03:25:40,5.53,,,
23393,08/04/2023 03:28:40,5.45,,,
23394,08/04/2023 03:31:40,5.40,,,
23395,08/04/2023 03:34:40,5.27,,,
23396,08/04/2023 03:37:40,5.19,,,
23397,08/04/2023 03:40:40,5.15,,,
23398,08/04/2023 03:43:40,5.06,,,
23399,08/04/2023 03:46:40,4.93,,,
23400,08/04/2023 03:49:40,5.10,,,
23401,08/04/2023 03:52:40,4.84,,,
23402,08/04/2023 03:55:40,4.72,,,
23403,08/04/2023 03:58:40,4.80,,,
23404,08/04/2023 04:01:40,4.72,,,
23405,08/04/2023 04:04:40,4.63,,,
23406,08/04/2023 04:07:40,4.50,,,
23407,08/04/2023 04:10:40,4.59,,,
23408,08/04/2023 04:13:40,4.93,,,
23409,08/04/2023 04:16:40,5.10,,,
23410,08/04/2023 04:19:40,4.93,,,
23411,08/04/2023 04:22:40,4.72,,,
23412,08/04/2023 04:25:40,4.46,,,
23413,08/04/2023 04:28:40,4.46,,,
23414,08/04/2023 04:31:40,4.59,,,
23415,08/04/2023 04:34:40,4.72,,,
23416,08/04/2023 04:37:40,4.93,,,
23417,08/04/2023 04:40:40,5.02,,,
23418,08/04/2023 04:43:40,5.15,,,
23419,08/04/2023 04:46:40,5.19,,,
23420,08/04/2023 04:49:40,5.06,,,
23421,08/04/2023 04:52:40,4.97,,,
23422,08/04/2023 04:55:40,4.89,,,
23423,08/04/2023 04:58:40,4.93,,,
23424,08/04/2023 05:01:40,5.06,,,
23425,08/04/2023 05:04:40,5.06,,,
23426,08/04/2023 05:07:40,5.02,,,
23427,08/04/2023 05:10:40,5.06,,,
23428,08/04/2023 05:13:40,5.23,,,
23429,08/04/2023 05:16:40,5.23,,,
23430,08/04/2023 05:19:40,5.23,,,
23431,08/04/2023 05:22:40,5.32,,,
23432,08/04/2023 05:25:40,5.45,,,
23433,08/04/2023 05:28:40,5.40,,,
23434,08/04/2023 05:31:40,5.19,,,
23435,08/04/2023 05:34:40,5.02,,,
23436,08/04/2023 05:37:40,5.02,,,
23437,08/04/2023 05:40:40,5.06,,,
23438,08/04/2023 05:43:40,4.97,,,
23439,08/04/2023 05:46:40,4.93,,,
23440,08/04/2023 05:49:40,4.84,,,
23441,08/04/2023 05:52:40,4.76,,,
23442,08/04/2023 05:55:40,4.59,,,
23443,08/04/2023 05:58:40,4.50,,,
23444,08/04/2023 06:01:40,4.63,,,
23445,08/04/2023 06:04:40,4.67,,,
23446,08/04/2023 06:07:40,4.89,,,
23447,08/04/2023 06:10:40,5.02,,,
23448,08/04/2023 06:13:40,5.02,,,
23449,08/04/2023 06:16:40,4.97,,,
23450,08/04/2023 06:19:40,4.67,,,
23451,08/04/2023 06:22:40,4.42,,,
23452,08/04/2023 06:25:40,4.29,,,
23453,08/04/2023 06:28:40,4.24,,,
23454,08/04/2023 06:31:40,4.33,,,
23455,08/04/2023 06:34:40,4.59,,,
23456,08/04/2023 06:37:40,4.63,,,
23457,08/04/2023 06:40:40,4.54,,,
23458,08/04/2023 06:43:40,4.67,,,
23459,08/04/2023 06:46:40,4.72,,,
23460,08/04/2023 06:49:40,4.67,,,
23461,08/04/2023 06:52:40,4.63,,,
23462,08/04/2023 06:55:40,4.46,,,
23463,08/04/2023 06:58:40,4.93,,,
23464,08/04/2023 07:01:40,5.75,,,
23465,08/04/2023 07:04:40,6.22,,,
23466,08/04/2023 07:07:40,6.60,,,
23467,08/04/2023 07:10:40,6.69,,,
23468,08/04/2023 07:13:40,6.60,,,
23469,08/04/2023 07:16:40,6.82,,,
23470,08/04/2023 07:19:40,7.12,,,
23471,08/04/2023 07:22:40,7.85,,,
23472,08/04/2023 07:25:40,8.92,,,
23473,08/04/2023 07:28:40,9.48,,,
23474,08/04/2023 07:31:40,9.35,,,
23475,08/04/2023 07:34:40,9.01,,,
23476,08/04/2023 07:37:40,9.09,,,
23477,08/04/2023 07:40:40,9.74,,,
23478,08/04/2023 07:43:40,10.12,,,
23479,08/04/2023 07:46:40,10.29,,,
23480,08/04/2023 07:49:40,11.24,,,
23481,08/04/2023 07:52:40,11.92,,,
23482,08/04/2023 07:55:40,12.05,,,
23483,08/04/2023 07:58:40,11.62,,,
23484,08/04/2023 08:01:40,11.24,,,
23485,08/04/2023 08:04:40,11.37,,,
23486,08/04/2023 08:07:40,12.35,,,
23487,08/04/2023 08:10:40,12.22,,,
23488,08/04/2023 08:13:40,12.52,,,
23489,08/04/2023 08:16:40,12.65,,,
23490,08/04/2023 08:19:40,13.73,,,
23491,08/04/2023 08:22:40,14.45,,,
23492,08/04/2023 08:25:40,14.88,,,
23493,08/04/2023 08:28:40,14.84,,,
23494,08/04/2023 08:31:40,14.20,,,
23495,08/04/2023 08:34:40,14.37,,,
23496,08/04/2023 08:37:40,14.75,,,
23497,08/04/2023 08:40:40,14.63,,,
23498,08/04/2023 08:43:40,14.84,,,
23499,08/04/2023 08:46:40,15.57,,,
23500,08/04/2023 08:49:40,17.07,,,
23501,08/04/2023 08:52:40,16.77,,,
23502,08/04/2023 08:55:40,17.93,,,
23503,08/04/2023 08:58:40,18.23,,,
23504,08/04/2023 09:01:40,20.03,,,
23505,08/04/2023 09:04:40,18.74,,,
23506,08/04/2023 09:07:40,18.40,,,
23507,08/04/2023 09:10:40,18.19,,,
23508,08/04/2023 09:13:40,20.16,,,
23509,08/04/2023 09:16:40,20.07,,,
23510,08/04/2023 09:19:40,18.87,,,
23511,08/04/2023 09:22:40,18.44,,,
23512,08/04/2023 09:25:40,17.67,,,
23513,08/04/2023 09:28:40,17.46,,,
23514,08/04/2023 09:31:40,17.46,,,
23515,08/04/2023 09:34:40,17.93,,,
23516,08/04/2023 09:37:40,17.37,,,
23517,08/04/2023 09:40:40,17.46,,,
23518,08/04/2023 09:43:40,17.67,,,
23519,08/04/2023 09:46:40,18.62,,,
23520,08/04/2023 09:49:40,18.87,,,
23521,08/04/2023 09:52:40,19.39,,,
23522,08/04/2023 09:55:40,19.99,,,
23523,08/04/2023 09:58:40,21.06,,,
23524,08/04/2023 10:01:40,20.68,,,
23525,08/04/2023 10:04:40,21.28,,,
23526,08/04/2023 10:07:40,22.05,,,
23527,08/04/2023 10:10:40,20.76,,,
23528,08/04/2023 10:13:40,21.53,,,
23529,08/04/2023 10:16:40,20.80,,,
23530,08/04/2023 10:19:40,20.33,,,
23531,08/04/2023 10:22:40,20.03,,,
23532,08/04/2023 10:25:40,20.29,,,
23533,08/04/2023 10:28:40,20.72,,,
23534,08/04/2023 10:31:40,21.02,,,
23535,08/04/2023 10:34:40,22.56,,,
23536,08/04/2023 10:37:40,22.99,,,
23537,08/04/2023 10:40:40,20.93,,,
23538,08/04/2023 10:43:40,22.18,,,
23539,08/04/2023 10:46:40,21.49,,,
23540,08/04/2023 10:49:40,22.13,,,
23541,08/04/2023 10:52:40,20.72,,,
23542,08/04/2023 10:55:40,19.69,,,
23543,08/04/2023 10:58:40,21.02,,,
23544,08/04/2023 11:01:40,21.10,,,
23545,08/04/2023 11:04:40,21.62,,,
23546,08/04/2023 11:07:40,22.26,,,
23547,08/04/2023 11:10:40,22.52,,,
23548,08/04/2023 11:13:40,22.35,,,
23549,08/04/2023 11:16:40,22.48,,,
23550,08/04/2023 11:19:40,22.78,,,
23551,08/04/2023 11:22:40,21.79,,,
23552,08/04/2023 11:25:40,22.35,,,
23553,08/04/2023 11:28:40,22.39,,,
23554,08/04/2023 11:31:40,21.66,,,
23555,08/04/2023 11:34:40,22.09,,,
23556,08/04/2023 11:37:40,21.28,,,
23557,08/04/2023 11:40:40,21.88,,,
23558,08/04/2023 11:43:40,24.24,,,
23559,08/04/2023 11:46:40,23.68,,,
23560,08/04/2023 11:49:40,21.58,,,
23561,08/04/2023 11:52:40,21.28,,,
23562,08/04/2023 11:55:40,22.69,,,
23563,08/04/2023 11:58:40,23.08,,,
23564,08/04/2023 12:01:40,23.16,,,
23565,08/04/2023 12:04:40,23.89,,,
23566,08/04/2023 12:07:40,24.11,,,
23567,08/04/2023 12:10:40,23.64,,,
23568,08/04/2023 12:13:40,22.22,,,
23569,08/04/2023 12:16:40,21.66,,,
23570,08/04/2023 12:19:40,22.61,,,
23571,08/04/2023 12:22:40,22.39,,,
23572,08/04/2023 12:25:40,22.09,,,
23573,08/04/2023 12:28:40,23.59,,,
23574,08/04/2023 12:31:40,23.12,,,
23575,08/04/2023 12:34:40,21.58,,,
23576,08/04/2023 12:37:40,22.78,,,
23577,08/04/2023 12:40:40,23.51,,,
23578,08/04/2023 12:43:40,22.26,,,
23579,08/04/2023 12:46:40,22.13,,,
23580,08/04/2023 12:49:40,22.35,,,
23581,08/04/2023 12:52:40,23.03,,,
23582,08/04/2023 12:55:40,24.71,,,
23583,08/04/2023 12:58:40,25.05,,,
23584,08/04/2023 13:01:40,24.19,,,
23585,08/04/2023 13:04:40,23.55,,,
23586,08/04/2023 13:07:40,24.54,,,
23587,08/04/2023 13:10:40,24.84,,,
23588,08/04/2023 13:13:40,24.19,,,
23589,08/04/2023 13:16:40,24.49,,,
23590,08/04/2023 13:19:40,23.42,,,
23591,08/04/2023 13:22:40,22.99,,,
23592,08/04/2023 13:25:40,23.08,,,
23593,08/04/2023 13:28:40,23.03,,,
23594,08/04/2023 13:31:40,23.34,,,
23595,08/04/2023 13:34:40,24.06,,,
23596,08/04/2023 13:37:40,24.19,,,
23597,08/04/2023 13:40:40,25.31,,,
23598,08/04/2023 13:43:40,25.09,,,
23599,08/04/2023 13:46:40,24.88,,,
23600,08/04/2023 13:49:40,25.14,,,
23601,08/04/2023 13:52:40,25.35,,,
23602,08/04/2023 13:55:40,25.22,,,
23603,08/04/2023 13:58:40,23.85,,,
23604,08/04/2023 14:01:40,23.59,,,
23605,08/04/2023 14:04:40,24.02,,,
23606,08/04/2023 14:07:40,24.92,,,
23607,08/04/2023 14:10:40,25.27,,,
23608,08/04/2023 14:13:40,25.05,,,
23609,08/04/2023 14:16:40,24.11,,,
23610,08/04/2023 14:19:40,24.66,,,
23611,08/04/2023 14:22:40,24.24,,,
23612,08/04/2023 14:25:40,23.34,,,
23613,08/04/2023 14:28:40,22.95,,,
23614,08/04/2023 14:31:40,23.72,,,
23615,08/04/2023 14:34:40,24.71,,,
23616,08/04/2023 14:37:40,24.71,,,
23617,08/04/2023 14:40:40,24.32,,,
23618,08/04/2023 14:43:40,24.32,,,
23619,08/04/2023 14:46:40,24.36,,,
23620,08/04/2023 14:49:40,23.03,,,
23621,08/04/2023 14:52:40,22.86,,,
23622,08/04/2023 14:55:40,22.43,,,
23623,08/04/2023 14:58:40,22.69,,,
23624,08/04/2023 15:01:40,22.91,,,
23625,08/04/2023 15:04:40,24.11,,,
23626,08/04/2023 15:07:40,23.64,,,
23627,08/04/2023 15:10:40,22.61,,,
23628,08/04/2023 15:13:40,22.48,,,
23629,08/04/2023 15:16:40,22.56,,,
23630,08/04/2023 15:19:40,23.29,,,
23631,08/04/2023 15:22:40,22.95,,,
23632,08/04/2023 15:25:40,22.52,,,
23633,08/04/2023 15:28:40,23.42,,,
23634,08/04/2023 15:31:40,24.36,,,
23635,08/04/2023 15:34:40,24.66,,,
23636,08/04/2023 15:37:40,24.75,,,
23637,08/04/2023 15:40:40,23.46,,,
23638,08/04/2023 15:43:40,22.99,,,
23639,08/04/2023 15:46:40,22.78,,,
23640,08/04/2023 15:49:40,22.65,,,
23641,08/04/2023 15:52:40,22.65,,,
23642,08/04/2023 15:55:40,23.85,,,
23643,08/04/2023 15:58:40,24.58,,,
23644,08/04/2023 16:01:40,24.02,,,
23645,08/04/2023 16:04:40,24.19,,,
23646,08/04/2023 16:07:40,24.36,,,
23647,08/04/2023 16:10:40,24.11,,,
23648,08/04/2023 16:13:40,24.28,,,
23649,08/04/2023 16:16:40,24.19,,,
23650,08/04/2023 16:19:40,23.46,,,
23651,08/04/2023 16:22:40,23.68,,,
23652,08/04/2023 16:25:40,24.88,,,
23653,08/04/2023 16:28:40,23.68,,,
23654,08/04/2023 16:31:40,22.35,,,
23655,08/04/2023 16:34:40,21.83,,,
23656,08/04/2023 16:37:40,22.18,,,
23657,08/04/2023 16:40:40,22.56,,,
23658,08/04/2023 16:43:40,23.29,,,
23659,08/04/2023 16:46:40,24.24,,,
23660,08/04/2023 16:49:40,24.41,,,
23661,08/04/2023 16:52:40,23.38,,,
23662,08/04/2023 16:55:40,22.86,,,
23663,08/04/2023 16:58:40,23.25,,,
23664,08/04/2023 17:01:40,24.06,,,
23665,08/04/2023 17:04:40,24.66,,,
23666,08/04/2023 17:07:40,24.75,,,
23667,08/04/2023 17:10:40,23.94,,,
23668,08/04/2023 17:13:40,24.11,,,
23669,08/04/2023 17:16:40,24.24,,,
23670,08/04/2023 17:19:40,24.71,,,
23671,08/04/2023 17:22:40,24.32,,,
23672,08/04/2023 17:25:40,23.21,,,
23673,08/04/2023 17:28:40,22.69,,,
23674,08/04/2023 17:31:40,23.38,,,
23675,08/04/2023 17:34:40,23.46,,,
23676,08/04/2023 17:37:40,22.99,,,
23677,08/04/2023 17:40:40,22.01,,,
23678,08/04/2023 17:43:40,21.83,,,
23679,08/04/2023 17:46:40,22.35,,,
23680,08/04/2023 17:49:40,22.82,,,
23681,08/04/2023 17:52:40,23.08,,,
23682,08/04/2023 17:55:40,22.69,,,
23683,08/04/2023 17:58:40,22.13,,,
23684,08/04/2023 18:01:40,21.66,,,
23685,08/04/2023 18:04:40,22.22,,,
23686,08/04/2023 18:07:40,22.73,,,
23687,08/04/2023 18:10:40,22.82,,,
23688,08/04/2023 18:13:40,22.82,,,
23689,08/04/2023 18:16:40,22.82,,,
23690,08/04/2023 18:19:40,22.86,,,
23691,08/04/2023 18:22:40,22.82,,,
23692,08/04/2023 18:25:40,22.69,,,
23693,08/04/2023 18:28:40,22.61,,,
23694,08/04/2023 18:31:40,22.35,,,
23695,08/04/2023 18:34:40,21.96,,,
23696,08/04/2023 18:37:40,21.70,,,
23697,08/04/2023 18:40:40,21.66,,,
23698,08/04/2023 18:43:40,21.96,,,
23699,08/04/2023 18:46:40,22.13,,,
23700,08/04/2023 18:49:40,21.88,,,
23701,08/04/2023 18:52:40,21.83,,,
23702,08/04/2023 18:55:40,21.92,,,
23703,08/04/2023 18:58:40,21.58,,,
23704,08/04/2023 19:01:40,21.49,,,
23705,08/04/2023 19:04:40,21.49,,,
23706,08/04/2023 19:07:40,21.58,,,
23707,08/04/2023 19:10:40,21.49,,,
23708,08/04/2023 19:13:40,21.36,,,
23709,08/04/2023 19:16:40,20.89,,,
23710,08/04/2023 19:19:40,20.63,,,
23711,08/04/2023 19:22:40,20.07,,,
23712,08/04/2023 19:25:40,19.60,,,
23713,08/04/2023 19:28:40,19.09,,,
23714,08/04/2023 19:31:40,18.79,,,
23715,08/04/2023 19:34:40,18.66,,,
23716,08/04/2023 19:37:40,18.32,,,
23717,08/04/2023 19:40:40,17.93,,,
23718,08/04/2023 19:43:40,17.59,,,
23719,08/04/2023 19:46:40,17.50,,,
23720,08/04/2023 19:49:40,17.46,,,
23721,08/04/2023 19:52:40,17.50,,,
23722,08/04/2023 19:55:40,17.63,,,
23723,08/04/2023 19:58:40,17.20,,,
23724,08/04/2023 20:01:40,16.47,,,
23725,08/04/2023 20:04:40,15.78,,,
23726,08/04/2023 20:07:40,15.83,,,
23727,08/04/2023 20:10:40,15.66,,,
23728,08/04/2023 20:13:40,15.01,,,
23729,08/04/2023 20:16:40,14.84,,,
23730,08/04/2023 20:19:40,14.37,,,
23731,08/04/2023 20:22:40,14.15,,,
23732,08/04/2023 20:25:40,14.11,,,
23733,08/04/2023 20:28:40,13.68,,,
23734,08/04/2023 20:31:40,13.55,,,
23735,08/04/2023 20:34:40,13.47,,,
23736,08/04/2023 20:37:40,13.25,,,
23737,08/04/2023 20:40:40,12.70,,,
23738,08/04/2023 20:43:40,12.44,,,
23739,08/04/2023 20:46:40,12.40,,,
23740,08/04/2023 20:49:40,12.35,,,
23741,08/04/2023 20:52:40,12.10,,,
23742,08/04/2023 20:55:40,11.88,,,
23743,08/04/2023 20:58:40,11.58,,,
23744,08/04/2023 21:01:40,11.37,,,
23745,08/04/2023 21:04:40,11.67,,,
23746,08/04/2023 21:07:40,11.58,,,
23747,08/04/2023 21:10:40,11.62,,,
23748,08/04/2023 21:13:40,11.88,,,
23749,08/04/2023 21:16:40,11.37,,,
23750,08/04/2023 21:19:40,11.32,,,
23751,08/04/2023 21:22:40,11.45,,,
23752,08/04/2023 21:25:40,11.71,,,
23753,08/04/2023 21:28:40,10.89,,,
23754,08/04/2023 21:31:40,11.11,,,
23755,08/04/2023 21:34:40,11.28,,,
23756,08/04/2023 21:37:40,11.54,,,
23757,08/04/2023 21:40:40,11.79,,,
23758,08/04/2023 21:43:40,11.88,,,
23759,08/04/2023 21:46:40,12.01,,,
23760,08/04/2023 21:49:40,11.88,,,
23761,08/04/2023 21:52:40,12.05,,,
23762,08/04/2023 21:55:40,12.31,,,
23763,08/04/2023 21:58:40,12.18,,,
23764,08/04/2023 22:01:40,11.67,,,
23765,08/04/2023 22:04:40,11.28,,,
23766,08/04/2023 22:07:40,11.02,,,
23767,08/04/2023 22:10:40,11.24,,,
23768,08/04/2023 22:13:40,11.32,,,
23769,08/04/2023 22:16:40,11.15,,,
23770,08/04/2023 22:19:40,10.81,,,
23771,08/04/2023 22:22:40,10.72,,,
23772,08/04/2023 22:25:40,10.55,,,
23773,08/04/2023 22:28:40,10.85,,,
23774,08/04/2023 22:31:40,11.15,,,
23775,08/04/2023 22:34:40,10.94,,,
23776,08/04/2023 22:37:40,10.51,,,
23777,08/04/2023 22:40:40,10.25,,,
23778,08/04/2023 22:43:40,9.86,,,
23779,08/04/2023 22:46:40,9.48,,,
23780,08/04/2023 22:49:40,9.22,,,
23781,08/04/2023 22:52:40,10.34,,,
23782,08/04/2023 22:55:40,10.77,,,
23783,08/04/2023 22:58:40,10.59,,,
23784,08/04/2023 23:01:40,10.59,,,
23785,08/04/2023 23:04:40,10.34,,,
23786,08/04/2023 23:07:40,10.04,,,
23787,08/04/2023 23:10:40,10.08,,,
23788,08/04/2023 23:13:40,9.78,,,
23789,08/04/2023 23:16:40,10.12,,,
23790,08/04/2023 23:19:40,10.04,,,
23791,08/04/2023 23:22:40,10.34,,,
23792,08/04/2023 23:25:40,10.34,,,
23793,08/04/2023 23:28:40,10.16,,,
23794,08/04/2023 23:31:40,10.25,,,
23795,08/04/2023 23:34:40,10.16,,,
23796,08/04/2023 23:37:40,10.29,,,
23797,08/04/2023 23:40:40,9.82,,,
23798,08/04/2023 23:43:40,9.22,,,
23799,08/04/2023 23:46:40,9.26,,,
23800,08/04/2023 23:49:40,9.14,,,
23801,08/04/2023 23:52:40,8.88,,,
23802,08/04/2023 23:55:40,8.88,,,
23803,08/04/2023 23:58:40,9.05,,,
23804,08/05/2023 00:01:40,9.48,,,
23805,08/05/2023 00:04:40,9.48,,,
23806,08/05/2023 00:07:40,9.56,,,
23807,08/05/2023 00:10:40,9.14,,,
23808,08/05/2023 00:13:40,8.88,,,
23809,08/05/2023 00:16:40,8.75,,,
23810,08/05/2023 00:19:40,8.41,,,
23811,08/05/2023 00:22:40,7.98,,,
23812,08/05/2023 00:25:40,7.89,,,
23813,08/05/2023 00:28:40,7.81,,,
23814,08/05/2023 00:31:40,7.72,,,
23815,08/05/2023 00:34:40,7.68,,,
23816,08/05/2023 00:37:40,7.81,,,
23817,08/05/2023 00:40:40,7.85,,,
23818,08/05/2023 00:43:40,7.42,,,
23819,08/05/2023 00:46:40,7.20,,,
23820,08/05/2023 00:49:40,7.20,,,
23821,08/05/2023 00:52:40,7.93,,,
23822,08/05/2023 00:55:40,8.02,,,
23823,08/05/2023 00:58:40,7.76,,,
23824,08/05/2023 01:01:40,7.50,,,
23825,08/05/2023 01:04:40,7.29,,,
23826,08/05/2023 01:07:40,7.29,,,
23827,08/05/2023 01:10:40,6.95,,,
23828,08/05/2023 01:13:40,6.65,,,
23829,08/05/2023 01:16:40,6.69,,,
23830,08/05/2023 01:19:40,6.52,,,
23831,08/05/2023 01:22:40,6.65,,,
23832,08/05/2023 01:25:40,6.90,,,
23833,08/05/2023 01:28:40,7.08,,,
23834,08/05/2023 01:31:40,6.90,,,
23835,08/05/2023 01:34:40,6.65,,,
23836,08/05/2023 01:37:40,6.65,,,
23837,08/05/2023 01:40:40,6.52,,,
23838,08/05/2023 01:43:40,6.56,,,
23839,08/05/2023 01:46:40,6.35,,,
23840,08/05/2023 01:49:40,6.22,,,
23841,08/05/2023 01:52:40,5.79,,,
23842,08/05/2023 01:55:40,5.53,,,
23843,08/05/2023 01:58:40,5.53,,,
23844,08/05/2023 02:01:40,5.45,,,
23845,08/05/2023 02:04:40,5.36,,,
23846,08/05/2023 02:07:40,5.45,,,
23847,08/05/2023 02:10:40,5.19,,,
23848,08/05/2023 02:13:40,5.02,,,
23849,08/05/2023 02:16:40,5.10,,,
23850,08/05/2023 02:19:40,5.10,,,
23851,08/05/2023 02:22:40,5.49,,,
23852,08/05/2023 02:25:40,5.79,,,
23853,08/05/2023 02:28:40,5.62,,,
23854,08/05/2023 02:31:40,5.45,,,
23855,08/05/2023 02:34:40,5.36,,,
23856,08/05/2023 02:37:40,5.66,,,
23857,08/05/2023 02:40:40,6.00,,,
23858,08/05/2023 02:43:40,6.13,,,
23859,08/05/2023 02:46:40,5.83,,,
23860,08/05/2023 02:49:40,5.62,,,
23861,08/05/2023 02:52:40,5.49,,,
23862,08/05/2023 02:55:40,5.70,,,
23863,08/05/2023 02:58:40,5.45,,,
23864,08/05/2023 03:01:40,5.27,,,
23865,08/05/2023 03:04:40,5.23,,,
23866,08/05/2023 03:07:40,4.89,,,
23867,08/05/2023 03:10:40,4.67,,,
23868,08/05/2023 03:13:40,4.67,,,
23869,08/05/2023 03:16:40,4.67,,,
23870,08/05/2023 03:19:40,4.67,,,
23871,08/05/2023 03:22:40,4.54,,,
23872,08/05/2023 03:25:40,4.63,,,
23873,08/05/2023 03:28:40,4.72,,,
23874,08/05/2023 03:31:40,4.76,,,
23875,08/05/2023 03:34:40,4.54,,,
23876,08/05/2023 03:37:40,4.54,,,
23877,08/05/2023 03:40:40,4.46,,,
23878,08/05/2023 03:43:40,4.63,,,
23879,08/05/2023 03:46:40,4.67,,,
23880,08/05/2023 03:49:40,4.59,,,
23881,08/05/2023 03:52:40,4.72,,,
23882,08/05/2023 03:55:40,4.37,,,
23883,08/05/2023 03:58:40,4.20,,,
23884,08/05/2023 04:01:40,4.76,,,
23885,08/05/2023 04:04:40,4.80,,,
23886,08/05/2023 04:07:40,4.80,,,
23887,08/05/2023 04:10:40,4.37,,,
23888,08/05/2023 04:13:40,4.20,,,
23889,08/05/2023 04:16:40,4.33,,,
23890,08/05/2023 04:19:40,4.42,,,
23891,08/05/2023 04:22:40,4.42,,,
23892,08/05/2023 04:25:40,4.33,,,
23893,08/05/2023 04:28:40,4.33,,,
23894,08/05/2023 04:31:40,4.03,,,
23895,08/05/2023 04:34:40,3.86,,,
23896,08/05/2023 04:37:40,3.86,,,
23897,08/05/2023 04:40:40,3.90,,,
23898,08/05/2023 04:43:40,4.07,,,
23899,08/05/2023 04:46:40,4.12,,,
23900,08/05/2023 04:49:40,4.07,,,
23901,08/05/2023 04:52:40,3.86,,,
23902,08/05/2023 04:55:40,3.69,,,
23903,08/05/2023 04:58:40,3.56,,,
23904,08/05/2023 05:01:40,3.39,,,
23905,08/05/2023 05:04:40,3.47,,,
23906,08/05/2023 05:07:40,3.47,,,
23907,08/05/2023 05:10:40,3.56,,,
23908,08/05/2023 05:13:40,3.56,,,
23909,08/05/2023 05:16:40,3.30,,,
23910,08/05/2023 05:19:40,3.21,,,
23911,08/05/2023 05:22:40,3.13,,,
23912,08/05/2023 05:25:40,3.39,,,
23913,08/05/2023 05:28:40,3.39,,,
23914,08/05/2023 05:31:40,3.39,,,
23915,08/05/2023 05:34:40,3.26,,,
23916,08/05/2023 05:37:40,3.21,,,
23917,08/05/2023 05:40:40,3.47,,,
23918,08/05/2023 05:43:40,3.34,,,
23919,08/05/2023 05:46:40,3.39,,,
23920,08/05/2023 05:49:40,3.30,,,
23921,08/05/2023 05:52:40,3.21,,,
23922,08/05/2023 05:55:40,3.26,,,
23923,08/05/2023 05:58:40,3.52,,,
23924,08/05/2023 06:01:40,3.82,,,
23925,08/05/2023 06:04:40,3.99,,,
23926,08/05/2023 06:07:40,3.77,,,
23927,08/05/2023 06:10:40,3.60,,,
23928,08/05/2023 06:13:40,3.47,,,
23929,08/05/2023 06:16:40,3.21,,,
23930,08/05/2023 06:19:40,3.26,,,
23931,08/05/2023 06:22:40,3.17,,,
23932,08/05/2023 06:25:40,3.17,,,
23933,08/05/2023 06:28:40,3.30,,,
23934,08/05/2023 06:31:40,3.43,,,
23935,08/05/2023 06:34:40,3.64,,,
23936,08/05/2023 06:37:40,3.90,,,
23937,08/05/2023 06:40:40,3.99,,,
23938,08/05/2023 06:43:40,4.20,,,
23939,08/05/2023 06:46:40,4.20,,,
23940,08/05/2023 06:49:40,4.16,,,
23941,08/05/2023 06:52:40,3.94,,,
23942,08/05/2023 06:55:40,3.86,,,
23943,08/05/2023 06:58:40,3.86,,,
23944,08/05/2023 07:01:40,4.46,,,
23945,08/05/2023 07:04:40,4.59,,,
23946,08/05/2023 07:07:40,5.45,,,
23947,08/05/2023 07:10:40,5.32,,,
23948,08/05/2023 07:13:40,5.75,,,
23949,08/05/2023 07:16:40,6.56,,,
23950,08/05/2023 07:19:40,6.82,,,
23951,08/05/2023 07:22:40,7.33,,,
23952,08/05/2023 07:25:40,7.76,,,
23953,08/05/2023 07:28:40,8.49,,,
23954,08/05/2023 07:31:40,9.35,,,
23955,08/05/2023 07:34:40,10.04,,,
23956,08/05/2023 07:37:40,9.61,,,
23957,08/05/2023 07:40:40,10.46,,,
23958,08/05/2023 07:43:40,11.02,,,
23959,08/05/2023 07:46:40,10.81,,,
23960,08/05/2023 07:49:40,10.59,,,
23961,08/05/2023 07:52:40,10.25,,,
23962,08/05/2023 07:55:40,10.94,,,
23963,08/05/2023 07:58:40,11.84,,,
23964,08/05/2023 08:01:40,12.65,,,
23965,08/05/2023 08:04:40,13.04,,,
23966,08/05/2023 08:07:40,13.81,,,
23967,08/05/2023 08:10:40,14.33,,,
23968,08/05/2023 08:13:40,15.23,,,
23969,08/05/2023 08:16:40,14.93,,,
23970,08/05/2023 08:19:40,14.93,,,
23971,08/05/2023 08:22:40,14.88,,,
23972,08/05/2023 08:25:40,16.17,,,
23973,08/05/2023 08:28:40,17.67,,,
23974,08/05/2023 08:31:40,18.14,,,
23975,08/05/2023 08:34:40,19.13,,,
23976,08/05/2023 08:37:40,18.87,,,
23977,08/05/2023 08:40:40,17.20,,,
23978,08/05/2023 08:43:40,16.81,,,
23979,08/05/2023 08:46:40,16.73,,,
23980,08/05/2023 08:49:40,17.50,,,
23981,08/05/2023 08:52:40,17.24,,,
23982,08/05/2023 08:55:40,17.33,,,
23983,08/05/2023 08:58:40,17.16,,,
23984,08/05/2023 09:01:40,17.84,,,
23985,08/05/2023 09:04:40,17.89,,,
23986,08/05/2023 09:07:40,18.19,,,
23987,08/05/2023 09:10:40,17.97,,,
23988,08/05/2023 09:13:40,17.59,,,
23989,08/05/2023 09:16:40,18.06,,,
23990,08/05/2023 09:19:40,18.06,,,
23991,08/05/2023 09:22:40,18.49,,,
23992,08/05/2023 09:25:40,18.66,,,
23993,08/05/2023 09:28:40,18.27,,,
23994,08/05/2023 09:31:40,18.44,,,
23995,08/05/2023 09:34:40,19.05,,,
23996,08/05/2023 09:37:40,18.87,,,
23997,08/05/2023 09:40:40,19.39,,,
23998,08/05/2023 09:43:40,19.43,,,
23999,08/05/2023 09:46:40,19.43,,,
24000,08/05/2023 09:49:40,18.92,,,
24001,08/05/2023 09:52:40,19.00,,,
24002,08/05/2023 09:55:40,19.82,,,
24003,08/05/2023 09:58:40,20.20,,,
24004,08/05/2023 10:01:40,20.12,,,
24005,08/05/2023 10:04:40,20.55,,,
24006,08/05/2023 10:07:40,20.25,,,
24007,08/05/2023 10:10:40,20.76,,,
24008,08/05/2023 10:13:40,21.66,,,
24009,08/05/2023 10:16:40,21.36,,,
24010,08/05/2023 10:19:40,21.28,,,
24011,08/05/2023 10:22:40,20.93,,,
24012,08/05/2023 10:25:40,21.40,,,
24013,08/05/2023 10:28:40,21.40,,,
24014,08/05/2023 10:31:40,20.93,,,
24015,08/05/2023 10:34:40,21.53,,,
24016,08/05/2023 10:37:40,21.06,,,
24017,08/05/2023 10:40:40,22.13,,,
24018,08/05/2023 10:43:40,21.75,,,
24019,08/05/2023 10:46:40,22.13,,,
24020,08/05/2023 10:49:40,21.49,,,
24021,08/05/2023 10:52:40,22.18,,,
24022,08/05/2023 10:55:40,21.88,,,
24023,08/05/2023 10:58:40,21.96,,,
24024,08/05/2023 11:01:40,22.31,,,
24025,08/05/2023 11:04:40,22.35,,,
24026,08/05/2023 11:07:40,22.65,,,
24027,08/05/2023 11:10:40,22.65,,,
24028,08/05/2023 11:13:40,23.03,,,
24029,08/05/2023 11:16:40,22.86,,,
24030,08/05/2023 11:19:40,23.34,,,
24031,08/05/2023 11:22:40,22.78,,,
24032,08/05/2023 11:25:40,23.29,,,
24033,08/05/2023 11:28:40,23.76,,,
24034,08/05/2023 11:31:40,24.75,,,
24035,08/05/2023 11:34:40,23.76,,,
24036,08/05/2023 11:37:40,22.69,,,
24037,08/05/2023 11:40:40,22.39,,,
24038,08/05/2023 11:43:40,21.70,,,
24039,08/05/2023 11:46:40,23.21,,,
24040,08/05/2023 11:49:40,24.02,,,
24041,08/05/2023 11:52:40,25.18,,,
24042,08/05/2023 11:55:40,25.48,,,
24043,08/05/2023 11:58:40,24.32,,,
24044,08/05/2023 12:01:40,24.88,,,
24045,08/05/2023 12:04:40,24.62,,,
24046,08/05/2023 12:07:40,25.52,,,
24047,08/05/2023 12:10:40,23.89,,,
24048,08/05/2023 12:13:40,24.06,,,
24049,08/05/2023 12:16:40,25.35,,,
24050,08/05/2023 12:19:40,24.58,,,
24051,08/05/2023 12:22:40,23.46,,,
24052,08/05/2023 12:25:40,23.16,,,
24053,08/05/2023 12:28:40,24.02,,,
24054,08/05/2023 12:31:40,25.27,,,
24055,08/05/2023 12:34:40,24.75,,,
24056,08/05/2023 12:37:40,24.92,,,
24057,08/05/2023 12:40:40,24.15,,,
24058,08/05/2023 12:43:40,24.32,,,
24059,08/05/2023 12:46:40,23.42,,,
24060,08/05/2023 12:49:40,23.12,,,
24061,08/05/2023 12:52:40,24.62,,,
24062,08/05/2023 12:55:40,26.51,,,
24063,08/05/2023 12:58:40,26.60,,,
24064,08/05/2023 13:01:40,26.17,,,
24065,08/05/2023 13:04:40,25.05,,,
24066,08/05/2023 13:07:40,25.35,,,
24067,08/05/2023 13:10:40,25.61,,,
24068,08/05/2023 13:13:40,26.64,,,
24069,08/05/2023 13:16:40,27.54,,,
24070,08/05/2023 13:19:40,26.98,,,
24071,08/05/2023 13:22:40,24.88,,,
24072,08/05/2023 13:25:40,24.06,,,
24073,08/05/2023 13:28:40,24.92,,,
24074,08/05/2023 13:31:40,26.85,,,
24075,08/05/2023 13:34:40,25.82,,,
24076,08/05/2023 13:37:40,24.58,,,
24077,08/05/2023 13:40:40,25.05,,,
24078,08/05/2023 13:43:40,25.09,,,
24079,08/05/2023 13:46:40,26.77,,,
24080,08/05/2023 13:49:40,26.68,,,
24081,08/05/2023 13:52:40,26.94,,,
24082,08/05/2023 13:55:40,26.60,,,
24083,08/05/2023 13:58:40,26.04,,,
24084,08/05/2023 14:01:40,24.97,,,
24085,08/05/2023 14:04:40,24.75,,,
24086,08/05/2023 14:07:40,25.35,,,
24087,08/05/2023 14:10:40,25.99,,,
24088,08/05/2023 14:13:40,26.60,,,
24089,08/05/2023 14:16:40,27.50,,,
24090,08/05/2023 14:19:40,26.90,,,
24091,08/05/2023 14:22:40,27.28,,,
24092,08/05/2023 14:25:40,26.68,,,
24093,08/05/2023 14:28:40,25.87,,,
24094,08/05/2023 14:31:40,25.09,,,
24095,08/05/2023 14:34:40,26.47,,,
24096,08/05/2023 14:37:40,27.11,,,
24097,08/05/2023 14:40:40,26.51,,,
24098,08/05/2023 14:43:40,26.51,,,
24099,08/05/2023 14:46:40,27.67,,,
24100,08/05/2023 14:49:40,28.48,,,
24101,08/05/2023 14:52:40,27.54,,,
24102,08/05/2023 14:55:40,27.67,,,
24103,08/05/2023 14:58:40,26.98,,,
24104,08/05/2023 15:01:40,27.54,,,
24105,08/05/2023 15:04:40,27.07,,,
24106,08/05/2023 15:07:40,26.98,,,
24107,08/05/2023 15:10:40,26.77,,,
24108,08/05/2023 15:13:40,25.61,,,
24109,08/05/2023 15:16:40,25.01,,,
24110,08/05/2023 15:19:40,25.74,,,
24111,08/05/2023 15:22:40,26.08,,,
24112,08/05/2023 15:25:40,26.42,,,
24113,08/05/2023 15:28:40,26.47,,,
24114,08/05/2023 15:31:40,26.72,,,
24115,08/05/2023 15:34:40,26.51,,,
24116,08/05/2023 15:37:40,25.48,,,
24117,08/05/2023 15:40:40,25.95,,,
24118,08/05/2023 15:43:40,25.99,,,
24119,08/05/2023 15:46:40,25.57,,,
24120,08/05/2023 15:49:40,26.08,,,
24121,08/05/2023 15:52:40,25.87,,,
24122,08/05/2023 15:55:40,25.87,,,
24123,08/05/2023 15:58:40,26.21,,,
24124,08/05/2023 16:01:40,26.77,,,
24125,08/05/2023 16:04:40,26.60,,,
24126,08/05/2023 16:07:40,26.55,,,
24127,08/05/2023 16:10:40,26.60,,,
24128,08/05/2023 16:13:40,27.24,,,
24129,08/05/2023 16:16:40,26.60,,,
24130,08/05/2023 16:19:40,26.51,,,
24131,08/05/2023 16:22:40,26.08,,,
24132,08/05/2023 16:25:40,26.08,,,
24133,08/05/2023 16:28:40,26.30,,,
24134,08/05/2023 16:31:40,25.05,,,
24135,08/05/2023 16:34:40,25.14,,,
24136,08/05/2023 16:37:40,25.39,,,
24137,08/05/2023 16:40:40,25.74,,,
24138,08/05/2023 16:43:40,26.38,,,
24139,08/05/2023 16:46:40,26.04,,,
24140,08/05/2023 16:49:40,25.35,,,
24141,08/05/2023 16:52:40,25.78,,,
24142,08/05/2023 16:55:40,25.22,,,
24143,08/05/2023 16:58:40,24.32,,,
24144,08/05/2023 17:01:40,24.36,,,
24145,08/05/2023 17:04:40,24.97,,,
24146,08/05/2023 17:07:40,25.44,,,
24147,08/05/2023 17:10:40,25.78,,,
24148,08/05/2023 17:13:40,26.08,,,
24149,08/05/2023 17:16:40,26.81,,,
24150,08/05/2023 17:19:40,26.68,,,
24151,08/05/2023 17:22:40,26.98,,,
24152,08/05/2023 17:25:40,27.24,,,
24153,08/05/2023 17:28:40,26.55,,,
24154,08/05/2023 17:31:40,26.72,,,
24155,08/05/2023 17:34:40,26.68,,,
24156,08/05/2023 17:37:40,26.30,,,
24157,08/05/2023 17:40:40,25.52,,,
24158,08/05/2023 17:43:40,25.99,,,
24159,08/05/2023 17:46:40,25.78,,,
24160,08/05/2023 17:49:40,25.14,,,
24161,08/05/2023 17:52:40,25.82,,,
24162,08/05/2023 17:55:40,25.87,,,
24163,08/05/2023 17:58:40,25.91,,,
24164,08/05/2023 18:01:40,25.09,,,
24165,08/05/2023 18:04:40,24.79,,,
24166,08/05/2023 18:07:40,24.92,,,
24167,08/05/2023 18:10:40,24.62,,,
24168,08/05/2023 18:13:40,23.85,,,
24169,08/05/2023 18:16:40,23.64,,,
24170,08/05/2023 18:19:40,23.42,,,
24171,08/05/2023 18:22:40,22.99,,,
24172,08/05/2023 18:25:40,22.86,,,
24173,08/05/2023 18:28:40,22.86,,,
24174,08/05/2023 18:31:40,22.82,,,
24175,08/05/2023 18:34:40,22.69,,,
24176,08/05/2023 18:37:40,22.69,,,
24177,08/05/2023 18:40:40,22.69,,,
24178,08/05/2023 18:43:40,22.73,,,
24179,08/05/2023 18:46:40,22.26,,,
24180,08/05/2023 18:49:40,21.83,,,
24181,08/05/2023 18:52:40,21.79,,,
24182,08/05/2023 18:55:40,21.58,,,
24183,08/05/2023 18:58:40,21.62,,,
24184,08/05/2023 19:01:40,21.66,,,
24185,08/05/2023 19:04:40,21.53,,,
24186,08/05/2023 19:07:40,21.02,,,
24187,08/05/2023 19:10:40,20.46,,,
24188,08/05/2023 19:13:40,19.95,,,
24189,08/05/2023 19:16:40,19.35,,,
24190,08/05/2023 19:19:40,19.09,,,
24191,08/05/2023 19:22:40,19.05,,,
24192,08/05/2023 19:25:40,18.83,,,
24193,08/05/2023 19:28:40,19.05,,,
24194,08/05/2023 19:31:40,18.53,,,
24195,08/05/2023 19:34:40,18.36,,,
24196,08/05/2023 19:37:40,18.57,,,
24197,08/05/2023 19:40:40,18.40,,,
24198,08/05/2023 19:43:40,18.32,,,
24199,08/05/2023 19:46:40,18.14,,,
24200,08/05/2023 19:49:40,17.76,,,
24201,08/05/2023 19:52:40,17.63,,,
24202,08/05/2023 19:55:40,17.50,,,
24203,08/05/2023 19:58:40,16.86,,,
24204,08/05/2023 20:01:40,16.60,,,
24205,08/05/2023 20:04:40,16.56,,,
24206,08/05/2023 20:07:40,16.04,,,
24207,08/05/2023 20:10:40,16.17,,,
24208,08/05/2023 20:13:40,16.17,,,
24209,08/05/2023 20:16:40,16.00,,,
24210,08/05/2023 20:19:40,15.48,,,
24211,08/05/2023 20:22:40,15.70,,,
24212,08/05/2023 20:25:40,15.57,,,
24213,08/05/2023 20:28:40,15.14,,,
24214,08/05/2023 20:31:40,14.28,,,
24215,08/05/2023 20:34:40,14.03,,,
24216,08/05/2023 20:37:40,13.94,,,
24217,08/05/2023 20:40:40,13.73,,,
24218,08/05/2023 20:43:40,13.77,,,
24219,08/05/2023 20:46:40,13.38,,,
24220,08/05/2023 20:49:40,13.00,,,
24221,08/05/2023 20:52:40,12.57,,,
24222,08/05/2023 20:55:40,12.31,,,
24223,08/05/2023 20:58:40,12.18,,,
24224,08/05/2023 21:01:40,12.18,,,
24225,08/05/2023 21:04:40,11.75,,,
24226,08/05/2023 21:07:40,11.79,,,
24227,08/05/2023 21:10:40,12.10,,,
24228,08/05/2023 21:13:40,11.84,,,
24229,08/05/2023 21:16:40,11.49,,,
24230,08/05/2023 21:19:40,11.28,,,
24231,08/05/2023 21:22:40,11.02,,,
24232,08/05/2023 21:25:40,10.72,,,
24233,08/05/2023 21:28:40,10.72,,,
24234,08/05/2023 21:31:40,10.85,,,
24235,08/05/2023 21:34:40,10.89,,,
24236,08/05/2023 21:37:40,10.55,,,
24237,08/05/2023 21:40:40,10.29,,,
24238,08/05/2023 21:43:40,10.34,,,
24239,08/05/2023 21:46:40,10.16,,,
24240,08/05/2023 21:49:40,10.21,,,
24241,08/05/2023 21:52:40,10.38,,,
24242,08/05/2023 21:55:40,10.16,,,
24243,08/05/2023 21:58:40,10.16,,,
24244,08/05/2023 22:01:40,9.74,,,
24245,08/05/2023 22:04:40,9.69,,,
24246,08/05/2023 22:07:40,9.86,,,
24247,08/05/2023 22:10:40,9.95,,,
24248,08/05/2023 22:13:40,9.48,,,
24249,08/05/2023 22:16:40,9.61,,,
24250,08/05/2023 22:19:40,9.31,,,
24251,08/05/2023 22:22:40,9.18,,,
24252,08/05/2023 22:25:40,9.44,,,
24253,08/05/2023 22:28:40,9.01,,,
24254,08/05/2023 22:31:40,9.09,,,
24255,08/05/2023 22:34:40,9.35,,,
24256,08/05/2023 22:37:40,9.26,,,
24257,08/05/2023 22:40:40,9.14,,,
24258,08/05/2023 22:43:40,8.83,,,
24259,08/05/2023 22:46:40,8.53,,,
24260,08/05/2023 22:49:40,8.53,,,
24261,08/05/2023 22:52:40,8.58,,,
24262,08/05/2023 22:55:40,8.49,,,
24263,08/05/2023 22:58:40,8.49,,,
24264,08/05/2023 23:01:40,8.88,,,
24265,08/05/2023 23:04:40,9.18,,,
24266,08/05/2023 23:07:40,8.96,,,
24267,08/05/2023 23:10:40,8.62,,,
24268,08/05/2023 23:13:40,8.41,,,
24269,08/05/2023 23:16:40,8.62,,,
24270,08/05/2023 23:19:40,8.66,,,
24271,08/05/2023 23:22:40,8.45,,,
24272,08/05/2023 23:25:40,8.49,,,
24273,08/05/2023 23:28:40,8.71,,,
24274,08/05/2023 23:31:40,8.66,,,
24275,08/05/2023 23:34:40,8.19,,,
24276,08/05/2023 23:37:40,7.81,,,
24277,08/05/2023 23:40:40,7.81,,,
24278,08/05/2023 23:43:40,7.59,,,
24279,08/05/2023 23:46:40,7.68,,,
24280,08/05/2023 23:49:40,7.72,,,
24281,08/05/2023 23:52:40,8.11,,,
24282,08/05/2023 23:55:40,8.66,,,
24283,08/05/2023 23:58:40,8.88,,,
24284,08/06/2023 00:01:40,8.19,,,
24285,08/06/2023 00:04:40,7.89,,,
24286,08/06/2023 00:07:40,7.72,,,
24287,08/06/2023 00:10:40,8.15,,,
24288,08/06/2023 00:13:40,7.98,,,
24289,08/06/2023 00:16:40,7.63,,,
24290,08/06/2023 00:19:40,7.46,,,
24291,08/06/2023 00:22:40,7.03,,,
24292,08/06/2023 00:25:40,6.86,,,
24293,08/06/2023 00:28:40,6.52,,,
24294,08/06/2023 00:31:40,6.30,,,
24295,08/06/2023 00:34:40,6.65,,,
24296,08/06/2023 00:37:40,6.90,,,
24297,08/06/2023 00:40:40,6.99,,,
24298,08/06/2023 00:43:40,6.82,,,
24299,08/06/2023 00:46:40,6.56,,,
24300,08/06/2023 00:49:40,6.39,,,
24301,08/06/2023 00:52:40,6.17,,,
24302,08/06/2023 00:55:40,5.96,,,
24303,08/06/2023 00:58:40,5.83,,,
24304,08/06/2023 01:01:40,5.79,,,
24305,08/06/2023 01:04:40,6.35,,,
24306,08/06/2023 01:07:40,6.26,,,
24307,08/06/2023 01:10:40,5.96,,,
24308,08/06/2023 01:13:40,6.05,,,
24309,08/06/2023 01:16:40,6.05,,,
24310,08/06/2023 01:19:40,5.62,,,
24311,08/06/2023 01:22:40,5.49,,,
24312,08/06/2023 01:25:40,5.66,,,
24313,08/06/2023 01:28:40,6.22,,,
24314,08/06/2023 01:31:40,6.13,,,
24315,08/06/2023 01:34:40,5.79,,,
24316,08/06/2023 01:37:40,5.83,,,
24317,08/06/2023 01:40:40,5.53,,,
24318,08/06/2023 01:43:40,5.10,,,
24319,08/06/2023 01:46:40,4.97,,,
24320,08/06/2023 01:49:40,4.80,,,
24321,08/06/2023 01:52:40,4.54,,,
24322,08/06/2023 01:55:40,4.29,,,
24323,08/06/2023 01:58:40,4.33,,,
24324,08/06/2023 02:01:40,4.42,,,
24325,08/06/2023 02:04:40,4.29,,,
24326,08/06/2023 02:07:40,4.16,,,
24327,08/06/2023 02:10:40,4.24,,,
24328,08/06/2023 02:13:40,4.93,,,
24329,08/06/2023 02:16:40,4.84,,,
24330,08/06/2023 02:19:40,5.02,,,
24331,08/06/2023 02:22:40,4.63,,,
24332,08/06/2023 02:25:40,4.20,,,
24333,08/06/2023 02:28:40,4.07,,,
24334,08/06/2023 02:31:40,3.86,,,
24335,08/06/2023 02:34:40,3.73,,,
24336,08/06/2023 02:37:40,3.73,,,
24337,08/06/2023 02:40:40,3.86,,,
24338,08/06/2023 02:43:40,4.12,,,
24339,08/06/2023 02:46:40,4.59,,,
24340,08/06/2023 02:49:40,4.03,,,
24341,08/06/2023 02:52:40,3.64,,,
24342,08/06/2023 02:55:40,3.56,,,
24343,08/06/2023 02:58:40,3.56,,,
24344,08/06/2023 03:01:40,3.60,,,
24345,08/06/2023 03:04:40,3.60,,,
24346,08/06/2023 03:07:40,3.52,,,
24347,08/06/2023 03:10:40,3.43,,,
24348,08/06/2023 03:13:40,3.56,,,
24349,08/06/2023 03:16:40,3.47,,,
24350,08/06/2023 03:19:40,3.43,,,
24351,08/06/2023 03:22:40,3.39,,,
24352,08/06/2023 03:25:40,3.26,,,
24353,08/06/2023 03:28:40,3.47,,,
24354,08/06/2023 03:31:40,3.52,,,
24355,08/06/2023 03:34:40,3.64,,,
24356,08/06/2023 03:37:40,3.90,,,
24357,08/06/2023 03:40:40,3.86,,,
24358,08/06/2023 03:43:40,3.43,,,
24359,08/06/2023 03:46:40,3.26,,,
24360,08/06/2023 03:49:40,3.17,,,
24361,08/06/2023 03:52:40,3.09,,,
24362,08/06/2023 03:55:40,2.96,,,
24363,08/06/2023 03:58:40,3.04,,,
24364,08/06/2023 04:01:40,3.34,,,
24365,08/06/2023 04:04:40,3.34,,,
24366,08/06/2023 04:07:40,3.26,,,
24367,08/06/2023 04:10:40,3.04,,,
24368,08/06/2023 04:13:40,3.04,,,
24369,08/06/2023 04:16:40,3.04,,,
24370,08/06/2023 04:19:40,2.96,,,
24371,08/06/2023 04:22:40,3.30,,,
24372,08/06/2023 04:25:40,3.34,,,
24373,08/06/2023 04:28:40,3.73,,,
24374,08/06/2023 04:31:40,3.64,,,
24375,08/06/2023 04:34:40,3.34,,,
24376,08/06/2023 04:37:40,2.87,,,
24377,08/06/2023 04:40:40,2.91,,,
24378,08/06/2023 04:43:40,3.00,,,
24379,08/06/2023 04:46:40,3.17,,,
24380,08/06/2023 04:49:40,3.39,,,
24381,08/06/2023 04:52:40,3.34,,,
24382,08/06/2023 04:55:40,3.21,,,
24383,08/06/2023 04:58:40,3.04,,,
24384,08/06/2023 05:01:40,2.83,,,
24385,08/06/2023 05:04:40,3.17,,,
24386,08/06/2023 05:07:40,3.17,,,
24387,08/06/2023 05:10:40,3.17,,,
24388,08/06/2023 05:13:40,3.13,,,
24389,08/06/2023 05:16:40,2.91,,,
24390,08/06/2023 05:19:40,2.91,,,
24391,08/06/2023 05:22:40,2.70,,,
24392,08/06/2023 05:25:40,3.00,,,
24393,08/06/2023 05:28:40,2.74,,,
24394,08/06/2023 05:31:40,2.66,,,
24395,08/06/2023 05:34:40,2.61,,,
24396,08/06/2023 05:37:40,2.70,,,
24397,08/06/2023 05:40:40,2.87,,,
24398,08/06/2023 05:43:40,2.74,,,
24399,08/06/2023 05:46:40,2.36,,,
24400,08/06/2023 05:49:40,2.27,,,
24401,08/06/2023 05:52:40,2.40,,,
24402,08/06/2023 05:55:40,2.57,,,
24403,08/06/2023 05:58:40,2.23,,,
24404,08/06/2023 06:01:40,2.14,,,
24405,08/06/2023 06:04:40,1.93,,,
24406,08/06/2023 06:07:40,1.84,,,
24407,08/06/2023 06:10:40,1.80,,,
24408,08/06/2023 06:13:40,1.71,,,
24409,08/06/2023 06:16:40,1.97,,,
24410,08/06/2023 06:19:40,1.93,,,
24411,08/06/2023 06:22:40,2.14,,,
24412,08/06/2023 06:25:40,2.31,,,
24413,08/06/2023 06:28:40,2.19,,,
24414,08/06/2023 06:31:40,2.36,,,
24415,08/06/2023 06:34:40,2.14,,,
24416,08/06/2023 06:37:40,2.06,,,
24417,08/06/2023 06:40:40,1.97,,,
24418,08/06/2023 06:43:40,2.19,,,
24419,08/06/2023 06:46:40,2.10,,,
24420,08/06/2023 06:49:40,2.23,,,
24421,08/06/2023 06:52:40,2.40,,,
24422,08/06/2023 06:55:40,2.44,,,
24423,08/06/2023 06:58:40,3.13,,,
24424,08/06/2023 07:01:40,4.12,,,
24425,08/06/2023 07:04:40,4.80,,,
24426,08/06/2023 07:07:40,4.84,,,
24427,08/06/2023 07:10:40,4.97,,,
24428,08/06/2023 07:13:40,5.79,,,
24429,08/06/2023 07:16:40,6.39,,,
24430,08/06/2023 07:19:40,6.95,,,
24431,08/06/2023 07:22:40,7.03,,,
24432,08/06/2023 07:25:40,7.29,,,
24433,08/06/2023 07:28:40,6.86,,,
24434,08/06/2023 07:31:40,7.50,,,
24435,08/06/2023 07:34:40,8.32,,,
24436,08/06/2023 07:37:40,8.88,,,
24437,08/06/2023 07:40:40,9.52,,,
24438,08/06/2023 07:43:40,10.55,,,
24439,08/06/2023 07:46:40,11.19,,,
24440,08/06/2023 07:49:40,11.28,,,
24441,08/06/2023 07:52:40,11.11,,,
24442,08/06/2023 07:55:40,11.58,,,
24443,08/06/2023 07:58:40,11.45,,,
24444,08/06/2023 08:01:40,11.67,,,
24445,08/06/2023 08:04:40,11.79,,,
24446,08/06/2023 08:07:40,11.58,,,
24447,08/06/2023 08:10:40,11.75,,,
24448,08/06/2023 08:13:40,11.71,,,
24449,08/06/2023 08:16:40,11.97,,,
24450,08/06/2023 08:19:40,13.21,,,
24451,08/06/2023 08:22:40,13.21,,,
24452,08/06/2023 08:25:40,13.98,,,
24453,08/06/2023 08:28:40,14.41,,,
24454,08/06/2023 08:31:40,14.50,,,
24455,08/06/2023 08:34:40,15.31,,,
24456,08/06/2023 08:37:40,16.43,,,
24457,08/06/2023 08:40:40,18.40,,,
24458,08/06/2023 08:43:40,18.27,,,
24459,08/06/2023 08:46:40,16.90,,,
24460,08/06/2023 08:49:40,16.51,,,
24461,08/06/2023 08:52:40,16.13,,,
24462,08/06/2023 08:55:40,16.04,,,
24463,08/06/2023 08:58:40,16.13,,,
24464,08/06/2023 09:01:40,16.47,,,
24465,08/06/2023 09:04:40,16.13,,,
24466,08/06/2023 09:07:40,16.17,,,
24467,08/06/2023 09:10:40,16.77,,,
24468,08/06/2023 09:13:40,16.86,,,
24469,08/06/2023 09:16:40,17.72,,,
24470,08/06/2023 09:19:40,18.02,,,
24471,08/06/2023 09:22:40,18.36,,,
24472,08/06/2023 09:25:40,18.19,,,
24473,08/06/2023 09:28:40,17.63,,,
24474,08/06/2023 09:31:40,17.76,,,
24475,08/06/2023 09:34:40,18.40,,,
24476,08/06/2023 09:37:40,18.87,,,
24477,08/06/2023 09:40:40,20.37,,,
24478,08/06/2023 09:43:40,21.88,,,
24479,08/06/2023 09:46:40,20.42,,,
24480,08/06/2023 09:49:40,20.59,,,
24481,08/06/2023 09:52:40,21.10,,,
24482,08/06/2023 09:55:40,20.42,,,
24483,08/06/2023 09:58:40,20.20,,,
24484,08/06/2023 10:01:40,21.32,,,
24485,08/06/2023 10:04:40,22.39,,,
24486,08/06/2023 10:07:40,22.43,,,
24487,08/06/2023 10:10:40,23.29,,,
24488,08/06/2023 10:13:40,22.95,,,
24489,08/06/2023 10:16:40,22.26,,,
24490,08/06/2023 10:19:40,23.21,,,
24491,08/06/2023 10:22:40,23.81,,,
24492,08/06/2023 10:25:40,22.61,,,
24493,08/06/2023 10:28:40,21.28,,,
24494,08/06/2023 10:31:40,21.53,,,
24495,08/06/2023 10:34:40,22.31,,,
24496,08/06/2023 10:37:40,22.05,,,
24497,08/06/2023 10:40:40,21.40,,,
24498,08/06/2023 10:43:40,22.13,,,
24499,08/06/2023 10:46:40,22.18,,,
24500,08/06/2023 10:49:40,22.18,,,
24501,08/06/2023 10:52:40,22.22,,,
24502,08/06/2023 10:55:40,22.48,,,
24503,08/06/2023 10:58:40,21.79,,,
24504,08/06/2023 11:01:40,21.92,,,
24505,08/06/2023 11:04:40,22.01,,,
24506,08/06/2023 11:07:40,22.05,,,
24507,08/06/2023 11:10:40,21.66,,,
24508,08/06/2023 11:13:40,22.05,,,
24509,08/06/2023 11:16:40,22.56,,,
24510,08/06/2023 11:19:40,22.65,,,
24511,08/06/2023 11:22:40,22.86,,,
24512,08/06/2023 11:25:40,22.73,,,
24513,08/06/2023 11:28:40,23.81,,,
24514,08/06/2023 11:31:40,24.24,,,
24515,08/06/2023 11:34:40,24.92,,,
24516,08/06/2023 11:37:40,26.12,,,
24517,08/06/2023 11:40:40,25.35,,,
24518,08/06/2023 11:43:40,24.45,,,
24519,08/06/2023 11:46:40,24.02,,,
24520,08/06/2023 11:49:40,24.92,,,
24521,08/06/2023 11:52:40,25.52,,,
24522,08/06/2023 11:55:40,25.61,,,
24523,08/06/2023 11:58:40,25.52,,,
24524,08/06/2023 12:01:40,25.99,,,
24525,08/06/2023 12:04:40,26.30,,,
24526,08/06/2023 12:07:40,26.60,,,
24527,08/06/2023 12:10:40,26.64,,,
24528,08/06/2023 12:13:40,26.68,,,
24529,08/06/2023 12:16:40,26.68,,,
24530,08/06/2023 12:19:40,25.95,,,
24531,08/06/2023 12:22:40,26.72,,,
24532,08/06/2023 12:25:40,27.15,,,
24533,08/06/2023 12:28:40,27.32,,,
24534,08/06/2023 12:31:40,27.37,,,
24535,08/06/2023 12:34:40,27.37,,,
24536,08/06/2023 12:37:40,27.75,,,
24537,08/06/2023 12:40:40,27.54,,,
24538,08/06/2023 12:43:40,27.80,,,
24539,08/06/2023 12:46:40,27.54,,,
24540,08/06/2023 12:49:40,27.93,,,
24541,08/06/2023 12:52:40,27.02,,,
24542,08/06/2023 12:55:40,27.41,,,
24543,08/06/2023 12:58:40,27.63,,,
24544,08/06/2023 13:01:40,27.58,,,
24545,08/06/2023 13:04:40,27.02,,,
24546,08/06/2023 13:07:40,27.58,,,
24547,08/06/2023 13:10:40,28.14,,,
24548,08/06/2023 13:13:40,27.84,,,
24549,08/06/2023 13:16:40,28.10,,,
24550,08/06/2023 13:19:40,27.97,,,
24551,08/06/2023 13:22:40,26.85,,,
24552,08/06/2023 13:25:40,26.55,,,
24553,08/06/2023 13:28:40,25.95,,,
24554,08/06/2023 13:31:40,26.47,,,
24555,08/06/2023 13:34:40,26.77,,,
24556,08/06/2023 13:37:40,26.94,,,
24557,08/06/2023 13:40:40,26.90,,,
24558,08/06/2023 13:43:40,25.99,,,
24559,08/06/2023 13:46:40,26.64,,,
24560,08/06/2023 13:49:40,26.85,,,
24561,08/06/2023 13:52:40,27.28,,,
24562,08/06/2023 13:55:40,27.80,,,
24563,08/06/2023 13:58:40,27.97,,,
24564,08/06/2023 14:01:40,28.14,,,
24565,08/06/2023 14:04:40,27.75,,,
24566,08/06/2023 14:07:40,27.20,,,
24567,08/06/2023 14:10:40,28.35,,,
24568,08/06/2023 14:13:40,28.95,,,
24569,08/06/2023 14:16:40,28.40,,,
24570,08/06/2023 14:19:40,28.14,,,
24571,08/06/2023 14:22:40,27.63,,,
24572,08/06/2023 14:25:40,27.11,,,
24573,08/06/2023 14:28:40,28.05,,,
24574,08/06/2023 14:31:40,28.44,,,
24575,08/06/2023 14:34:40,27.88,,,
24576,08/06/2023 14:37:40,27.67,,,
24577,08/06/2023 14:40:40,27.88,,,
24578,08/06/2023 14:43:40,28.05,,,
24579,08/06/2023 14:46:40,28.40,,,
24580,08/06/2023 14:49:40,28.57,,,
24581,08/06/2023 14:52:40,27.84,,,
24582,08/06/2023 14:55:40,27.54,,,
24583,08/06/2023 14:58:40,27.58,,,
24584,08/06/2023 15:01:40,27.54,,,
24585,08/06/2023 15:04:40,27.63,,,
24586,08/06/2023 15:07:40,27.41,,,
24587,08/06/2023 15:10:40,27.63,,,
24588,08/06/2023 15:13:40,27.37,,,
24589,08/06/2023 15:16:40,27.02,,,
24590,08/06/2023 15:19:40,27.58,,,
24591,08/06/2023 15:22:40,27.97,,,
24592,08/06/2023 15:25:40,26.94,,,
24593,08/06/2023 15:28:40,26.98,,,
24594,08/06/2023 15:31:40,26.90,,,
24595,08/06/2023 15:34:40,26.94,,,
24596,08/06/2023 15:37:40,27.50,,,
24597,08/06/2023 15:40:40,26.38,,,
24598,08/06/2023 15:43:40,25.91,,,
24599,08/06/2023 15:46:40,26.85,,,
24600,08/06/2023 15:49:40,27.37,,,
24601,08/06/2023 15:52:40,27.24,,,
24602,08/06/2023 15:55:40,27.28,,,
24603,08/06/2023 15:58:40,27.32,,,
24604,08/06/2023 16:01:40,26.85,,,
24605,08/06/2023 16:04:40,27.32,,,
24606,08/06/2023 16:07:40,27.80,,,
24607,08/06/2023 16:10:40,27.67,,,
24608,08/06/2023 16:13:40,27.80,,,
24609,08/06/2023 16:16:40,27.24,,,
24610,08/06/2023 16:19:40,26.77,,,
24611,08/06/2023 16:22:40,27.20,,,
24612,08/06/2023 16:25:40,27.28,,,
24613,08/06/2023 16:28:40,27.67,,,
24614,08/06/2023 16:31:40,27.58,,,
24615,08/06/2023 16:34:40,27.37,,,
24616,08/06/2023 16:37:40,27.45,,,
24617,08/06/2023 16:40:40,27.50,,,
24618,08/06/2023 16:43:40,27.71,,,
24619,08/06/2023 16:46:40,27.37,,,
24620,08/06/2023 16:49:40,27.28,,,
24621,08/06/2023 16:52:40,27.75,,,
24622,08/06/2023 16:55:40,27.54,,,
24623,08/06/2023 16:58:40,27.28,,,
24624,08/06/2023 17:01:40,27.24,,,
24625,08/06/2023 17:04:40,25.87,,,
24626,08/06/2023 17:07:40,25.31,,,
24627,08/06/2023 17:10:40,25.09,,,
24628,08/06/2023 17:13:40,25.05,,,
24629,08/06/2023 17:16:40,24.75,,,
24630,08/06/2023 17:19:40,24.79,,,
24631,08/06/2023 17:22:40,25.95,,,
24632,08/06/2023 17:25:40,26.51,,,
24633,08/06/2023 17:28:40,26.38,,,
24634,08/06/2023 17:31:40,24.88,,,
24635,08/06/2023 17:34:40,24.62,,,
24636,08/06/2023 17:37:40,25.44,,,
24637,08/06/2023 17:40:40,26.34,,,
24638,08/06/2023 17:43:40,26.38,,,
24639,08/06/2023 17:46:40,25.69,,,
24640,08/06/2023 17:49:40,26.42,,,
24641,08/06/2023 17:52:40,27.11,,,
24642,08/06/2023 17:55:40,26.90,,,
24643,08/06/2023 17:58:40,26.68,,,
24644,08/06/2023 18:01:40,26.47,,,
24645,08/06/2023 18:04:40,26.12,,,
24646,08/06/2023 18:07:40,25.31,,,
24647,08/06/2023 18:10:40,24.58,,,
24648,08/06/2023 18:13:40,24.28,,,
24649,08/06/2023 18:16:40,24.41,,,
24650,08/06/2023 18:19:40,24.54,,,
24651,08/06/2023 18:22:40,24.36,,,
24652,08/06/2023 18:25:40,23.81,,,
24653,08/06/2023 18:28:40,23.21,,,
24654,08/06/2023 18:31:40,23.08,,,
24655,08/06/2023 18:34:40,23.46,,,
24656,08/06/2023 18:37:40,23.25,,,
24657,08/06/2023 18:40:40,23.46,,,
24658,08/06/2023 18:43:40,23.64,,,
24659,08/06/2023 18:46:40,23.34,,,
24660,08/06/2023 18:49:40,23.12,,,
24661,08/06/2023 18:52:40,23.03,,,
24662,08/06/2023 18:55:40,23.16,,,
24663,08/06/2023 18:58:40,23.34,,,
24664,08/06/2023 19:01:40,23.16,,,
24665,08/06/2023 19:04:40,23.21,,,
24666,08/06/2023 19:07:40,22.78,,,
24667,08/06/2023 19:10:40,23.16,,,
24668,08/06/2023 19:13:40,23.08,,,
24669,08/06/2023 19:16:40,22.61,,,
24670,08/06/2023 19:19:40,22.18,,,
24671,08/06/2023 19:22:40,22.09,,,
24672,08/06/2023 19:25:40,22.01,,,
24673,08/06/2023 19:28:40,21.49,,,
24674,08/06/2023 19:31:40,21.62,,,
24675,08/06/2023 19:34:40,21.15,,,
24676,08/06/2023 19:37:40,20.76,,,
24677,08/06/2023 19:40:40,20.16,,,
24678,08/06/2023 19:43:40,19.43,,,
24679,08/06/2023 19:46:40,19.35,,,
24680,08/06/2023 19:49:40,19.09,,,
24681,08/06/2023 19:52:40,18.79,,,
24682,08/06/2023 19:55:40,17.89,,,
24683,08/06/2023 19:58:40,17.76,,,
24684,08/06/2023 20:01:40,17.24,,,
24685,08/06/2023 20:04:40,16.77,,,
24686,08/06/2023 20:07:40,16.34,,,
24687,08/06/2023 20:10:40,15.78,,,
24688,08/06/2023 20:13:40,15.53,,,
24689,08/06/2023 20:16:40,15.40,,,
24690,08/06/2023 20:19:40,15.06,,,
24691,08/06/2023 20:22:40,14.84,,,
24692,08/06/2023 20:25:40,14.28,,,
24693,08/06/2023 20:28:40,14.93,,,
24694,08/06/2023 20:31:40,15.61,,,
24695,08/06/2023 20:34:40,15.27,,,
24696,08/06/2023 20:37:40,14.63,,,
24697,08/06/2023 20:40:40,13.68,,,
24698,08/06/2023 20:43:40,13.17,,,
24699,08/06/2023 20:46:40,13.51,,,
24700,08/06/2023 20:49:40,14.50,,,
24701,08/06/2023 20:52:40,14.11,,,
24702,08/06/2023 20:55:40,13.25,,,
24703,08/06/2023 20:58:40,12.91,,,
24704,08/06/2023 21:01:40,12.82,,,
24705,08/06/2023 21:04:40,12.35,,,
24706,08/06/2023 21:07:40,11.92,,,
24707,08/06/2023 21:10:40,11.58,,,
24708,08/06/2023 21:13:40,10.98,,,
24709,08/06/2023 21:16:40,10.29,,,
24710,08/06/2023 21:19:40,10.42,,,
24711,08/06/2023 21:22:40,10.08,,,
24712,08/06/2023 21:25:40,9.74,,,
24713,08/06/2023 21:28:40,9.56,,,
24714,08/06/2023 21:31:40,9.44,,,
24715,08/06/2023 21:34:40,9.14,,,
24716,08/06/2023 21:37:40,9.26,,,
24717,08/06/2023 21:40:40,8.88,,,
24718,08/06/2023 21:43:40,8.71,,,
24719,08/06/2023 21:46:40,8.19,,,
24720,08/06/2023 21:49:40,8.15,,,
24721,08/06/2023 21:52:40,7.89,,,
24722,08/06/2023 21:55:40,7.63,,,
24723,08/06/2023 21:58:40,7.76,,,
24724,08/06/2023 22:01:40,7.98,,,
24725,08/06/2023 22:04:40,8.11,,,
24726,08/06/2023 22:07:40,8.88,,,
24727,08/06/2023 22:10:40,8.49,,,
24728,08/06/2023 22:13:40,7.98,,,
24729,08/06/2023 22:16:40,7.76,,,
24730,08/06/2023 22:19:40,7.16,,,
24731,08/06/2023 22:22:40,7.81,,,
24732,08/06/2023 22:25:40,7.68,,,
24733,08/06/2023 22:28:40,7.38,,,
24734,08/06/2023 22:31:40,7.76,,,
24735,08/06/2023 22:34:40,8.19,,,
24736,08/06/2023 22:37:40,8.32,,,
24737,08/06/2023 22:40:40,8.06,,,
24738,08/06/2023 22:43:40,8.19,,,
24739,08/06/2023 22:46:40,8.28,,,
24740,08/06/2023 22:49:40,8.75,,,
24741,08/06/2023 22:52:40,8.45,,,
24742,08/06/2023 22:55:40,7.98,,,
24743,08/06/2023 22:58:40,7.25,,,
24744,08/06/2023 23:01:40,7.03,,,
24745,08/06/2023 23:04:40,6.99,,,
24746,08/06/2023 23:07:40,7.03,,,
24747,08/06/2023 23:10:40,7.55,,,
24748,08/06/2023 23:13:40,7.50,,,
24749,08/06/2023 23:16:40,7.68,,,
24750,08/06/2023 23:19:40,7.81,,,
24751,08/06/2023 23:22:40,7.63,,,
24752,08/06/2023 23:25:40,7.33,,,
24753,08/06/2023 23:28:40,7.55,,,
24754,08/06/2023 23:31:40,7.72,,,
24755,08/06/2023 23:34:40,8.11,,,
24756,08/06/2023 23:37:40,8.28,,,
24757,08/06/2023 23:40:40,8.66,,,
24758,08/06/2023 23:43:40,9.26,,,
24759,08/06/2023 23:46:40,10.08,,,
24760,08/06/2023 23:49:40,10.16,,,
24761,08/06/2023 23:52:40,9.95,,,
24762,08/06/2023 23:55:40,10.25,,,
24763,08/06/2023 23:58:40,9.52,,,
24764,08/07/2023 00:01:40,9.31,,,
24765,08/07/2023 00:04:40,9.39,,,
24766,08/07/2023 00:07:40,9.95,,,
24767,08/07/2023 00:10:40,9.65,,,
24768,08/07/2023 00:13:40,9.61,,,
24769,08/07/2023 00:16:40,9.69,,,
24770,08/07/2023 00:19:40,9.39,,,
24771,08/07/2023 00:22:40,9.78,,,
24772,08/07/2023 00:25:40,10.29,,,
24773,08/07/2023 00:28:40,10.16,,,
24774,08/07/2023 00:31:40,10.85,,,
24775,08/07/2023 00:34:40,12.10,,,
24776,08/07/2023 00:37:40,14.03,,,
24777,08/07/2023 00:40:40,13.34,,,
24778,08/07/2023 00:43:40,12.95,,,
24779,08/07/2023 00:46:40,11.79,,,
24780,08/07/2023 00:49:40,11.45,,,
24781,08/07/2023 00:52:40,11.28,,,
24782,08/07/2023 00:55:40,11.32,,,
24783,08/07/2023 00:58:40,10.77,,,
24784,08/07/2023 01:01:40,10.38,,,
24785,08/07/2023 01:04:40,9.78,,,
24786,08/07/2023 01:07:40,9.48,,,
24787,08/07/2023 01:10:40,9.18,,,
24788,08/07/2023 01:13:40,8.83,,,
24789,08/07/2023 01:16:40,8.32,,,
24790,08/07/2023 01:19:40,8.45,,,
24791,08/07/2023 01:22:40,9.69,,,
24792,08/07/2023 01:25:40,8.96,,,
24793,08/07/2023 01:28:40,8.75,,,
24794,08/07/2023 01:31:40,9.05,,,
24795,08/07/2023 01:34:40,8.71,,,
24796,08/07/2023 01:37:40,8.11,,,
24797,08/07/2023 01:40:40,8.11,,,
24798,08/07/2023 01:43:40,7.98,,,
24799,08/07/2023 01:46:40,7.89,,,
24800,08/07/2023 01:49:40,7.29,,,
24801,08/07/2023 01:52:40,7.16,,,
24802,08/07/2023 01:55:40,6.86,,,
24803,08/07/2023 01:58:40,7.08,,,
24804,08/07/2023 02:01:40,7.12,,,
24805,08/07/2023 02:04:40,7.38,,,
24806,08/07/2023 02:07:40,7.03,,,
24807,08/07/2023 02:10:40,7.08,,,
24808,08/07/2023 02:13:40,6.95,,,
24809,08/07/2023 02:16:40,7.42,,,
24810,08/07/2023 02:19:40,7.42,,,
24811,08/07/2023 02:22:40,6.95,,,
24812,08/07/2023 02:25:40,6.90,,,
24813,08/07/2023 02:28:40,7.20,,,
24814,08/07/2023 02:31:40,7.33,,,
24815,08/07/2023 02:34:40,6.95,,,
24816,08/07/2023 02:37:40,6.65,,,
24817,08/07/2023 02:40:40,6.35,,,
24818,08/07/2023 02:43:40,6.39,,,
24819,08/07/2023 02:46:40,6.48,,,
24820,08/07/2023 02:49:40,6.26,,,
24821,08/07/2023 02:52:40,5.62,,,
24822,08/07/2023 02:55:40,5.32,,,
24823,08/07/2023 02:58:40,4.80,,,
24824,08/07/2023 03:01:40,4.37,,,
24825,08/07/2023 03:04:40,4.24,,,
24826,08/07/2023 03:07:40,4.24,,,
24827,08/07/2023 03:10:40,3.99,,,
24828,08/07/2023 03:13:40,3.64,,,
24829,08/07/2023 03:16:40,3.43,,,
24830,08/07/2023 03:19:40,3.21,,,
24831,08/07/2023 03:22:40,3.17,,,
24832,08/07/2023 03:25:40,2.87,,,
24833,08/07/2023 03:28:40,2.57,,,
24834,08/07/2023 03:31:40,2.36,,,
24835,08/07/2023 03:34:40,2.57,,,
24836,08/07/2023 03:37:40,2.96,,,
24837,08/07/2023 03:40:40,3.39,,,
24838,08/07/2023 03:43:40,3.69,,,
24839,08/07/2023 03:46:40,3.56,,,
24840,08/07/2023 03:49:40,3.17,,,
24841,08/07/2023 03:52:40,2.83,,,
24842,08/07/2023 03:55:40,2.57,,,
24843,08/07/2023 03:58:40,2.40,,,
24844,08/07/2023 04:01:40,2.40,,,
24845,08/07/2023 04:04:40,2.31,,,
24846,08/07/2023 04:07:40,2.74,,,
24847,08/07/2023 04:10:40,2.79,,,
24848,08/07/2023 04:13:40,2.61,,,
24849,08/07/2023 04:16:40,2.44,,,
24850,08/07/2023 04:19:40,1.88,,,
24851,08/07/2023 04:22:40,1.76,,,
24852,08/07/2023 04:25:40,2.01,,,
24853,08/07/2023 04:28:40,2.27,,,
24854,08/07/2023 04:31:40,2.10,,,
24855,08/07/2023 04:34:40,2.14,,,
24856,08/07/2023 04:37:40,2.14,,,
24857,08/07/2023 04:40:40,1.93,,,
24858,08/07/2023 04:43:40,1.63,,,
24859,08/07/2023 04:46:40,1.54,,,
24860,08/07/2023 04:49:40,1.93,,,
24861,08/07/2023 04:52:40,2.14,,,
24862,08/07/2023 04:55:40,2.06,,,
24863,08/07/2023 04:58:40,1.50,,,
24864,08/07/2023 05:01:40,1.63,,,
24865,08/07/2023 05:04:40,1.46,,,
24866,08/07/2023 05:07:40,1.24,,,
24867,08/07/2023 05:10:40,1.20,,,
24868,08/07/2023 05:13:40,1.16,,,
24869,08/07/2023 05:16:40,1.28,,,
24870,08/07/2023 05:19:40,1.28,,,
24871,08/07/2023 05:22:40,1.33,,,
24872,08/07/2023 05:25:40,1.54,,,
24873,08/07/2023 05:28:40,1.46,,,
24874,08/07/2023 05:31:40,1.46,,,
24875,08/07/2023 05:34:40,1.67,,,
24876,08/07/2023 05:37:40,1.80,,,
24877,08/07/2023 05:40:40,1.84,,,
24878,08/07/2023 05:43:40,1.71,,,
24879,08/07/2023 05:46:40,1.54,,,
24880,08/07/2023 05:49:40,1.24,,,
24881,08/07/2023 05:52:40,1.41,,,
24882,08/07/2023 05:55:40,1.11,,,
24883,08/07/2023 05:58:40,1.03,,,
24884,08/07/2023 06:01:40,1.11,,,
24885,08/07/2023 06:04:40,1.16,,,
24886,08/07/2023 06:07:40,1.11,,,
24887,08/07/2023 06:10:40,1.37,,,
24888,08/07/2023 06:13:40,1.58,,,
24889,08/07/2023 06:16:40,1.54,,,
24890,08/07/2023 06:19:40,1.67,,,
24891,08/07/2023 06:22:40,1.63,,,
24892,08/07/2023 06:25:40,0.81,,,
24893,08/07/2023 06:28:40,0.73,,,
24894,08/07/2023 06:31:40,1.11,,,
24895,08/07/2023 06:34:40,1.07,,,
24896,08/07/2023 06:37:40,1.16,,,
24897,08/07/2023 06:40:40,0.90,,,
24898,08/07/2023 06:43:40,0.90,,,
24899,08/07/2023 06:46:40,0.94,,,
24900,08/07/2023 06:49:40,1.33,,,
24901,08/07/2023 06:52:40,1.71,,,
24902,08/07/2023 06:55:40,1.63,,,
24903,08/07/2023 06:58:40,1.71,,,
24904,08/07/2023 07:01:40,2.57,,,
24905,08/07/2023 07:04:40,3.34,,,
24906,08/07/2023 07:07:40,3.56,,,
24907,08/07/2023 07:10:40,3.94,,,
24908,08/07/2023 07:13:40,4.42,,,
24909,08/07/2023 07:16:40,5.10,,,
24910,08/07/2023 07:19:40,6.17,,,
24911,08/07/2023 07:22:40,6.60,,,
24912,08/07/2023 07:25:40,6.65,,,
24913,08/07/2023 07:28:40,7.08,,,
24914,08/07/2023 07:31:40,7.38,,,
24915,08/07/2023 07:34:40,7.85,,,
24916,08/07/2023 07:37:40,8.62,,,
24917,08/07/2023 07:40:40,8.62,,,
24918,08/07/2023 07:43:40,8.83,,,
24919,08/07/2023 07:46:40,9.14,,,
24920,08/07/2023 07:49:40,9.91,,,
24921,08/07/2023 07:52:40,9.39,,,
24922,08/07/2023 07:55:40,9.99,,,
24923,08/07/2023 07:58:40,9.91,,,
24924,08/07/2023 08:01:40,9.99,,,
24925,08/07/2023 08:04:40,10.08,,,
24926,08/07/2023 08:07:40,10.55,,,
24927,08/07/2023 08:10:40,11.37,,,
24928,08/07/2023 08:13:40,11.37,,,
24929,08/07/2023 08:16:40,12.05,,,
24930,08/07/2023 08:19:40,12.18,,,
24931,08/07/2023 08:22:40,12.87,,,
24932,08/07/2023 08:25:40,13.77,,,
24933,08/07/2023 08:28:40,14.37,,,
24934,08/07/2023 08:31:40,15.23,,,
24935,08/07/2023 08:34:40,16.00,,,
24936,08/07/2023 08:37:40,16.47,,,
24937,08/07/2023 08:40:40,18.57,,,
24938,08/07/2023 08:43:40,19.95,,,
24939,08/07/2023 08:46:40,20.03,,,
24940,08/07/2023 08:49:40,17.59,,,
24941,08/07/2023 08:52:40,18.19,,,
24942,08/07/2023 08:55:40,18.23,,,
24943,08/07/2023 08:58:40,18.87,,,
24944,08/07/2023 09:01:40,18.87,,,
24945,08/07/2023 09:04:40,18.49,,,
24946,08/07/2023 09:07:40,18.74,,,
24947,08/07/2023 09:10:40,17.89,,,
24948,08/07/2023 09:13:40,17.59,,,
24949,08/07/2023 09:16:40,17.67,,,
24950,08/07/2023 09:19:40,18.44,,,
24951,08/07/2023 09:22:40,17.67,,,
24952,08/07/2023 09:25:40,17.93,,,
24953,08/07/2023 09:28:40,18.06,,,
24954,08/07/2023 09:31:40,18.23,,,
24955,08/07/2023 09:34:40,18.23,,,
24956,08/07/2023 09:37:40,18.19,,,
24957,08/07/2023 09:40:40,18.36,,,
24958,08/07/2023 09:43:40,18.57,,,
24959,08/07/2023 09:46:40,18.83,,,
24960,08/07/2023 09:49:40,19.13,,,
24961,08/07/2023 09:52:40,18.83,,,
24962,08/07/2023 09:55:40,19.39,,,
24963,08/07/2023 09:58:40,19.00,,,
24964,08/07/2023 10:01:40,19.52,,,
24965,08/07/2023 10:04:40,19.30,,,
24966,08/07/2023 10:07:40,19.95,,,
24967,08/07/2023 10:10:40,20.50,,,
24968,08/07/2023 10:13:40,19.52,,,
24969,08/07/2023 10:16:40,20.03,,,
24970,08/07/2023 10:19:40,20.20,,,
24971,08/07/2023 10:22:40,20.16,,,
24972,08/07/2023 10:25:40,20.42,,,
24973,08/07/2023 10:28:40,20.16,,,
24974,08/07/2023 10:31:40,20.16,,,
24975,08/07/2023 10:34:40,20.25,,,
24976,08/07/2023 10:37:40,20.42,,,
24977,08/07/2023 10:40:40,20.80,,,
24978,08/07/2023 10:43:40,21.28,,,
24979,08/07/2023 10:46:40,21.53,,,
24980,08/07/2023 10:49:40,21.53,,,
24981,08/07/2023 10:52:40,21.79,,,
24982,08/07/2023 10:55:40,20.98,,,
24983,08/07/2023 10:58:40,20.72,,,
24984,08/07/2023 11:01:40,21.10,,,
24985,08/07/2023 11:04:40,21.32,,,
24986,08/07/2023 11:07:40,21.79,,,
24987,08/07/2023 11:10:40,21.75,,,
24988,08/07/2023 11:13:40,21.40,,,
24989,08/07/2023 11:16:40,21.58,,,
24990,08/07/2023 11:19:40,22.35,,,
24991,08/07/2023 11:22:40,21.10,,,
24992,08/07/2023 11:25:40,22.01,,,
24993,08/07/2023 11:28:40,20.85,,,
24994,08/07/2023 11:31:40,21.45,,,
24995,08/07/2023 11:34:40,22.69,,,
24996,08/07/2023 11:37:40,22.39,,,
24997,08/07/2023 11:40:40,21.70,,,
24998,08/07/2023 11:43:40,21.58,,,
24999,08/07/2023 11:46:40,22.99,,,
25000,08/07/2023 11:49:40,23.25,,,
25001,08/07/2023 11:52:40,22.52,,,
25002,08/07/2023 11:55:40,22.13,,,
25003,08/07/2023 11:58:40,23.42,,,
25004,08/07/2023 12:01:40,23.68,,,
25005,08/07/2023 12:04:40,25.05,,,
25006,08/07/2023 12:07:40,25.39,,,
25007,08/07/2023 12:10:40,25.44,,,
25008,08/07/2023 12:13:40,24.79,,,
25009,08/07/2023 12:16:40,25.27,,,
25010,08/07/2023 12:19:40,24.97,,,
25011,08/07/2023 12:22:40,24.71,,,
25012,08/07/2023 12:25:40,24.06,,,
25013,08/07/2023 12:28:40,25.27,,,
25014,08/07/2023 12:31:40,25.44,,,
25015,08/07/2023 12:34:40,25.27,,,
25016,08/07/2023 12:37:40,25.57,,,
25017,08/07/2023 12:40:40,25.01,,,
25018,08/07/2023 12:43:40,24.24,,,
25019,08/07/2023 12:46:40,24.84,,,
25020,08/07/2023 12:49:40,24.79,,,
25021,08/07/2023 12:52:40,25.78,,,
25022,08/07/2023 12:55:40,25.44,,,
25023,08/07/2023 12:58:40,26.34,,,
25024,08/07/2023 13:01:40,26.94,,,
25025,08/07/2023 13:04:40,25.91,,,
25026,08/07/2023 13:07:40,25.39,,,
25027,08/07/2023 13:10:40,25.52,,,
25028,08/07/2023 13:13:40,25.52,,,
25029,08/07/2023 13:16:40,25.22,,,
25030,08/07/2023 13:19:40,24.62,,,
25031,08/07/2023 13:22:40,24.97,,,
25032,08/07/2023 13:25:40,24.36,,,
25033,08/07/2023 13:28:40,24.71,,,
25034,08/07/2023 13:31:40,25.27,,,
25035,08/07/2023 13:34:40,26.25,,,
25036,08/07/2023 13:37:40,26.81,,,
25037,08/07/2023 13:40:40,27.02,,,
25038,08/07/2023 13:43:40,25.44,,,
25039,08/07/2023 13:46:40,25.18,,,
25040,08/07/2023 13:49:40,25.05,,,
25041,08/07/2023 13:52:40,24.88,,,
25042,08/07/2023 13:55:40,25.27,,,
25043,08/07/2023 13:58:40,25.44,,,
25044,08/07/2023 14:01:40,25.35,,,
25045,08/07/2023 14:04:40,26.30,,,
25046,08/07/2023 14:07:40,26.85,,,
25047,08/07/2023 14:10:40,26.55,,,
25048,08/07/2023 14:13:40,26.64,,,
25049,08/07/2023 14:16:40,26.64,,,
25050,08/07/2023 14:19:40,25.69,,,
25051,08/07/2023 14:22:40,26.30,,,
25052,08/07/2023 14:25:40,26.81,,,
25053,08/07/2023 14:28:40,26.55,,,
25054,08/07/2023 14:31:40,26.38,,,
25055,08/07/2023 14:34:40,25.91,,,
25056,08/07/2023 14:37:40,25.35,,,
25057,08/07/2023 14:40:40,25.65,,,
25058,08/07/2023 14:43:40,25.74,,,
25059,08/07/2023 14:46:40,25.87,,,
25060,08/07/2023 14:49:40,26.42,,,
25061,08/07/2023 14:52:40,26.17,,,
25062,08/07/2023 14:55:40,25.18,,,
25063,08/07/2023 14:58:40,24.88,,,
25064,08/07/2023 15:01:40,25.22,,,
25065,08/07/2023 15:04:40,26.04,,,
25066,08/07/2023 15:07:40,26.94,,,
25067,08/07/2023 15:10:40,26.64,,,
25068,08/07/2023 15:13:40,26.85,,,
25069,08/07/2023 15:16:40,26.81,,,
25070,08/07/2023 15:19:40,25.99,,,
25071,08/07/2023 15:22:40,26.17,,,
25072,08/07/2023 15:25:40,25.65,,,
25073,08/07/2023 15:28:40,25.44,,,
25074,08/07/2023 15:31:40,25.44,,,
25075,08/07/2023 15:34:40,24.92,,,
25076,08/07/2023 15:37:40,25.14,,,
25077,08/07/2023 15:40:40,25.69,,,
25078,08/07/2023 15:43:40,24.97,,,
25079,08/07/2023 15:46:40,25.48,,,
25080,08/07/2023 15:49:40,26.17,,,
25081,08/07/2023 15:52:40,26.04,,,
25082,08/07/2023 15:55:40,25.99,,,
25083,08/07/2023 15:58:40,26.47,,,
25084,08/07/2023 16:01:40,25.74,,,
25085,08/07/2023 16:04:40,26.12,,,
25086,08/07/2023 16:07:40,26.21,,,
25087,08/07/2023 16:10:40,25.91,,,
25088,08/07/2023 16:13:40,25.52,,,
25089,08/07/2023 16:16:40,25.31,,,
25090,08/07/2023 16:19:40,24.97,,,
25091,08/07/2023 16:22:40,25.39,,,
25092,08/07/2023 16:25:40,25.78,,,
25093,08/07/2023 16:28:40,26.30,,,
25094,08/07/2023 16:31:40,25.91,,,
25095,08/07/2023 16:34:40,24.97,,,
25096,08/07/2023 16:37:40,25.14,,,
25097,08/07/2023 16:40:40,24.71,,,
25098,08/07/2023 16:43:40,24.79,,,
25099,08/07/2023 16:46:40,25.44,,,
25100,08/07/2023 16:49:40,26.04,,,
25101,08/07/2023 16:52:40,25.09,,,
25102,08/07/2023 16:55:40,24.62,,,
25103,08/07/2023 16:58:40,24.66,,,
25104,08/07/2023 17:01:40,24.97,,,
25105,08/07/2023 17:04:40,25.09,,,
25106,08/07/2023 17:07:40,24.88,,,
25107,08/07/2023 17:10:40,24.79,,,
25108,08/07/2023 17:13:40,24.45,,,
25109,08/07/2023 17:16:40,24.58,,,
25110,08/07/2023 17:19:40,24.71,,,
25111,08/07/2023 17:22:40,24.62,,,
25112,08/07/2023 17:25:40,24.45,,,
25113,08/07/2023 17:28:40,24.88,,,
25114,08/07/2023 17:31:40,25.35,,,
25115,08/07/2023 17:34:40,25.27,,,
25116,08/07/2023 17:37:40,24.49,,,
25117,08/07/2023 17:40:40,24.36,,,
25118,08/07/2023 17:43:40,24.54,,,
25119,08/07/2023 17:46:40,24.54,,,
25120,08/07/2023 17:49:40,24.45,,,
25121,08/07/2023 17:52:40,24.41,,,
25122,08/07/2023 17:55:40,24.28,,,
25123,08/07/2023 17:58:40,24.24,,,
25124,08/07/2023 18:01:40,24.15,,,
25125,08/07/2023 18:04:40,24.19,,,
25126,08/07/2023 18:07:40,23.85,,,
25127,08/07/2023 18:10:40,23.59,,,
25128,08/07/2023 18:13:40,23.72,,,
25129,08/07/2023 18:16:40,23.64,,,
25130,08/07/2023 18:19:40,23.55,,,
25131,08/07/2023 18:22:40,23.55,,,
25132,08/07/2023 18:25:40,23.29,,,
25133,08/07/2023 18:28:40,22.99,,,
25134,08/07/2023 18:31:40,22.99,,,
25135,08/07/2023 18:34:40,22.95,,,
25136,08/07/2023 18:37:40,22.61,,,
25137,08/07/2023 18:40:40,22.35,,,
25138,08/07/2023 18:43:40,22.43,,,
25139,08/07/2023 18:46:40,22.43,,,
25140,08/07/2023 18:49:40,22.31,,,
25141,08/07/2023 18:52:40,22.39,,,
25142,08/07/2023 18:55:40,22.22,,,
25143,08/07/2023 18:58:40,22.05,,,
25144,08/07/2023 19:01:40,22.09,,,
25145,08/07/2023 19:04:40,21.96,,,
25146,08/07/2023 19:07:40,21.53,,,
25147,08/07/2023 19:10:40,21.66,,,
25148,08/07/2023 19:13:40,21.75,,,
25149,08/07/2023 19:16:40,21.06,,,
25150,08/07/2023 19:19:40,20.37,,,
25151,08/07/2023 19:22:40,19.77,,,
25152,08/07/2023 19:25:40,18.92,,,
25153,08/07/2023 19:28:40,18.27,,,
25154,08/07/2023 19:31:40,18.06,,,
25155,08/07/2023 19:34:40,17.67,,,
25156,08/07/2023 19:37:40,17.03,,,
25157,08/07/2023 19:40:40,16.73,,,
25158,08/07/2023 19:43:40,16.34,,,
25159,08/07/2023 19:46:40,16.08,,,
25160,08/07/2023 19:49:40,16.60,,,
25161,08/07/2023 19:52:40,16.86,,,
25162,08/07/2023 19:55:40,16.73,,,
25163,08/07/2023 19:58:40,16.04,,,
25164,08/07/2023 20:01:40,15.87,,,
25165,08/07/2023 20:04:40,15.36,,,
25166,08/07/2023 20:07:40,15.36,,,
25167,08/07/2023 20:10:40,15.40,,,
25168,08/07/2023 20:13:40,14.54,,,
25169,08/07/2023 20:16:40,13.55,,,
25170,08/07/2023 20:19:40,13.51,,,
25171,08/07/2023 20:22:40,13.17,,,
25172,08/07/2023 20:25:40,12.95,,,
25173,08/07/2023 20:28:40,12.95,,,
25174,08/07/2023 20:31:40,12.52,,,
25175,08/07/2023 20:34:40,12.78,,,
25176,08/07/2023 20:37:40,12.91,,,
25177,08/07/2023 20:40:40,13.08,,,
25178,08/07/2023 20:43:40,12.65,,,
25179,08/07/2023 20:46:40,12.82,,,
25180,08/07/2023 20:49:40,12.27,,,
25181,08/07/2023 20:52:40,11.84,,,
25182,08/07/2023 20:55:40,11.67,,,
25183,08/07/2023 20:58:40,11.28,,,
25184,08/07/2023 21:01:40,11.19,,,
25185,08/07/2023 21:04:40,11.24,,,
25186,08/07/2023 21:07:40,10.64,,,
25187,08/07/2023 21:10:40,9.82,,,
25188,08/07/2023 21:13:40,8.92,,,
25189,08/07/2023 21:16:40,9.26,,,
25190,08/07/2023 21:19:40,9.26,,,
25191,08/07/2023 21:22:40,8.41,,,
25192,08/07/2023 21:25:40,8.02,,,
25193,08/07/2023 21:28:40,8.02,,,
25194,08/07/2023 21:31:40,8.15,,,
25195,08/07/2023 21:34:40,8.06,,,
25196,08/07/2023 21:37:40,7.89,,,
25197,08/07/2023 21:40:40,7.68,,,
25198,08/07/2023 21:43:40,7.42,,,
25199,08/07/2023 21:46:40,7.25,,,
25200,08/07/2023 21:49:40,6.99,,,
25201,08/07/2023 21:52:40,6.65,,,
25202,08/07/2023 21:55:40,6.60,,,
25203,08/07/2023 21:58:40,7.25,,,
25204,08/07/2023 22:01:40,7.25,,,
25205,08/07/2023 22:04:40,7.33,,,
25206,08/07/2023 22:07:40,7.16,,,
25207,08/07/2023 22:10:40,7.29,,,
25208,08/07/2023 22:13:40,7.55,,,
25209,08/07/2023 22:16:40,7.25,,,
25210,08/07/2023 22:19:40,6.78,,,
25211,08/07/2023 22:22:40,6.22,,,
25212,08/07/2023 22:25:40,6.00,,,
25213,08/07/2023 22:28:40,5.92,,,
25214,08/07/2023 22:31:40,5.79,,,
25215,08/07/2023 22:34:40,5.66,,,
25216,08/07/2023 22:37:40,5.62,,,
25217,08/07/2023 22:40:40,5.45,,,
25218,08/07/2023 22:43:40,5.32,,,
25219,08/07/2023 22:46:40,5.36,,,
25220,08/07/2023 22:49:40,5.83,,,
25221,08/07/2023 22:52:40,5.57,,,
25222,08/07/2023 22:55:40,5.23,,,
25223,08/07/2023 22:58:40,5.06,,,
25224,08/07/2023 23:01:40,5.27,,,
25225,08/07/2023 23:04:40,5.49,,,
25226,08/07/2023 23:07:40,5.66,,,
25227,08/07/2023 23:10:40,5.83,,,
25228,08/07/2023 23:13:40,5.62,,,
25229,08/07/2023 23:16:40,6.05,,,
25230,08/07/2023 23:19:40,6.13,,,
25231,08/07/2023 23:22:40,6.73,,,
25232,08/07/2023 23:25:40,6.65,,,
25233,08/07/2023 23:28:40,7.20,,,
25234,08/07/2023 23:31:40,7.12,,,
25235,08/07/2023 23:34:40,6.52,,,
25236,08/07/2023 23:37:40,6.35,,,
25237,08/07/2023 23:40:40,6.65,,,
25238,08/07/2023 23:43:40,7.72,,,
25239,08/07/2023 23:46:40,6.78,,,
25240,08/07/2023 23:49:40,5.96,,,
25241,08/07/2023 23:52:40,5.49,,,
25242,08/07/2023 23:55:40,5.49,,,
25243,08/07/2023 23:58:40,5.15,,,
25244,08/08/2023 00:01:40,5.23,,,
25245,08/08/2023 00:04:40,5.45,,,
25246,08/08/2023 00:07:40,5.19,,,
25247,08/08/2023 00:10:40,5.36,,,
25248,08/08/2023 00:13:40,5.40,,,
25249,08/08/2023 00:16:40,5.10,,,
25250,08/08/2023 00:19:40,4.89,,,
25251,08/08/2023 00:22:40,4.93,,,
25252,08/08/2023 00:25:40,4.54,,,
25253,08/08/2023 00:28:40,4.20,,,
25254,08/08/2023 00:31:40,4.03,,,
25255,08/08/2023 00:34:40,4.33,,,
25256,08/08/2023 00:37:40,4.37,,,
25257,08/08/2023 00:40:40,4.33,,,
25258,08/08/2023 00:43:40,4.20,,,
25259,08/08/2023 00:46:40,3.90,,,
25260,08/08/2023 00:49:40,3.82,,,
25261,08/08/2023 00:52:40,3.64,,,
25262,08/08/2023 00:55:40,3.52,,,
25263,08/08/2023 00:58:40,3.39,,,
25264,08/08/2023 01:01:40,3.04,,,
25265,08/08/2023 01:04:40,2.96,,,
25266,08/08/2023 01:07:40,2.96,,,
25267,08/08/2023 01:10:40,3.00,,,
25268,08/08/2023 01:13:40,2.70,,,
25269,08/08/2023 01:16:40,2.61,,,
25270,08/08/2023 01:19:40,2.31,,,
25271,08/08/2023 01:22:40,2.40,,,
25272,08/08/2023 01:25:40,2.53,,,
25273,08/08/2023 01:28:40,2.10,,,
25274,08/08/2023 01:31:40,2.06,,,
25275,08/08/2023 01:34:40,2.23,,,
25276,08/08/2023 01:37:40,2.61,,,
25277,08/08/2023 01:40:40,2.53,,,
25278,08/08/2023 01:43:40,2.19,,,
25279,08/08/2023 01:46:40,2.27,,,
25280,08/08/2023 01:49:40,2.96,,,
25281,08/08/2023 01:52:40,3.17,,,
25282,08/08/2023 01:55:40,3.13,,,
25283,08/08/2023 01:58:40,3.17,,,
25284,08/08/2023 02:01:40,2.44,,,
25285,08/08/2023 02:04:40,2.44,,,
25286,08/08/2023 02:07:40,2.79,,,
25287,08/08/2023 02:10:40,2.96,,,
25288,08/08/2023 02:13:40,3.13,,,
25289,08/08/2023 02:16:40,3.26,,,
25290,08/08/2023 02:19:40,3.21,,,
25291,08/08/2023 02:22:40,2.87,,,
25292,08/08/2023 02:25:40,2.66,,,
25293,08/08/2023 02:28:40,2.87,,,
25294,08/08/2023 02:31:40,3.13,,,
25295,08/08/2023 02:34:40,3.00,,,
25296,08/08/2023 02:37:40,2.96,,,
25297,08/08/2023 02:40:40,2.57,,,
25298,08/08/2023 02:43:40,2.27,,,
25299,08/08/2023 02:46:40,2.06,,,
25300,08/08/2023 02:49:40,1.88,,,
25301,08/08/2023 02:52:40,1.63,,,
25302,08/08/2023 02:55:40,1.58,,,
25303,08/08/2023 02:58:40,1.58,,,
25304,08/08/2023 03:01:40,1.76,,,
25305,08/08/2023 03:04:40,1.93,,,
25306,08/08/2023 03:07:40,2.36,,,
25307,08/08/2023 03:10:40,2.57,,,
25308,08/08/2023 03:13:40,2.27,,,
25309,08/08/2023 03:16:40,2.27,,,
25310,08/08/2023 03:19:40,1.80,,,
25311,08/08/2023 03:22:40,1.37,,,
25312,08/08/2023 03:25:40,1.11,,,
25313,08/08/2023 03:28:40,0.98,,,
25314,08/08/2023 03:31:40,1.16,,,
25315,08/08/2023 03:34:40,1.33,,,
25316,08/08/2023 03:37:40,0.98,,,
25317,08/08/2023 03:40:40,0.86,,,
25318,08/08/2023 03:43:40,0.86,,,
25319,08/08/2023 03:46:40,0.81,,,
25320,08/08/2023 03:49:40,0.38,,,
25321,08/08/2023 03:52:40,0.43,,,
25322,08/08/2023 03:55:40,0.51,,,
25323,08/08/2023 03:58:40,0.64,,,
25324,08/08/2023 04:01:40,1.28,,,
25325,08/08/2023 04:04:40,1.07,,,
25326,08/08/2023 04:07:40,0.77,,,
25327,08/08/2023 04:10:40,0.47,,,
25328,08/08/2023 04:13:40,0.34,,,
25329,08/08/2023 04:16:40,0.13,,,
25330,08/08/2023 04:19:40,0.38,,,
25331,08/08/2023 04:22:40,0.21,,,
25332,08/08/2023 04:25:40,0.51,,,
25333,08/08/2023 04:28:40,0.43,,,
25334,08/08/2023 04:31:40,0.47,,,
25335,08/08/2023 04:34:40,0.38,,,
25336,08/08/2023 04:37:40,0.51,,,
25337,08/08/2023 04:40:40,0.25,,,
25338,08/08/2023 04:43:40,-0.26,,,
25339,08/08/2023 04:46:40,-0.26,,,
25340,08/08/2023 04:49:40,0.04,,,
25341,08/08/2023 04:52:40,0.04,,,
25342,08/08/2023 04:55:40,0.13,,,
25343,08/08/2023 04:58:40,0.34,,,
25344,08/08/2023 05:01:40,0.17,,,
25345,08/08/2023 05:04:40,0.21,,,
25346,08/08/2023 05:07:40,0.47,,,
25347,08/08/2023 05:10:40,0.25,,,
25348,08/08/2023 05:13:40,-0.05,,,
25349,08/08/2023 05:16:40,0.04,,,
25350,08/08/2023 05:19:40,-0.22,,,
25351,08/08/2023 05:22:40,0.08,,,
25352,08/08/2023 05:25:40,-0.09,,,
25353,08/08/2023 05:28:40,0.04,,,
25354,08/08/2023 05:31:40,0.00,,,
25355,08/08/2023 05:34:40,0.68,,,
25356,08/08/2023 05:37:40,0.34,,,
25357,08/08/2023 05:40:40,-0.05,,,
25358,08/08/2023 05:43:40,0.08,,,
25359,08/08/2023 05:46:40,-0.30,,,
25360,08/08/2023 05:49:40,-0.39,,,
25361,08/08/2023 05:52:40,-0.47,,,
25362,08/08/2023 05:55:40,-0.22,,,
25363,08/08/2023 05:58:40,-0.47,,,
25364,08/08/2023 06:01:40,-0.52,,,
25365,08/08/2023 06:04:40,-0.43,,,
25366,08/08/2023 06:07:40,-0.43,,,
25367,08/08/2023 06:10:40,-0.60,,,
25368,08/08/2023 06:13:40,-0.52,,,
25369,08/08/2023 06:16:40,-0.09,,,
25370,08/08/2023 06:19:40,0.43,,,
25371,08/08/2023 06:22:40,0.47,,,
25372,08/08/2023 06:25:40,0.04,,,
25373,08/08/2023 06:28:40,0.08,,,
25374,08/08/2023 06:31:40,0.25,,,
25375,08/08/2023 06:34:40,0.81,,,
25376,08/08/2023 06:37:40,0.68,,,
25377,08/08/2023 06:40:40,0.64,,,
25378,08/08/2023 06:43:40,0.51,,,
25379,08/08/2023 06:46:40,0.60,,,
25380,08/08/2023 06:49:40,0.90,,,
25381,08/08/2023 06:52:40,1.07,,,
25382,08/08/2023 06:55:40,1.11,,,
25383,08/08/2023 06:58:40,0.94,,,
25384,08/08/2023 07:01:40,1.63,,,
25385,08/08/2023 07:04:40,1.71,,,
25386,08/08/2023 07:07:40,2.36,,,
25387,08/08/2023 07:10:40,3.09,,,
25388,08/08/2023 07:13:40,3.47,,,
25389,08/08/2023 07:16:40,3.60,,,
25390,08/08/2023 07:19:40,3.82,,,
25391,08/08/2023 07:22:40,3.82,,,
25392,08/08/2023 07:25:40,4.37,,,
25393,08/08/2023 07:28:40,4.63,,,
25394,08/08/2023 07:31:40,5.15,,,
25395,08/08/2023 07:34:40,6.00,,,
25396,08/08/2023 07:37:40,6.30,,,
25397,08/08/2023 07:40:40,6.65,,,
25398,08/08/2023 07:43:40,7.08,,,
25399,08/08/2023 07:46:40,7.25,,,
25400,08/08/2023 07:49:40,8.53,,,
25401,08/08/2023 07:52:40,9.35,,,
25402,08/08/2023 07:55:40,10.21,,,
25403,08/08/2023 07:58:40,10.68,,,
25404,08/08/2023 08:01:40,11.41,,,
25405,08/08/2023 08:04:40,11.92,,,
25406,08/08/2023 08:07:40,12.22,,,
25407,08/08/2023 08:10:40,12.78,,,
25408,08/08/2023 08:13:40,12.74,,,
25409,08/08/2023 08:16:40,14.03,,,
25410,08/08/2023 08:19:40,14.50,,,
25411,08/08/2023 08:22:40,14.20,,,
25412,08/08/2023 08:25:40,14.24,,,
25413,08/08/2023 08:28:40,13.81,,,
25414,08/08/2023 08:31:40,13.68,,,
25415,08/08/2023 08:34:40,13.43,,,
25416,08/08/2023 08:37:40,12.70,,,
25417,08/08/2023 08:40:40,14.07,,,
25418,08/08/2023 08:43:40,13.47,,,
25419,08/08/2023 08:46:40,14.67,,,
25420,08/08/2023 08:49:40,14.24,,,
25421,08/08/2023 08:52:40,14.37,,,
25422,08/08/2023 08:55:40,15.27,,,
25423,08/08/2023 08:58:40,14.63,,,
25424,08/08/2023 09:01:40,15.14,,,
25425,08/08/2023 09:04:40,15.06,,,
25426,08/08/2023 09:07:40,14.58,,,
25427,08/08/2023 09:10:40,14.97,,,
25428,08/08/2023 09:13:40,15.66,,,
25429,08/08/2023 09:16:40,15.61,,,
25430,08/08/2023 09:19:40,15.31,,,
25431,08/08/2023 09:22:40,15.78,,,
25432,08/08/2023 09:25:40,17.46,,,
25433,08/08/2023 09:28:40,16.90,,,
25434,08/08/2023 09:31:40,16.13,,,
25435,08/08/2023 09:34:40,15.36,,,
25436,08/08/2023 09:37:40,15.53,,,
25437,08/08/2023 09:40:40,16.13,,,
25438,08/08/2023 09:43:40,16.39,,,
25439,08/08/2023 09:46:40,16.77,,,
25440,08/08/2023 09:49:40,16.34,,,
25441,08/08/2023 09:52:40,16.81,,,
25442,08/08/2023 09:55:40,18.83,,,
25443,08/08/2023 09:58:40,18.92,,,
25444,08/08/2023 10:01:40,18.14,,,
25445,08/08/2023 10:04:40,17.37,,,
25446,08/08/2023 10:07:40,17.76,,,
25447,08/08/2023 10:10:40,17.46,,,
25448,08/08/2023 10:13:40,18.27,,,
25449,08/08/2023 10:16:40,18.10,,,
25450,08/08/2023 10:19:40,18.32,,,
25451,08/08/2023 10:22:40,19.26,,,
25452,08/08/2023 10:25:40,19.95,,,
25453,08/08/2023 10:28:40,20.16,,,
25454,08/08/2023 10:31:40,20.07,,,
25455,08/08/2023 10:34:40,21.49,,,
25456,08/08/2023 10:37:40,20.37,,,
25457,08/08/2023 10:40:40,19.52,,,
25458,08/08/2023 10:43:40,22.18,,,
25459,08/08/2023 10:46:40,22.35,,,
25460,08/08/2023 10:49:40,22.61,,,
25461,08/08/2023 10:52:40,22.61,,,
25462,08/08/2023 10:55:40,22.69,,,
25463,08/08/2023 10:58:40,22.31,,,
25464,08/08/2023 11:01:40,21.83,,,
25465,08/08/2023 11:04:40,21.88,,,
25466,08/08/2023 11:07:40,22.73,,,
25467,08/08/2023 11:10:40,23.34,,,
25468,08/08/2023 11:13:40,23.81,,,
25469,08/08/2023 11:16:40,23.25,,,
25470,08/08/2023 11:19:40,22.95,,,
25471,08/08/2023 11:22:40,22.61,,,
25472,08/08/2023 11:25:40,23.29,,,
25473,08/08/2023 11:28:40,23.55,,,
25474,08/08/2023 11:31:40,23.46,,,
25475,08/08/2023 11:34:40,22.82,,,
25476,08/08/2023 11:37:40,24.54,,,
25477,08/08/2023 11:40:40,24.41,,,
25478,08/08/2023 11:43:40,23.72,,,
25479,08/08/2023 11:46:40,22.61,,,
25480,08/08/2023 11:49:40,22.95,,,
25481,08/08/2023 11:52:40,24.11,,,
25482,08/08/2023 11:55:40,23.12,,,
25483,08/08/2023 11:58:40,22.31,,,
25484,08/08/2023 12:01:40,21.53,,,
25485,08/08/2023 12:04:40,21.40,,,
25486,08/08/2023 12:07:40,22.01,,,
25487,08/08/2023 12:10:40,21.40,,,
25488,08/08/2023 12:13:40,22.18,,,
25489,08/08/2023 12:16:40,23.34,,,
25490,08/08/2023 12:19:40,25.09,,,
25491,08/08/2023 12:22:40,23.85,,,
25492,08/08/2023 12:25:40,22.86,,,
25493,08/08/2023 12:28:40,21.92,,,
25494,08/08/2023 12:31:40,21.49,,,
25495,08/08/2023 12:34:40,21.32,,,
25496,08/08/2023 12:37:40,21.96,,,
25497,08/08/2023 12:40:40,21.66,,,
25498,08/08/2023 12:43:40,22.09,,,
25499,08/08/2023 12:46:40,21.79,,,
25500,08/08/2023 12:49:40,22.26,,,
25501,08/08/2023 12:52:40,23.72,,,
25502,08/08/2023 12:55:40,23.98,,,
25503,08/08/2023 12:58:40,24.58,,,
25504,08/08/2023 13:01:40,24.54,,,
25505,08/08/2023 13:04:40,24.49,,,
25506,08/08/2023 13:07:40,22.78,,,
25507,08/08/2023 13:10:40,23.51,,,
25508,08/08/2023 13:13:40,23.55,,,
25509,08/08/2023 13:16:40,24.11,,,
25510,08/08/2023 13:19:40,24.92,,,
25511,08/08/2023 13:22:40,24.19,,,
25512,08/08/2023 13:25:40,25.01,,,
25513,08/08/2023 13:28:40,25.61,,,
25514,08/08/2023 13:31:40,25.48,,,
25515,08/08/2023 13:34:40,25.74,,,
25516,08/08/2023 13:37:40,24.45,,,
25517,08/08/2023 13:40:40,25.35,,,
25518,08/08/2023 13:43:40,25.99,,,
25519,08/08/2023 13:46:40,25.99,,,
25520,08/08/2023 13:49:40,26.12,,,
25521,08/08/2023 13:52:40,25.91,,,
25522,08/08/2023 13:55:40,26.90,,,
25523,08/08/2023 13:58:40,25.39,,,
25524,08/08/2023 14:01:40,25.57,,,
25525,08/08/2023 14:04:40,24.66,,,
25526,08/08/2023 14:07:40,24.66,,,
25527,08/08/2023 14:10:40,25.27,,,
25528,08/08/2023 14:13:40,24.62,,,
25529,08/08/2023 14:16:40,23.89,,,
25530,08/08/2023 14:19:40,23.85,,,
25531,08/08/2023 14:22:40,24.71,,,
25532,08/08/2023 14:25:40,26.12,,,
25533,08/08/2023 14:28:40,24.49,,,
25534,08/08/2023 14:31:40,23.08,,,
25535,08/08/2023 14:34:40,23.98,,,
25536,08/08/2023 14:37:40,23.85,,,
25537,08/08/2023 14:40:40,24.58,,,
25538,08/08/2023 14:43:40,25.78,,,
25539,08/08/2023 14:46:40,24.84,,,
25540,08/08/2023 14:49:40,24.02,,,
25541,08/08/2023 14:52:40,25.18,,,
25542,08/08/2023 14:55:40,26.25,,,
25543,08/08/2023 14:58:40,24.45,,,
25544,08/08/2023 15:01:40,24.71,,,
25545,08/08/2023 15:04:40,24.79,,,
25546,08/08/2023 15:07:40,25.57,,,
25547,08/08/2023 15:10:40,27.20,,,
25548,08/08/2023 15:13:40,25.48,,,
25549,08/08/2023 15:16:40,24.32,,,
25550,08/08/2023 15:19:40,23.89,,,
25551,08/08/2023 15:22:40,25.18,,,
25552,08/08/2023 15:25:40,25.91,,,
25553,08/08/2023 15:28:40,24.92,,,
25554,08/08/2023 15:31:40,24.02,,,
25555,08/08/2023 15:34:40,23.72,,,
25556,08/08/2023 15:37:40,24.19,,,
25557,08/08/2023 15:40:40,24.62,,,
25558,08/08/2023 15:43:40,24.11,,,
25559,08/08/2023 15:46:40,24.41,,,
25560,08/08/2023 15:49:40,24.41,,,
25561,08/08/2023 15:52:40,25.52,,,
25562,08/08/2023 15:55:40,24.49,,,
25563,08/08/2023 15:58:40,23.76,,,
25564,08/08/2023 16:01:40,23.59,,,
25565,08/08/2023 16:04:40,23.12,,,
25566,08/08/2023 16:07:40,23.25,,,
25567,08/08/2023 16:10:40,22.99,,,
25568,08/08/2023 16:13:40,22.78,,,
25569,08/08/2023 16:16:40,22.82,,,
25570,08/08/2023 16:19:40,22.95,,,
25571,08/08/2023 16:22:40,24.45,,,
25572,08/08/2023 16:25:40,25.48,,,
25573,08/08/2023 16:28:40,25.65,,,
25574,08/08/2023 16:31:40,25.65,,,
25575,08/08/2023 16:34:40,25.65,,,
25576,08/08/2023 16:37:40,25.18,,,
25577,08/08/2023 16:40:40,26.08,,,
25578,08/08/2023 16:43:40,24.66,,,
25579,08/08/2023 16:46:40,24.06,,,
25580,08/08/2023 16:49:40,24.84,,,
25581,08/08/2023 16:52:40,25.14,,,
25582,08/08/2023 16:55:40,24.66,,,
25583,08/08/2023 16:58:40,23.85,,,
25584,08/08/2023 17:01:40,22.86,,,
25585,08/08/2023 17:04:40,22.56,,,
25586,08/08/2023 17:07:40,22.22,,,
25587,08/08/2023 17:10:40,22.01,,,
25588,08/08/2023 17:13:40,21.79,,,
25589,08/08/2023 17:16:40,22.35,,,
25590,08/08/2023 17:19:40,23.42,,,
25591,08/08/2023 17:22:40,22.99,,,
25592,08/08/2023 17:25:40,22.82,,,
25593,08/08/2023 17:28:40,22.99,,,
25594,08/08/2023 17:31:40,22.91,,,
25595,08/08/2023 17:34:40,22.56,,,
25596,08/08/2023 17:37:40,22.35,,,
25597,08/08/2023 17:40:40,22.05,,,
25598,08/08/2023 17:43:40,22.26,,,
25599,08/08/2023 17:46:40,22.78,,,
25600,08/08/2023 17:49:40,23.08,,,
25601,08/08/2023 17:52:40,22.86,,,
25602,08/08/2023 17:55:40,22.99,,,
25603,08/08/2023 17:58:40,22.95,,,
25604,08/08/2023 18:01:40,22.73,,,
25605,08/08/2023 18:04:40,22.82,,,
25606,08/08/2023 18:07:40,22.31,,,
25607,08/08/2023 18:10:40,22.26,,,
25608,08/08/2023 18:13:40,22.43,,,
25609,08/08/2023 18:16:40,22.48,,,
25610,08/08/2023 18:19:40,22.35,,,
25611,08/08/2023 18:22:40,22.22,,,
25612,08/08/2023 18:25:40,21.96,,,
25613,08/08/2023 18:28:40,21.62,,,
25614,08/08/2023 18:31:40,21.32,,,
25615,08/08/2023 18:34:40,21.40,,,
25616,08/08/2023 18:37:40,21.10,,,
25617,08/08/2023 18:40:40,20.72,,,
25618,08/08/2023 18:43:40,20.33,,,
25619,08/08/2023 18:46:40,19.95,,,
25620,08/08/2023 18:49:40,19.99,,,
25621,08/08/2023 18:52:40,20.16,,,
25622,08/08/2023 18:55:40,20.20,,,
25623,08/08/2023 18:58:40,19.99,,,
25624,08/08/2023 19:01:40,19.56,,,
25625,08/08/2023 19:04:40,19.17,,,
25626,08/08/2023 19:07:40,18.83,,,
25627,08/08/2023 19:10:40,18.62,,,
25628,08/08/2023 19:13:40,18.36,,,
25629,08/08/2023 19:16:40,17.67,,,
25630,08/08/2023 19:19:40,16.94,,,
25631,08/08/2023 19:22:40,16.60,,,
25632,08/08/2023 19:25:40,16.34,,,
25633,08/08/2023 19:28:40,16.08,,,
25634,08/08/2023 19:31:40,15.74,,,
25635,08/08/2023 19:34:40,15.74,,,
25636,08/08/2023 19:37:40,15.70,,,
25637,08/08/2023 19:40:40,15.53,,,
25638,08/08/2023 19:43:40,14.71,,,
25639,08/08/2023 19:46:40,14.54,,,
25640,08/08/2023 19:49:40,14.33,,,
25641,08/08/2023 19:52:40,14.28,,,
25642,08/08/2023 19:55:40,13.94,,,
25643,08/08/2023 19:58:40,13.68,,,
25644,08/08/2023 20:01:40,13.34,,,
25645,08/08/2023 20:04:40,13.08,,,
25646,08/08/2023 20:07:40,12.74,,,
25647,08/08/2023 20:10:40,12.61,,,
25648,08/08/2023 20:13:40,12.48,,,
25649,08/08/2023 20:16:40,11.97,,,
25650,08/08/2023 20:19:40,11.62,,,
25651,08/08/2023 20:22:40,11.32,,,
25652,08/08/2023 20:25:40,11.37,,,
25653,08/08/2023 20:28:40,11.24,,,
25654,08/08/2023 20:31:40,11.19,,,
25655,08/08/2023 20:34:40,11.28,,,
25656,08/08/2023 20:37:40,10.51,,,
25657,08/08/2023 20:40:40,10.46,,,
25658,08/08/2023 20:43:40,10.59,,,
25659,08/08/2023 20:46:40,10.77,,,
25660,08/08/2023 20:49:40,10.85,,,
25661,08/08/2023 20:52:40,10.25,,,
25662,08/08/2023 20:55:40,10.59,,,
25663,08/08/2023 20:58:40,10.29,,,
25664,08/08/2023 21:01:40,10.08,,,
25665,08/08/2023 21:04:40,10.12,,,
25666,08/08/2023 21:07:40,10.42,,,
25667,08/08/2023 21:10:40,10.04,,,
25668,08/08/2023 21:13:40,8.83,,,
25669,08/08/2023 21:16:40,9.18,,,
25670,08/08/2023 21:19:40,9.61,,,
25671,08/08/2023 21:22:40,9.95,,,
25672,08/08/2023 21:25:40,9.95,,,
25673,08/08/2023 21:28:40,9.39,,,
25674,08/08/2023 21:31:40,9.14,,,
25675,08/08/2023 21:34:40,8.66,,,
25676,08/08/2023 21:37:40,8.36,,,
25677,08/08/2023 21:40:40,8.23,,,
25678,08/08/2023 21:43:40,7.68,,,
25679,08/08/2023 21:46:40,8.23,,,
25680,08/08/2023 21:49:40,8.32,,,
25681,08/08/2023 21:52:40,7.93,,,
25682,08/08/2023 21:55:40,8.75,,,
25683,08/08/2023 21:58:40,8.79,,,
25684,08/08/2023 22:01:40,9.18,,,
25685,08/08/2023 22:04:40,8.49,,,
25686,08/08/2023 22:07:40,8.53,,,
25687,08/08/2023 22:10:40,8.83,,,
25688,08/08/2023 22:13:40,8.66,,,
25689,08/08/2023 22:16:40,8.32,,,
25690,08/08/2023 22:19:40,8.41,,,
25691,08/08/2023 22:22:40,7.93,,,
25692,08/08/2023 22:25:40,7.55,,,
25693,08/08/2023 22:28:40,7.42,,,
25694,08/08/2023 22:31:40,6.78,,,
25695,08/08/2023 22:34:40,6.52,,,
25696,08/08/2023 22:37:40,6.82,,,
25697,08/08/2023 22:40:40,6.73,,,
25698,08/08/2023 22:43:40,6.43,,,
25699,08/08/2023 22:46:40,5.96,,,
25700,08/08/2023 22:49:40,6.09,,,
25701,08/08/2023 22:52:40,6.09,,,
25702,08/08/2023 22:55:40,5.53,,,
25703,08/08/2023 22:58:40,5.23,,,
25704,08/08/2023 23:01:40,4.76,,,
25705,08/08/2023 23:04:40,4.72,,,
25706,08/08/2023 23:07:40,5.02,,,
25707,08/08/2023 23:10:40,4.93,,,
25708,08/08/2023 23:13:40,4.67,,,
25709,08/08/2023 23:16:40,4.54,,,
25710,08/08/2023 23:19:40,4.29,,,
25711,08/08/2023 23:22:40,4.37,,,
25712,08/08/2023 23:25:40,4.33,,,
25713,08/08/2023 23:28:40,4.07,,,
25714,08/08/2023 23:31:40,3.99,,,
25715,08/08/2023 23:34:40,3.86,,,
25716,08/08/2023 23:37:40,3.52,,,
25717,08/08/2023 23:40:40,3.56,,,
25718,08/08/2023 23:43:40,3.39,,,
25719,08/08/2023 23:46:40,3.94,,,
25720,08/08/2023 23:49:40,4.33,,,
25721,08/08/2023 23:52:40,3.99,,,
25722,08/08/2023 23:55:40,3.34,,,
25723,08/08/2023 23:58:40,3.13,,,
25724,08/09/2023 00:01:40,3.34,,,
25725,08/09/2023 00:04:40,3.52,,,
25726,08/09/2023 00:07:40,3.64,,,
25727,08/09/2023 00:10:40,3.30,,,
25728,08/09/2023 00:13:40,3.69,,,
25729,08/09/2023 00:16:40,3.99,,,
25730,08/09/2023 00:19:40,3.77,,,
25731,08/09/2023 00:22:40,3.56,,,
25732,08/09/2023 00:25:40,3.30,,,
25733,08/09/2023 00:28:40,2.91,,,
25734,08/09/2023 00:31:40,2.66,,,
25735,08/09/2023 00:34:40,2.96,,,
25736,08/09/2023 00:37:40,3.13,,,
25737,08/09/2023 00:40:40,3.09,,,
25738,08/09/2023 00:43:40,3.00,,,
25739,08/09/2023 00:46:40,3.34,,,
25740,08/09/2023 00:49:40,3.26,,,
25741,08/09/2023 00:52:40,2.91,,,
25742,08/09/2023 00:55:40,2.96,,,
25743,08/09/2023 00:58:40,2.40,,,
25744,08/09/2023 01:01:40,2.40,,,
25745,08/09/2023 01:04:40,2.36,,,
25746,08/09/2023 01:07:40,2.66,,,
25747,08/09/2023 01:10:40,2.49,,,
25748,08/09/2023 01:13:40,2.36,,,
25749,08/09/2023 01:16:40,2.31,,,
25750,08/09/2023 01:19:40,2.14,,,
25751,08/09/2023 01:22:40,2.06,,,
25752,08/09/2023 01:25:40,1.88,,,
25753,08/09/2023 01:28:40,1.88,,,
25754,08/09/2023 01:31:40,1.88,,,
25755,08/09/2023 01:34:40,1.88,,,
25756,08/09/2023 01:37:40,1.97,,,
25757,08/09/2023 01:40:40,2.14,,,
25758,08/09/2023 01:43:40,2.44,,,
25759,08/09/2023 01:46:40,2.49,,,
25760,08/09/2023 01:49:40,3.17,,,
25761,08/09/2023 01:52:40,2.96,,,
25762,08/09/2023 01:55:40,3.09,,,
25763,08/09/2023 01:58:40,3.52,,,
25764,08/09/2023 02:01:40,3.52,,,
25765,08/09/2023 02:04:40,3.34,,,
25766,08/09/2023 02:07:40,3.13,,,
25767,08/09/2023 02:10:40,3.13,,,
25768,08/09/2023 02:13:40,3.56,,,
25769,08/09/2023 02:16:40,3.94,,,
25770,08/09/2023 02:19:40,4.20,,,
25771,08/09/2023 02:22:40,3.90,,,
25772,08/09/2023 02:25:40,3.43,,,
25773,08/09/2023 02:28:40,3.86,,,
25774,08/09/2023 02:31:40,4.07,,,
25775,08/09/2023 02:34:40,3.82,,,
25776,08/09/2023 02:37:40,4.12,,,
25777,08/09/2023 02:40:40,3.39,,,
25778,08/09/2023 02:43:40,3.39,,,
25779,08/09/2023 02:46:40,3.34,,,
25780,08/09/2023 02:49:40,2.96,,,
25781,08/09/2023 02:52:40,3.34,,,
25782,08/09/2023 02:55:40,3.56,,,
25783,08/09/2023 02:58:40,3.77,,,
25784,08/09/2023 03:01:40,4.16,,,
25785,08/09/2023 03:04:40,4.33,,,
25786,08/09/2023 03:07:40,3.86,,,
25787,08/09/2023 03:10:40,3.64,,,
25788,08/09/2023 03:13:40,3.73,,,
25789,08/09/2023 03:16:40,3.43,,,
25790,08/09/2023 03:19:40,3.26,,,
25791,08/09/2023 03:22:40,3.34,,,
25792,08/09/2023 03:25:40,3.30,,,
25793,08/09/2023 03:28:40,3.39,,,
25794,08/09/2023 03:31:40,3.17,,,
25795,08/09/2023 03:34:40,2.66,,,
25796,08/09/2023 03:37:40,2.44,,,
25797,08/09/2023 03:40:40,3.43,,,
25798,08/09/2023 03:43:40,3.17,,,
25799,08/09/2023 03:46:40,2.27,,,
25800,08/09/2023 03:49:40,2.23,,,
25801,08/09/2023 03:52:40,1.84,,,
25802,08/09/2023 03:55:40,1.41,,,
25803,08/09/2023 03:58:40,1.33,,,
25804,08/09/2023 04:01:40,1.24,,,
25805,08/09/2023 04:04:40,1.28,,,
25806,08/09/2023 04:07:40,1.63,,,
25807,08/09/2023 04:10:40,1.33,,,
25808,08/09/2023 04:13:40,1.33,,,
25809,08/09/2023 04:16:40,1.16,,,
25810,08/09/2023 04:19:40,1.24,,,
25811,08/09/2023 04:22:40,1.24,,,
25812,08/09/2023 04:25:40,1.11,,,
25813,08/09/2023 04:28:40,0.98,,,
25814,08/09/2023 04:31:40,0.73,,,
25815,08/09/2023 04:34:40,1.03,,,
25816,08/09/2023 04:37:40,1.41,,,
25817,08/09/2023 04:40:40,1.16,,,
25818,08/09/2023 04:43:40,1.16,,,
25819,08/09/2023 04:46:40,0.60,,,
25820,08/09/2023 04:49:40,1.03,,,
25821,08/09/2023 04:52:40,1.16,,,
25822,08/09/2023 04:55:40,0.55,,,
25823,08/09/2023 04:58:40,0.13,,,
25824,08/09/2023 05:01:40,0.21,,,
25825,08/09/2023 05:04:40,1.07,,,
25826,08/09/2023 05:07:40,1.16,,,
25827,08/09/2023 05:10:40,1.03,,,
25828,08/09/2023 05:13:40,0.81,,,
25829,08/09/2023 05:16:40,0.38,,,
25830,08/09/2023 05:19:40,0.51,,,
25831,08/09/2023 05:22:40,0.73,,,
25832,08/09/2023 05:25:40,0.81,,,
25833,08/09/2023 05:28:40,0.94,,,
25834,08/09/2023 05:31:40,0.64,,,
25835,08/09/2023 05:34:40,0.55,,,
25836,08/09/2023 05:37:40,0.73,,,
25837,08/09/2023 05:40:40,0.55,,,
25838,08/09/2023 05:43:40,0.34,,,
25839,08/09/2023 05:46:40,0.08,,,
25840,08/09/2023 05:49:40,0.17,,,
25841,08/09/2023 05:52:40,0.04,,,
25842,08/09/2023 05:55:40,0.13,,,
25843,08/09/2023 05:58:40,0.47,,,
25844,08/09/2023 06:01:40,0.73,,,
25845,08/09/2023 06:04:40,0.73,,,
25846,08/09/2023 06:07:40,0.64,,,
25847,08/09/2023 06:10:40,0.43,,,
25848,08/09/2023 06:13:40,0.13,,,
25849,08/09/2023 06:16:40,0.17,,,
25850,08/09/2023 06:19:40,-0.22,,,
25851,08/09/2023 06:22:40,-0.22,,,
25852,08/09/2023 06:25:40,-0.22,,,
25853,08/09/2023 06:28:40,-0.09,,,
25854,08/09/2023 06:31:40,0.21,,,
25855,08/09/2023 06:34:40,0.08,,,
25856,08/09/2023 06:37:40,0.30,,,
25857,08/09/2023 06:40:40,0.47,,,
25858,08/09/2023 06:43:40,0.51,,,
25859,08/09/2023 06:46:40,0.90,,,
25860,08/09/2023 06:49:40,0.86,,,
25861,08/09/2023 06:52:40,1.03,,,
25862,08/09/2023 06:55:40,0.81,,,
25863,08/09/2023 06:58:40,0.64,,,
25864,08/09/2023 07:01:40,0.77,,,
25865,08/09/2023 07:04:40,1.50,,,
25866,08/09/2023 07:07:40,1.84,,,
25867,08/09/2023 07:10:40,2.19,,,
25868,08/09/2023 07:13:40,2.61,,,
25869,08/09/2023 07:16:40,3.09,,,
25870,08/09/2023 07:19:40,3.30,,,
25871,08/09/2023 07:22:40,3.56,,,
25872,08/09/2023 07:25:40,4.20,,,
25873,08/09/2023 07:28:40,4.89,,,
25874,08/09/2023 07:31:40,5.53,,,
25875,08/09/2023 07:34:40,6.39,,,
25876,08/09/2023 07:37:40,5.96,,,
25877,08/09/2023 07:40:40,6.48,,,
25878,08/09/2023 07:43:40,7.03,,,
25879,08/09/2023 07:46:40,7.42,,,
25880,08/09/2023 07:49:40,7.42,,,
25881,08/09/2023 07:52:40,8.11,,,
25882,08/09/2023 07:55:40,8.41,,,
25883,08/09/2023 07:58:40,9.14,,,
25884,08/09/2023 08:01:40,9.44,,,
25885,08/09/2023 08:04:40,9.65,,,
25886,08/09/2023 08:07:40,9.82,,,
25887,08/09/2023 08:10:40,10.98,,,
25888,08/09/2023 08:13:40,12.82,,,
25889,08/09/2023 08:16:40,14.37,,,
25890,08/09/2023 08:19:40,14.80,,,
25891,08/09/2023 08:22:40,14.37,,,
25892,08/09/2023 08:25:40,13.77,,,
25893,08/09/2023 08:28:40,13.64,,,
25894,08/09/2023 08:31:40,13.38,,,
25895,08/09/2023 08:34:40,13.21,,,
25896,08/09/2023 08:37:40,13.12,,,
25897,08/09/2023 08:40:40,13.25,,,
25898,08/09/2023 08:43:40,13.38,,,
25899,08/09/2023 08:46:40,13.21,,,
25900,08/09/2023 08:49:40,13.00,,,
25901,08/09/2023 08:52:40,13.00,,,
25902,08/09/2023 08:55:40,13.38,,,
25903,08/09/2023 08:58:40,13.90,,,
25904,08/09/2023 09:01:40,14.28,,,
25905,08/09/2023 09:04:40,15.40,,,
25906,08/09/2023 09:07:40,15.44,,,
25907,08/09/2023 09:10:40,14.93,,,
25908,08/09/2023 09:13:40,14.63,,,
25909,08/09/2023 09:16:40,15.18,,,
25910,08/09/2023 09:19:40,14.20,,,
25911,08/09/2023 09:22:40,14.54,,,
25912,08/09/2023 09:25:40,15.23,,,
25913,08/09/2023 09:28:40,15.14,,,
25914,08/09/2023 09:31:40,15.78,,,
25915,08/09/2023 09:34:40,15.48,,,
25916,08/09/2023 09:37:40,16.30,,,
25917,08/09/2023 09:40:40,16.30,,,
25918,08/09/2023 09:43:40,16.64,,,
25919,08/09/2023 09:46:40,17.37,,,
25920,08/09/2023 09:49:40,16.77,,,
25921,08/09/2023 09:52:40,16.86,,,
25922,08/09/2023 09:55:40,16.99,,,
25923,08/09/2023 09:58:40,17.63,,,
25924,08/09/2023 10:01:40,17.29,,,
25925,08/09/2023 10:04:40,17.46,,,
25926,08/09/2023 10:07:40,18.06,,,
25927,08/09/2023 10:10:40,18.36,,,
25928,08/09/2023 10:13:40,19.00,,,
25929,08/09/2023 10:16:40,19.82,,,
25930,08/09/2023 10:19:40,20.46,,,
25931,08/09/2023 10:22:40,19.90,,,
25932,08/09/2023 10:25:40,20.76,,,
25933,08/09/2023 10:28:40,21.15,,,
25934,08/09/2023 10:31:40,21.53,,,
25935,08/09/2023 10:34:40,21.06,,,
25936,08/09/2023 10:37:40,20.80,,,
25937,08/09/2023 10:40:40,21.36,,,
25938,08/09/2023 10:43:40,21.36,,,
25939,08/09/2023 10:46:40,21.32,,,
25940,08/09/2023 10:49:40,21.92,,,
25941,08/09/2023 10:52:40,21.62,,,
25942,08/09/2023 10:55:40,21.45,,,
25943,08/09/2023 10:58:40,21.19,,,
25944,08/09/2023 11:01:40,21.40,,,
25945,08/09/2023 11:04:40,22.61,,,
25946,08/09/2023 11:07:40,21.45,,,
25947,08/09/2023 11:10:40,21.83,,,
25948,08/09/2023 11:13:40,21.75,,,
25949,08/09/2023 11:16:40,21.28,,,
25950,08/09/2023 11:19:40,21.36,,,
25951,08/09/2023 11:22:40,21.36,,,
25952,08/09/2023 11:25:40,21.83,,,
25953,08/09/2023 11:28:40,21.36,,,
25954,08/09/2023 11:31:40,21.75,,,
25955,08/09/2023 11:34:40,21.92,,,
25956,08/09/2023 11:37:40,21.79,,,
25957,08/09/2023 11:40:40,22.18,,,
25958,08/09/2023 11:43:40,21.40,,,
25959,08/09/2023 11:46:40,22.01,,,
25960,08/09/2023 11:49:40,21.58,,,
25961,08/09/2023 11:52:40,21.40,,,
25962,08/09/2023 11:55:40,21.70,,,
25963,08/09/2023 11:58:40,21.79,,,
25964,08/09/2023 12:01:40,21.53,,,
25965,08/09/2023 12:04:40,21.75,,,
25966,08/09/2023 12:07:40,22.01,,,
25967,08/09/2023 12:10:40,22.73,,,
25968,08/09/2023 12:13:40,22.31,,,
25969,08/09/2023 12:16:40,20.76,,,
25970,08/09/2023 12:19:40,21.28,,,
25971,08/09/2023 12:22:40,21.79,,,
25972,08/09/2023 12:25:40,21.02,,,
25973,08/09/2023 12:28:40,20.85,,,
25974,08/09/2023 12:31:40,22.13,,,
25975,08/09/2023 12:34:40,22.39,,,
25976,08/09/2023 12:37:40,21.19,,,
25977,08/09/2023 12:40:40,20.16,,,
25978,08/09/2023 12:43:40,21.79,,,
25979,08/09/2023 12:46:40,22.52,,,
25980,08/09/2023 12:49:40,21.79,,,
25981,08/09/2023 12:52:40,21.40,,,
25982,08/09/2023 12:55:40,21.49,,,
25983,08/09/2023 12:58:40,22.31,,,
25984,08/09/2023 13:01:40,22.86,,,
25985,08/09/2023 13:04:40,23.34,,,
25986,08/09/2023 13:07:40,21.79,,,
25987,08/09/2023 13:10:40,23.08,,,
25988,08/09/2023 13:13:40,22.01,,,
25989,08/09/2023 13:16:40,21.15,,,
25990,08/09/2023 13:19:40,21.62,,,
25991,08/09/2023 13:22:40,22.35,,,
25992,08/09/2023 13:25:40,23.03,,,
25993,08/09/2023 13:28:40,23.08,,,
25994,08/09/2023 13:31:40,22.18,,,
25995,08/09/2023 13:34:40,22.65,,,
25996,08/09/2023 13:37:40,22.78,,,
25997,08/09/2023 13:40:40,23.68,,,
25998,08/09/2023 13:43:40,22.99,,,
25999,08/09/2023 13:46:40,22.09,,,
26000,08/09/2023 13:49:40,21.53,,,
26001,08/09/2023 13:52:40,21.79,,,
26002,08/09/2023 13:55:40,22.01,,,
26003,08/09/2023 13:58:40,21.32,,,
26004,08/09/2023 14:01:40,20.76,,,
26005,08/09/2023 14:04:40,22.26,,,
26006,08/09/2023 14:07:40,22.99,,,
26007,08/09/2023 14:10:40,21.66,,,
26008,08/09/2023 14:13:40,21.88,,,
26009,08/09/2023 14:16:40,23.16,,,
26010,08/09/2023 14:19:40,23.42,,,
26011,08/09/2023 14:22:40,22.78,,,
26012,08/09/2023 14:25:40,22.13,,,
26013,08/09/2023 14:28:40,22.56,,,
26014,08/09/2023 14:31:40,23.51,,,
26015,08/09/2023 14:34:40,23.94,,,
26016,08/09/2023 14:37:40,23.12,,,
26017,08/09/2023 14:40:40,22.22,,,
26018,08/09/2023 14:43:40,21.36,,,
26019,08/09/2023 14:46:40,21.10,,,
26020,08/09/2023 14:49:40,22.69,,,
26021,08/09/2023 14:52:40,23.51,,,
26022,08/09/2023 14:55:40,23.85,,,
26023,08/09/2023 14:58:40,23.12,,,
26024,08/09/2023 15:01:40,21.96,,,
26025,08/09/2023 15:04:40,21.28,,,
26026,08/09/2023 15:07:40,21.70,,,
26027,08/09/2023 15:10:40,23.16,,,
26028,08/09/2023 15:13:40,24.11,,,
26029,08/09/2023 15:16:40,23.89,,,
26030,08/09/2023 15:19:40,23.59,,,
26031,08/09/2023 15:22:40,24.19,,,
26032,08/09/2023 15:25:40,23.16,,,
26033,08/09/2023 15:28:40,22.56,,,
26034,08/09/2023 15:31:40,23.03,,,
26035,08/09/2023 15:34:40,24.45,,,
26036,08/09/2023 15:37:40,24.88,,,
26037,08/09/2023 15:40:40,24.49,,,
26038,08/09/2023 15:43:40,23.42,,,
26039,08/09/2023 15:46:40,24.15,,,
26040,08/09/2023 15:49:40,23.38,,,
26041,08/09/2023 15:52:40,22.52,,,
26042,08/09/2023 15:55:40,22.43,,,
26043,08/09/2023 15:58:40,22.61,,,
26044,08/09/2023 16:01:40,23.38,,,
26045,08/09/2023 16:04:40,23.64,,,
26046,08/09/2023 16:07:40,23.98,,,
26047,08/09/2023 16:10:40,23.64,,,
26048,08/09/2023 16:13:40,22.48,,,
26049,08/09/2023 16:16:40,23.16,,,
26050,08/09/2023 16:19:40,23.59,,,
26051,08/09/2023 16:22:40,23.34,,,
26052,08/09/2023 16:25:40,23.72,,,
26053,08/09/2023 16:28:40,22.69,,,
26054,08/09/2023 16:31:40,22.56,,,
26055,08/09/2023 16:34:40,22.09,,,
26056,08/09/2023 16:37:40,22.73,,,
26057,08/09/2023 16:40:40,23.46,,,
26058,08/09/2023 16:43:40,23.59,,,
26059,08/09/2023 16:46:40,23.38,,,
26060,08/09/2023 16:49:40,23.68,,,
26061,08/09/2023 16:52:40,23.98,,,
26062,08/09/2023 16:55:40,23.68,,,
26063,08/09/2023 16:58:40,23.46,,,
26064,08/09/2023 17:01:40,24.06,,,
26065,08/09/2023 17:04:40,23.85,,,
26066,08/09/2023 17:07:40,24.06,,,
26067,08/09/2023 17:10:40,23.59,,,
26068,08/09/2023 17:13:40,23.76,,,
26069,08/09/2023 17:16:40,23.38,,,
26070,08/09/2023 17:19:40,23.46,,,
26071,08/09/2023 17:22:40,23.59,,,
26072,08/09/2023 17:25:40,23.59,,,
26073,08/09/2023 17:28:40,22.78,,,
26074,08/09/2023 17:31:40,22.99,,,
26075,08/09/2023 17:34:40,23.38,,,
26076,08/09/2023 17:37:40,23.29,,,
26077,08/09/2023 17:40:40,23.21,,,
26078,08/09/2023 17:43:40,23.51,,,
26079,08/09/2023 17:46:40,23.25,,,
26080,08/09/2023 17:49:40,22.61,,,
26081,08/09/2023 17:52:40,21.79,,,
26082,08/09/2023 17:55:40,22.26,,,
26083,08/09/2023 17:58:40,22.52,,,
26084,08/09/2023 18:01:40,22.31,,,
26085,08/09/2023 18:04:40,22.31,,,
26086,08/09/2023 18:07:40,22.56,,,
26087,08/09/2023 18:10:40,22.69,,,
26088,08/09/2023 18:13:40,22.56,,,
26089,08/09/2023 18:16:40,22.43,,,
26090,08/09/2023 18:19:40,22.22,,,
26091,08/09/2023 18:22:40,22.01,,,
26092,08/09/2023 18:25:40,22.01,,,
26093,08/09/2023 18:28:40,22.05,,,
26094,08/09/2023 18:31:40,21.88,,,
26095,08/09/2023 18:34:40,21.49,,,
26096,08/09/2023 18:37:40,21.32,,,
26097,08/09/2023 18:40:40,21.36,,,
26098,08/09/2023 18:43:40,21.45,,,
26099,08/09/2023 18:46:40,21.62,,,
26100,08/09/2023 18:49:40,21.62,,,
26101,08/09/2023 18:52:40,21.28,,,
26102,08/09/2023 18:55:40,20.89,,,
26103,08/09/2023 18:58:40,20.37,,,
26104,08/09/2023 19:01:40,19.86,,,
26105,08/09/2023 19:04:40,19.47,,,
26106,08/09/2023 19:07:40,19.30,,,
26107,08/09/2023 19:10:40,19.43,,,
26108,08/09/2023 19:13:40,19.52,,,
26109,08/09/2023 19:16:40,19.22,,,
26110,08/09/2023 19:19:40,18.66,,,
26111,08/09/2023 19:22:40,18.02,,,
26112,08/09/2023 19:25:40,17.37,,,
26113,08/09/2023 19:28:40,17.03,,,
26114,08/09/2023 19:31:40,16.99,,,
26115,08/09/2023 19:34:40,16.69,,,
26116,08/09/2023 19:37:40,16.39,,,
26117,08/09/2023 19:40:40,15.91,,,
26118,08/09/2023 19:43:40,15.48,,,
26119,08/09/2023 19:46:40,16.34,,,
26120,08/09/2023 19:49:40,16.30,,,
26121,08/09/2023 19:52:40,15.96,,,
26122,08/09/2023 19:55:40,15.14,,,
26123,08/09/2023 19:58:40,14.58,,,
26124,08/09/2023 20:01:40,14.58,,,
26125,08/09/2023 20:04:40,14.37,,,
26126,08/09/2023 20:07:40,13.68,,,
26127,08/09/2023 20:10:40,13.68,,,
26128,08/09/2023 20:13:40,13.60,,,
26129,08/09/2023 20:16:40,13.43,,,
26130,08/09/2023 20:19:40,13.00,,,
26131,08/09/2023 20:22:40,12.74,,,
26132,08/09/2023 20:25:40,12.35,,,
26133,08/09/2023 20:28:40,12.27,,,
26134,08/09/2023 20:31:40,12.01,,,
26135,08/09/2023 20:34:40,11.79,,,
26136,08/09/2023 20:37:40,11.49,,,
26137,08/09/2023 20:40:40,11.15,,,
26138,08/09/2023 20:43:40,10.59,,,
26139,08/09/2023 20:46:40,10.12,,,
26140,08/09/2023 20:49:40,9.95,,,
26141,08/09/2023 20:52:40,9.65,,,
26142,08/09/2023 20:55:40,9.39,,,
26143,08/09/2023 20:58:40,9.39,,,
26144,08/09/2023 21:01:40,9.35,,,
26145,08/09/2023 21:04:40,9.61,,,
26146,08/09/2023 21:07:40,9.44,,,
26147,08/09/2023 21:10:40,9.14,,,
26148,08/09/2023 21:13:40,9.05,,,
26149,08/09/2023 21:16:40,9.22,,,
26150,08/09/2023 21:19:40,8.62,,,
26151,08/09/2023 21:22:40,8.62,,,
26152,08/09/2023 21:25:40,8.45,,,
26153,08/09/2023 21:28:40,7.93,,,
26154,08/09/2023 21:31:40,8.06,,,
26155,08/09/2023 21:34:40,8.41,,,
26156,08/09/2023 21:37:40,8.83,,,
26157,08/09/2023 21:40:40,8.66,,,
26158,08/09/2023 21:43:40,8.06,,,
26159,08/09/2023 21:46:40,8.15,,,
26160,08/09/2023 21:49:40,8.06,,,
26161,08/09/2023 21:52:40,7.63,,,
26162,08/09/2023 21:55:40,7.63,,,
26163,08/09/2023 21:58:40,7.76,,,
26164,08/09/2023 22:01:40,7.63,,,
26165,08/09/2023 22:04:40,7.81,,,
26166,08/09/2023 22:07:40,7.42,,,
26167,08/09/2023 22:10:40,7.16,,,
26168,08/09/2023 22:13:40,7.33,,,
26169,08/09/2023 22:16:40,7.50,,,
26170,08/09/2023 22:19:40,7.29,,,
26171,08/09/2023 22:22:40,7.16,,,
26172,08/09/2023 22:25:40,6.95,,,
26173,08/09/2023 22:28:40,6.78,,,
26174,08/09/2023 22:31:40,6.69,,,
26175,08/09/2023 22:34:40,6.73,,,
26176,08/09/2023 22:37:40,7.03,,,
26177,08/09/2023 22:40:40,7.29,,,
26178,08/09/2023 22:43:40,7.33,,,
26179,08/09/2023 22:46:40,6.95,,,
26180,08/09/2023 22:49:40,6.99,,,
26181,08/09/2023 22:52:40,6.82,,,
26182,08/09/2023 22:55:40,6.82,,,
26183,08/09/2023 22:58:40,6.73,,,
26184,08/09/2023 23:01:40,6.39,,,
26185,08/09/2023 23:04:40,6.65,,,
26186,08/09/2023 23:07:40,6.78,,,
26187,08/09/2023 23:10:40,6.78,,,
26188,08/09/2023 23:13:40,6.69,,,
26189,08/09/2023 23:16:40,6.60,,,
26190,08/09/2023 23:19:40,6.56,,,
26191,08/09/2023 23:22:40,6.99,,,
26192,08/09/2023 23:25:40,7.08,,,
26193,08/09/2023 23:28:40,7.12,,,
26194,08/09/2023 23:31:40,6.86,,,
26195,08/09/2023 23:34:40,6.69,,,
26196,08/09/2023 23:37:40,6.60,,,
26197,08/09/2023 23:40:40,6.73,,,
26198,08/09/2023 23:43:40,6.73,,,
26199,08/09/2023 23:46:40,6.65,,,
26200,08/09/2023 23:49:40,6.65,,,
26201,08/09/2023 23:52:40,6.73,,,
26202,08/09/2023 23:55:40,6.56,,,
26203,08/09/2023 23:58:40,6.52,,,
26204,08/10/2023 00:01:40,6.39,,,
26205,08/10/2023 00:04:40,6.48,,,
26206,08/10/2023 00:07:40,7.03,,,
26207,08/10/2023 00:10:40,6.69,,,
26208,08/10/2023 00:13:40,6.56,,,
26209,08/10/2023 00:16:40,6.95,,,
26210,08/10/2023 00:19:40,7.50,,,
26211,08/10/2023 00:22:40,7.59,,,
26212,08/10/2023 00:25:40,7.16,,,
26213,08/10/2023 00:28:40,7.16,,,
26214,08/10/2023 00:31:40,6.78,,,
26215,08/10/2023 00:34:40,7.12,,,
26216,08/10/2023 00:37:40,7.33,,,
26217,08/10/2023 00:40:40,7.68,,,
26218,08/10/2023 00:43:40,8.11,,,
26219,08/10/2023 00:46:40,7.72,,,
26220,08/10/2023 00:49:40,7.63,,,
26221,08/10/2023 00:52:40,7.38,,,
26222,08/10/2023 00:55:40,7.46,,,
26223,08/10/2023 00:58:40,7.33,,,
26224,08/10/2023 01:01:40,6.82,,,
26225,08/10/2023 01:04:40,6.86,,,
26226,08/10/2023 01:07:40,6.78,,,
26227,08/10/2023 01:10:40,6.78,,,
26228,08/10/2023 01:13:40,6.35,,,
26229,08/10/2023 01:16:40,6.09,,,
26230,08/10/2023 01:19:40,6.22,,,
26231,08/10/2023 01:22:40,6.56,,,
26232,08/10/2023 01:25:40,6.73,,,
26233,08/10/2023 01:28:40,6.52,,,
26234,08/10/2023 01:31:40,5.70,,,
26235,08/10/2023 01:34:40,5.45,,,
26236,08/10/2023 01:37:40,5.36,,,
26237,08/10/2023 01:40:40,5.36,,,
26238,08/10/2023 01:43:40,5.15,,,
26239,08/10/2023 01:46:40,5.19,,,
26240,08/10/2023 01:49:40,5.06,,,
26241,08/10/2023 01:52:40,4.97,,,
26242,08/10/2023 01:55:40,4.93,,,
26243,08/10/2023 01:58:40,4.84,,,
26244,08/10/2023 02:01:40,4.80,,,
26245,08/10/2023 02:04:40,4.67,,,
26246,08/10/2023 02:07:40,4.42,,,
26247,08/10/2023 02:10:40,4.46,,,
26248,08/10/2023 02:13:40,4.42,,,
26249,08/10/2023 02:16:40,4.42,,,
26250,08/10/2023 02:19:40,4.37,,,
26251,08/10/2023 02:22:40,4.50,,,
26252,08/10/2023 02:25:40,4.07,,,
26253,08/10/2023 02:28:40,3.90,,,
26254,08/10/2023 02:31:40,3.94,,,
26255,08/10/2023 02:34:40,4.03,,,
26256,08/10/2023 02:37:40,4.12,,,
26257,08/10/2023 02:40:40,3.82,,,
26258,08/10/2023 02:43:40,4.20,,,
26259,08/10/2023 02:46:40,4.24,,,
26260,08/10/2023 02:49:40,3.77,,,
26261,08/10/2023 02:52:40,3.64,,,
26262,08/10/2023 02:55:40,3.43,,,
26263,08/10/2023 02:58:40,3.56,,,
26264,08/10/2023 03:01:40,3.86,,,
26265,08/10/2023 03:04:40,4.29,,,
26266,08/10/2023 03:07:40,4.42,,,
26267,08/10/2023 03:10:40,4.67,,,
26268,08/10/2023 03:13:40,4.46,,,
26269,08/10/2023 03:16:40,4.03,,,
26270,08/10/2023 03:19:40,3.69,,,
26271,08/10/2023 03:22:40,3.64,,,
26272,08/10/2023 03:25:40,3.43,,,
26273,08/10/2023 03:28:40,3.34,,,
26274,08/10/2023 03:31:40,3.17,,,
26275,08/10/2023 03:34:40,2.79,,,
26276,08/10/2023 03:37:40,2.74,,,
26277,08/10/2023 03:40:40,3.17,,,
26278,08/10/2023 03:43:40,3.47,,,
26279,08/10/2023 03:46:40,2.91,,,
26280,08/10/2023 03:49:40,2.66,,,
26281,08/10/2023 03:52:40,2.66,,,
26282,08/10/2023 03:55:40,2.70,,,
26283,08/10/2023 03:58:40,2.53,,,
26284,08/10/2023 04:01:40,2.57,,,
26285,08/10/2023 04:04:40,2.31,,,
26286,08/10/2023 04:07:40,2.06,,,
26287,08/10/2023 04:10:40,1.88,,,
26288,08/10/2023 04:13:40,2.10,,,
26289,08/10/2023 04:16:40,2.74,,,
26290,08/10/2023 04:19:40,3.09,,,
26291,08/10/2023 04:22:40,3.09,,,
26292,08/10/2023 04:25:40,2.87,,,
26293,08/10/2023 04:28:40,2.44,,,
26294,08/10/2023 04:31:40,2.57,,,
26295,08/10/2023 04:34:40,2.44,,,
26296,08/10/2023 04:37:40,2.27,,,
26297,08/10/2023 04:40:40,2.27,,,
26298,08/10/2023 04:43:40,2.40,,,
26299,08/10/2023 04:46:40,2.61,,,
26300,08/10/2023 04:49:40,2.40,,,
26301,08/10/2023 04:52:40,2.31,,,
26302,08/10/2023 04:55:40,2.49,,,
26303,08/10/2023 04:58:40,2.53,,,
26304,08/10/2023 05:01:40,2.40,,,
26305,08/10/2023 05:04:40,2.36,,,
26306,08/10/2023 05:07:40,2.23,,,
26307,08/10/2023 05:10:40,2.40,,,
26308,08/10/2023 05:13:40,3.00,,,
26309,08/10/2023 05:16:40,3.17,,,
26310,08/10/2023 05:19:40,3.00,,,
26311,08/10/2023 05:22:40,2.83,,,
26312,08/10/2023 05:25:40,2.66,,,
26313,08/10/2023 05:28:40,2.70,,,
26314,08/10/2023 05:31:40,3.04,,,
26315,08/10/2023 05:34:40,3.04,,,
26316,08/10/2023 05:37:40,2.66,,,
26317,08/10/2023 05:40:40,2.79,,,
26318,08/10/2023 05:43:40,2.79,,,
26319,08/10/2023 05:46:40,2.74,,,
26320,08/10/2023 05:49:40,2.70,,,
26321,08/10/2023 05:52:40,2.66,,,
26322,08/10/2023 05:55:40,3.09,,,
26323,08/10/2023 05:58:40,3.39,,,
26324,08/10/2023 06:01:40,3.56,,,
26325,08/10/2023 06:04:40,3.90,,,
26326,08/10/2023 06:07:40,3.94,,,
26327,08/10/2023 06:10:40,3.73,,,
26328,08/10/2023 06:13:40,3.39,,,
26329,08/10/2023 06:16:40,3.17,,,
26330,08/10/2023 06:19:40,3.09,,,
26331,08/10/2023 06:22:40,3.30,,,
26332,08/10/2023 06:25:40,3.47,,,
26333,08/10/2023 06:28:40,3.52,,,
26334,08/10/2023 06:31:40,3.56,,,
26335,08/10/2023 06:34:40,3.77,,,
26336,08/10/2023 06:37:40,3.82,,,
26337,08/10/2023 06:40:40,3.77,,,
26338,08/10/2023 06:43:40,3.94,,,
26339,08/10/2023 06:46:40,3.99,,,
26340,08/10/2023 06:49:40,4.12,,,
26341,08/10/2023 06:52:40,4.03,,,
26342,08/10/2023 06:55:40,3.94,,,
26343,08/10/2023 06:58:40,3.99,,,
26344,08/10/2023 07:01:40,4.12,,,
26345,08/10/2023 07:04:40,4.29,,,
26346,08/10/2023 07:07:40,4.89,,,
26347,08/10/2023 07:10:40,4.84,,,
26348,08/10/2023 07:13:40,5.02,,,
26349,08/10/2023 07:16:40,6.00,,,
26350,08/10/2023 07:19:40,6.78,,,
26351,08/10/2023 07:22:40,6.86,,,
26352,08/10/2023 07:25:40,6.09,,,
26353,08/10/2023 07:28:40,6.05,,,
26354,08/10/2023 07:31:40,6.43,,,
26355,08/10/2023 07:34:40,6.65,,,
26356,08/10/2023 07:37:40,6.56,,,
26357,08/10/2023 07:40:40,7.85,,,
26358,08/10/2023 07:43:40,8.28,,,
26359,08/10/2023 07:46:40,8.49,,,
26360,08/10/2023 07:49:40,8.79,,,
26361,08/10/2023 07:52:40,9.65,,,
26362,08/10/2023 07:55:40,9.95,,,
26363,08/10/2023 07:58:40,10.21,,,
26364,08/10/2023 08:01:40,10.46,,,
26365,08/10/2023 08:04:40,11.58,,,
26366,08/10/2023 08:07:40,11.49,,,
26367,08/10/2023 08:10:40,11.62,,,
26368,08/10/2023 08:13:40,10.98,,,
26369,08/10/2023 08:16:40,10.94,,,
26370,08/10/2023 08:19:40,11.41,,,
26371,08/10/2023 08:22:40,12.05,,,
26372,08/10/2023 08:25:40,12.87,,,
26373,08/10/2023 08:28:40,13.43,,,
26374,08/10/2023 08:31:40,14.45,,,
26375,08/10/2023 08:34:40,14.71,,,
26376,08/10/2023 08:37:40,15.10,,,
26377,08/10/2023 08:40:40,15.74,,,
26378,08/10/2023 08:43:40,16.34,,,
26379,08/10/2023 08:46:40,17.03,,,
26380,08/10/2023 08:49:40,17.20,,,
26381,08/10/2023 08:52:40,17.89,,,
26382,08/10/2023 08:55:40,17.84,,,
26383,08/10/2023 08:58:40,18.66,,,
26384,08/10/2023 09:01:40,17.93,,,
26385,08/10/2023 09:04:40,17.37,,,
26386,08/10/2023 09:07:40,17.07,,,
26387,08/10/2023 09:10:40,18.57,,,
26388,08/10/2023 09:13:40,18.53,,,
26389,08/10/2023 09:16:40,17.93,,,
26390,08/10/2023 09:19:40,17.80,,,
26391,08/10/2023 09:22:40,17.72,,,
26392,08/10/2023 09:25:40,18.57,,,
26393,08/10/2023 09:28:40,20.03,,,
26394,08/10/2023 09:31:40,19.09,,,
26395,08/10/2023 09:34:40,18.87,,,
26396,08/10/2023 09:37:40,20.20,,,
26397,08/10/2023 09:40:40,18.92,,,
26398,08/10/2023 09:43:40,18.66,,,
26399,08/10/2023 09:46:40,19.60,,,
26400,08/10/2023 09:49:40,19.43,,,
26401,08/10/2023 09:52:40,19.26,,,
26402,08/10/2023 09:55:40,18.49,,,
26403,08/10/2023 09:58:40,18.44,,,
26404,08/10/2023 10:01:40,18.44,,,
26405,08/10/2023 10:04:40,17.89,,,
26406,08/10/2023 10:07:40,17.84,,,
26407,08/10/2023 10:10:40,17.46,,,
26408,08/10/2023 10:13:40,17.89,,,
26409,08/10/2023 10:16:40,17.67,,,
26410,08/10/2023 10:19:40,17.24,,,
26411,08/10/2023 10:22:40,17.67,,,
26412,08/10/2023 10:25:40,18.14,,,
26413,08/10/2023 10:28:40,18.23,,,
26414,08/10/2023 10:31:40,17.72,,,
26415,08/10/2023 10:34:40,18.14,,,
26416,08/10/2023 10:37:40,18.62,,,
26417,08/10/2023 10:40:40,20.68,,,
26418,08/10/2023 10:43:40,20.98,,,
26419,08/10/2023 10:46:40,19.99,,,
26420,08/10/2023 10:49:40,21.19,,,
26421,08/10/2023 10:52:40,22.26,,,
26422,08/10/2023 10:55:40,22.35,,,
26423,08/10/2023 10:58:40,22.56,,,
26424,08/10/2023 11:01:40,22.48,,,
26425,08/10/2023 11:04:40,23.38,,,
26426,08/10/2023 11:07:40,22.26,,,
26427,08/10/2023 11:10:40,21.23,,,
26428,08/10/2023 11:13:40,22.52,,,
26429,08/10/2023 11:16:40,22.69,,,
26430,08/10/2023 11:19:40,22.82,,,
26431,08/10/2023 11:22:40,23.38,,,
26432,08/10/2023 11:25:40,22.82,,,
26433,08/10/2023 11:28:40,23.85,,,
26434,08/10/2023 11:31:40,24.97,,,
26435,08/10/2023 11:34:40,24.79,,,
26436,08/10/2023 11:37:40,23.55,,,
26437,08/10/2023 11:40:40,23.89,,,
26438,08/10/2023 11:43:40,24.66,,,
26439,08/10/2023 11:46:40,25.74,,,
26440,08/10/2023 11:49:40,26.42,,,
26441,08/10/2023 11:52:40,25.91,,,
26442,08/10/2023 11:55:40,25.31,,,
26443,08/10/2023 11:58:40,25.87,,,
26444,08/10/2023 12:01:40,25.95,,,
26445,08/10/2023 12:04:40,24.02,,,
26446,08/10/2023 12:07:40,24.41,,,
26447,08/10/2023 12:10:40,24.41,,,
26448,08/10/2023 12:13:40,25.09,,,
26449,08/10/2023 12:16:40,25.48,,,
26450,08/10/2023 12:19:40,25.35,,,
26451,08/10/2023 12:22:40,25.05,,,
26452,08/10/2023 12:25:40,23.81,,,
26453,08/10/2023 12:28:40,22.82,,,
26454,08/10/2023 12:31:40,22.82,,,
26455,08/10/2023 12:34:40,22.18,,,
26456,08/10/2023 12:37:40,23.59,,,
26457,08/10/2023 12:40:40,24.11,,,
26458,08/10/2023 12:43:40,24.54,,,
26459,08/10/2023 12:46:40,23.21,,,
26460,08/10/2023 12:49:40,22.22,,,
26461,08/10/2023 12:52:40,22.01,,,
26462,08/10/2023 12:55:40,21.66,,,
26463,08/10/2023 12:58:40,21.23,,,
26464,08/10/2023 13:01:40,21.28,,,
26465,08/10/2023 13:04:40,21.45,,,
26466,08/10/2023 13:07:40,21.75,,,
26467,08/10/2023 13:10:40,22.13,,,
26468,08/10/2023 13:13:40,22.13,,,
26469,08/10/2023 13:16:40,21.92,,,
26470,08/10/2023 13:19:40,21.62,,,
26471,08/10/2023 13:22:40,21.83,,,
26472,08/10/2023 13:25:40,22.18,,,
26473,08/10/2023 13:28:40,22.31,,,
26474,08/10/2023 13:31:40,22.22,,,
26475,08/10/2023 13:34:40,22.43,,,
26476,08/10/2023 13:37:40,22.69,,,
26477,08/10/2023 13:40:40,22.78,,,
26478,08/10/2023 13:43:40,22.82,,,
26479,08/10/2023 13:46:40,22.82,,,
26480,08/10/2023 13:49:40,23.46,,,
26481,08/10/2023 13:52:40,23.08,,,
26482,08/10/2023 13:55:40,22.99,,,
26483,08/10/2023 13:58:40,23.08,,,
26484,08/10/2023 14:01:40,22.86,,,
26485,08/10/2023 14:04:40,23.12,,,
26486,08/10/2023 14:07:40,23.29,,,
26487,08/10/2023 14:10:40,23.59,,,
26488,08/10/2023 14:13:40,23.76,,,
26489,08/10/2023 14:16:40,23.85,,,
26490,08/10/2023 14:19:40,23.55,,,
26491,08/10/2023 14:22:40,23.59,,,
26492,08/10/2023 14:25:40,23.68,,,
26493,08/10/2023 14:28:40,23.51,,,
26494,08/10/2023 14:31:40,23.76,,,
26495,08/10/2023 14:34:40,23.76,,,
26496,08/10/2023 14:37:40,23.89,,,
26497,08/10/2023 14:40:40,24.02,,,
26498,08/10/2023 14:43:40,23.81,,,
26499,08/10/2023 14:46:40,23.64,,,
26500,08/10/2023 14:49:40,23.25,,,
26501,08/10/2023 14:52:40,22.82,,,
26502,08/10/2023 14:55:40,22.99,,,
26503,08/10/2023 14:58:40,23.16,,,
26504,08/10/2023 15:01:40,23.42,,,
26505,08/10/2023 15:04:40,23.76,,,
26506,08/10/2023 15:07:40,23.89,,,
26507,08/10/2023 15:10:40,24.19,,,
26508,08/10/2023 15:13:40,23.98,,,
26509,08/10/2023 15:16:40,24.15,,,
26510,08/10/2023 15:19:40,24.24,,,
26511,08/10/2023 15:22:40,25.22,,,
26512,08/10/2023 15:25:40,25.95,,,
26513,08/10/2023 15:28:40,24.75,,,
26514,08/10/2023 15:31:40,23.68,,,
26515,08/10/2023 15:34:40,23.55,,,
26516,08/10/2023 15:37:40,23.38,,,
26517,08/10/2023 15:40:40,23.38,,,
26518,08/10/2023 15:43:40,23.46,,,
26519,08/10/2023 15:46:40,23.16,,,
26520,08/10/2023 15:49:40,23.03,,,
26521,08/10/2023 15:52:40,22.73,,,
26522,08/10/2023 15:55:40,22.35,,,
26523,08/10/2023 15:58:40,22.26,,,
26524,08/10/2023 16:01:40,22.35,,,
26525,08/10/2023 16:04:40,22.18,,,
26526,08/10/2023 16:07:40,21.96,,,
26527,08/10/2023 16:10:40,21.79,,,
26528,08/10/2023 16:13:40,21.62,,,
26529,08/10/2023 16:16:40,21.75,,,
26530,08/10/2023 16:19:40,21.70,,,
26531,08/10/2023 16:22:40,21.75,,,
26532,08/10/2023 16:25:40,20.80,,,
26533,08/10/2023 16:28:40,20.03,,,
26534,08/10/2023 16:31:40,19.90,,,
26535,08/10/2023 16:34:40,19.73,,,
26536,08/10/2023 16:37:40,19.60,,,
26537,08/10/2023 16:40:40,19.26,,,
26538,08/10/2023 16:43:40,19.17,,,
26539,08/10/2023 16:46:40,19.35,,,
26540,08/10/2023 16:49:40,19.35,,,
26541,08/10/2023 16:52:40,19.09,,,
26542,08/10/2023 16:55:40,18.87,,,
26543,08/10/2023 16:58:40,18.83,,,
26544,08/10/2023 17:01:40,18.74,,,
26545,08/10/2023 17:04:40,18.70,,,
26546,08/10/2023 17:07:40,18.66,,,
26547,08/10/2023 17:10:40,18.53,,,
26548,08/10/2023 17:13:40,18.40,,,
26549,08/10/2023 17:16:40,18.14,,,
26550,08/10/2023 17:19:40,18.06,,,
26551,08/10/2023 17:22:40,18.02,,,
26552,08/10/2023 17:25:40,17.97,,,
26553,08/10/2023 17:28:40,17.97,,,
26554,08/10/2023 17:31:40,18.14,,,
26555,08/10/2023 17:34:40,18.23,,,
26556,08/10/2023 17:37:40,18.02,,,
26557,08/10/2023 17:40:40,17.97,,,
26558,08/10/2023 17:43:40,17.89,,,
26559,08/10/2023 17:46:40,17.54,,,
26560,08/10/2023 17:49:40,17.63,,,
26561,08/10/2023 17:52:40,17.89,,,
26562,08/10/2023 17:55:40,17.97,,,
26563,08/10/2023 17:58:40,17.93,,,
26564,08/10/2023 18:01:40,17.93,,,
26565,08/10/2023 18:04:40,17.93,,,
26566,08/10/2023 18:07:40,17.84,,,
26567,08/10/2023 18:10:40,17.84,,,
26568,08/10/2023 18:13:40,17.46,,,
26569,08/10/2023 18:16:40,17.63,,,
26570,08/10/2023 18:19:40,17.41,,,
26571,08/10/2023 18:22:40,17.07,,,
26572,08/10/2023 18:25:40,16.90,,,
26573,08/10/2023 18:28:40,16.90,,,
26574,08/10/2023 18:31:40,17.54,,,
26575,08/10/2023 18:34:40,17.72,,,
26576,08/10/2023 18:37:40,17.29,,,
26577,08/10/2023 18:40:40,17.11,,,
26578,08/10/2023 18:43:40,16.90,,,
26579,08/10/2023 18:46:40,16.56,,,
26580,08/10/2023 18:49:40,16.34,,,
26581,08/10/2023 18:52:40,16.17,,,
26582,08/10/2023 18:55:40,16.13,,,
26583,08/10/2023 18:58:40,16.21,,,
26584,08/10/2023 19:01:40,16.17,,,
26585,08/10/2023 19:04:40,16.00,,,
26586,08/10/2023 19:07:40,16.00,,,
26587,08/10/2023 19:10:40,15.83,,,
26588,08/10/2023 19:13:40,15.57,,,
26589,08/10/2023 19:16:40,15.36,,,
26590,08/10/2023 19:19:40,15.10,,,
26591,08/10/2023 19:22:40,14.97,,,
26592,08/10/2023 19:25:40,14.97,,,
26593,08/10/2023 19:28:40,15.36,,,
26594,08/10/2023 19:31:40,15.01,,,
26595,08/10/2023 19:34:40,14.84,,,
26596,08/10/2023 19:37:40,14.88,,,
26597,08/10/2023 19:40:40,14.58,,,
26598,08/10/2023 19:43:40,14.41,,,
26599,08/10/2023 19:46:40,13.98,,,
26600,08/10/2023 19:49:40,13.60,,,
26601,08/10/2023 19:52:40,13.47,,,
26602,08/10/2023 19:55:40,13.34,,,
26603,08/10/2023 19:58:40,13.04,,,
26604,08/10/2023 20:01:40,12.78,,,
26605,08/10/2023 20:04:40,12.70,,,
26606,08/10/2023 20:07:40,12.22,,,
26607,08/10/2023 20:10:40,11.97,,,
26608,08/10/2023 20:13:40,11.79,,,
26609,08/10/2023 20:16:40,12.01,,,
26610,08/10/2023 20:19:40,12.22,,,
26611,08/10/2023 20:22:40,12.52,,,
26612,08/10/2023 20:25:40,12.31,,,
26613,08/10/2023 20:28:40,11.79,,,
26614,08/10/2023 20:31:40,11.19,,,
26615,08/10/2023 20:34:40,10.94,,,
26616,08/10/2023 20:37:40,11.02,,,
26617,08/10/2023 20:40:40,11.15,,,
26618,08/10/2023 20:43:40,10.77,,,
26619,08/10/2023 20:46:40,10.46,,,
26620,08/10/2023 20:49:40,10.21,,,
26621,08/10/2023 20:52:40,10.04,,,
26622,08/10/2023 20:55:40,10.04,,,
26623,08/10/2023 20:58:40,10.04,,,
26624,08/10/2023 21:01:40,9.95,,,
26625,08/10/2023 21:04:40,9.82,,,
26626,08/10/2023 21:07:40,9.61,,,
26627,08/10/2023 21:10:40,9.61,,,
26628,08/10/2023 21:13:40,9.65,,,
26629,08/10/2023 21:16:40,9.82,,,
26630,08/10/2023 21:19:40,9.91,,,
26631,08/10/2023 21:22:40,9.99,,,
26632,08/10/2023 21:25:40,9.91,,,
26633,08/10/2023 21:28:40,10.04,,,
26634,08/10/2023 21:31:40,10.59,,,
26635,08/10/2023 21:34:40,10.85,,,
26636,08/10/2023 21:37:40,10.98,,,
26637,08/10/2023 21:40:40,11.32,,,
26638,08/10/2023 21:43:40,11.37,,,
26639,08/10/2023 21:46:40,11.37,,,
26640,08/10/2023 21:49:40,11.28,,,
26641,08/10/2023 21:52:40,11.49,,,
26642,08/10/2023 21:55:40,11.15,,,
26643,08/10/2023 21:58:40,11.02,,,
26644,08/10/2023 22:01:40,10.94,,,
26645,08/10/2023 22:04:40,10.98,,,
26646,08/10/2023 22:07:40,11.02,,,
26647,08/10/2023 22:10:40,11.07,,,
26648,08/10/2023 22:13:40,10.94,,,
26649,08/10/2023 22:16:40,10.98,,,
26650,08/10/2023 22:19:40,10.89,,,
26651,08/10/2023 22:22:40,11.02,,,
26652,08/10/2023 22:25:40,10.98,,,
26653,08/10/2023 22:28:40,11.19,,,
26654,08/10/2023 22:31:40,11.49,,,
26655,08/10/2023 22:34:40,12.48,,,
26656,08/10/2023 22:37:40,12.61,,,
26657,08/10/2023 22:40:40,11.97,,,
26658,08/10/2023 22:43:40,11.58,,,
26659,08/10/2023 22:46:40,11.58,,,
26660,08/10/2023 22:49:40,11.28,,,
26661,08/10/2023 22:52:40,11.24,,,
26662,08/10/2023 22:55:40,11.45,,,
26663,08/10/2023 22:58:40,11.28,,,
26664,08/10/2023 23:01:40,11.28,,,
26665,08/10/2023 23:04:40,11.19,,,
26666,08/10/2023 23:07:40,11.07,,,
26667,08/10/2023 23:10:40,10.89,,,
26668,08/10/2023 23:13:40,10.72,,,
26669,08/10/2023 23:16:40,10.59,,,
26670,08/10/2023 23:19:40,10.55,,,
26671,08/10/2023 23:22:40,10.42,,,
26672,08/10/2023 23:25:40,10.38,,,
26673,08/10/2023 23:28:40,10.16,,,
26674,08/10/2023 23:31:40,10.04,,,
26675,08/10/2023 23:34:40,10.04,,,
26676,08/10/2023 23:37:40,10.04,,,
26677,08/10/2023 23:40:40,9.95,,,
26678,08/10/2023 23:43:40,10.16,,,
26679,08/10/2023 23:46:40,10.21,,,
26680,08/10/2023 23:49:40,10.25,,,
26681,08/10/2023 23:52:40,10.42,,,
26682,08/10/2023 23:55:40,10.46,,,
26683,08/10/2023 23:58:40,10.25,,,
26684,08/11/2023 00:01:40,10.08,,,
26685,08/11/2023 00:04:40,9.91,,,
26686,08/11/2023 00:07:40,9.86,,,
26687,08/11/2023 00:10:40,9.91,,,
26688,08/11/2023 00:13:40,9.82,,,
26689,08/11/2023 00:16:40,9.74,,,
26690,08/11/2023 00:19:40,9.69,,,
26691,08/11/2023 00:22:40,9.65,,,
26692,08/11/2023 00:25:40,9.61,,,
26693,08/11/2023 00:28:40,9.48,,,
26694,08/11/2023 00:31:40,9.44,,,
26695,08/11/2023 00:34:40,9.56,,,
26696,08/11/2023 00:37:40,9.61,,,
26697,08/11/2023 00:40:40,9.61,,,
26698,08/11/2023 00:43:40,9.61,,,
26699,08/11/2023 00:46:40,9.65,,,
26700,08/11/2023 00:49:40,9.56,,,
26701,08/11/2023 00:52:40,9.52,,,
26702,08/11/2023 00:55:40,9.52,,,
26703,08/11/2023 00:58:40,9.26,,,
26704,08/11/2023 01:01:40,9.14,,,
26705,08/11/2023 01:04:40,9.18,,,
26706,08/11/2023 01:07:40,9.09,,,
26707,08/11/2023 01:10:40,8.83,,,
26708,08/11/2023 01:13:40,8.66,,,
26709,08/11/2023 01:16:40,8.53,,,
26710,08/11/2023 01:19:40,8.45,,,
26711,08/11/2023 01:22:40,8.41,,,
26712,08/11/2023 01:25:40,8.36,,,
26713,08/11/2023 01:28:40,8.28,,,
26714,08/11/2023 01:31:40,8.32,,,
26715,08/11/2023 01:34:40,8.23,,,
26716,08/11/2023 01:37:40,8.11,,,
26717,08/11/2023 01:40:40,7.93,,,
26718,08/11/2023 01:43:40,7.85,,,
26719,08/11/2023 01:46:40,7.81,,,
26720,08/11/2023 01:49:40,7.85,,,
26721,08/11/2023 01:52:40,7.72,,,
26722,08/11/2023 01:55:40,7.72,,,
26723,08/11/2023 01:58:40,7.72,,,
26724,08/11/2023 02:01:40,7.76,,,
26725,08/11/2023 02:04:40,7.89,,,
26726,08/11/2023 02:07:40,7.98,,,
26727,08/11/2023 02:10:40,8.11,,,
26728,08/11/2023 02:13:40,8.19,,,
26729,08/11/2023 02:16:40,8.28,,,
26730,08/11/2023 02:19:40,8.45,,,
26731,08/11/2023 02:22:40,8.53,,,
26732,08/11/2023 02:25:40,8.45,,,
26733,08/11/2023 02:28:40,8.45,,,
26734,08/11/2023 02:31:40,8.36,,,
26735,08/11/2023 02:34:40,8.23,,,
26736,08/11/2023 02:37:40,8.11,,,
26737,08/11/2023 02:40:40,8.15,,,
26738,08/11/2023 02:43:40,8.11,,,
26739,08/11/2023 02:46:40,8.23,,,
26740,08/11/2023 02:49:40,8.19,,,
26741,08/11/2023 02:52:40,8.11,,,
26742,08/11/2023 02:55:40,7.85,,,
26743,08/11/2023 02:58:40,7.63,,,
26744,08/11/2023 03:01:40,7.42,,,
26745,08/11/2023 03:04:40,7.25,,,
26746,08/11/2023 03:07:40,7.46,,,
26747,08/11/2023 03:10:40,7.42,,,
26748,08/11/2023 03:13:40,7.55,,,
26749,08/11/2023 03:16:40,7.38,,,
26750,08/11/2023 03:19:40,7.25,,,
26751,08/11/2023 03:22:40,7.59,,,
26752,08/11/2023 03:25:40,7.89,,,
26753,08/11/2023 03:28:40,7.85,,,
26754,08/11/2023 03:31:40,7.63,,,
26755,08/11/2023 03:34:40,7.38,,,
26756,08/11/2023 03:37:40,7.25,,,
26757,08/11/2023 03:40:40,6.99,,,
26758,08/11/2023 03:43:40,6.90,,,
26759,08/11/2023 03:46:40,6.78,,,
26760,08/11/2023 03:49:40,6.78,,,
26761,08/11/2023 03:52:40,6.73,,,
26762,08/11/2023 03:55:40,6.73,,,
26763,08/11/2023 03:58:40,6.65,,,
26764,08/11/2023 04:01:40,6.73,,,
26765,08/11/2023 04:04:40,6.99,,,
26766,08/11/2023 04:07:40,7.33,,,
26767,08/11/2023 04:10:40,7.38,,,
26768,08/11/2023 04:13:40,7.50,,,
26769,08/11/2023 04:16:40,7.63,,,
26770,08/11/2023 04:19:40,7.63,,,
26771,08/11/2023 04:22:40,7.72,,,
26772,08/11/2023 04:25:40,7.76,,,
26773,08/11/2023 04:28:40,7.81,,,
26774,08/11/2023 04:31:40,7.85,,,
26775,08/11/2023 04:34:40,7.76,,,
26776,08/11/2023 04:37:40,7.76,,,
26777,08/11/2023 04:40:40,7.63,,,
26778,08/11/2023 04:43:40,7.55,,,
26779,08/11/2023 04:46:40,7.46,,,
26780,08/11/2023 04:49:40,7.46,,,
26781,08/11/2023 04:52:40,7.59,,,
26782,08/11/2023 04:55:40,7.59,,,
26783,08/11/2023 04:58:40,7.55,,,
26784,08/11/2023 05:01:40,7.46,,,
26785,08/11/2023 05:04:40,7.46,,,
26786,08/11/2023 05:07:40,7.42,,,
26787,08/11/2023 05:10:40,7.38,,,
26788,08/11/2023 05:13:40,7.20,,,
26789,08/11/2023 05:16:40,6.99,,,
26790,08/11/2023 05:19:40,6.90,,,
26791,08/11/2023 05:22:40,6.82,,,
26792,08/11/2023 05:25:40,6.69,,,
26793,08/11/2023 05:28:40,6.65,,,
26794,08/11/2023 05:31:40,6.56,,,
26795,08/11/2023 05:34:40,6.52,,,
26796,08/11/2023 05:37:40,6.39,,,
26797,08/11/2023 05:40:40,6.60,,,
26798,08/11/2023 05:43:40,6.43,,,
26799,08/11/2023 05:46:40,6.35,,,
26800,08/11/2023 05:49:40,6.35,,,
26801,08/11/2023 05:52:40,6.39,,,
26802,08/11/2023 05:55:40,6.39,,,
26803,08/11/2023 05:58:40,6.30,,,
26804,08/11/2023 06:01:40,6.09,,,
26805,08/11/2023 06:04:40,5.92,,,
26806,08/11/2023 06:07:40,5.92,,,
26807,08/11/2023 06:10:40,5.87,,,
26808,08/11/2023 06:13:40,5.79,,,
26809,08/11/2023 06:16:40,5.79,,,
26810,08/11/2023 06:19:40,5.87,,,
26811,08/11/2023 06:22:40,5.79,,,
26812,08/11/2023 06:25:40,5.70,,,
26813,08/11/2023 06:28:40,5.57,,,
26814,08/11/2023 06:31:40,5.62,,,
26815,08/11/2023 06:34:40,5.66,,,
26816,08/11/2023 06:37:40,5.62,,,
26817,08/11/2023 06:40:40,5.62,,,
26818,08/11/2023 06:43:40,5.70,,,
26819,08/11/2023 06:46:40,5.75,,,
26820,08/11/2023 06:49:40,5.62,,,
26821,08/11/2023 06:52:40,5.79,,,
26822,08/11/2023 06:55:40,5.87,,,
26823,08/11/2023 06:58:40,6.05,,,
26824,08/11/2023 07:01:40,5.96,,,
26825,08/11/2023 07:04:40,6.69,,,
26826,08/11/2023 07:07:40,7.29,,,
26827,08/11/2023 07:10:40,7.85,,,
26828,08/11/2023 07:13:40,8.15,,,
26829,08/11/2023 07:16:40,7.72,,,
26830,08/11/2023 07:19:40,8.15,,,
26831,08/11/2023 07:22:40,8.62,,,
26832,08/11/2023 07:25:40,9.05,,,
26833,08/11/2023 07:28:40,9.56,,,
26834,08/11/2023 07:31:40,9.56,,,
26835,08/11/2023 07:34:40,9.82,,,
26836,08/11/2023 07:37:40,10.34,,,
26837,08/11/2023 07:40:40,10.46,,,
26838,08/11/2023 07:43:40,9.18,,,
26839,08/11/2023 07:46:40,9.22,,,
26840,08/11/2023 07:49:40,9.44,,,
26841,08/11/2023 07:52:40,9.78,,,
26842,08/11/2023 07:55:40,10.12,,,
26843,08/11/2023 07:58:40,10.51,,,
26844,08/11/2023 08:01:40,11.32,,,
26845,08/11/2023 08:04:40,12.82,,,
26846,08/11/2023 08:07:40,12.57,,,
26847,08/11/2023 08:10:40,12.57,,,
26848,08/11/2023 08:13:40,13.30,,,
26849,08/11/2023 08:16:40,13.60,,,
26850,08/11/2023 08:19:40,13.55,,,
26851,08/11/2023 08:22:40,13.94,,,
26852,08/11/2023 08:25:40,13.47,,,
26853,08/11/2023 08:28:40,13.17,,,
26854,08/11/2023 08:31:40,13.34,,,
26855,08/11/2023 08:34:40,13.68,,,
26856,08/11/2023 08:37:40,13.81,,,
26857,08/11/2023 08:40:40,14.28,,,
26858,08/11/2023 08:43:40,13.90,,,
26859,08/11/2023 08:46:40,13.90,,,
26860,08/11/2023 08:49:40,13.85,,,
26861,08/11/2023 08:52:40,13.55,,,
26862,08/11/2023 08:55:40,13.68,,,
26863,08/11/2023 08:58:40,14.28,,,
26864,08/11/2023 09:01:40,14.58,,,
26865,08/11/2023 09:04:40,14.33,,,
26866,08/11/2023 09:07:40,14.37,,,
26867,08/11/2023 09:10:40,14.71,,,
26868,08/11/2023 09:13:40,14.54,,,
26869,08/11/2023 09:16:40,14.28,,,
26870,08/11/2023 09:19:40,14.93,,,
26871,08/11/2023 09:22:40,15.36,,,
26872,08/11/2023 09:25:40,15.57,,,
26873,08/11/2023 09:28:40,15.31,,,
26874,08/11/2023 09:31:40,15.27,,,
26875,08/11/2023 09:34:40,15.10,,,
26876,08/11/2023 09:37:40,14.97,,,
26877,08/11/2023 09:40:40,14.58,,,
26878,08/11/2023 09:43:40,14.54,,,
26879,08/11/2023 09:46:40,14.80,,,
26880,08/11/2023 09:49:40,14.75,,,
26881,08/11/2023 09:52:40,14.97,,,
26882,08/11/2023 09:55:40,15.31,,,
26883,08/11/2023 09:58:40,15.70,,,
26884,08/11/2023 10:01:40,15.83,,,
26885,08/11/2023 10:04:40,15.78,,,
26886,08/11/2023 10:07:40,16.13,,,
26887,08/11/2023 10:10:40,16.26,,,
26888,08/11/2023 10:13:40,15.96,,,
26889,08/11/2023 10:16:40,15.87,,,
26890,08/11/2023 10:19:40,16.39,,,
26891,08/11/2023 10:22:40,16.30,,,
26892,08/11/2023 10:25:40,16.17,,,
26893,08/11/2023 10:28:40,16.99,,,
26894,08/11/2023 10:31:40,16.64,,,
26895,08/11/2023 10:34:40,16.77,,,
26896,08/11/2023 10:37:40,17.16,,,
26897,08/11/2023 10:40:40,17.54,,,
26898,08/11/2023 10:43:40,16.90,,,
26899,08/11/2023 10:46:40,17.20,,,
26900,08/11/2023 10:49:40,17.67,,,
26901,08/11/2023 10:52:40,18.02,,,
26902,08/11/2023 10:55:40,18.27,,,
26903,08/11/2023 10:58:40,17.89,,,
26904,08/11/2023 11:01:40,18.74,,,
26905,08/11/2023 11:04:40,18.92,,,
26906,08/11/2023 11:07:40,18.96,,,
26907,08/11/2023 11:10:40,18.57,,,
26908,08/11/2023 11:13:40,18.44,,,
26909,08/11/2023 11:16:40,18.40,,,
26910,08/11/2023 11:19:40,18.74,,,
26911,08/11/2023 11:22:40,18.87,,,
26912,08/11/2023 11:25:40,19.05,,,
26913,08/11/2023 11:28:40,19.56,,,
26914,08/11/2023 11:31:40,19.30,,,
26915,08/11/2023 11:34:40,19.47,,,
26916,08/11/2023 11:37:40,19.22,,,
26917,08/11/2023 11:40:40,19.95,,,
26918,08/11/2023 11:43:40,19.69,,,
26919,08/11/2023 11:46:40,19.95,,,
26920,08/11/2023 11:49:40,20.07,,,
26921,08/11/2023 11:52:40,19.65,,,
26922,08/11/2023 11:55:40,18.96,,,
26923,08/11/2023 11:58:40,18.96,,,
26924,08/11/2023 12:01:40,19.30,,,
26925,08/11/2023 12:04:40,19.35,,,
26926,08/11/2023 12:07:40,19.09,,,
26927,08/11/2023 12:10:40,18.62,,,
26928,08/11/2023 12:13:40,18.79,,,
26929,08/11/2023 12:16:40,20.03,,,
26930,08/11/2023 12:19:40,19.99,,,
26931,08/11/2023 12:22:40,20.42,,,
26932,08/11/2023 12:25:40,21.02,,,
26933,08/11/2023 12:28:40,21.15,,,
26934,08/11/2023 12:31:40,20.89,,,
26935,08/11/2023 12:34:40,20.89,,,
26936,08/11/2023 12:37:40,21.06,,,
26937,08/11/2023 12:40:40,21.19,,,
26938,08/11/2023 12:43:40,20.33,,,
26939,08/11/2023 12:46:40,19.99,,,
26940,08/11/2023 12:49:40,19.65,,,
26941,08/11/2023 12:52:40,19.69,,,
26942,08/11/2023 12:55:40,19.65,,,
26943,08/11/2023 12:58:40,19.39,,,
26944,08/11/2023 13:01:40,19.39,,,
26945,08/11/2023 13:04:40,19.47,,,
26946,08/11/2023 13:07:40,19.65,,,
26947,08/11/2023 13:10:40,19.52,,,
26948,08/11/2023 13:13:40,19.39,,,
26949,08/11/2023 13:16:40,19.47,,,
26950,08/11/2023 13:19:40,19.35,,,
26951,08/11/2023 13:22:40,19.30,,,
26952,08/11/2023 13:25:40,19.26,,,
26953,08/11/2023 13:28:40,19.05,,,
26954,08/11/2023 13:31:40,18.96,,,
26955,08/11/2023 13:34:40,18.87,,,
26956,08/11/2023 13:37:40,19.99,,,
26957,08/11/2023 13:40:40,20.85,,,
26958,08/11/2023 13:43:40,21.83,,,
26959,08/11/2023 13:46:40,21.45,,,
26960,08/11/2023 13:49:40,20.72,,,
26961,08/11/2023 13:52:40,20.98,,,
26962,08/11/2023 13:55:40,20.29,,,
26963,08/11/2023 13:58:40,20.20,,,
26964,08/11/2023 14:01:40,20.29,,,
26965,08/11/2023 14:04:40,20.55,,,
26966,08/11/2023 14:07:40,20.76,,,
26967,08/11/2023 14:10:40,20.33,,,
26968,08/11/2023 14:13:40,20.16,,,
26969,08/11/2023 14:16:40,20.59,,,
26970,08/11/2023 14:19:40,20.98,,,
26971,08/11/2023 14:22:40,20.98,,,
26972,08/11/2023 14:25:40,20.80,,,
26973,08/11/2023 14:28:40,22.09,,,
26974,08/11/2023 14:31:40,22.61,,,
26975,08/11/2023 14:34:40,22.73,,,
26976,08/11/2023 14:37:40,22.69,,,
26977,08/11/2023 14:40:40,22.43,,,
26978,08/11/2023 14:43:40,22.73,,,
26979,08/11/2023 14:46:40,22.43,,,
26980,08/11/2023 14:49:40,22.13,,,
26981,08/11/2023 14:52:40,21.96,,,
26982,08/11/2023 14:55:40,22.09,,,
26983,08/11/2023 14:58:40,22.01,,,
26984,08/11/2023 15:01:40,22.01,,,
26985,08/11/2023 15:04:40,22.01,,,
26986,08/11/2023 15:07:40,23.12,,,
26987,08/11/2023 15:10:40,23.34,,,
26988,08/11/2023 15:13:40,23.89,,,
26989,08/11/2023 15:16:40,23.42,,,
26990,08/11/2023 15:19:40,23.59,,,
26991,08/11/2023 15:22:40,23.64,,,
26992,08/11/2023 15:25:40,23.68,,,
26993,08/11/2023 15:28:40,24.66,,,
26994,08/11/2023 15:31:40,24.84,,,
26995,08/11/2023 15:34:40,24.41,,,
26996,08/11/2023 15:37:40,24.84,,,
26997,08/11/2023 15:40:40,24.19,,,
26998,08/11/2023 15:43:40,24.97,,,
26999,08/11/2023 15:46:40,24.79,,,
27000,08/11/2023 15:49:40,22.95,,,
27001,08/11/2023 15:52:40,23.42,,,
27002,08/11/2023 15:55:40,22.99,,,
27003,08/11/2023 15:58:40,22.48,,,
27004,08/11/2023 16:01:40,23.46,,,
27005,08/11/2023 16:04:40,24.41,,,
27006,08/11/2023 16:07:40,24.58,,,
27007,08/11/2023 16:10:40,25.18,,,
27008,08/11/2023 16:13:40,25.82,,,
27009,08/11/2023 16:16:40,24.79,,,
27010,08/11/2023 16:19:40,25.39,,,
27011,08/11/2023 16:22:40,25.74,,,
27012,08/11/2023 16:25:40,25.65,,,
27013,08/11/2023 16:28:40,25.65,,,
27014,08/11/2023 16:31:40,25.52,,,
27015,08/11/2023 16:34:40,24.88,,,
27016,08/11/2023 16:37:40,25.48,,,
27017,08/11/2023 16:40:40,25.09,,,
27018,08/11/2023 16:43:40,24.92,,,
27019,08/11/2023 16:46:40,24.66,,,
27020,08/11/2023 16:49:40,24.97,,,
27021,08/11/2023 16:52:40,23.34,,,
27022,08/11/2023 16:55:40,23.81,,,
27023,08/11/2023 16:58:40,24.06,,,
27024,08/11/2023 17:01:40,23.64,,,
27025,08/11/2023 17:04:40,23.51,,,
27026,08/11/2023 17:07:40,23.59,,,
27027,08/11/2023 17:10:40,23.59,,,
27028,08/11/2023 17:13:40,23.59,,,
27029,08/11/2023 17:16:40,23.46,,,
27030,08/11/2023 17:19:40,23.51,,,
27031,08/11/2023 17:22:40,23.72,,,
27032,08/11/2023 17:25:40,23.16,,,
27033,08/11/2023 17:28:40,23.08,,,
27034,08/11/2023 17:31:40,23.34,,,
27035,08/11/2023 17:34:40,23.81,,,
27036,08/11/2023 17:37:40,23.85,,,
27037,08/11/2023 17:40:40,23.59,,,
27038,08/11/2023 17:43:40,23.08,,,
27039,08/11/2023 17:46:40,22.73,,,
27040,08/11/2023 17:49:40,22.95,,,
27041,08/11/2023 17:52:40,22.65,,,
27042,08/11/2023 17:55:40,22.48,,,
27043,08/11/2023 17:58:40,22.22,,,
27044,08/11/2023 18:01:40,22.13,,,
27045,08/11/2023 18:04:40,22.26,,,
27046,08/11/2023 18:07:40,22.09,,,
27047,08/11/2023 18:10:40,21.92,,,
27048,08/11/2023 18:13:40,21.92,,,
27049,08/11/2023 18:16:40,21.83,,,
27050,08/11/2023 18:19:40,21.66,,,
27051,08/11/2023 18:22:40,21.53,,,
27052,08/11/2023 18:25:40,21.36,,,
27053,08/11/2023 18:28:40,21.32,,,
27054,08/11/2023 18:31:40,21.23,,,
27055,08/11/2023 18:34:40,21.15,,,
27056,08/11/2023 18:37:40,21.02,,,
27057,08/11/2023 18:40:40,21.06,,,
27058,08/11/2023 18:43:40,20.89,,,
27059,08/11/2023 18:46:40,20.80,,,
27060,08/11/2023 18:49:40,20.63,,,
27061,08/11/2023 18:52:40,20.55,,,
27062,08/11/2023 18:55:40,20.46,,,
27063,08/11/2023 18:58:40,20.33,,,
27064,08/11/2023 19:01:40,20.12,,,
27065,08/11/2023 19:04:40,19.95,,,
27066,08/11/2023 19:07:40,19.86,,,
27067,08/11/2023 19:10:40,19.82,,,
27068,08/11/2023 19:13:40,19.56,,,
27069,08/11/2023 19:16:40,19.47,,,
27070,08/11/2023 19:19:40,19.30,,,
27071,08/11/2023 19:22:40,19.05,,,
27072,08/11/2023 19:25:40,18.92,,,
27073,08/11/2023 19:28:40,18.62,,,
27074,08/11/2023 19:31:40,18.14,,,
27075,08/11/2023 19:34:40,17.76,,,
27076,08/11/2023 19:37:40,17.33,,,
27077,08/11/2023 19:40:40,17.11,,,
27078,08/11/2023 19:43:40,16.90,,,
27079,08/11/2023 19:46:40,16.73,,,
27080,08/11/2023 19:49:40,16.51,,,
27081,08/11/2023 19:52:40,16.17,,,
27082,08/11/2023 19:55:40,16.17,,,
27083,08/11/2023 19:58:40,16.04,,,
27084,08/11/2023 20:01:40,15.87,,,
27085,08/11/2023 20:04:40,15.87,,,
27086,08/11/2023 20:07:40,15.78,,,
27087,08/11/2023 20:10:40,15.48,,,
27088,08/11/2023 20:13:40,14.97,,,
27089,08/11/2023 20:16:40,14.88,,,
27090,08/11/2023 20:19:40,14.84,,,
27091,08/11/2023 20:22:40,14.80,,,
27092,08/11/2023 20:25:40,14.71,,,
27093,08/11/2023 20:28:40,14.54,,,
27094,08/11/2023 20:31:40,14.41,,,
27095,08/11/2023 20:34:40,14.37,,,
27096,08/11/2023 20:37:40,14.45,,,
27097,08/11/2023 20:40:40,14.41,,,
27098,08/11/2023 20:43:40,14.37,,,
27099,08/11/2023 20:46:40,14.50,,,
27100,08/11/2023 20:49:40,14.33,,,
27101,08/11/2023 20:52:40,14.20,,,
27102,08/11/2023 20:55:40,14.03,,,
27103,08/11/2023 20:58:40,14.07,,,
27104,08/11/2023 21:01:40,13.85,,,
27105,08/11/2023 21:04:40,13.60,,,
27106,08/11/2023 21:07:40,13.51,,,
27107,08/11/2023 21:10:40,13.73,,,
27108,08/11/2023 21:13:40,13.64,,,
27109,08/11/2023 21:16:40,13.64,,,
27110,08/11/2023 21:19:40,13.55,,,
27111,08/11/2023 21:22:40,13.34,,,
27112,08/11/2023 21:25:40,12.91,,,
27113,08/11/2023 21:28:40,12.57,,,
27114,08/11/2023 21:31:40,12.48,,,
27115,08/11/2023 21:34:40,12.27,,,
27116,08/11/2023 21:37:40,12.05,,,
27117,08/11/2023 21:40:40,12.14,,,
27118,08/11/2023 21:43:40,12.18,,,
27119,08/11/2023 21:46:40,12.31,,,
27120,08/11/2023 21:49:40,12.22,,,
27121,08/11/2023 21:52:40,12.14,,,
27122,08/11/2023 21:55:40,12.31,,,
27123,08/11/2023 21:58:40,12.35,,,
27124,08/11/2023 22:01:40,12.31,,,
27125,08/11/2023 22:04:40,12.27,,,
27126,08/11/2023 22:07:40,12.18,,,
27127,08/11/2023 22:10:40,12.31,,,
27128,08/11/2023 22:13:40,12.44,,,
27129,08/11/2023 22:16:40,12.95,,,
27130,08/11/2023 22:19:40,13.00,,,
27131,08/11/2023 22:22:40,12.74,,,
27132,08/11/2023 22:25:40,12.40,,,
27133,08/11/2023 22:28:40,12.10,,,
27134,08/11/2023 22:31:40,11.84,,,
27135,08/11/2023 22:34:40,11.67,,,
27136,08/11/2023 22:37:40,11.84,,,
27137,08/11/2023 22:40:40,11.62,,,
27138,08/11/2023 22:43:40,11.62,,,
27139,08/11/2023 22:46:40,11.45,,,
27140,08/11/2023 22:49:40,11.19,,,
27141,08/11/2023 22:52:40,11.07,,,
27142,08/11/2023 22:55:40,10.89,,,
27143,08/11/2023 22:58:40,10.72,,,
27144,08/11/2023 23:01:40,10.85,,,
27145,08/11/2023 23:04:40,10.85,,,
27146,08/11/2023 23:07:40,10.64,,,
27147,08/11/2023 23:10:40,10.59,,,
27148,08/11/2023 23:13:40,10.46,,,
27149,08/11/2023 23:16:40,10.38,,,
27150,08/11/2023 23:19:40,10.42,,,
27151,08/11/2023 23:22:40,10.42,,,
27152,08/11/2023 23:25:40,10.42,,,
27153,08/11/2023 23:28:40,10.72,,,
27154,08/11/2023 23:31:40,10.72,,,
27155,08/11/2023 23:34:40,10.64,,,
27156,08/11/2023 23:37:40,10.59,,,
27157,08/11/2023 23:40:40,10.59,,,
27158,08/11/2023 23:43:40,10.72,,,
27159,08/11/2023 23:46:40,10.81,,,
27160,08/11/2023 23:49:40,10.72,,,
27161,08/11/2023 23:52:40,10.89,,,
27162,08/11/2023 23:55:40,11.11,,,
27163,08/11/2023 23:58:40,11.37,,,
27164,08/12/2023 00:01:40,11.07,,,
27165,08/12/2023 00:04:40,10.72,,,
27166,08/12/2023 00:07:40,10.55,,,
27167,08/12/2023 00:10:40,10.94,,,
27168,08/12/2023 00:13:40,11.15,,,
27169,08/12/2023 00:16:40,11.02,,,
27170,08/12/2023 00:19:40,11.02,,,
27171,08/12/2023 00:22:40,10.98,,,
27172,08/12/2023 00:25:40,10.81,,,
27173,08/12/2023 00:28:40,10.81,,,
27174,08/12/2023 00:31:40,10.77,,,
27175,08/12/2023 00:34:40,10.81,,,
27176,08/12/2023 00:37:40,10.77,,,
27177,08/12/2023 00:40:40,10.59,,,
27178,08/12/2023 00:43:40,10.34,,,
27179,08/12/2023 00:46:40,10.16,,,
27180,08/12/2023 00:49:40,10.16,,,
27181,08/12/2023 00:52:40,10.16,,,
27182,08/12/2023 00:55:40,10.12,,,
27183,08/12/2023 00:58:40,9.99,,,
27184,08/12/2023 01:01:40,9.69,,,
27185,08/12/2023 01:04:40,9.52,,,
27186,08/12/2023 01:07:40,9.44,,,
27187,08/12/2023 01:10:40,9.26,,,
27188,08/12/2023 01:13:40,9.05,,,
27189,08/12/2023 01:16:40,8.96,,,
27190,08/12/2023 01:19:40,8.83,,,
27191,08/12/2023 01:22:40,8.88,,,
27192,08/12/2023 01:25:40,9.14,,,
27193,08/12/2023 01:28:40,9.26,,,
27194,08/12/2023 01:31:40,9.31,,,
27195,08/12/2023 01:34:40,9.26,,,
27196,08/12/2023 01:37:40,9.26,,,
27197,08/12/2023 01:40:40,9.26,,,
27198,08/12/2023 01:43:40,9.31,,,
27199,08/12/2023 01:46:40,9.48,,,
27200,08/12/2023 01:49:40,9.86,,,
27201,08/12/2023 01:52:40,10.08,,,
27202,08/12/2023 01:55:40,9.99,,,
27203,08/12/2023 01:58:40,9.95,,,
27204,08/12/2023 02:01:40,10.12,,,
27205,08/12/2023 02:04:40,10.38,,,
27206,08/12/2023 02:07:40,10.29,,,
27207,08/12/2023 02:10:40,10.12,,,
27208,08/12/2023 02:13:40,10.08,,,
27209,08/12/2023 02:16:40,9.95,,,
27210,08/12/2023 02:19:40,9.99,,,
27211,08/12/2023 02:22:40,10.16,,,
27212,08/12/2023 02:25:40,10.25,,,
27213,08/12/2023 02:28:40,10.38,,,
27214,08/12/2023 02:31:40,10.55,,,
27215,08/12/2023 02:34:40,10.51,,,
27216,08/12/2023 02:37:40,10.42,,,
27217,08/12/2023 02:40:40,10.38,,,
27218,08/12/2023 02:43:40,10.34,,,
27219,08/12/2023 02:46:40,10.81,,,
27220,08/12/2023 02:49:40,10.94,,,
27221,08/12/2023 02:52:40,10.85,,,
27222,08/12/2023 02:55:40,10.94,,,
27223,08/12/2023 02:58:40,11.11,,,
27224,08/12/2023 03:01:40,11.19,,,
27225,08/12/2023 03:04:40,11.24,,,
27226,08/12/2023 03:07:40,11.24,,,
27227,08/12/2023 03:10:40,11.11,,,
27228,08/12/2023 03:13:40,11.37,,,
27229,08/12/2023 03:16:40,11.41,,,
27230,08/12/2023 03:19:40,11.28,,,
27231,08/12/2023 03:22:40,11.07,,,
27232,08/12/2023 03:25:40,10.85,,,
27233,08/12/2023 03:28:40,10.72,,,
27234,08/12/2023 03:31:40,10.59,,,
27235,08/12/2023 03:34:40,10.64,,,
27236,08/12/2023 03:37:40,10.64,,,
27237,08/12/2023 03:40:40,10.77,,,
27238,08/12/2023 03:43:40,10.85,,,
27239,08/12/2023 03:46:40,10.94,,,
27240,08/12/2023 03:49:40,10.81,,,
27241,08/12/2023 03:52:40,10.68,,,
27242,08/12/2023 03:55:40,10.68,,,
27243,08/12/2023 03:58:40,10.68,,,
27244,08/12/2023 04:01:40,10.81,,,
27245,08/12/2023 04:04:40,10.89,,,
27246,08/12/2023 04:07:40,10.81,,,
27247,08/12/2023 04:10:40,10.98,,,
27248,08/12/2023 04:13:40,11.32,,,
27249,08/12/2023 04:16:40,11.02,,,
27250,08/12/2023 04:19:40,10.81,,,
27251,08/12/2023 04:22:40,10.72,,,
27252,08/12/2023 04:25:40,10.64,,,
27253,08/12/2023 04:28:40,10.59,,,
27254,08/12/2023 04:31:40,10.77,,,
27255,08/12/2023 04:34:40,10.77,,,
27256,08/12/2023 04:37:40,10.68,,,
27257,08/12/2023 04:40:40,10.59,,,
27258,08/12/2023 04:43:40,10.59,,,
27259,08/12/2023 04:46:40,10.59,,,
27260,08/12/2023 04:49:40,10.55,,,
27261,08/12/2023 04:52:40,10.34,,,
27262,08/12/2023 04:55:40,10.25,,,
27263,08/12/2023 04:58:40,10.34,,,
27264,08/12/2023 05:01:40,10.34,,,
27265,08/12/2023 05:04:40,10.08,,,
27266,08/12/2023 05:07:40,10.08,,,
27267,08/12/2023 05:10:40,10.08,,,
27268,08/12/2023 05:13:40,9.91,,,
27269,08/12/2023 05:16:40,9.99,,,
27270,08/12/2023 05:19:40,9.91,,,
27271,08/12/2023 05:22:40,9.95,,,
27272,08/12/2023 05:25:40,9.95,,,
27273,08/12/2023 05:28:40,9.95,,,
27274,08/12/2023 05:31:40,9.91,,,
27275,08/12/2023 05:34:40,9.91,,,
27276,08/12/2023 05:37:40,9.82,,,
27277,08/12/2023 05:40:40,9.78,,,
27278,08/12/2023 05:43:40,9.82,,,
27279,08/12/2023 05:46:40,9.82,,,
27280,08/12/2023 05:49:40,9.91,,,
27281,08/12/2023 05:52:40,9.95,,,
27282,08/12/2023 05:55:40,10.04,,,
27283,08/12/2023 05:58:40,10.04,,,
27284,08/12/2023 06:01:40,10.04,,,
27285,08/12/2023 06:04:40,10.04,,,
27286,08/12/2023 06:07:40,10.04,,,
27287,08/12/2023 06:10:40,10.08,,,
27288,08/12/2023 06:13:40,9.99,,,
27289,08/12/2023 06:16:40,9.95,,,
27290,08/12/2023 06:19:40,9.86,,,
27291,08/12/2023 06:22:40,9.82,,,
27292,08/12/2023 06:25:40,9.82,,,
27293,08/12/2023 06:28:40,9.86,,,
27294,08/12/2023 06:31:40,9.91,,,
27295,08/12/2023 06:34:40,9.82,,,
27296,08/12/2023 06:37:40,9.78,,,
27297,08/12/2023 06:40:40,9.82,,,
27298,08/12/2023 06:43:40,9.91,,,
27299,08/12/2023 06:46:40,9.95,,,
27300,08/12/2023 06:49:40,10.04,,,
27301,08/12/2023 06:52:40,10.12,,,
27302,08/12/2023 06:55:40,10.12,,,
27303,08/12/2023 06:58:40,10.08,,,
27304,08/12/2023 07:01:40,10.08,,,
27305,08/12/2023 07:04:40,10.12,,,
27306,08/12/2023 07:07:40,10.08,,,
27307,08/12/2023 07:10:40,10.08,,,
27308,08/12/2023 07:13:40,9.99,,,
27309,08/12/2023 07:16:40,10.08,,,
27310,08/12/2023 07:19:40,10.16,,,
27311,08/12/2023 07:22:40,10.25,,,
27312,08/12/2023 07:25:40,10.34,,,
27313,08/12/2023 07:28:40,10.42,,,
27314,08/12/2023 07:31:40,10.51,,,
27315,08/12/2023 07:34:40,10.55,,,
27316,08/12/2023 07:37:40,10.55,,,
27317,08/12/2023 07:40:40,10.59,,,
27318,08/12/2023 07:43:40,10.64,,,
27319,08/12/2023 07:46:40,10.68,,,
27320,08/12/2023 07:49:40,10.59,,,
27321,08/12/2023 07:52:40,10.68,,,
27322,08/12/2023 07:55:40,10.81,,,
27323,08/12/2023 07:58:40,10.94,,,
27324,08/12/2023 08:01:40,10.98,,,
27325,08/12/2023 08:04:40,11.19,,,
27326,08/12/2023 08:07:40,11.37,,,
27327,08/12/2023 08:10:40,11.49,,,
27328,08/12/2023 08:13:40,11.62,,,
27329,08/12/2023 08:16:40,11.84,,,
27330,08/12/2023 08:19:40,12.05,,,
27331,08/12/2023 08:22:40,12.18,,,
27332,08/12/2023 08:25:40,12.31,,,
27333,08/12/2023 08:28:40,12.18,,,
27334,08/12/2023 08:31:40,11.92,,,
27335,08/12/2023 08:34:40,11.79,,,
27336,08/12/2023 08:37:40,11.79,,,
27337,08/12/2023 08:40:40,11.79,,,
27338,08/12/2023 08:43:40,11.88,,,
27339,08/12/2023 08:46:40,11.92,,,
27340,08/12/2023 08:49:40,12.14,,,
27341,08/12/2023 08:52:40,12.18,,,
27342,08/12/2023 08:55:40,12.05,,,
27343,08/12/2023 08:58:40,12.10,,,
27344,08/12/2023 09:01:40,12.18,,,
27345,08/12/2023 09:04:40,12.27,,,
27346,08/12/2023 09:07:40,12.40,,,
27347,08/12/2023 09:10:40,12.44,,,
27348,08/12/2023 09:13:40,12.65,,,
27349,08/12/2023 09:16:40,12.65,,,
27350,08/12/2023 09:19:40,12.65,,,
27351,08/12/2023 09:22:40,12.70,,,
27352,08/12/2023 09:25:40,12.48,,,
27353,08/12/2023 09:28:40,12.48,,,
27354,08/12/2023 09:31:40,12.61,,,
27355,08/12/2023 09:34:40,12.61,,,
27356,08/12/2023 09:37:40,12.82,,,
27357,08/12/2023 09:40:40,12.87,,,
27358,08/12/2023 09:43:40,13.04,,,
27359,08/12/2023 09:46:40,13.34,,,
27360,08/12/2023 09:49:40,13.38,,,
27361,08/12/2023 09:52:40,13.25,,,
27362,08/12/2023 09:55:40,13.30,,,
27363,08/12/2023 09:58:40,13.17,,,
27364,08/12/2023 10:01:40,13.43,,,
27365,08/12/2023 10:04:40,13.47,,,
27366,08/12/2023 10:07:40,13.55,,,
27367,08/12/2023 10:10:40,13.77,,,
27368,08/12/2023 10:13:40,13.73,,,
27369,08/12/2023 10:16:40,13.94,,,
27370,08/12/2023 10:19:40,13.77,,,
27371,08/12/2023 10:22:40,14.07,,,
27372,08/12/2023 10:25:40,14.07,,,
27373,08/12/2023 10:28:40,13.85,,,
27374,08/12/2023 10:31:40,14.03,,,
27375,08/12/2023 10:34:40,14.07,,,
27376,08/12/2023 10:37:40,13.98,,,
27377,08/12/2023 10:40:40,14.03,,,
27378,08/12/2023 10:43:40,13.90,,,
27379,08/12/2023 10:46:40,13.77,,,
27380,08/12/2023 10:49:40,13.77,,,
27381,08/12/2023 10:52:40,14.37,,,
27382,08/12/2023 10:55:40,14.20,,,
27383,08/12/2023 10:58:40,14.45,,,
27384,08/12/2023 11:01:40,14.67,,,
27385,08/12/2023 11:04:40,14.71,,,
27386,08/12/2023 11:07:40,14.50,,,
27387,08/12/2023 11:10:40,14.41,,,
27388,08/12/2023 11:13:40,14.71,,,
27389,08/12/2023 11:16:40,14.75,,,
27390,08/12/2023 11:19:40,14.88,,,
27391,08/12/2023 11:22:40,14.93,,,
27392,08/12/2023 11:25:40,14.84,,,
27393,08/12/2023 11:28:40,15.31,,,
27394,08/12/2023 11:31:40,15.40,,,
27395,08/12/2023 11:34:40,15.74,,,
27396,08/12/2023 11:37:40,15.61,,,
27397,08/12/2023 11:40:40,15.70,,,
27398,08/12/2023 11:43:40,16.00,,,
27399,08/12/2023 11:46:40,16.13,,,
27400,08/12/2023 11:49:40,15.91,,,
27401,08/12/2023 11:52:40,15.96,,,
27402,08/12/2023 11:55:40,16.21,,,
27403,08/12/2023 11:58:40,16.56,,,
27404,08/12/2023 12:01:40,16.26,,,
27405,08/12/2023 12:04:40,16.51,,,
27406,08/12/2023 12:07:40,16.73,,,
27407,08/12/2023 12:10:40,16.77,,,
27408,08/12/2023 12:13:40,17.11,,,
27409,08/12/2023 12:16:40,17.41,,,
27410,08/12/2023 12:19:40,17.20,,,
27411,08/12/2023 12:22:40,17.50,,,
27412,08/12/2023 12:25:40,17.11,,,
27413,08/12/2023 12:28:40,16.90,,,
27414,08/12/2023 12:31:40,17.72,,,
27415,08/12/2023 12:34:40,17.80,,,
27416,08/12/2023 12:37:40,17.72,,,
27417,08/12/2023 12:40:40,17.50,,,
27418,08/12/2023 12:43:40,17.63,,,
27419,08/12/2023 12:46:40,17.67,,,
27420,08/12/2023 12:49:40,17.46,,,
27421,08/12/2023 12:52:40,18.36,,,
27422,08/12/2023 12:55:40,18.44,,,
27423,08/12/2023 12:58:40,17.84,,,
27424,08/12/2023 13:01:40,17.67,,,
27425,08/12/2023 13:04:40,18.10,,,
27426,08/12/2023 13:07:40,18.87,,,
27427,08/12/2023 13:10:40,18.74,,,
27428,08/12/2023 13:13:40,18.96,,,
27429,08/12/2023 13:16:40,18.79,,,
27430,08/12/2023 13:19:40,18.57,,,
27431,08/12/2023 13:22:40,18.70,,,
27432,08/12/2023 13:25:40,18.79,,,
27433,08/12/2023 13:28:40,18.74,,,
27434,08/12/2023 13:31:40,19.82,,,
27435,08/12/2023 13:34:40,18.92,,,
27436,08/12/2023 13:37:40,18.74,,,
27437,08/12/2023 13:40:40,19.09,,,
27438,08/12/2023 13:43:40,18.62,,,
27439,08/12/2023 13:46:40,19.56,,,
27440,08/12/2023 13:49:40,20.12,,,
27441,08/12/2023 13:52:40,19.69,,,
27442,08/12/2023 13:55:40,18.49,,,
27443,08/12/2023 13:58:40,18.92,,,
27444,08/12/2023 14:01:40,19.77,,,
27445,08/12/2023 14:04:40,18.70,,,
27446,08/12/2023 14:07:40,18.23,,,
27447,08/12/2023 14:10:40,18.19,,,
27448,08/12/2023 14:13:40,18.32,,,
27449,08/12/2023 14:16:40,18.06,,,
27450,08/12/2023 14:19:40,17.33,,,
27451,08/12/2023 14:22:40,16.47,,,
27452,08/12/2023 14:25:40,15.23,,,
27453,08/12/2023 14:28:40,14.58,,,
27454,08/12/2023 14:31:40,14.33,,,
27455,08/12/2023 14:34:40,14.24,,,
27456,08/12/2023 14:37:40,14.45,,,
27457,08/12/2023 14:40:40,14.45,,,
27458,08/12/2023 14:43:40,14.45,,,
27459,08/12/2023 14:46:40,14.58,,,
27460,08/12/2023 14:49:40,14.88,,,
27461,08/12/2023 14:52:40,14.93,,,
27462,08/12/2023 14:55:40,14.67,,,
27463,08/12/2023 14:58:40,14.84,,,
27464,08/12/2023 15:01:40,15.01,,,
27465,08/12/2023 15:04:40,15.10,,,
27466,08/12/2023 15:07:40,15.14,,,
27467,08/12/2023 15:10:40,15.06,,,
27468,08/12/2023 15:13:40,15.18,,,
27469,08/12/2023 15:16:40,15.40,,,
27470,08/12/2023 15:19:40,15.66,,,
27471,08/12/2023 15:22:40,15.44,,,
27472,08/12/2023 15:25:40,15.31,,,
27473,08/12/2023 15:28:40,15.18,,,
27474,08/12/2023 15:31:40,15.48,,,
27475,08/12/2023 15:34:40,15.70,,,
27476,08/12/2023 15:37:40,15.70,,,
27477,08/12/2023 15:40:40,15.61,,,
27478,08/12/2023 15:43:40,15.66,,,
27479,08/12/2023 15:46:40,15.83,,,
27480,08/12/2023 15:49:40,16.04,,,
27481,08/12/2023 15:52:40,16.17,,,
27482,08/12/2023 15:55:40,16.56,,,
27483,08/12/2023 15:58:40,16.69,,,
27484,08/12/2023 16:01:40,16.56,,,
27485,08/12/2023 16:04:40,16.26,,,
27486,08/12/2023 16:07:40,16.47,,,
27487,08/12/2023 16:10:40,16.90,,,
27488,08/12/2023 16:13:40,17.03,,,
27489,08/12/2023 16:16:40,16.60,,,
27490,08/12/2023 16:19:40,16.81,,,
27491,08/12/2023 16:22:40,17.07,,,
27492,08/12/2023 16:25:40,17.16,,,
27493,08/12/2023 16:28:40,17.16,,,
27494,08/12/2023 16:31:40,17.33,,,
27495,08/12/2023 16:34:40,17.76,,,
27496,08/12/2023 16:37:40,18.10,,,
27497,08/12/2023 16:40:40,18.10,,,
27498,08/12/2023 16:43:40,17.97,,,
27499,08/12/2023 16:46:40,18.44,,,
27500,08/12/2023 16:49:40,19.05,,,
27501,08/12/2023 16:52:40,19.13,,,
27502,08/12/2023 16:55:40,19.00,,,
27503,08/12/2023 16:58:40,18.83,,,
27504,08/12/2023 17:01:40,19.22,,,
27505,08/12/2023 17:04:40,19.17,,,
27506,08/12/2023 17:07:40,18.79,,,
27507,08/12/2023 17:10:40,18.83,,,
27508,08/12/2023 17:13:40,19.56,,,
27509,08/12/2023 17:16:40,20.93,,,
27510,08/12/2023 17:19:40,21.75,,,
27511,08/12/2023 17:22:40,21.62,,,
27512,08/12/2023 17:25:40,19.77,,,
27513,08/12/2023 17:28:40,19.13,,,
27514,08/12/2023 17:31:40,19.86,,,
27515,08/12/2023 17:34:40,20.76,,,
27516,08/12/2023 17:37:40,21.02,,,
27517,08/12/2023 17:40:40,21.23,,,
27518,08/12/2023 17:43:40,21.06,,,
27519,08/12/2023 17:46:40,20.46,,,
27520,08/12/2023 17:49:40,20.63,,,
27521,08/12/2023 17:52:40,20.50,,,
27522,08/12/2023 17:55:40,20.72,,,
27523,08/12/2023 17:58:40,20.68,,,
27524,08/12/2023 18:01:40,20.55,,,
27525,08/12/2023 18:04:40,20.46,,,
27526,08/12/2023 18:07:40,20.29,,,
27527,08/12/2023 18:10:40,20.29,,,
27528,08/12/2023 18:13:40,20.37,,,
27529,08/12/2023 18:16:40,20.50,,,
27530,08/12/2023 18:19:40,20.42,,,
27531,08/12/2023 18:22:40,20.50,,,
27532,08/12/2023 18:25:40,20.46,,,
27533,08/12/2023 18:28:40,19.99,,,
27534,08/12/2023 18:31:40,19.69,,,
27535,08/12/2023 18:34:40,19.17,,,
27536,08/12/2023 18:37:40,18.83,,,
27537,08/12/2023 18:40:40,18.70,,,
27538,08/12/2023 18:43:40,18.40,,,
27539,08/12/2023 18:46:40,17.89,,,
27540,08/12/2023 18:49:40,17.67,,,
27541,08/12/2023 18:52:40,17.41,,,
27542,08/12/2023 18:55:40,16.99,,,
27543,08/12/2023 18:58:40,16.77,,,
27544,08/12/2023 19:01:40,16.64,,,
27545,08/12/2023 19:04:40,16.73,,,
27546,08/12/2023 19:07:40,16.77,,,
27547,08/12/2023 19:10:40,16.73,,,
27548,08/12/2023 19:13:40,16.73,,,
27549,08/12/2023 19:16:40,16.64,,,
27550,08/12/2023 19:19:40,16.69,,,
27551,08/12/2023 19:22:40,17.03,,,
27552,08/12/2023 19:25:40,17.41,,,
27553,08/12/2023 19:28:40,17.33,,,
27554,08/12/2023 19:31:40,17.24,,,
27555,08/12/2023 19:34:40,17.33,,,
27556,08/12/2023 19:37:40,16.99,,,
27557,08/12/2023 19:40:40,16.73,,,
27558,08/12/2023 19:43:40,16.81,,,
27559,08/12/2023 19:46:40,16.99,,,
27560,08/12/2023 19:49:40,17.03,,,
27561,08/12/2023 19:52:40,16.81,,,
27562,08/12/2023 19:55:40,16.81,,,
27563,08/12/2023 19:58:40,16.69,,,
27564,08/12/2023 20:01:40,16.77,,,
27565,08/12/2023 20:04:40,16.51,,,
27566,08/12/2023 20:07:40,16.26,,,
27567,08/12/2023 20:10:40,16.04,,,
27568,08/12/2023 20:13:40,16.08,,,
27569,08/12/2023 20:16:40,16.26,,,
27570,08/12/2023 20:19:40,16.08,,,
27571,08/12/2023 20:22:40,15.74,,,
27572,08/12/2023 20:25:40,15.44,,,
27573,08/12/2023 20:28:40,15.70,,,
27574,08/12/2023 20:31:40,15.57,,,
27575,08/12/2023 20:34:40,15.27,,,
27576,08/12/2023 20:37:40,15.06,,,
27577,08/12/2023 20:40:40,14.84,,,
27578,08/12/2023 20:43:40,14.80,,,
27579,08/12/2023 20:46:40,14.63,,,
27580,08/12/2023 20:49:40,14.50,,,
27581,08/12/2023 20:52:40,14.41,,,
27582,08/12/2023 20:55:40,14.37,,,
27583,08/12/2023 20:58:40,14.20,,,
27584,08/12/2023 21:01:40,13.73,,,
27585,08/12/2023 21:04:40,13.43,,,
27586,08/12/2023 21:07:40,13.38,,,
27587,08/12/2023 21:10:40,13.34,,,
27588,08/12/2023 21:13:40,13.21,,,
27589,08/12/2023 21:16:40,13.21,,,
27590,08/12/2023 21:19:40,13.04,,,
27591,08/12/2023 21:22:40,12.87,,,
27592,08/12/2023 21:25:40,12.87,,,
27593,08/12/2023 21:28:40,12.87,,,
27594,08/12/2023 21:31:40,12.95,,,
27595,08/12/2023 21:34:40,12.78,,,
27596,08/12/2023 21:37:40,12.70,,,
27597,08/12/2023 21:40:40,12.87,,,
27598,08/12/2023 21:43:40,12.95,,,
27599,08/12/2023 21:46:40,12.91,,,
27600,08/12/2023 21:49:40,12.87,,,
27601,08/12/2023 21:52:40,12.70,,,
27602,08/12/2023 21:55:40,12.40,,,
27603,08/12/2023 21:58:40,12.31,,,
27604,08/12/2023 22:01:40,12.31,,,
27605,08/12/2023 22:04:40,12.18,,,
27606,08/12/2023 22:07:40,12.10,,,
27607,08/12/2023 22:10:40,11.88,,,
27608,08/12/2023 22:13:40,11.62,,,
27609,08/12/2023 22:16:40,11.45,,,
27610,08/12/2023 22:19:40,11.41,,,
27611,08/12/2023 22:22:40,11.19,,,
27612,08/12/2023 22:25:40,11.07,,,
27613,08/12/2023 22:28:40,11.15,,,
27614,08/12/2023 22:31:40,11.11,,,
27615,08/12/2023 22:34:40,10.89,,,
27616,08/12/2023 22:37:40,10.64,,,
27617,08/12/2023 22:40:40,10.55,,,
27618,08/12/2023 22:43:40,10.59,,,
27619,08/12/2023 22:46:40,10.51,,,
27620,08/12/2023 22:49:40,10.46,,,
27621,08/12/2023 22:52:40,10.16,,,
27622,08/12/2023 22:55:40,10.08,,,
27623,08/12/2023 22:58:40,9.78,,,
27624,08/12/2023 23:01:40,9.74,,,
27625,08/12/2023 23:04:40,9.82,,,
27626,08/12/2023 23:07:40,9.78,,,
27627,08/12/2023 23:10:40,9.74,,,
27628,08/12/2023 23:13:40,9.69,,,
27629,08/12/2023 23:16:40,9.48,,,
27630,08/12/2023 23:19:40,9.35,,,
27631,08/12/2023 23:22:40,9.39,,,
27632,08/12/2023 23:25:40,9.39,,,
27633,08/12/2023 23:28:40,9.26,,,
27634,08/12/2023 23:31:40,9.18,,,
27635,08/12/2023 23:34:40,9.05,,,
27636,08/12/2023 23:37:40,8.92,,,
27637,08/12/2023 23:40:40,8.75,,,
27638,08/12/2023 23:43:40,8.79,,,
27639,08/12/2023 23:46:40,8.92,,,
27640,08/12/2023 23:49:40,8.88,,,
27641,08/12/2023 23:52:40,8.71,,,
27642,08/12/2023 23:55:40,8.58,,,
27643,08/12/2023 23:58:40,8.53,,,
27644,08/13/2023 00:01:40,8.45,,,
27645,08/13/2023 00:04:40,8.15,,,
27646,08/13/2023 00:07:40,8.02,,,
27647,08/13/2023 00:10:40,8.02,,,
27648,08/13/2023 00:13:40,7.93,,,
27649,08/13/2023 00:16:40,7.81,,,
27650,08/13/2023 00:19:40,7.72,,,
27651,08/13/2023 00:22:40,7.72,,,
27652,08/13/2023 00:25:40,7.81,,,
27653,08/13/2023 00:28:40,7.81,,,
27654,08/13/2023 00:31:40,7.81,,,
27655,08/13/2023 00:34:40,7.89,,,
27656,08/13/2023 00:37:40,7.85,,,
27657,08/13/2023 00:40:40,7.76,,,
27658,08/13/2023 00:43:40,7.68,,,
27659,08/13/2023 00:46:40,7.29,,,
27660,08/13/2023 00:49:40,7.16,,,
27661,08/13/2023 00:52:40,6.90,,,
27662,08/13/2023 00:55:40,6.86,,,
27663,08/13/2023 00:58:40,6.65,,,
27664,08/13/2023 01:01:40,6.48,,,
27665,08/13/2023 01:04:40,6.30,,,
27666,08/13/2023 01:07:40,6.26,,,
27667,08/13/2023 01:10:40,6.43,,,
27668,08/13/2023 01:13:40,6.35,,,
27669,08/13/2023 01:16:40,6.39,,,
27670,08/13/2023 01:19:40,6.13,,,
27671,08/13/2023 01:22:40,5.96,,,
27672,08/13/2023 01:25:40,5.79,,,
27673,08/13/2023 01:28:40,5.83,,,
27674,08/13/2023 01:31:40,5.92,,,
27675,08/13/2023 01:34:40,5.92,,,
27676,08/13/2023 01:37:40,5.96,,,
27677,08/13/2023 01:40:40,5.87,,,
27678,08/13/2023 01:43:40,5.96,,,
27679,08/13/2023 01:46:40,6.05,,,
27680,08/13/2023 01:49:40,6.17,,,
27681,08/13/2023 01:52:40,6.00,,,
27682,08/13/2023 01:55:40,5.96,,,
27683,08/13/2023 01:58:40,6.05,,,
27684,08/13/2023 02:01:40,5.92,,,
27685,08/13/2023 02:04:40,5.96,,,
27686,08/13/2023 02:07:40,5.96,,,
27687,08/13/2023 02:10:40,5.83,,,
27688,08/13/2023 02:13:40,5.70,,,
27689,08/13/2023 02:16:40,5.57,,,
27690,08/13/2023 02:19:40,5.53,,,
27691,08/13/2023 02:22:40,5.53,,,
27692,08/13/2023 02:25:40,5.49,,,
27693,08/13/2023 02:28:40,5.66,,,
27694,08/13/2023 02:31:40,6.05,,,
27695,08/13/2023 02:34:40,6.09,,,
27696,08/13/2023 02:37:40,5.92,,,
27697,08/13/2023 02:40:40,5.79,,,
27698,08/13/2023 02:43:40,5.62,,,
27699,08/13/2023 02:46:40,5.57,,,
27700,08/13/2023 02:49:40,5.49,,,
27701,08/13/2023 02:52:40,5.57,,,
27702,08/13/2023 02:55:40,5.57,,,
27703,08/13/2023 02:58:40,5.49,,,
27704,08/13/2023 03:01:40,5.49,,,
27705,08/13/2023 03:04:40,5.57,,,
27706,08/13/2023 03:07:40,5.57,,,
27707,08/13/2023 03:10:40,5.32,,,
27708,08/13/2023 03:13:40,5.23,,,
27709,08/13/2023 03:16:40,5.23,,,
27710,08/13/2023 03:19:40,5.27,,,
27711,08/13/2023 03:22:40,5.15,,,
27712,08/13/2023 03:25:40,5.19,,,
27713,08/13/2023 03:28:40,5.45,,,
27714,08/13/2023 03:31:40,5.49,,,
27715,08/13/2023 03:34:40,5.32,,,
27716,08/13/2023 03:37:40,5.10,,,
27717,08/13/2023 03:40:40,4.89,,,
27718,08/13/2023 03:43:40,4.80,,,
27719,08/13/2023 03:46:40,4.76,,,
27720,08/13/2023 03:49:40,4.63,,,
27721,08/13/2023 03:52:40,4.54,,,
27722,08/13/2023 03:55:40,4.63,,,
27723,08/13/2023 03:58:40,4.63,,,
27724,08/13/2023 04:01:40,4.76,,,
27725,08/13/2023 04:04:40,4.76,,,
27726,08/13/2023 04:07:40,4.33,,,
27727,08/13/2023 04:10:40,4.16,,,
27728,08/13/2023 04:13:40,4.16,,,
27729,08/13/2023 04:16:40,3.99,,,
27730,08/13/2023 04:19:40,3.82,,,
27731,08/13/2023 04:22:40,3.69,,,
27732,08/13/2023 04:25:40,3.69,,,
27733,08/13/2023 04:28:40,3.60,,,
27734,08/13/2023 04:31:40,3.60,,,
27735,08/13/2023 04:34:40,3.94,,,
27736,08/13/2023 04:37:40,4.07,,,
27737,08/13/2023 04:40:40,3.99,,,
27738,08/13/2023 04:43:40,3.82,,,
27739,08/13/2023 04:46:40,3.56,,,
27740,08/13/2023 04:49:40,3.47,,,
27741,08/13/2023 04:52:40,3.64,,,
27742,08/13/2023 04:55:40,4.07,,,
27743,08/13/2023 04:58:40,4.33,,,
27744,08/13/2023 05:01:40,4.20,,,
27745,08/13/2023 05:04:40,3.99,,,
27746,08/13/2023 05:07:40,3.77,,,
27747,08/13/2023 05:10:40,3.56,,,
27748,08/13/2023 05:13:40,3.47,,,
27749,08/13/2023 05:16:40,3.56,,,
27750,08/13/2023 05:19:40,3.60,,,
27751,08/13/2023 05:22:40,3.64,,,
27752,08/13/2023 05:25:40,3.69,,,
27753,08/13/2023 05:28:40,3.86,,,
27754,08/13/2023 05:31:40,3.94,,,
27755,08/13/2023 05:34:40,3.64,,,
27756,08/13/2023 05:37:40,3.43,,,
27757,08/13/2023 05:40:40,3.47,,,
27758,08/13/2023 05:43:40,3.30,,,
27759,08/13/2023 05:46:40,3.21,,,
27760,08/13/2023 05:49:40,3.34,,,
27761,08/13/2023 05:52:40,3.56,,,
27762,08/13/2023 05:55:40,3.73,,,
27763,08/13/2023 05:58:40,3.43,,,
27764,08/13/2023 06:01:40,3.21,,,
27765,08/13/2023 06:04:40,3.17,,,
27766,08/13/2023 06:07:40,2.96,,,
27767,08/13/2023 06:10:40,2.91,,,
27768,08/13/2023 06:13:40,2.96,,,
27769,08/13/2023 06:16:40,2.96,,,
27770,08/13/2023 06:19:40,2.96,,,
27771,08/13/2023 06:22:40,2.87,,,
27772,08/13/2023 06:25:40,2.87,,,
27773,08/13/2023 06:28:40,2.87,,,
27774,08/13/2023 06:31:40,3.09,,,
27775,08/13/2023 06:34:40,3.04,,,
27776,08/13/2023 06:37:40,2.96,,,
27777,08/13/2023 06:40:40,3.04,,,
27778,08/13/2023 06:43:40,3.39,,,
27779,08/13/2023 06:46:40,3.47,,,
27780,08/13/2023 06:49:40,3.69,,,
27781,08/13/2023 06:52:40,3.82,,,
27782,08/13/2023 06:55:40,3.77,,,
27783,08/13/2023 06:58:40,3.77,,,
27784,08/13/2023 07:01:40,3.52,,,
27785,08/13/2023 07:04:40,3.82,,,
27786,08/13/2023 07:07:40,4.59,,,
27787,08/13/2023 07:10:40,4.89,,,
27788,08/13/2023 07:13:40,5.15,,,
27789,08/13/2023 07:16:40,5.06,,,
27790,08/13/2023 07:19:40,5.27,,,
27791,08/13/2023 07:22:40,6.05,,,
27792,08/13/2023 07:25:40,5.83,,,
27793,08/13/2023 07:28:40,5.83,,,
27794,08/13/2023 07:31:40,6.26,,,
27795,08/13/2023 07:34:40,6.82,,,
27796,08/13/2023 07:37:40,7.08,,,
27797,08/13/2023 07:40:40,7.08,,,
27798,08/13/2023 07:43:40,7.50,,,
27799,08/13/2023 07:46:40,7.68,,,
27800,08/13/2023 07:49:40,7.76,,,
27801,08/13/2023 07:52:40,8.19,,,
27802,08/13/2023 07:55:40,8.41,,,
27803,08/13/2023 07:58:40,9.31,,,
27804,08/13/2023 08:01:40,9.99,,,
27805,08/13/2023 08:04:40,9.26,,,
27806,08/13/2023 08:07:40,9.31,,,
27807,08/13/2023 08:10:40,9.82,,,
27808,08/13/2023 08:13:40,9.82,,,
27809,08/13/2023 08:16:40,10.04,,,
27810,08/13/2023 08:19:40,10.68,,,
27811,08/13/2023 08:22:40,11.11,,,
27812,08/13/2023 08:25:40,11.37,,,
27813,08/13/2023 08:28:40,11.79,,,
27814,08/13/2023 08:31:40,11.92,,,
27815,08/13/2023 08:34:40,11.97,,,
27816,08/13/2023 08:37:40,12.52,,,
27817,08/13/2023 08:40:40,13.34,,,
27818,08/13/2023 08:43:40,13.68,,,
27819,08/13/2023 08:46:40,14.37,,,
27820,08/13/2023 08:49:40,14.28,,,
27821,08/13/2023 08:52:40,15.14,,,
27822,08/13/2023 08:55:40,15.53,,,
27823,08/13/2023 08:58:40,16.17,,,
27824,08/13/2023 09:01:40,17.37,,,
27825,08/13/2023 09:04:40,17.37,,,
27826,08/13/2023 09:07:40,18.49,,,
27827,08/13/2023 09:10:40,20.16,,,
27828,08/13/2023 09:13:40,18.06,,,
27829,08/13/2023 09:16:40,16.86,,,
27830,08/13/2023 09:19:40,16.81,,,
27831,08/13/2023 09:22:40,16.60,,,
27832,08/13/2023 09:25:40,16.99,,,
27833,08/13/2023 09:28:40,16.51,,,
27834,08/13/2023 09:31:40,16.69,,,
27835,08/13/2023 09:34:40,16.73,,,
27836,08/13/2023 09:37:40,17.03,,,
27837,08/13/2023 09:40:40,17.16,,,
27838,08/13/2023 09:43:40,17.33,,,
27839,08/13/2023 09:46:40,17.24,,,
27840,08/13/2023 09:49:40,16.69,,,
27841,08/13/2023 09:52:40,17.11,,,
27842,08/13/2023 09:55:40,17.63,,,
27843,08/13/2023 09:58:40,17.24,,,
27844,08/13/2023 10:01:40,17.54,,,
27845,08/13/2023 10:04:40,17.20,,,
27846,08/13/2023 10:07:40,17.24,,,
27847,08/13/2023 10:10:40,17.20,,,
27848,08/13/2023 10:13:40,17.84,,,
27849,08/13/2023 10:16:40,18.19,,,
27850,08/13/2023 10:19:40,17.72,,,
27851,08/13/2023 10:22:40,17.84,,,
27852,08/13/2023 10:25:40,18.10,,,
27853,08/13/2023 10:28:40,18.44,,,
27854,08/13/2023 10:31:40,18.14,,,
27855,08/13/2023 10:34:40,18.40,,,
27856,08/13/2023 10:37:40,18.66,,,
27857,08/13/2023 10:40:40,18.96,,,
27858,08/13/2023 10:43:40,19.17,,,
27859,08/13/2023 10:46:40,19.13,,,
27860,08/13/2023 10:49:40,19.47,,,
27861,08/13/2023 10:52:40,19.17,,,
27862,08/13/2023 10:55:40,20.03,,,
27863,08/13/2023 10:58:40,19.95,,,
27864,08/13/2023 11:01:40,19.99,,,
27865,08/13/2023 11:04:40,20.03,,,
27866,08/13/2023 11:07:40,20.12,,,
27867,08/13/2023 11:10:40,20.07,,,
27868,08/13/2023 11:13:40,20.33,,,
27869,08/13/2023 11:16:40,19.95,,,
27870,08/13/2023 11:19:40,20.12,,,
27871,08/13/2023 11:22:40,19.73,,,
27872,08/13/2023 11:25:40,20.29,,,
27873,08/13/2023 11:28:40,20.76,,,
27874,08/13/2023 11:31:40,20.55,,,
27875,08/13/2023 11:34:40,20.46,,,
27876,08/13/2023 11:37:40,21.02,,,
27877,08/13/2023 11:40:40,21.28,,,
27878,08/13/2023 11:43:40,21.70,,,
27879,08/13/2023 11:46:40,21.36,,,
27880,08/13/2023 11:49:40,21.28,,,
27881,08/13/2023 11:52:40,20.89,,,
27882,08/13/2023 11:55:40,20.03,,,
27883,08/13/2023 11:58:40,20.72,,,
27884,08/13/2023 12:01:40,19.95,,,
27885,08/13/2023 12:04:40,19.82,,,
27886,08/13/2023 12:07:40,19.77,,,
27887,08/13/2023 12:10:40,20.20,,,
27888,08/13/2023 12:13:40,20.07,,,
27889,08/13/2023 12:16:40,20.03,,,
27890,08/13/2023 12:19:40,20.55,,,
27891,08/13/2023 12:22:40,20.85,,,
27892,08/13/2023 12:25:40,21.28,,,
27893,08/13/2023 12:28:40,21.28,,,
27894,08/13/2023 12:31:40,21.32,,,
27895,08/13/2023 12:34:40,21.58,,,
27896,08/13/2023 12:37:40,22.82,,,
27897,08/13/2023 12:40:40,22.65,,,
27898,08/13/2023 12:43:40,22.48,,,
27899,08/13/2023 12:46:40,22.65,,,
27900,08/13/2023 12:49:40,22.86,,,
27901,08/13/2023 12:52:40,23.34,,,
27902,08/13/2023 12:55:40,22.61,,,
27903,08/13/2023 12:58:40,21.79,,,
27904,08/13/2023 13:01:40,21.83,,,
27905,08/13/2023 13:04:40,21.83,,,
27906,08/13/2023 13:07:40,21.36,,,
27907,08/13/2023 13:10:40,21.15,,,
27908,08/13/2023 13:13:40,21.02,,,
27909,08/13/2023 13:16:40,21.92,,,
27910,08/13/2023 13:19:40,23.42,,,
27911,08/13/2023 13:22:40,23.64,,,
27912,08/13/2023 13:25:40,23.68,,,
27913,08/13/2023 13:28:40,24.28,,,
27914,08/13/2023 13:31:40,22.95,,,
27915,08/13/2023 13:34:40,22.95,,,
27916,08/13/2023 13:37:40,23.55,,,
27917,08/13/2023 13:40:40,23.76,,,
27918,08/13/2023 13:43:40,23.68,,,
27919,08/13/2023 13:46:40,23.68,,,
27920,08/13/2023 13:49:40,22.39,,,
27921,08/13/2023 13:52:40,21.66,,,
27922,08/13/2023 13:55:40,21.49,,,
27923,08/13/2023 13:58:40,21.36,,,
27924,08/13/2023 14:01:40,21.45,,,
27925,08/13/2023 14:04:40,21.75,,,
27926,08/13/2023 14:07:40,22.05,,,
27927,08/13/2023 14:10:40,22.48,,,
27928,08/13/2023 14:13:40,22.31,,,
27929,08/13/2023 14:16:40,22.61,,,
27930,08/13/2023 14:19:40,24.11,,,
27931,08/13/2023 14:22:40,24.49,,,
27932,08/13/2023 14:25:40,24.49,,,
27933,08/13/2023 14:28:40,24.45,,,
27934,08/13/2023 14:31:40,24.84,,,
27935,08/13/2023 14:34:40,24.92,,,
27936,08/13/2023 14:37:40,24.62,,,
27937,08/13/2023 14:40:40,24.06,,,
27938,08/13/2023 14:43:40,23.72,,,
27939,08/13/2023 14:46:40,22.78,,,
27940,08/13/2023 14:49:40,22.31,,,
27941,08/13/2023 14:52:40,22.26,,,
27942,08/13/2023 14:55:40,22.26,,,
27943,08/13/2023 14:58:40,22.39,,,
27944,08/13/2023 15:01:40,23.68,,,
27945,08/13/2023 15:04:40,24.45,,,
27946,08/13/2023 15:07:40,25.39,,,
27947,08/13/2023 15:10:40,25.27,,,
27948,08/13/2023 15:13:40,24.66,,,
27949,08/13/2023 15:16:40,24.66,,,
27950,08/13/2023 15:19:40,25.52,,,
27951,08/13/2023 15:22:40,25.74,,,
27952,08/13/2023 15:25:40,25.61,,,
27953,08/13/2023 15:28:40,25.39,,,
27954,08/13/2023 15:31:40,24.54,,,
27955,08/13/2023 15:34:40,24.24,,,
27956,08/13/2023 15:37:40,24.36,,,
27957,08/13/2023 15:40:40,24.75,,,
27958,08/13/2023 15:43:40,25.14,,,
27959,08/13/2023 15:46:40,25.09,,,
27960,08/13/2023 15:49:40,25.52,,,
27961,08/13/2023 15:52:40,26.12,,,
27962,08/13/2023 15:55:40,26.21,,,
27963,08/13/2023 15:58:40,25.52,,,
27964,08/13/2023 16:01:40,25.48,,,
27965,08/13/2023 16:04:40,24.84,,,
27966,08/13/2023 16:07:40,25.31,,,
27967,08/13/2023 16:10:40,25.27,,,
27968,08/13/2023 16:13:40,25.09,,,
27969,08/13/2023 16:16:40,25.65,,,
27970,08/13/2023 16:19:40,25.09,,,
27971,08/13/2023 16:22:40,25.05,,,
27972,08/13/2023 16:25:40,25.31,,,
27973,08/13/2023 16:28:40,24.75,,,
27974,08/13/2023 16:31:40,25.35,,,
27975,08/13/2023 16:34:40,25.27,,,
27976,08/13/2023 16:37:40,25.52,,,
27977,08/13/2023 16:40:40,25.22,,,
27978,08/13/2023 16:43:40,25.44,,,
27979,08/13/2023 16:46:40,25.69,,,
27980,08/13/2023 16:49:40,25.74,,,
27981,08/13/2023 16:52:40,25.39,,,
27982,08/13/2023 16:55:40,25.31,,,
27983,08/13/2023 16:58:40,25.27,,,
27984,08/13/2023 17:01:40,25.09,,,
27985,08/13/2023 17:04:40,24.88,,,
27986,08/13/2023 17:07:40,25.22,,,
27987,08/13/2023 17:10:40,25.27,,,
27988,08/13/2023 17:13:40,25.09,,,
27989,08/13/2023 17:16:40,25.18,,,
27990,08/13/2023 17:19:40,25.27,,,
27991,08/13/2023 17:22:40,24.97,,,
27992,08/13/2023 17:25:40,24.71,,,
27993,08/13/2023 17:28:40,24.75,,,
27994,08/13/2023 17:31:40,24.62,,,
27995,08/13/2023 17:34:40,24.92,,,
27996,08/13/2023 17:37:40,24.75,,,
27997,08/13/2023 17:40:40,24.79,,,
27998,08/13/2023 17:43:40,24.62,,,
27999,08/13/2023 17:46:40,24.41,,,
28000,08/13/2023 17:49:40,24.54,,,
28001,08/13/2023 17:52:40,24.45,,,
28002,08/13/2023 17:55:40,24.32,,,
28003,08/13/2023 17:58:40,24.28,,,
28004,08/13/2023 18:01:40,24.06,,,
28005,08/13/2023 18:04:40,23.89,,,
28006,08/13/2023 18:07:40,23.68,,,
28007,08/13/2023 18:10:40,23.59,,,
28008,08/13/2023 18:13:40,23.46,,,
28009,08/13/2023 18:16:40,23.34,,,
28010,08/13/2023 18:19:40,23.34,,,
28011,08/13/2023 18:22:40,23.34,,,
28012,08/13/2023 18:25:40,23.25,,,
28013,08/13/2023 18:28:40,23.12,,,
28014,08/13/2023 18:31:40,23.08,,,
28015,08/13/2023 18:34:40,22.95,,,
28016,08/13/2023 18:37:40,22.86,,,
28017,08/13/2023 18:40:40,22.82,,,
28018,08/13/2023 18:43:40,22.69,,,
28019,08/13/2023 18:46:40,22.56,,,
28020,08/13/2023 18:49:40,22.31,,,
28021,08/13/2023 18:52:40,21.96,,,
28022,08/13/2023 18:55:40,21.32,,,
28023,08/13/2023 18:58:40,20.68,,,
28024,08/13/2023 19:01:40,20.50,,,
28025,08/13/2023 19:04:40,20.46,,,
28026,08/13/2023 19:07:40,20.16,,,
28027,08/13/2023 19:10:40,19.39,,,
28028,08/13/2023 19:13:40,18.79,,,
28029,08/13/2023 19:16:40,18.27,,,
28030,08/13/2023 19:19:40,17.89,,,
28031,08/13/2023 19:22:40,17.72,,,
28032,08/13/2023 19:25:40,17.59,,,
28033,08/13/2023 19:28:40,17.33,,,
28034,08/13/2023 19:31:40,17.16,,,
28035,08/13/2023 19:34:40,16.94,,,
28036,08/13/2023 19:37:40,16.86,,,
28037,08/13/2023 19:40:40,16.94,,,
28038,08/13/2023 19:43:40,16.90,,,
28039,08/13/2023 19:46:40,17.07,,,
28040,08/13/2023 19:49:40,16.90,,,
28041,08/13/2023 19:52:40,16.64,,,
28042,08/13/2023 19:55:40,16.43,,,
28043,08/13/2023 19:58:40,16.08,,,
28044,08/13/2023 20:01:40,15.74,,,
28045,08/13/2023 20:04:40,15.48,,,
28046,08/13/2023 20:07:40,15.23,,,
28047,08/13/2023 20:10:40,14.75,,,
28048,08/13/2023 20:13:40,14.88,,,
28049,08/13/2023 20:16:40,14.93,,,
28050,08/13/2023 20:19:40,14.54,,,
28051,08/13/2023 20:22:40,14.20,,,
28052,08/13/2023 20:25:40,14.20,,,
28053,08/13/2023 20:28:40,14.24,,,
28054,08/13/2023 20:31:40,14.03,,,
28055,08/13/2023 20:34:40,13.51,,,
28056,08/13/2023 20:37:40,13.21,,,
28057,08/13/2023 20:40:40,12.95,,,
28058,08/13/2023 20:43:40,13.21,,,
28059,08/13/2023 20:46:40,12.70,,,
28060,08/13/2023 20:49:40,12.65,,,
28061,08/13/2023 20:52:40,12.44,,,
28062,08/13/2023 20:55:40,12.40,,,
28063,08/13/2023 20:58:40,12.35,,,
28064,08/13/2023 21:01:40,12.27,,,
28065,08/13/2023 21:04:40,12.22,,,
28066,08/13/2023 21:07:40,11.97,,,
28067,08/13/2023 21:10:40,11.88,,,
28068,08/13/2023 21:13:40,11.97,,,
28069,08/13/2023 21:16:40,12.01,,,
28070,08/13/2023 21:19:40,12.14,,,
28071,08/13/2023 21:22:40,12.14,,,
28072,08/13/2023 21:25:40,12.18,,,
28073,08/13/2023 21:28:40,11.88,,,
28074,08/13/2023 21:31:40,12.14,,,
28075,08/13/2023 21:34:40,12.27,,,
28076,08/13/2023 21:37:40,11.79,,,
28077,08/13/2023 21:40:40,11.15,,,
28078,08/13/2023 21:43:40,11.02,,,
28079,08/13/2023 21:46:40,10.98,,,
28080,08/13/2023 21:49:40,10.64,,,
28081,08/13/2023 21:52:40,10.55,,,
28082,08/13/2023 21:55:40,10.51,,,
28083,08/13/2023 21:58:40,10.55,,,
28084,08/13/2023 22:01:40,10.59,,,
28085,08/13/2023 22:04:40,10.81,,,
28086,08/13/2023 22:07:40,11.07,,,
28087,08/13/2023 22:10:40,11.37,,,
28088,08/13/2023 22:13:40,11.71,,,
28089,08/13/2023 22:16:40,11.92,,,
28090,08/13/2023 22:19:40,11.67,,,
28091,08/13/2023 22:22:40,11.58,,,
28092,08/13/2023 22:25:40,11.97,,,
28093,08/13/2023 22:28:40,12.14,,,
28094,08/13/2023 22:31:40,12.18,,,
28095,08/13/2023 22:34:40,12.35,,,
28096,08/13/2023 22:37:40,12.35,,,
28097,08/13/2023 22:40:40,12.22,,,
28098,08/13/2023 22:43:40,12.01,,,
28099,08/13/2023 22:46:40,11.71,,,
28100,08/13/2023 22:49:40,11.58,,,
28101,08/13/2023 22:52:40,11.79,,,
28102,08/13/2023 22:55:40,11.88,,,
28103,08/13/2023 22:58:40,12.01,,,
28104,08/13/2023 23:01:40,12.01,,,
28105,08/13/2023 23:04:40,12.22,,,
28106,08/13/2023 23:07:40,11.58,,,
28107,08/13/2023 23:10:40,11.32,,,
28108,08/13/2023 23:13:40,11.45,,,
28109,08/13/2023 23:16:40,11.54,,,
28110,08/13/2023 23:19:40,11.32,,,
28111,08/13/2023 23:22:40,11.37,,,
28112,08/13/2023 23:25:40,11.15,,,
28113,08/13/2023 23:28:40,10.89,,,
28114,08/13/2023 23:31:40,10.64,,,
28115,08/13/2023 23:34:40,10.51,,,
28116,08/13/2023 23:37:40,10.12,,,
28117,08/13/2023 23:40:40,9.99,,,
28118,08/13/2023 23:43:40,9.78,,,
28119,08/13/2023 23:46:40,9.52,,,
28120,08/13/2023 23:49:40,9.14,,,
28121,08/13/2023 23:52:40,9.14,,,
28122,08/13/2023 23:55:40,9.31,,,
28123,08/13/2023 23:58:40,9.26,,,
28124,08/14/2023 00:01:40,8.88,,,
28125,08/14/2023 00:04:40,8.62,,,
28126,08/14/2023 00:07:40,8.58,,,
28127,08/14/2023 00:10:40,8.53,,,
28128,08/14/2023 00:13:40,8.49,,,
28129,08/14/2023 00:16:40,8.45,,,
28130,08/14/2023 00:19:40,8.19,,,
28131,08/14/2023 00:22:40,7.89,,,
28132,08/14/2023 00:25:40,7.93,,,
28133,08/14/2023 00:28:40,8.15,,,
28134,08/14/2023 00:31:40,8.28,,,
28135,08/14/2023 00:34:40,8.06,,,
28136,08/14/2023 00:37:40,8.02,,,
28137,08/14/2023 00:40:40,8.23,,,
28138,08/14/2023 00:43:40,8.15,,,
28139,08/14/2023 00:46:40,7.76,,,
28140,08/14/2023 00:49:40,7.38,,,
28141,08/14/2023 00:52:40,7.16,,,
28142,08/14/2023 00:55:40,7.12,,,
28143,08/14/2023 00:58:40,6.90,,,
28144,08/14/2023 01:01:40,6.95,,,
28145,08/14/2023 01:04:40,6.90,,,
28146,08/14/2023 01:07:40,6.99,,,
28147,08/14/2023 01:10:40,7.25,,,
28148,08/14/2023 01:13:40,7.68,,,
28149,08/14/2023 01:16:40,7.68,,,
28150,08/14/2023 01:19:40,7.76,,,
28151,08/14/2023 01:22:40,7.38,,,
28152,08/14/2023 01:25:40,7.12,,,
28153,08/14/2023 01:28:40,6.82,,,
28154,08/14/2023 01:31:40,6.65,,,
28155,08/14/2023 01:34:40,6.48,,,
28156,08/14/2023 01:37:40,6.48,,,
28157,08/14/2023 01:40:40,6.43,,,
28158,08/14/2023 01:43:40,6.52,,,
28159,08/14/2023 01:46:40,6.65,,,
28160,08/14/2023 01:49:40,6.82,,,
28161,08/14/2023 01:52:40,6.73,,,
28162,08/14/2023 01:55:40,6.86,,,
28163,08/14/2023 01:58:40,6.90,,,
28164,08/14/2023 02:01:40,6.78,,,
28165,08/14/2023 02:04:40,6.73,,,
28166,08/14/2023 02:07:40,6.56,,,
28167,08/14/2023 02:10:40,6.56,,,
28168,08/14/2023 02:13:40,6.39,,,
28169,08/14/2023 02:16:40,6.30,,,
28170,08/14/2023 02:19:40,6.43,,,
28171,08/14/2023 02:22:40,6.56,,,
28172,08/14/2023 02:25:40,6.48,,,
28173,08/14/2023 02:28:40,6.48,,,
28174,08/14/2023 02:31:40,6.35,,,
28175,08/14/2023 02:34:40,6.30,,,
28176,08/14/2023 02:37:40,6.13,,,
28177,08/14/2023 02:40:40,6.00,,,
28178,08/14/2023 02:43:40,6.00,,,
28179,08/14/2023 02:46:40,5.92,,,
28180,08/14/2023 02:49:40,5.92,,,
28181,08/14/2023 02:52:40,5.92,,,
28182,08/14/2023 02:55:40,6.13,,,
28183,08/14/2023 02:58:40,6.13,,,
28184,08/14/2023 03:01:40,6.00,,,
28185,08/14/2023 03:04:40,6.05,,,
28186,08/14/2023 03:07:40,5.92,,,
28187,08/14/2023 03:10:40,5.62,,,
28188,08/14/2023 03:13:40,5.57,,,
28189,08/14/2023 03:16:40,5.75,,,
28190,08/14/2023 03:19:40,6.00,,,
28191,08/14/2023 03:22:40,5.92,,,
28192,08/14/2023 03:25:40,5.83,,,
28193,08/14/2023 03:28:40,5.36,,,
28194,08/14/2023 03:31:40,5.19,,,
28195,08/14/2023 03:34:40,5.27,,,
28196,08/14/2023 03:37:40,5.53,,,
28197,08/14/2023 03:40:40,5.75,,,
28198,08/14/2023 03:43:40,5.79,,,
28199,08/14/2023 03:46:40,5.57,,,
28200,08/14/2023 03:49:40,5.27,,,
28201,08/14/2023 03:52:40,5.27,,,
28202,08/14/2023 03:55:40,5.27,,,
28203,08/14/2023 03:58:40,5.62,,,
28204,08/14/2023 04:01:40,5.57,,,
28205,08/14/2023 04:04:40,5.40,,,
28206,08/14/2023 04:07:40,5.06,,,
28207,08/14/2023 04:10:40,4.84,,,
28208,08/14/2023 04:13:40,4.80,,,
28209,08/14/2023 04:16:40,4.93,,,
28210,08/14/2023 04:19:40,5.19,,,
28211,08/14/2023 04:22:40,5.49,,,
28212,08/14/2023 04:25:40,5.53,,,
28213,08/14/2023 04:28:40,5.53,,,
28214,08/14/2023 04:31:40,5.40,,,
28215,08/14/2023 04:34:40,5.23,,,
28216,08/14/2023 04:37:40,5.02,,,
28217,08/14/2023 04:40:40,4.84,,,
28218,08/14/2023 04:43:40,4.67,,,
28219,08/14/2023 04:46:40,4.84,,,
28220,08/14/2023 04:49:40,4.80,,,
28221,08/14/2023 04:52:40,4.59,,,
28222,08/14/2023 04:55:40,4.67,,,
28223,08/14/2023 04:58:40,4.76,,,
28224,08/14/2023 05:01:40,4.72,,,
28225,08/14/2023 05:04:40,4.54,,,
28226,08/14/2023 05:07:40,4.67,,,
28227,08/14/2023 05:10:40,4.72,,,
28228,08/14/2023 05:13:40,4.33,,,
28229,08/14/2023 05:16:40,4.54,,,
28230,08/14/2023 05:19:40,4.89,,,
28231,08/14/2023 05:22:40,4.97,,,
28232,08/14/2023 05:25:40,4.67,,,
28233,08/14/2023 05:28:40,4.37,,,
28234,08/14/2023 05:31:40,4.03,,,
28235,08/14/2023 05:34:40,4.12,,,
28236,08/14/2023 05:37:40,4.12,,,
28237,08/14/2023 05:40:40,4.03,,,
28238,08/14/2023 05:43:40,4.03,,,
28239,08/14/2023 05:46:40,4.12,,,
28240,08/14/2023 05:49:40,4.24,,,
28241,08/14/2023 05:52:40,4.37,,,
28242,08/14/2023 05:55:40,4.20,,,
28243,08/14/2023 05:58:40,4.24,,,
28244,08/14/2023 06:01:40,4.54,,,
28245,08/14/2023 06:04:40,4.76,,,
28246,08/14/2023 06:07:40,4.84,,,
28247,08/14/2023 06:10:40,4.93,,,
28248,08/14/2023 06:13:40,4.80,,,
28249,08/14/2023 06:16:40,4.63,,,
28250,08/14/2023 06:19:40,4.54,,,
28251,08/14/2023 06:22:40,4.42,,,
28252,08/14/2023 06:25:40,4.29,,,
28253,08/14/2023 06:28:40,4.20,,,
28254,08/14/2023 06:31:40,4.03,,,
28255,08/14/2023 06:34:40,3.94,,,
28256,08/14/2023 06:37:40,4.12,,,
28257,08/14/2023 06:40:40,4.42,,,
28258,08/14/2023 06:43:40,4.72,,,
28259,08/14/2023 06:46:40,4.67,,,
28260,08/14/2023 06:49:40,4.50,,,
28261,08/14/2023 06:52:40,4.42,,,
28262,08/14/2023 06:55:40,4.24,,,
28263,08/14/2023 06:58:40,4.46,,,
28264,08/14/2023 07:01:40,4.42,,,
28265,08/14/2023 07:04:40,4.50,,,
28266,08/14/2023 07:07:40,5.36,,,
28267,08/14/2023 07:10:40,6.09,,,
28268,08/14/2023 07:13:40,6.69,,,
28269,08/14/2023 07:16:40,6.95,,,
28270,08/14/2023 07:19:40,7.25,,,
28271,08/14/2023 07:22:40,7.38,,,
28272,08/14/2023 07:25:40,7.38,,,
28273,08/14/2023 07:28:40,7.72,,,
28274,08/14/2023 07:31:40,8.32,,,
28275,08/14/2023 07:34:40,8.32,,,
28276,08/14/2023 07:37:40,8.62,,,
28277,08/14/2023 07:40:40,9.18,,,
28278,08/14/2023 07:43:40,9.61,,,
28279,08/14/2023 07:46:40,10.25,,,
28280,08/14/2023 07:49:40,10.85,,,
28281,08/14/2023 07:52:40,10.38,,,
28282,08/14/2023 07:55:40,10.55,,,
28283,08/14/2023 07:58:40,10.77,,,
28284,08/14/2023 08:01:40,10.98,,,
28285,08/14/2023 08:04:40,11.37,,,
28286,08/14/2023 08:07:40,11.67,,,
28287,08/14/2023 08:10:40,12.01,,,
28288,08/14/2023 08:13:40,12.31,,,
28289,08/14/2023 08:16:40,12.48,,,
28290,08/14/2023 08:19:40,12.91,,,
28291,08/14/2023 08:22:40,13.43,,,
28292,08/14/2023 08:25:40,13.94,,,
28293,08/14/2023 08:28:40,14.15,,,
28294,08/14/2023 08:31:40,14.11,,,
28295,08/14/2023 08:34:40,14.50,,,
28296,08/14/2023 08:37:40,14.58,,,
28297,08/14/2023 08:40:40,15.40,,,
28298,08/14/2023 08:43:40,15.27,,,
28299,08/14/2023 08:46:40,15.74,,,
28300,08/14/2023 08:49:40,16.64,,,
28301,08/14/2023 08:52:40,17.33,,,
28302,08/14/2023 08:55:40,17.84,,,
28303,08/14/2023 08:58:40,18.06,,,
28304,08/14/2023 09:01:40,18.62,,,
28305,08/14/2023 09:04:40,19.09,,,
28306,08/14/2023 09:07:40,19.00,,,
28307,08/14/2023 09:10:40,19.82,,,
28308,08/14/2023 09:13:40,20.42,,,
28309,08/14/2023 09:16:40,19.86,,,
28310,08/14/2023 09:19:40,19.52,,,
28311,08/14/2023 09:22:40,19.13,,,
28312,08/14/2023 09:25:40,19.26,,,
28313,08/14/2023 09:28:40,18.96,,,
28314,08/14/2023 09:31:40,19.39,,,
28315,08/14/2023 09:34:40,19.56,,,
28316,08/14/2023 09:37:40,21.06,,,
28317,08/14/2023 09:40:40,20.12,,,
28318,08/14/2023 09:43:40,21.53,,,
28319,08/14/2023 09:46:40,20.37,,,
28320,08/14/2023 09:49:40,21.02,,,
28321,08/14/2023 09:52:40,20.89,,,
28322,08/14/2023 09:55:40,22.56,,,
28323,08/14/2023 09:58:40,21.70,,,
28324,08/14/2023 10:01:40,21.02,,,
28325,08/14/2023 10:04:40,21.53,,,
28326,08/14/2023 10:07:40,20.85,,,
28327,08/14/2023 10:10:40,19.95,,,
28328,08/14/2023 10:13:40,20.72,,,
28329,08/14/2023 10:16:40,20.80,,,
28330,08/14/2023 10:19:40,20.37,,,
28331,08/14/2023 10:22:40,20.85,,,
28332,08/14/2023 10:25:40,20.85,,,
28333,08/14/2023 10:28:40,20.76,,,
28334,08/14/2023 10:31:40,20.89,,,
28335,08/14/2023 10:34:40,21.66,,,
28336,08/14/2023 10:37:40,21.32,,,
28337,08/14/2023 10:40:40,21.40,,,
28338,08/14/2023 10:43:40,22.69,,,
28339,08/14/2023 10:46:40,21.19,,,
28340,08/14/2023 10:49:40,21.75,,,
28341,08/14/2023 10:52:40,21.79,,,
28342,08/14/2023 10:55:40,21.45,,,
28343,08/14/2023 10:58:40,21.66,,,
28344,08/14/2023 11:01:40,22.31,,,
28345,08/14/2023 11:04:40,22.78,,,
28346,08/14/2023 11:07:40,22.31,,,
28347,08/14/2023 11:10:40,22.95,,,
28348,08/14/2023 11:13:40,22.69,,,
28349,08/14/2023 11:16:40,22.95,,,
28350,08/14/2023 11:19:40,23.46,,,
28351,08/14/2023 11:22:40,23.03,,,
28352,08/14/2023 11:25:40,22.99,,,
28353,08/14/2023 11:28:40,23.55,,,
28354,08/14/2023 11:31:40,23.55,,,
28355,08/14/2023 11:34:40,23.55,,,
28356,08/14/2023 11:37:40,24.32,,,
28357,08/14/2023 11:40:40,24.24,,,
28358,08/14/2023 11:43:40,24.28,,,
28359,08/14/2023 11:46:40,23.42,,,
28360,08/14/2023 11:49:40,23.38,,,
28361,08/14/2023 11:52:40,24.49,,,
28362,08/14/2023 11:55:40,24.06,,,
28363,08/14/2023 11:58:40,24.84,,,
28364,08/14/2023 12:01:40,24.88,,,
28365,08/14/2023 12:04:40,24.06,,,
28366,08/14/2023 12:07:40,24.36,,,
28367,08/14/2023 12:10:40,25.01,,,
28368,08/14/2023 12:13:40,25.14,,,
28369,08/14/2023 12:16:40,23.76,,,
28370,08/14/2023 12:19:40,24.71,,,
28371,08/14/2023 12:22:40,25.05,,,
28372,08/14/2023 12:25:40,24.58,,,
28373,08/14/2023 12:28:40,24.54,,,
28374,08/14/2023 12:31:40,26.04,,,
28375,08/14/2023 12:34:40,26.55,,,
28376,08/14/2023 12:37:40,25.57,,,
28377,08/14/2023 12:40:40,25.05,,,
28378,08/14/2023 12:43:40,25.22,,,
28379,08/14/2023 12:46:40,25.14,,,
28380,08/14/2023 12:49:40,25.61,,,
28381,08/14/2023 12:52:40,25.87,,,
28382,08/14/2023 12:55:40,26.72,,,
28383,08/14/2023 12:58:40,26.90,,,
28384,08/14/2023 13:01:40,26.51,,,
28385,08/14/2023 13:04:40,24.66,,,
28386,08/14/2023 13:07:40,24.24,,,
28387,08/14/2023 13:10:40,24.15,,,
28388,08/14/2023 13:13:40,25.31,,,
28389,08/14/2023 13:16:40,26.17,,,
28390,08/14/2023 13:19:40,26.12,,,
28391,08/14/2023 13:22:40,25.74,,,
28392,08/14/2023 13:25:40,25.82,,,
28393,08/14/2023 13:28:40,26.04,,,
28394,08/14/2023 13:31:40,25.95,,,
28395,08/14/2023 13:34:40,26.21,,,
28396,08/14/2023 13:37:40,27.37,,,
28397,08/14/2023 13:40:40,26.81,,,
28398,08/14/2023 13:43:40,27.07,,,
28399,08/14/2023 13:46:40,26.98,,,
28400,08/14/2023 13:49:40,26.47,,,
28401,08/14/2023 13:52:40,26.04,,,
28402,08/14/2023 13:55:40,26.25,,,
28403,08/14/2023 13:58:40,25.99,,,
28404,08/14/2023 14:01:40,26.30,,,
28405,08/14/2023 14:04:40,26.17,,,
28406,08/14/2023 14:07:40,26.34,,,
28407,08/14/2023 14:10:40,26.81,,,
28408,08/14/2023 14:13:40,26.21,,,
28409,08/14/2023 14:16:40,25.87,,,
28410,08/14/2023 14:19:40,26.68,,,
28411,08/14/2023 14:22:40,25.95,,,
28412,08/14/2023 14:25:40,26.25,,,
28413,08/14/2023 14:28:40,25.74,,,
28414,08/14/2023 14:31:40,26.38,,,
28415,08/14/2023 14:34:40,26.85,,,
28416,08/14/2023 14:37:40,26.81,,,
28417,08/14/2023 14:40:40,27.15,,,
28418,08/14/2023 14:43:40,26.51,,,
28419,08/14/2023 14:46:40,26.64,,,
28420,08/14/2023 14:49:40,26.98,,,
28421,08/14/2023 14:52:40,27.58,,,
28422,08/14/2023 14:55:40,27.75,,,
28423,08/14/2023 14:58:40,28.31,,,
28424,08/14/2023 15:01:40,27.41,,,
28425,08/14/2023 15:04:40,27.15,,,
28426,08/14/2023 15:07:40,27.28,,,
28427,08/14/2023 15:10:40,26.77,,,
28428,08/14/2023 15:13:40,26.94,,,
28429,08/14/2023 15:16:40,27.58,,,
28430,08/14/2023 15:19:40,27.54,,,
28431,08/14/2023 15:22:40,26.94,,,
28432,08/14/2023 15:25:40,26.85,,,
28433,08/14/2023 15:28:40,27.67,,,
28434,08/14/2023 15:31:40,27.28,,,
28435,08/14/2023 15:34:40,26.60,,,
28436,08/14/2023 15:37:40,26.64,,,
28437,08/14/2023 15:40:40,26.68,,,
28438,08/14/2023 15:43:40,26.42,,,
28439,08/14/2023 15:46:40,26.38,,,
28440,08/14/2023 15:49:40,26.77,,,
28441,08/14/2023 15:52:40,26.64,,,
28442,08/14/2023 15:55:40,27.24,,,
28443,08/14/2023 15:58:40,26.81,,,
28444,08/14/2023 16:01:40,27.58,,,
28445,08/14/2023 16:04:40,27.20,,,
28446,08/14/2023 16:07:40,26.51,,,
28447,08/14/2023 16:10:40,26.42,,,
28448,08/14/2023 16:13:40,26.68,,,
28449,08/14/2023 16:16:40,26.81,,,
28450,08/14/2023 16:19:40,26.77,,,
28451,08/14/2023 16:22:40,26.77,,,
28452,08/14/2023 16:25:40,26.72,,,
28453,08/14/2023 16:28:40,27.28,,,
28454,08/14/2023 16:31:40,26.90,,,
28455,08/14/2023 16:34:40,26.21,,,
28456,08/14/2023 16:37:40,25.95,,,
28457,08/14/2023 16:40:40,25.74,,,
28458,08/14/2023 16:43:40,25.65,,,
28459,08/14/2023 16:46:40,26.12,,,
28460,08/14/2023 16:49:40,26.60,,,
28461,08/14/2023 16:52:40,26.25,,,
28462,08/14/2023 16:55:40,26.12,,,
28463,08/14/2023 16:58:40,25.65,,,
28464,08/14/2023 17:01:40,25.39,,,
28465,08/14/2023 17:04:40,24.92,,,
28466,08/14/2023 17:07:40,24.58,,,
28467,08/14/2023 17:10:40,24.11,,,
28468,08/14/2023 17:13:40,23.72,,,
28469,08/14/2023 17:16:40,23.38,,,
28470,08/14/2023 17:19:40,23.08,,,
28471,08/14/2023 17:22:40,22.91,,,
28472,08/14/2023 17:25:40,22.86,,,
28473,08/14/2023 17:28:40,22.91,,,
28474,08/14/2023 17:31:40,22.91,,,
28475,08/14/2023 17:34:40,23.08,,,
28476,08/14/2023 17:37:40,22.99,,,
28477,08/14/2023 17:40:40,22.73,,,
28478,08/14/2023 17:43:40,22.86,,,
28479,08/14/2023 17:46:40,22.91,,,
28480,08/14/2023 17:49:40,22.95,,,
28481,08/14/2023 17:52:40,22.91,,,
28482,08/14/2023 17:55:40,22.95,,,
28483,08/14/2023 17:58:40,22.82,,,
28484,08/14/2023 18:01:40,22.69,,,
28485,08/14/2023 18:04:40,22.61,,,
28486,08/14/2023 18:07:40,22.61,,,
28487,08/14/2023 18:10:40,22.65,,,
28488,08/14/2023 18:13:40,22.48,,,
28489,08/14/2023 18:16:40,22.35,,,
28490,08/14/2023 18:19:40,22.31,,,
28491,08/14/2023 18:22:40,22.48,,,
28492,08/14/2023 18:25:40,22.26,,,
28493,08/14/2023 18:28:40,22.13,,,
28494,08/14/2023 18:31:40,22.48,,,
28495,08/14/2023 18:34:40,22.39,,,
28496,08/14/2023 18:37:40,22.13,,,
28497,08/14/2023 18:40:40,21.92,,,
28498,08/14/2023 18:43:40,22.05,,,
28499,08/14/2023 18:46:40,21.79,,,
28500,08/14/2023 18:49:40,21.49,,,
28501,08/14/2023 18:52:40,21.15,,,
28502,08/14/2023 18:55:40,21.02,,,
28503,08/14/2023 18:58:40,21.15,,,
28504,08/14/2023 19:01:40,21.19,,,
28505,08/14/2023 19:04:40,21.19,,,
28506,08/14/2023 19:07:40,21.06,,,
28507,08/14/2023 19:10:40,20.80,,,
28508,08/14/2023 19:13:40,20.68,,,
28509,08/14/2023 19:16:40,20.37,,,
28510,08/14/2023 19:19:40,20.07,,,
28511,08/14/2023 19:22:40,19.77,,,
28512,08/14/2023 19:25:40,19.56,,,
28513,08/14/2023 19:28:40,19.35,,,
28514,08/14/2023 19:31:40,19.17,,,
28515,08/14/2023 19:34:40,19.00,,,
28516,08/14/2023 19:37:40,18.83,,,
28517,08/14/2023 19:40:40,18.79,,,
28518,08/14/2023 19:43:40,18.57,,,
28519,08/14/2023 19:46:40,18.36,,,
28520,08/14/2023 19:49:40,18.23,,,
28521,08/14/2023 19:52:40,18.14,,,
28522,08/14/2023 19:55:40,17.97,,,
28523,08/14/2023 19:58:40,17.80,,,
28524,08/14/2023 20:01:40,17.76,,,
28525,08/14/2023 20:04:40,17.80,,,
28526,08/14/2023 20:07:40,17.63,,,
28527,08/14/2023 20:10:40,17.72,,,
28528,08/14/2023 20:13:40,17.37,,,
28529,08/14/2023 20:16:40,17.50,,,
28530,08/14/2023 20:19:40,17.50,,,
28531,08/14/2023 20:22:40,17.29,,,
28532,08/14/2023 20:25:40,17.24,,,
28533,08/14/2023 20:28:40,17.20,,,
28534,08/14/2023 20:31:40,17.37,,,
28535,08/14/2023 20:34:40,17.16,,,
28536,08/14/2023 20:37:40,16.90,,,
28537,08/14/2023 20:40:40,16.13,,,
28538,08/14/2023 20:43:40,16.17,,,
28539,08/14/2023 20:46:40,16.73,,,
28540,08/14/2023 20:49:40,16.43,,,
28541,08/14/2023 20:52:40,16.00,,,
28542,08/14/2023 20:55:40,15.61,,,
28543,08/14/2023 20:58:40,15.18,,,
28544,08/14/2023 21:01:40,14.93,,,
28545,08/14/2023 21:04:40,15.06,,,
28546,08/14/2023 21:07:40,15.14,,,
28547,08/14/2023 21:10:40,14.63,,,
28548,08/14/2023 21:13:40,14.97,,,
28549,08/14/2023 21:16:40,14.97,,,
28550,08/14/2023 21:19:40,14.63,,,
28551,08/14/2023 21:22:40,14.58,,,
28552,08/14/2023 21:25:40,14.63,,,
28553,08/14/2023 21:28:40,14.67,,,
28554,08/14/2023 21:31:40,14.11,,,
28555,08/14/2023 21:34:40,13.81,,,
28556,08/14/2023 21:37:40,13.90,,,
28557,08/14/2023 21:40:40,13.68,,,
28558,08/14/2023 21:43:40,13.77,,,
28559,08/14/2023 21:46:40,13.51,,,
28560,08/14/2023 21:49:40,13.51,,,
28561,08/14/2023 21:52:40,12.78,,,
28562,08/14/2023 21:55:40,12.44,,,
28563,08/14/2023 21:58:40,12.74,,,
28564,08/14/2023 22:01:40,12.61,,,
28565,08/14/2023 22:04:40,12.48,,,
28566,08/14/2023 22:07:40,12.48,,,
28567,08/14/2023 22:10:40,12.57,,,
28568,08/14/2023 22:13:40,12.27,,,
28569,08/14/2023 22:16:40,12.31,,,
28570,08/14/2023 22:19:40,11.97,,,
28571,08/14/2023 22:22:40,11.79,,,
28572,08/14/2023 22:25:40,11.97,,,
28573,08/14/2023 22:28:40,12.05,,,
28574,08/14/2023 22:31:40,12.14,,,
28575,08/14/2023 22:34:40,12.22,,,
28576,08/14/2023 22:37:40,12.10,,,
28577,08/14/2023 22:40:40,11.71,,,
28578,08/14/2023 22:43:40,11.15,,,
28579,08/14/2023 22:46:40,10.98,,,
28580,08/14/2023 22:49:40,10.77,,,
28581,08/14/2023 22:52:40,10.81,,,
28582,08/14/2023 22:55:40,10.51,,,
28583,08/14/2023 22:58:40,10.29,,,
28584,08/14/2023 23:01:40,10.34,,,
28585,08/14/2023 23:04:40,10.51,,,
28586,08/14/2023 23:07:40,10.12,,,
28587,08/14/2023 23:10:40,10.16,,,
28588,08/14/2023 23:13:40,10.12,,,
28589,08/14/2023 23:16:40,10.25,,,
28590,08/14/2023 23:19:40,9.69,,,
28591,08/14/2023 23:22:40,9.09,,,
28592,08/14/2023 23:25:40,8.96,,,
28593,08/14/2023 23:28:40,9.14,,,
28594,08/14/2023 23:31:40,9.22,,,
28595,08/14/2023 23:34:40,9.14,,,
28596,08/14/2023 23:37:40,9.14,,,
28597,08/14/2023 23:40:40,9.31,,,
28598,08/14/2023 23:43:40,9.48,,,
28599,08/14/2023 23:46:40,9.35,,,
28600,08/14/2023 23:49:40,9.18,,,
28601,08/14/2023 23:52:40,8.58,,,
28602,08/14/2023 23:55:40,8.19,,,
28603,08/14/2023 23:58:40,7.85,,,
28604,08/15/2023 00:01:40,8.02,,,
28605,08/15/2023 00:04:40,8.15,,,
28606,08/15/2023 00:07:40,7.81,,,
28607,08/15/2023 00:10:40,7.72,,,
28608,08/15/2023 00:13:40,7.50,,,
28609,08/15/2023 00:16:40,7.38,,,
28610,08/15/2023 00:19:40,7.33,,,
28611,08/15/2023 00:22:40,7.25,,,
28612,08/15/2023 00:25:40,7.42,,,
28613,08/15/2023 00:28:40,7.63,,,
28614,08/15/2023 00:31:40,7.76,,,
28615,08/15/2023 00:34:40,8.06,,,
28616,08/15/2023 00:37:40,7.85,,,
28617,08/15/2023 00:40:40,7.85,,,
28618,08/15/2023 00:43:40,7.59,,,
28619,08/15/2023 00:46:40,7.33,,,
28620,08/15/2023 00:49:40,7.25,,,
28621,08/15/2023 00:52:40,7.20,,,
28622,08/15/2023 00:55:40,7.63,,,
28623,08/15/2023 00:58:40,7.76,,,
28624,08/15/2023 01:01:40,7.72,,,
28625,08/15/2023 01:04:40,7.81,,,
28626,08/15/2023 01:07:40,7.46,,,
28627,08/15/2023 01:10:40,7.12,,,
28628,08/15/2023 01:13:40,6.99,,,
28629,08/15/2023 01:16:40,6.99,,,
28630,08/15/2023 01:19:40,7.08,,,
28631,08/15/2023 01:22:40,6.99,,,
28632,08/15/2023 01:25:40,6.69,,,
28633,08/15/2023 01:28:40,6.73,,,
28634,08/15/2023 01:31:40,6.56,,,
28635,08/15/2023 01:34:40,6.73,,,
28636,08/15/2023 01:37:40,6.82,,,
28637,08/15/2023 01:40:40,6.56,,,
28638,08/15/2023 01:43:40,6.73,,,
28639,08/15/2023 01:46:40,6.73,,,
28640,08/15/2023 01:49:40,6.56,,,
28641,08/15/2023 01:52:40,6.73,,,
28642,08/15/2023 01:55:40,6.90,,,
28643,08/15/2023 01:58:40,6.69,,,
28644,08/15/2023 02:01:40,6.48,,,
28645,08/15/2023 02:04:40,6.22,,,
28646,08/15/2023 02:07:40,6.39,,,
28647,08/15/2023 02:10:40,6.43,,,
28648,08/15/2023 02:13:40,6.60,,,
28649,08/15/2023 02:16:40,6.39,,,
28650,08/15/2023 02:19:40,6.22,,,
28651,08/15/2023 02:22:40,6.13,,,
28652,08/15/2023 02:25:40,5.92,,,
28653,08/15/2023 02:28:40,6.13,,,
28654,08/15/2023 02:31:40,6.48,,,
28655,08/15/2023 02:34:40,6.69,,,
28656,08/15/2023 02:37:40,6.86,,,
28657,08/15/2023 02:40:40,6.60,,,
28658,08/15/2023 02:43:40,6.52,,,
28659,08/15/2023 02:46:40,6.48,,,
28660,08/15/2023 02:49:40,6.13,,,
28661,08/15/2023 02:52:40,6.05,,,
28662,08/15/2023 02:55:40,6.05,,,
28663,08/15/2023 02:58:40,6.09,,,
28664,08/15/2023 03:01:40,5.96,,,
28665,08/15/2023 03:04:40,5.92,,,
28666,08/15/2023 03:07:40,6.00,,,
28667,08/15/2023 03:10:40,6.17,,,
28668,08/15/2023 03:13:40,6.13,,,
28669,08/15/2023 03:16:40,5.96,,,
28670,08/15/2023 03:19:40,5.66,,,
28671,08/15/2023 03:22:40,5.66,,,
28672,08/15/2023 03:25:40,5.92,,,
28673,08/15/2023 03:28:40,5.87,,,
28674,08/15/2023 03:31:40,5.75,,,
28675,08/15/2023 03:34:40,5.70,,,
28676,08/15/2023 03:37:40,5.92,,,
28677,08/15/2023 03:40:40,5.83,,,
28678,08/15/2023 03:43:40,5.92,,,
28679,08/15/2023 03:46:40,6.00,,,
28680,08/15/2023 03:49:40,6.00,,,
28681,08/15/2023 03:52:40,5.92,,,
28682,08/15/2023 03:55:40,5.96,,,
28683,08/15/2023 03:58:40,6.05,,,
28684,08/15/2023 04:01:40,6.17,,,
28685,08/15/2023 04:04:40,6.05,,,
28686,08/15/2023 04:07:40,5.92,,,
28687,08/15/2023 04:10:40,5.49,,,
28688,08/15/2023 04:13:40,5.36,,,
28689,08/15/2023 04:16:40,5.36,,,
28690,08/15/2023 04:19:40,5.27,,,
28691,08/15/2023 04:22:40,5.62,,,
28692,08/15/2023 04:25:40,5.83,,,
28693,08/15/2023 04:28:40,5.57,,,
28694,08/15/2023 04:31:40,5.36,,,
28695,08/15/2023 04:34:40,5.45,,,
28696,08/15/2023 04:37:40,5.62,,,
28697,08/15/2023 04:40:40,5.40,,,
28698,08/15/2023 04:43:40,5.27,,,
28699,08/15/2023 04:46:40,5.27,,,
28700,08/15/2023 04:49:40,5.02,,,
28701,08/15/2023 04:52:40,4.97,,,
28702,08/15/2023 04:55:40,5.06,,,
28703,08/15/2023 04:58:40,5.10,,,
28704,08/15/2023 05:01:40,5.10,,,
28705,08/15/2023 05:04:40,5.15,,,
28706,08/15/2023 05:07:40,5.40,,,
28707,08/15/2023 05:10:40,5.36,,,
28708,08/15/2023 05:13:40,5.23,,,
28709,08/15/2023 05:16:40,5.06,,,
28710,08/15/2023 05:19:40,4.97,,,
28711,08/15/2023 05:22:40,4.84,,,
28712,08/15/2023 05:25:40,4.80,,,
28713,08/15/2023 05:28:40,4.63,,,
28714,08/15/2023 05:31:40,4.76,,,
28715,08/15/2023 05:34:40,5.06,,,
28716,08/15/2023 05:37:40,5.02,,,
28717,08/15/2023 05:40:40,4.93,,,
28718,08/15/2023 05:43:40,4.76,,,
28719,08/15/2023 05:46:40,4.63,,,
28720,08/15/2023 05:49:40,4.72,,,
28721,08/15/2023 05:52:40,4.72,,,
28722,08/15/2023 05:55:40,4.72,,,
28723,08/15/2023 05:58:40,4.67,,,
28724,08/15/2023 06:01:40,4.67,,,
28725,08/15/2023 06:04:40,5.15,,,
28726,08/15/2023 06:07:40,5.49,,,
28727,08/15/2023 06:10:40,5.62,,,
28728,08/15/2023 06:13:40,5.10,,,
28729,08/15/2023 06:16:40,4.84,,,
28730,08/15/2023 06:19:40,4.76,,,
28731,08/15/2023 06:22:40,4.89,,,
28732,08/15/2023 06:25:40,4.89,,,
28733,08/15/2023 06:28:40,5.02,,,
28734,08/15/2023 06:31:40,5.19,,,
28735,08/15/2023 06:34:40,5.45,,,
28736,08/15/2023 06:37:40,5.36,,,
28737,08/15/2023 06:40:40,5.10,,,
28738,08/15/2023 06:43:40,4.89,,,
28739,08/15/2023 06:46:40,4.89,,,
28740,08/15/2023 06:49:40,4.93,,,
28741,08/15/2023 06:52:40,4.72,,,
28742,08/15/2023 06:55:40,4.72,,,
28743,08/15/2023 06:58:40,4.76,,,
28744,08/15/2023 07:01:40,4.72,,,
28745,08/15/2023 07:04:40,4.93,,,
28746,08/15/2023 07:07:40,5.70,,,
28747,08/15/2023 07:10:40,6.26,,,
28748,08/15/2023 07:13:40,6.69,,,
28749,08/15/2023 07:16:40,7.33,,,
28750,08/15/2023 07:19:40,7.63,,,
28751,08/15/2023 07:22:40,7.63,,,
28752,08/15/2023 07:25:40,8.02,,,
28753,08/15/2023 07:28:40,8.36,,,
28754,08/15/2023 07:31:40,9.05,,,
28755,08/15/2023 07:34:40,9.78,,,
28756,08/15/2023 07:37:40,9.95,,,
28757,08/15/2023 07:40:40,10.29,,,
28758,08/15/2023 07:43:40,10.64,,,
28759,08/15/2023 07:46:40,10.34,,,
28760,08/15/2023 07:49:40,9.99,,,
28761,08/15/2023 07:52:40,10.46,,,
28762,08/15/2023 07:55:40,10.77,,,
28763,08/15/2023 07:58:40,10.94,,,
28764,08/15/2023 08:01:40,11.37,,,
28765,08/15/2023 08:04:40,12.10,,,
28766,08/15/2023 08:07:40,12.40,,,
28767,08/15/2023 08:10:40,12.91,,,
28768,08/15/2023 08:13:40,13.43,,,
28769,08/15/2023 08:16:40,14.33,,,
28770,08/15/2023 08:19:40,15.53,,,
28771,08/15/2023 08:22:40,14.80,,,
28772,08/15/2023 08:25:40,14.37,,,
28773,08/15/2023 08:28:40,16.17,,,
28774,08/15/2023 08:31:40,17.89,,,
28775,08/15/2023 08:34:40,16.51,,,
28776,08/15/2023 08:37:40,15.66,,,
28777,08/15/2023 08:40:40,15.14,,,
28778,08/15/2023 08:43:40,14.80,,,
28779,08/15/2023 08:46:40,14.45,,,
28780,08/15/2023 08:49:40,14.67,,,
28781,08/15/2023 08:52:40,14.97,,,
28782,08/15/2023 08:55:40,15.06,,,
28783,08/15/2023 08:58:40,15.70,,,
28784,08/15/2023 09:01:40,15.36,,,
28785,08/15/2023 09:04:40,15.78,,,
28786,08/15/2023 09:07:40,15.87,,,
28787,08/15/2023 09:10:40,15.91,,,
28788,08/15/2023 09:13:40,16.13,,,
28789,08/15/2023 09:16:40,16.17,,,
28790,08/15/2023 09:19:40,16.60,,,
28791,08/15/2023 09:22:40,16.94,,,
28792,08/15/2023 09:25:40,17.11,,,
28793,08/15/2023 09:28:40,17.24,,,
28794,08/15/2023 09:31:40,17.50,,,
28795,08/15/2023 09:34:40,17.80,,,
28796,08/15/2023 09:37:40,17.59,,,
28797,08/15/2023 09:40:40,17.84,,,
28798,08/15/2023 09:43:40,18.36,,,
28799,08/15/2023 09:46:40,18.32,,,
28800,08/15/2023 09:49:40,18.27,,,
28801,08/15/2023 09:52:40,18.40,,,
28802,08/15/2023 09:55:40,18.83,,,
28803,08/15/2023 09:58:40,18.66,,,
28804,08/15/2023 10:01:40,18.96,,,
28805,08/15/2023 10:04:40,19.60,,,
28806,08/15/2023 10:07:40,20.20,,,
28807,08/15/2023 10:10:40,19.95,,,
28808,08/15/2023 10:13:40,19.43,,,
28809,08/15/2023 10:16:40,19.26,,,
28810,08/15/2023 10:19:40,19.30,,,
28811,08/15/2023 10:22:40,19.69,,,
28812,08/15/2023 10:25:40,19.47,,,
28813,08/15/2023 10:28:40,19.35,,,
28814,08/15/2023 10:31:40,19.22,,,
28815,08/15/2023 10:34:40,19.60,,,
28816,08/15/2023 10:37:40,19.47,,,
28817,08/15/2023 10:40:40,19.73,,,
28818,08/15/2023 10:43:40,20.42,,,
28819,08/15/2023 10:46:40,20.76,,,
28820,08/15/2023 10:49:40,20.59,,,
28821,08/15/2023 10:52:40,20.29,,,
28822,08/15/2023 10:55:40,21.15,,,
28823,08/15/2023 10:58:40,20.63,,,
28824,08/15/2023 11:01:40,21.32,,,
28825,08/15/2023 11:04:40,21.53,,,
28826,08/15/2023 11:07:40,22.01,,,
28827,08/15/2023 11:10:40,21.53,,,
28828,08/15/2023 11:13:40,22.22,,,
28829,08/15/2023 11:16:40,22.95,,,
28830,08/15/2023 11:19:40,23.08,,,
28831,08/15/2023 11:22:40,23.08,,,
28832,08/15/2023 11:25:40,22.95,,,
28833,08/15/2023 11:28:40,22.69,,,
28834,08/15/2023 11:31:40,22.43,,,
28835,08/15/2023 11:34:40,22.52,,,
28836,08/15/2023 11:37:40,22.43,,,
28837,08/15/2023 11:40:40,23.42,,,
28838,08/15/2023 11:43:40,23.46,,,
28839,08/15/2023 11:46:40,23.29,,,
28840,08/15/2023 11:49:40,22.99,,,
28841,08/15/2023 11:52:40,23.12,,,
28842,08/15/2023 11:55:40,23.46,,,
28843,08/15/2023 11:58:40,23.08,,,
28844,08/15/2023 12:01:40,23.12,,,
28845,08/15/2023 12:04:40,23.68,,,
28846,08/15/2023 12:07:40,23.94,,,
28847,08/15/2023 12:10:40,24.24,,,
28848,08/15/2023 12:13:40,24.19,,,
28849,08/15/2023 12:16:40,24.28,,,
28850,08/15/2023 12:19:40,24.71,,,
28851,08/15/2023 12:22:40,24.54,,,
28852,08/15/2023 12:25:40,25.18,,,
28853,08/15/2023 12:28:40,25.44,,,
28854,08/15/2023 12:31:40,26.72,,,
28855,08/15/2023 12:34:40,26.94,,,
28856,08/15/2023 12:37:40,27.07,,,
28857,08/15/2023 12:40:40,27.28,,,
28858,08/15/2023 12:43:40,26.81,,,
28859,08/15/2023 12:46:40,26.98,,,
28860,08/15/2023 12:49:40,26.21,,,
28861,08/15/2023 12:52:40,26.21,,,
28862,08/15/2023 12:55:40,26.12,,,
28863,08/15/2023 12:58:40,26.17,,,
28864,08/15/2023 13:01:40,27.07,,,
28865,08/15/2023 13:04:40,26.81,,,
28866,08/15/2023 13:07:40,26.81,,,
28867,08/15/2023 13:10:40,26.98,,,
28868,08/15/2023 13:13:40,27.88,,,
28869,08/15/2023 13:16:40,28.05,,,
28870,08/15/2023 13:19:40,27.37,,,
28871,08/15/2023 13:22:40,27.15,,,
28872,08/15/2023 13:25:40,26.68,,,
28873,08/15/2023 13:28:40,26.60,,,
28874,08/15/2023 13:31:40,27.02,,,
28875,08/15/2023 13:34:40,27.54,,,
28876,08/15/2023 13:37:40,27.02,,,
28877,08/15/2023 13:40:40,27.24,,,
28878,08/15/2023 13:43:40,27.41,,,
28879,08/15/2023 13:46:40,27.28,,,
28880,08/15/2023 13:49:40,27.11,,,
28881,08/15/2023 13:52:40,26.90,,,
28882,08/15/2023 13:55:40,27.41,,,
28883,08/15/2023 13:58:40,26.94,,,
28884,08/15/2023 14:01:40,27.88,,,
28885,08/15/2023 14:04:40,27.63,,,
28886,08/15/2023 14:07:40,28.48,,,
28887,08/15/2023 14:10:40,28.65,,,
28888,08/15/2023 14:13:40,28.40,,,
28889,08/15/2023 14:16:40,28.95,,,
28890,08/15/2023 14:19:40,28.53,,,
28891,08/15/2023 14:22:40,27.88,,,
28892,08/15/2023 14:25:40,27.28,,,
28893,08/15/2023 14:28:40,28.14,,,
28894,08/15/2023 14:31:40,28.57,,,
28895,08/15/2023 14:34:40,28.05,,,
28896,08/15/2023 14:37:40,27.88,,,
28897,08/15/2023 14:40:40,28.31,,,
28898,08/15/2023 14:43:40,28.53,,,
28899,08/15/2023 14:46:40,29.26,,,
28900,08/15/2023 14:49:40,28.10,,,
28901,08/15/2023 14:52:40,28.48,,,
28902,08/15/2023 14:55:40,29.17,,,
28903,08/15/2023 14:58:40,28.48,,,
28904,08/15/2023 15:01:40,28.27,,,
28905,08/15/2023 15:04:40,28.87,,,
28906,08/15/2023 15:07:40,28.87,,,
28907,08/15/2023 15:10:40,28.65,,,
28908,08/15/2023 15:13:40,28.87,,,
28909,08/15/2023 15:16:40,27.93,,,
28910,08/15/2023 15:19:40,28.10,,,
28911,08/15/2023 15:22:40,28.91,,,
28912,08/15/2023 15:25:40,28.70,,,
28913,08/15/2023 15:28:40,26.98,,,
28914,08/15/2023 15:31:40,25.99,,,
28915,08/15/2023 15:34:40,26.38,,,
28916,08/15/2023 15:37:40,27.32,,,
28917,08/15/2023 15:40:40,28.87,,,
28918,08/15/2023 15:43:40,29.51,,,
28919,08/15/2023 15:46:40,27.67,,,
28920,08/15/2023 15:49:40,26.90,,,
28921,08/15/2023 15:52:40,27.02,,,
28922,08/15/2023 15:55:40,26.72,,,
28923,08/15/2023 15:58:40,26.38,,,
28924,08/15/2023 16:01:40,26.30,,,
28925,08/15/2023 16:04:40,26.08,,,
28926,08/15/2023 16:07:40,26.94,,,
28927,08/15/2023 16:10:40,27.75,,,
28928,08/15/2023 16:13:40,27.20,,,
28929,08/15/2023 16:16:40,26.98,,,
28930,08/15/2023 16:19:40,26.25,,,
28931,08/15/2023 16:22:40,25.01,,,
28932,08/15/2023 16:25:40,24.79,,,
28933,08/15/2023 16:28:40,25.22,,,
28934,08/15/2023 16:31:40,26.25,,,
28935,08/15/2023 16:34:40,27.11,,,
28936,08/15/2023 16:37:40,27.84,,,
28937,08/15/2023 16:40:40,28.53,,,
28938,08/15/2023 16:43:40,29.00,,,
28939,08/15/2023 16:46:40,28.27,,,
28940,08/15/2023 16:49:40,27.88,,,
28941,08/15/2023 16:52:40,28.40,,,
28942,08/15/2023 16:55:40,28.48,,,
28943,08/15/2023 16:58:40,27.97,,,
28944,08/15/2023 17:01:40,27.75,,,
28945,08/15/2023 17:04:40,27.20,,,
28946,08/15/2023 17:07:40,27.15,,,
28947,08/15/2023 17:10:40,27.07,,,
28948,08/15/2023 17:13:40,27.24,,,
28949,08/15/2023 17:16:40,26.60,,,
28950,08/15/2023 17:19:40,26.51,,,
28951,08/15/2023 17:22:40,26.47,,,
28952,08/15/2023 17:25:40,26.12,,,
28953,08/15/2023 17:28:40,25.99,,,
28954,08/15/2023 17:31:40,25.09,,,
28955,08/15/2023 17:34:40,24.45,,,
28956,08/15/2023 17:37:40,24.41,,,
28957,08/15/2023 17:40:40,24.58,,,
28958,08/15/2023 17:43:40,25.22,,,
28959,08/15/2023 17:46:40,25.27,,,
28960,08/15/2023 17:49:40,24.79,,,
28961,08/15/2023 17:52:40,24.58,,,
28962,08/15/2023 17:55:40,24.66,,,
28963,08/15/2023 17:58:40,24.41,,,
28964,08/15/2023 18:01:40,24.58,,,
28965,08/15/2023 18:04:40,24.79,,,
28966,08/15/2023 18:07:40,24.84,,,
28967,08/15/2023 18:10:40,24.66,,,
28968,08/15/2023 18:13:40,24.54,,,
28969,08/15/2023 18:16:40,24.49,,,
28970,08/15/2023 18:19:40,24.41,,,
28971,08/15/2023 18:22:40,24.36,,,
28972,08/15/2023 18:25:40,24.19,,,
28973,08/15/2023 18:28:40,24.11,,,
28974,08/15/2023 18:31:40,24.06,,,
28975,08/15/2023 18:34:40,23.89,,,
28976,08/15/2023 18:37:40,23.81,,,
28977,08/15/2023 18:40:40,23.76,,,
28978,08/15/2023 18:43:40,23.55,,,
28979,08/15/2023 18:46:40,23.51,,,
28980,08/15/2023 18:49:40,23.46,,,
28981,08/15/2023 18:52:40,23.46,,,
28982,08/15/2023 18:55:40,23.21,,,
28983,08/15/2023 18:58:40,23.21,,,
28984,08/15/2023 19:01:40,22.91,,,
28985,08/15/2023 19:04:40,22.78,,,
28986,08/15/2023 19:07:40,22.69,,,
28987,08/15/2023 19:10:40,22.61,,,
28988,08/15/2023 19:13:40,22.35,,,
28989,08/15/2023 19:16:40,22.18,,,
28990,08/15/2023 19:19:40,22.22,,,
28991,08/15/2023 19:22:40,21.88,,,
28992,08/15/2023 19:25:40,21.62,,,
28993,08/15/2023 19:28:40,21.62,,,
28994,08/15/2023 19:31:40,21.40,,,
28995,08/15/2023 19:34:40,21.28,,,
28996,08/15/2023 19:37:40,21.19,,,
28997,08/15/2023 19:40:40,21.19,,,
28998,08/15/2023 19:43:40,21.06,,,
28999,08/15/2023 19:46:40,20.63,,,
29000,08/15/2023 19:49:40,21.28,,,
29001,08/15/2023 19:52:40,21.62,,,
29002,08/15/2023 19:55:40,21.28,,,
29003,08/15/2023 19:58:40,20.76,,,
29004,08/15/2023 20:01:40,20.37,,,
29005,08/15/2023 20:04:40,19.73,,,
29006,08/15/2023 20:07:40,19.65,,,
29007,08/15/2023 20:10:40,19.35,,,
29008,08/15/2023 20:13:40,19.43,,,
29009,08/15/2023 20:16:40,19.13,,,
29010,08/15/2023 20:19:40,18.83,,,
29011,08/15/2023 20:22:40,18.70,,,
29012,08/15/2023 20:25:40,18.53,,,
29013,08/15/2023 20:28:40,18.36,,,
29014,08/15/2023 20:31:40,18.02,,,
29015,08/15/2023 20:34:40,17.72,,,
29016,08/15/2023 20:37:40,17.41,,,
29017,08/15/2023 20:40:40,17.33,,,
29018,08/15/2023 20:43:40,17.50,,,
29019,08/15/2023 20:46:40,17.63,,,
29020,08/15/2023 20:49:40,17.50,,,
29021,08/15/2023 20:52:40,17.72,,,
29022,08/15/2023 20:55:40,17.07,,,
29023,08/15/2023 20:58:40,16.73,,,
29024,08/15/2023 21:01:40,16.94,,,
29025,08/15/2023 21:04:40,16.73,,,
29026,08/15/2023 21:07:40,16.56,,,
29027,08/15/2023 21:10:40,16.39,,,
29028,08/15/2023 21:13:40,16.26,,,
29029,08/15/2023 21:16:40,16.51,,,
29030,08/15/2023 21:19:40,16.43,,,
29031,08/15/2023 21:22:40,16.73,,,
29032,08/15/2023 21:25:40,16.86,,,
29033,08/15/2023 21:28:40,16.43,,,
29034,08/15/2023 21:31:40,16.04,,,
29035,08/15/2023 21:34:40,15.66,,,
29036,08/15/2023 21:37:40,15.78,,,
29037,08/15/2023 21:40:40,15.96,,,
29038,08/15/2023 21:43:40,15.78,,,
29039,08/15/2023 21:46:40,15.44,,,
29040,08/15/2023 21:49:40,15.18,,,
29041,08/15/2023 21:52:40,14.58,,,
29042,08/15/2023 21:55:40,14.15,,,
29043,08/15/2023 21:58:40,14.24,,,
29044,08/15/2023 22:01:40,13.98,,,
29045,08/15/2023 22:04:40,13.51,,,
29046,08/15/2023 22:07:40,13.25,,,
29047,08/15/2023 22:10:40,13.17,,,
29048,08/15/2023 22:13:40,13.00,,,
29049,08/15/2023 22:16:40,12.82,,,
29050,08/15/2023 22:19:40,12.82,,,
29051,08/15/2023 22:22:40,12.91,,,
29052,08/15/2023 22:25:40,12.95,,,
29053,08/15/2023 22:28:40,13.60,,,
29054,08/15/2023 22:31:40,14.20,,,
29055,08/15/2023 22:34:40,13.38,,,
29056,08/15/2023 22:37:40,12.82,,,
29057,08/15/2023 22:40:40,13.12,,,
29058,08/15/2023 22:43:40,13.43,,,
29059,08/15/2023 22:46:40,12.82,,,
29060,08/15/2023 22:49:40,12.87,,,
29061,08/15/2023 22:52:40,12.61,,,
29062,08/15/2023 22:55:40,12.48,,,
29063,08/15/2023 22:58:40,12.52,,,
29064,08/15/2023 23:01:40,12.57,,,
29065,08/15/2023 23:04:40,12.70,,,
29066,08/15/2023 23:07:40,12.61,,,
29067,08/15/2023 23:10:40,12.78,,,
29068,08/15/2023 23:13:40,12.40,,,
29069,08/15/2023 23:16:40,12.14,,,
29070,08/15/2023 23:19:40,11.75,,,
29071,08/15/2023 23:22:40,11.75,,,
29072,08/15/2023 23:25:40,11.75,,,
29073,08/15/2023 23:28:40,11.54,,,
29074,08/15/2023 23:31:40,11.54,,,
29075,08/15/2023 23:34:40,11.41,,,
29076,08/15/2023 23:37:40,11.37,,,
29077,08/15/2023 23:40:40,11.19,,,
29078,08/15/2023 23:43:40,10.81,,,
29079,08/15/2023 23:46:40,10.98,,,
29080,08/15/2023 23:49:40,11.02,,,
29081,08/15/2023 23:52:40,10.77,,,
29082,08/15/2023 23:55:40,10.64,,,
29083,08/15/2023 23:58:40,10.51,,,
29084,08/16/2023 00:01:40,10.08,,,
29085,08/16/2023 00:04:40,9.95,,,
29086,08/16/2023 00:07:40,9.82,,,
29087,08/16/2023 00:10:40,9.86,,,
29088,08/16/2023 00:13:40,9.91,,,
29089,08/16/2023 00:16:40,9.99,,,
29090,08/16/2023 00:19:40,9.95,,,
29091,08/16/2023 00:22:40,9.74,,,
29092,08/16/2023 00:25:40,9.44,,,
29093,08/16/2023 00:28:40,8.96,,,
29094,08/16/2023 00:31:40,8.49,,,
29095,08/16/2023 00:34:40,8.32,,,
29096,08/16/2023 00:37:40,8.28,,,
29097,08/16/2023 00:40:40,8.32,,,
29098,08/16/2023 00:43:40,8.23,,,
29099,08/16/2023 00:46:40,8.41,,,
29100,08/16/2023 00:49:40,8.45,,,
29101,08/16/2023 00:52:40,8.45,,,
29102,08/16/2023 00:55:40,8.15,,,
29103,08/16/2023 00:58:40,7.76,,,
29104,08/16/2023 01:01:40,7.85,,,
29105,08/16/2023 01:04:40,8.23,,,
29106,08/16/2023 01:07:40,8.23,,,
29107,08/16/2023 01:10:40,7.85,,,
29108,08/16/2023 01:13:40,7.46,,,
29109,08/16/2023 01:16:40,7.38,,,
29110,08/16/2023 01:19:40,7.38,,,
29111,08/16/2023 01:22:40,7.42,,,
29112,08/16/2023 01:25:40,7.46,,,
29113,08/16/2023 01:28:40,7.55,,,
29114,08/16/2023 01:31:40,7.89,,,
29115,08/16/2023 01:34:40,7.98,,,
29116,08/16/2023 01:37:40,7.76,,,
29117,08/16/2023 01:40:40,7.76,,,
29118,08/16/2023 01:43:40,7.72,,,
29119,08/16/2023 01:46:40,7.81,,,
29120,08/16/2023 01:49:40,7.72,,,
29121,08/16/2023 01:52:40,7.55,,,
29122,08/16/2023 01:55:40,7.42,,,
29123,08/16/2023 01:58:40,7.12,,,
29124,08/16/2023 02:01:40,7.42,,,
29125,08/16/2023 02:04:40,7.16,,,
29126,08/16/2023 02:07:40,6.99,,,
29127,08/16/2023 02:10:40,6.86,,,
29128,08/16/2023 02:13:40,6.82,,,
29129,08/16/2023 02:16:40,6.73,,,
29130,08/16/2023 02:19:40,6.65,,,
29131,08/16/2023 02:22:40,6.73,,,
29132,08/16/2023 02:25:40,6.73,,,
29133,08/16/2023 02:28:40,6.69,,,
29134,08/16/2023 02:31:40,6.52,,,
29135,08/16/2023 02:34:40,6.56,,,
29136,08/16/2023 02:37:40,6.52,,,
29137,08/16/2023 02:40:40,6.65,,,
29138,08/16/2023 02:43:40,6.78,,,
29139,08/16/2023 02:46:40,6.48,,,
29140,08/16/2023 02:49:40,6.30,,,
29141,08/16/2023 02:52:40,6.13,,,
29142,08/16/2023 02:55:40,6.35,,,
29143,08/16/2023 02:58:40,6.13,,,
29144,08/16/2023 03:01:40,5.92,,,
29145,08/16/2023 03:04:40,6.17,,,
29146,08/16/2023 03:07:40,5.96,,,
29147,08/16/2023 03:10:40,5.87,,,
29148,08/16/2023 03:13:40,6.00,,,
29149,08/16/2023 03:16:40,6.17,,,
29150,08/16/2023 03:19:40,6.22,,,
29151,08/16/2023 03:22:40,6.26,,,
29152,08/16/2023 03:25:40,6.35,,,
29153,08/16/2023 03:28:40,6.43,,,
29154,08/16/2023 03:31:40,6.56,,,
29155,08/16/2023 03:34:40,6.65,,,
29156,08/16/2023 03:37:40,6.39,,,
29157,08/16/2023 03:40:40,6.05,,,
29158,08/16/2023 03:43:40,5.96,,,
29159,08/16/2023 03:46:40,5.75,,,
29160,08/16/2023 03:49:40,5.53,,,
29161,08/16/2023 03:52:40,5.57,,,
29162,08/16/2023 03:55:40,5.70,,,
29163,08/16/2023 03:58:40,5.57,,,
29164,08/16/2023 04:01:40,5.62,,,
29165,08/16/2023 04:04:40,5.96,,,
29166,08/16/2023 04:07:40,6.05,,,
29167,08/16/2023 04:10:40,6.09,,,
29168,08/16/2023 04:13:40,5.92,,,
29169,08/16/2023 04:16:40,5.53,,,
29170,08/16/2023 04:19:40,5.32,,,
29171,08/16/2023 04:22:40,5.23,,,
29172,08/16/2023 04:25:40,5.23,,,
29173,08/16/2023 04:28:40,5.15,,,
29174,08/16/2023 04:31:40,5.40,,,
29175,08/16/2023 04:34:40,5.49,,,
29176,08/16/2023 04:37:40,5.49,,,
29177,08/16/2023 04:40:40,5.45,,,
29178,08/16/2023 04:43:40,5.45,,,
29179,08/16/2023 04:46:40,5.32,,,
29180,08/16/2023 04:49:40,5.36,,,
29181,08/16/2023 04:52:40,5.27,,,
29182,08/16/2023 04:55:40,5.36,,,
29183,08/16/2023 04:58:40,5.36,,,
29184,08/16/2023 05:01:40,5.53,,,
29185,08/16/2023 05:04:40,5.40,,,
29186,08/16/2023 05:07:40,5.27,,,
29187,08/16/2023 05:10:40,5.23,,,
29188,08/16/2023 05:13:40,5.32,,,
29189,08/16/2023 05:16:40,5.19,,,
29190,08/16/2023 05:19:40,5.32,,,
29191,08/16/2023 05:22:40,5.15,,,
29192,08/16/2023 05:25:40,4.97,,,
29193,08/16/2023 05:28:40,4.97,,,
29194,08/16/2023 05:31:40,5.15,,,
29195,08/16/2023 05:34:40,5.15,,,
29196,08/16/2023 05:37:40,5.06,,,
29197,08/16/2023 05:40:40,4.84,,,
29198,08/16/2023 05:43:40,4.84,,,
29199,08/16/2023 05:46:40,4.93,,,
29200,08/16/2023 05:49:40,4.80,,,
29201,08/16/2023 05:52:40,4.84,,,
29202,08/16/2023 05:55:40,4.93,,,
29203,08/16/2023 05:58:40,4.84,,,
29204,08/16/2023 06:01:40,5.02,,,
29205,08/16/2023 06:04:40,5.10,,,
29206,08/16/2023 06:07:40,4.97,,,
29207,08/16/2023 06:10:40,4.76,,,
29208,08/16/2023 06:13:40,4.76,,,
29209,08/16/2023 06:16:40,4.67,,,
29210,08/16/2023 06:19:40,4.76,,,
29211,08/16/2023 06:22:40,4.84,,,
29212,08/16/2023 06:25:40,5.10,,,
29213,08/16/2023 06:28:40,5.27,,,
29214,08/16/2023 06:31:40,5.45,,,
29215,08/16/2023 06:34:40,5.66,,,
29216,08/16/2023 06:37:40,5.70,,,
29217,08/16/2023 06:40:40,5.83,,,
29218,08/16/2023 06:43:40,5.62,,,
29219,08/16/2023 06:46:40,5.32,,,
29220,08/16/2023 06:49:40,5.06,,,
29221,08/16/2023 06:52:40,5.02,,,
29222,08/16/2023 06:55:40,4.97,,,
29223,08/16/2023 06:58:40,5.06,,,
29224,08/16/2023 07:01:40,4.89,,,
29225,08/16/2023 07:04:40,4.89,,,
29226,08/16/2023 07:07:40,5.45,,,
29227,08/16/2023 07:10:40,6.17,,,
29228,08/16/2023 07:13:40,6.60,,,
29229,08/16/2023 07:16:40,7.20,,,
29230,08/16/2023 07:19:40,7.76,,,
29231,08/16/2023 07:22:40,8.45,,,
29232,08/16/2023 07:25:40,8.79,,,
29233,08/16/2023 07:28:40,8.75,,,
29234,08/16/2023 07:31:40,8.75,,,
29235,08/16/2023 07:34:40,8.79,,,
29236,08/16/2023 07:37:40,9.22,,,
29237,08/16/2023 07:40:40,9.69,,,
29238,08/16/2023 07:43:40,9.82,,,
29239,08/16/2023 07:46:40,10.04,,,
29240,08/16/2023 07:49:40,10.42,,,
29241,08/16/2023 07:52:40,10.85,,,
29242,08/16/2023 07:55:40,11.15,,,
29243,08/16/2023 07:58:40,11.37,,,
29244,08/16/2023 08:01:40,11.45,,,
29245,08/16/2023 08:04:40,11.79,,,
29246,08/16/2023 08:07:40,12.22,,,
29247,08/16/2023 08:10:40,12.70,,,
29248,08/16/2023 08:13:40,13.12,,,
29249,08/16/2023 08:16:40,13.90,,,
29250,08/16/2023 08:19:40,14.54,,,
29251,08/16/2023 08:22:40,14.97,,,
29252,08/16/2023 08:25:40,15.87,,,
29253,08/16/2023 08:28:40,16.73,,,
29254,08/16/2023 08:31:40,18.06,,,
29255,08/16/2023 08:34:40,19.22,,,
29256,08/16/2023 08:37:40,17.03,,,
29257,08/16/2023 08:40:40,17.16,,,
29258,08/16/2023 08:43:40,17.54,,,
29259,08/16/2023 08:46:40,17.33,,,
29260,08/16/2023 08:49:40,16.77,,,
29261,08/16/2023 08:52:40,16.39,,,
29262,08/16/2023 08:55:40,16.99,,,
29263,08/16/2023 08:58:40,17.03,,,
29264,08/16/2023 09:01:40,17.37,,,
29265,08/16/2023 09:04:40,17.89,,,
29266,08/16/2023 09:07:40,18.53,,,
29267,08/16/2023 09:10:40,18.32,,,
29268,08/16/2023 09:13:40,19.47,,,
29269,08/16/2023 09:16:40,19.13,,,
29270,08/16/2023 09:19:40,19.95,,,
29271,08/16/2023 09:22:40,21.53,,,
29272,08/16/2023 09:25:40,21.28,,,
29273,08/16/2023 09:28:40,20.12,,,
29274,08/16/2023 09:31:40,20.98,,,
29275,08/16/2023 09:34:40,21.45,,,
29276,08/16/2023 09:37:40,20.72,,,
29277,08/16/2023 09:40:40,20.07,,,
29278,08/16/2023 09:43:40,19.47,,,
29279,08/16/2023 09:46:40,20.76,,,
29280,08/16/2023 09:49:40,20.63,,,
29281,08/16/2023 09:52:40,19.90,,,
29282,08/16/2023 09:55:40,20.50,,,
29283,08/16/2023 09:58:40,20.12,,,
29284,08/16/2023 10:01:40,19.95,,,
29285,08/16/2023 10:04:40,19.99,,,
29286,08/16/2023 10:07:40,20.33,,,
29287,08/16/2023 10:10:40,20.33,,,
29288,08/16/2023 10:13:40,20.76,,,
29289,08/16/2023 10:16:40,20.85,,,
29290,08/16/2023 10:19:40,21.02,,,
29291,08/16/2023 10:22:40,20.50,,,
29292,08/16/2023 10:25:40,20.85,,,
29293,08/16/2023 10:28:40,20.68,,,
29294,08/16/2023 10:31:40,20.98,,,
29295,08/16/2023 10:34:40,21.32,,,
29296,08/16/2023 10:37:40,21.92,,,
29297,08/16/2023 10:40:40,21.70,,,
29298,08/16/2023 10:43:40,21.15,,,
29299,08/16/2023 10:46:40,21.45,,,
29300,08/16/2023 10:49:40,21.58,,,
29301,08/16/2023 10:52:40,21.40,,,
29302,08/16/2023 10:55:40,21.23,,,
29303,08/16/2023 10:58:40,21.36,,,
29304,08/16/2023 11:01:40,21.70,,,
29305,08/16/2023 11:04:40,21.02,,,
29306,08/16/2023 11:07:40,21.53,,,
29307,08/16/2023 11:10:40,20.63,,,
29308,08/16/2023 11:13:40,21.70,,,
29309,08/16/2023 11:16:40,21.53,,,
29310,08/16/2023 11:19:40,21.66,,,
29311,08/16/2023 11:22:40,21.45,,,
29312,08/16/2023 11:25:40,21.06,,,
29313,08/16/2023 11:28:40,21.15,,,
29314,08/16/2023 11:31:40,22.01,,,
29315,08/16/2023 11:34:40,23.29,,,
29316,08/16/2023 11:37:40,24.15,,,
29317,08/16/2023 11:40:40,24.06,,,
29318,08/16/2023 11:43:40,24.06,,,
29319,08/16/2023 11:46:40,24.28,,,
29320,08/16/2023 11:49:40,24.06,,,
29321,08/16/2023 11:52:40,24.06,,,
29322,08/16/2023 11:55:40,24.11,,,
29323,08/16/2023 11:58:40,24.02,,,
29324,08/16/2023 12:01:40,24.71,,,
29325,08/16/2023 12:04:40,24.79,,,
29326,08/16/2023 12:07:40,24.49,,,
29327,08/16/2023 12:10:40,25.27,,,
29328,08/16/2023 12:13:40,24.84,,,
29329,08/16/2023 12:16:40,25.48,,,
29330,08/16/2023 12:19:40,25.27,,,
29331,08/16/2023 12:22:40,25.57,,,
29332,08/16/2023 12:25:40,25.69,,,
29333,08/16/2023 12:28:40,26.25,,,
29334,08/16/2023 12:31:40,26.64,,,
29335,08/16/2023 12:34:40,26.51,,,
29336,08/16/2023 12:37:40,26.12,,,
29337,08/16/2023 12:40:40,26.51,,,
29338,08/16/2023 12:43:40,27.45,,,
29339,08/16/2023 12:46:40,28.35,,,
29340,08/16/2023 12:49:40,27.28,,,
29341,08/16/2023 12:52:40,27.58,,,
29342,08/16/2023 12:55:40,27.20,,,
29343,08/16/2023 12:58:40,28.61,,,
29344,08/16/2023 13:01:40,27.07,,,
29345,08/16/2023 13:04:40,27.58,,,
29346,08/16/2023 13:07:40,27.20,,,
29347,08/16/2023 13:10:40,26.68,,,
29348,08/16/2023 13:13:40,27.41,,,
29349,08/16/2023 13:16:40,26.85,,,
29350,08/16/2023 13:19:40,26.04,,,
29351,08/16/2023 13:22:40,25.35,,,
29352,08/16/2023 13:25:40,24.92,,,
29353,08/16/2023 13:28:40,25.01,,,
29354,08/16/2023 13:31:40,25.18,,,
29355,08/16/2023 13:34:40,24.92,,,
29356,08/16/2023 13:37:40,24.58,,,
29357,08/16/2023 13:40:40,24.36,,,
29358,08/16/2023 13:43:40,24.41,,,
29359,08/16/2023 13:46:40,24.62,,,
29360,08/16/2023 13:49:40,24.75,,,
29361,08/16/2023 13:52:40,24.97,,,
29362,08/16/2023 13:55:40,25.05,,,
29363,08/16/2023 13:58:40,24.24,,,
29364,08/16/2023 14:01:40,23.55,,,
29365,08/16/2023 14:04:40,22.52,,,
29366,08/16/2023 14:07:40,20.80,,,
29367,08/16/2023 14:10:40,20.76,,,
29368,08/16/2023 14:13:40,20.63,,,
29369,08/16/2023 14:16:40,20.72,,,
29370,08/16/2023 14:19:40,20.63,,,
29371,08/16/2023 14:22:40,21.28,,,
29372,08/16/2023 14:25:40,20.98,,,
29373,08/16/2023 14:28:40,20.59,,,
29374,08/16/2023 14:31:40,20.50,,,
29375,08/16/2023 14:34:40,19.86,,,
29376,08/16/2023 14:37:40,19.60,,,
29377,08/16/2023 14:40:40,19.73,,,
29378,08/16/2023 14:43:40,20.12,,,
29379,08/16/2023 14:46:40,19.86,,,
29380,08/16/2023 14:49:40,20.55,,,
29381,08/16/2023 14:52:40,20.55,,,
29382,08/16/2023 14:55:40,21.06,,,
29383,08/16/2023 14:58:40,21.19,,,
29384,08/16/2023 15:01:40,21.40,,,
29385,08/16/2023 15:04:40,21.83,,,
29386,08/16/2023 15:07:40,23.08,,,
29387,08/16/2023 15:10:40,23.89,,,
29388,08/16/2023 15:13:40,24.62,,,
29389,08/16/2023 15:16:40,25.09,,,
29390,08/16/2023 15:19:40,25.31,,,
29391,08/16/2023 15:22:40,25.35,,,
29392,08/16/2023 15:25:40,25.99,,,
29393,08/16/2023 15:28:40,26.98,,,
29394,08/16/2023 15:31:40,25.87,,,
29395,08/16/2023 15:34:40,24.75,,,
29396,08/16/2023 15:37:40,23.81,,,
29397,08/16/2023 15:40:40,23.98,,,
29398,08/16/2023 15:43:40,24.06,,,
29399,08/16/2023 15:46:40,23.38,,,
29400,08/16/2023 15:49:40,23.34,,,
29401,08/16/2023 15:52:40,22.43,,,
29402,08/16/2023 15:55:40,22.26,,,
29403,08/16/2023 15:58:40,23.85,,,
29404,08/16/2023 16:01:40,23.72,,,
29405,08/16/2023 16:04:40,23.12,,,
29406,08/16/2023 16:07:40,23.76,,,
29407,08/16/2023 16:10:40,23.85,,,
29408,08/16/2023 16:13:40,23.55,,,
29409,08/16/2023 16:16:40,23.72,,,
29410,08/16/2023 16:19:40,23.81,,,
29411,08/16/2023 16:22:40,23.16,,,
29412,08/16/2023 16:25:40,22.91,,,
29413,08/16/2023 16:28:40,23.38,,,
29414,08/16/2023 16:31:40,22.61,,,
29415,08/16/2023 16:34:40,22.99,,,
29416,08/16/2023 16:37:40,23.29,,,
29417,08/16/2023 16:40:40,23.38,,,
29418,08/16/2023 16:43:40,22.26,,,
29419,08/16/2023 16:46:40,21.45,,,
29420,08/16/2023 16:49:40,21.36,,,
29421,08/16/2023 16:52:40,21.32,,,
29422,08/16/2023 16:55:40,22.22,,,
29423,08/16/2023 16:58:40,22.22,,,
29424,08/16/2023 17:01:40,21.45,,,
29425,08/16/2023 17:04:40,21.06,,,
29426,08/16/2023 17:07:40,21.06,,,
29427,08/16/2023 17:10:40,21.40,,,
29428,08/16/2023 17:13:40,21.75,,,
29429,08/16/2023 17:16:40,22.09,,,
29430,08/16/2023 17:19:40,22.35,,,
29431,08/16/2023 17:22:40,22.31,,,
29432,08/16/2023 17:25:40,22.26,,,
29433,08/16/2023 17:28:40,22.35,,,
29434,08/16/2023 17:31:40,22.13,,,
29435,08/16/2023 17:34:40,21.96,,,
29436,08/16/2023 17:37:40,21.83,,,
29437,08/16/2023 17:40:40,20.72,,,
29438,08/16/2023 17:43:40,19.90,,,
29439,08/16/2023 17:46:40,19.65,,,
29440,08/16/2023 17:49:40,19.69,,,
29441,08/16/2023 17:52:40,19.73,,,
29442,08/16/2023 17:55:40,19.09,,,
29443,08/16/2023 17:58:40,19.43,,,
29444,08/16/2023 18:01:40,19.35,,,
29445,08/16/2023 18:04:40,19.47,,,
29446,08/16/2023 18:07:40,19.43,,,
29447,08/16/2023 18:10:40,19.22,,,
29448,08/16/2023 18:13:40,18.92,,,
29449,08/16/2023 18:16:40,18.49,,,
29450,08/16/2023 18:19:40,18.40,,,
29451,08/16/2023 18:22:40,18.32,,,
29452,08/16/2023 18:25:40,18.62,,,
29453,08/16/2023 18:28:40,19.00,,,
29454,08/16/2023 18:31:40,19.22,,,
29455,08/16/2023 18:34:40,19.43,,,
29456,08/16/2023 18:37:40,19.43,,,
29457,08/16/2023 18:40:40,19.52,,,
29458,08/16/2023 18:43:40,19.86,,,
29459,08/16/2023 18:46:40,20.25,,,
29460,08/16/2023 18:49:40,20.37,,,
29461,08/16/2023 18:52:40,20.29,,,
29462,08/16/2023 18:55:40,20.42,,,
29463,08/16/2023 18:58:40,20.50,,,
29464,08/16/2023 19:01:40,20.55,,,
29465,08/16/2023 19:04:40,20.46,,,
29466,08/16/2023 19:07:40,20.12,,,
29467,08/16/2023 19:10:40,19.82,,,
29468,08/16/2023 19:13:40,19.30,,,
29469,08/16/2023 19:16:40,18.92,,,
29470,08/16/2023 19:19:40,18.66,,,
29471,08/16/2023 19:22:40,18.49,,,
29472,08/16/2023 19:25:40,18.36,,,
29473,08/16/2023 19:28:40,18.14,,,
29474,08/16/2023 19:31:40,18.06,,,
29475,08/16/2023 19:34:40,17.80,,,
29476,08/16/2023 19:37:40,17.80,,,
29477,08/16/2023 19:40:40,17.84,,,
29478,08/16/2023 19:43:40,17.67,,,
29479,08/16/2023 19:46:40,17.41,,,
29480,08/16/2023 19:49:40,17.46,,,
29481,08/16/2023 19:52:40,17.37,,,
29482,08/16/2023 19:55:40,17.33,,,
29483,08/16/2023 19:58:40,16.64,,,
29484,08/16/2023 20:01:40,16.51,,,
29485,08/16/2023 20:04:40,16.86,,,
29486,08/16/2023 20:07:40,17.11,,,
29487,08/16/2023 20:10:40,17.16,,,
29488,08/16/2023 20:13:40,17.24,,,
29489,08/16/2023 20:16:40,16.94,,,
29490,08/16/2023 20:19:40,16.99,,,
29491,08/16/2023 20:22:40,16.73,,,
29492,08/16/2023 20:25:40,16.60,,,
29493,08/16/2023 20:28:40,16.43,,,
29494,08/16/2023 20:31:40,16.21,,,
29495,08/16/2023 20:34:40,15.91,,,
29496,08/16/2023 20:37:40,15.70,,,
29497,08/16/2023 20:40:40,15.31,,,
29498,08/16/2023 20:43:40,15.14,,,
29499,08/16/2023 20:46:40,15.06,,,
29500,08/16/2023 20:49:40,15.01,,,
29501,08/16/2023 20:52:40,15.36,,,
29502,08/16/2023 20:55:40,15.74,,,
29503,08/16/2023 20:58:40,15.78,,,
29504,08/16/2023 21:01:40,15.66,,,
29505,08/16/2023 21:04:40,15.61,,,
29506,08/16/2023 21:07:40,15.70,,,
29507,08/16/2023 21:10:40,15.87,,,
29508,08/16/2023 21:13:40,15.96,,,
29509,08/16/2023 21:16:40,16.26,,,
29510,08/16/2023 21:19:40,16.51,,,
29511,08/16/2023 21:22:40,15.96,,,
29512,08/16/2023 21:25:40,15.23,,,
29513,08/16/2023 21:28:40,15.36,,,
29514,08/16/2023 21:31:40,15.53,,,
29515,08/16/2023 21:34:40,16.17,,,
29516,08/16/2023 21:37:40,15.61,,,
29517,08/16/2023 21:40:40,15.10,,,
29518,08/16/2023 21:43:40,14.93,,,
29519,08/16/2023 21:46:40,14.71,,,
29520,08/16/2023 21:49:40,14.58,,,
29521,08/16/2023 21:52:40,14.37,,,
29522,08/16/2023 21:55:40,14.07,,,
29523,08/16/2023 21:58:40,13.81,,,
29524,08/16/2023 22:01:40,13.64,,,
29525,08/16/2023 22:04:40,13.43,,,
29526,08/16/2023 22:07:40,13.60,,,
29527,08/16/2023 22:10:40,13.81,,,
29528,08/16/2023 22:13:40,13.43,,,
29529,08/16/2023 22:16:40,13.21,,,
29530,08/16/2023 22:19:40,12.87,,,
29531,08/16/2023 22:22:40,12.82,,,
29532,08/16/2023 22:25:40,12.74,,,
29533,08/16/2023 22:28:40,12.74,,,
29534,08/16/2023 22:31:40,12.74,,,
29535,08/16/2023 22:34:40,13.00,,,
29536,08/16/2023 22:37:40,12.91,,,
29537,08/16/2023 22:40:40,13.04,,,
29538,08/16/2023 22:43:40,13.17,,,
29539,08/16/2023 22:46:40,13.12,,,
29540,08/16/2023 22:49:40,13.12,,,
29541,08/16/2023 22:52:40,12.65,,,
29542,08/16/2023 22:55:40,12.65,,,
29543,08/16/2023 22:58:40,13.34,,,
29544,08/16/2023 23:01:40,13.55,,,
29545,08/16/2023 23:04:40,13.68,,,
29546,08/16/2023 23:07:40,13.51,,,
29547,08/16/2023 23:10:40,13.00,,,
29548,08/16/2023 23:13:40,12.74,,,
29549,08/16/2023 23:16:40,12.82,,,
29550,08/16/2023 23:19:40,12.87,,,
29551,08/16/2023 23:22:40,12.65,,,
29552,08/16/2023 23:25:40,12.65,,,
29553,08/16/2023 23:28:40,12.52,,,
29554,08/16/2023 23:31:40,12.65,,,
29555,08/16/2023 23:34:40,12.52,,,
29556,08/16/2023 23:37:40,12.40,,,
29557,08/16/2023 23:40:40,12.27,,,
29558,08/16/2023 23:43:40,12.22,,,
29559,08/16/2023 23:46:40,12.01,,,
29560,08/16/2023 23:49:40,11.71,,,
29561,08/16/2023 23:52:40,11.75,,,
29562,08/16/2023 23:55:40,11.88,,,
29563,08/16/2023 23:58:40,11.97,,,
29564,08/17/2023 00:01:40,12.27,,,
29565,08/17/2023 00:04:40,11.92,,,
29566,08/17/2023 00:07:40,11.45,,,
29567,08/17/2023 00:10:40,11.15,,,
29568,08/17/2023 00:13:40,10.85,,,
29569,08/17/2023 00:16:40,10.55,,,
29570,08/17/2023 00:19:40,10.12,,,
29571,08/17/2023 00:22:40,9.99,,,
29572,08/17/2023 00:25:40,10.21,,,
29573,08/17/2023 00:28:40,10.16,,,
29574,08/17/2023 00:31:40,10.16,,,
29575,08/17/2023 00:34:40,10.42,,,
29576,08/17/2023 00:37:40,10.42,,,
29577,08/17/2023 00:40:40,10.21,,,
29578,08/17/2023 00:43:40,10.25,,,
29579,08/17/2023 00:46:40,10.25,,,
29580,08/17/2023 00:49:40,10.25,,,
29581,08/17/2023 00:52:40,9.74,,,
29582,08/17/2023 00:55:40,9.48,,,
29583,08/17/2023 00:58:40,9.39,,,
29584,08/17/2023 01:01:40,9.22,,,
29585,08/17/2023 01:04:40,9.44,,,
29586,08/17/2023 01:07:40,9.56,,,
29587,08/17/2023 01:10:40,9.52,,,
29588,08/17/2023 01:13:40,9.52,,,
29589,08/17/2023 01:16:40,9.26,,,
29590,08/17/2023 01:19:40,9.01,,,
29591,08/17/2023 01:22:40,9.01,,,
29592,08/17/2023 01:25:40,9.09,,,
29593,08/17/2023 01:28:40,9.09,,,
29594,08/17/2023 01:31:40,9.18,,,
29595,08/17/2023 01:34:40,9.18,,,
29596,08/17/2023 01:37:40,9.39,,,
29597,08/17/2023 01:40:40,9.18,,,
29598,08/17/2023 01:43:40,9.14,,,
29599,08/17/2023 01:46:40,9.05,,,
29600,08/17/2023 01:49:40,9.22,,,
29601,08/17/2023 01:52:40,9.14,,,
29602,08/17/2023 01:55:40,9.26,,,
29603,08/17/2023 01:58:40,9.22,,,
29604,08/17/2023 02:01:40,9.14,,,
29605,08/17/2023 02:04:40,9.05,,,
29606,08/17/2023 02:07:40,8.96,,,
29607,08/17/2023 02:10:40,9.01,,,
29608,08/17/2023 02:13:40,9.09,,,
29609,08/17/2023 02:16:40,9.09,,,
29610,08/17/2023 02:19:40,9.26,,,
29611,08/17/2023 02:22:40,9.39,,,
29612,08/17/2023 02:25:40,9.26,,,
29613,08/17/2023 02:28:40,9.14,,,
29614,08/17/2023 02:31:40,9.14,,,
29615,08/17/2023 02:34:40,9.22,,,
29616,08/17/2023 02:37:40,9.61,,,
29617,08/17/2023 02:40:40,9.56,,,
29618,08/17/2023 02:43:40,9.35,,,
29619,08/17/2023 02:46:40,9.22,,,
29620,08/17/2023 02:49:40,9.22,,,
29621,08/17/2023 02:52:40,8.83,,,
29622,08/17/2023 02:55:40,8.62,,,
29623,08/17/2023 02:58:40,8.53,,,
29624,08/17/2023 03:01:40,8.32,,,
29625,08/17/2023 03:04:40,8.32,,,
29626,08/17/2023 03:07:40,8.36,,,
29627,08/17/2023 03:10:40,8.71,,,
29628,08/17/2023 03:13:40,8.36,,,
29629,08/17/2023 03:16:40,8.28,,,
29630,08/17/2023 03:19:40,8.19,,,
29631,08/17/2023 03:22:40,8.36,,,
29632,08/17/2023 03:25:40,8.36,,,
29633,08/17/2023 03:28:40,8.49,,,
29634,08/17/2023 03:31:40,8.36,,,
29635,08/17/2023 03:34:40,8.36,,,
29636,08/17/2023 03:37:40,8.23,,,
29637,08/17/2023 03:40:40,7.89,,,
29638,08/17/2023 03:43:40,7.46,,,
29639,08/17/2023 03:46:40,7.59,,,
29640,08/17/2023 03:49:40,7.55,,,
29641,08/17/2023 03:52:40,7.33,,,
29642,08/17/2023 03:55:40,7.12,,,
29643,08/17/2023 03:58:40,7.03,,,
29644,08/17/2023 04:01:40,7.29,,,
29645,08/17/2023 04:04:40,6.73,,,
29646,08/17/2023 04:07:40,6.56,,,
29647,08/17/2023 04:10:40,6.56,,,
29648,08/17/2023 04:13:40,6.95,,,
29649,08/17/2023 04:16:40,6.95,,,
29650,08/17/2023 04:19:40,6.82,,,
29651,08/17/2023 04:22:40,6.73,,,
29652,08/17/2023 04:25:40,6.65,,,
29653,08/17/2023 04:28:40,6.39,,,
29654,08/17/2023 04:31:40,6.13,,,
29655,08/17/2023 04:34:40,6.00,,,
29656,08/17/2023 04:37:40,5.92,,,
29657,08/17/2023 04:40:40,5.96,,,
29658,08/17/2023 04:43:40,5.92,,,
29659,08/17/2023 04:46:40,5.83,,,
29660,08/17/2023 04:49:40,5.75,,,
29661,08/17/2023 04:52:40,5.75,,,
29662,08/17/2023 04:55:40,5.62,,,
29663,08/17/2023 04:58:40,5.70,,,
29664,08/17/2023 05:01:40,5.62,,,
29665,08/17/2023 05:04:40,5.45,,,
29666,08/17/2023 05:07:40,5.57,,,
29667,08/17/2023 05:10:40,5.75,,,
29668,08/17/2023 05:13:40,5.83,,,
29669,08/17/2023 05:16:40,5.70,,,
29670,08/17/2023 05:19:40,5.83,,,
29671,08/17/2023 05:22:40,5.92,,,
29672,08/17/2023 05:25:40,5.70,,,
29673,08/17/2023 05:28:40,5.75,,,
29674,08/17/2023 05:31:40,5.75,,,
29675,08/17/2023 05:34:40,5.66,,,
29676,08/17/2023 05:37:40,5.57,,,
29677,08/17/2023 05:40:40,5.36,,,
29678,08/17/2023 05:43:40,5.19,,,
29679,08/17/2023 05:46:40,5.27,,,
29680,08/17/2023 05:49:40,5.36,,,
29681,08/17/2023 05:52:40,5.49,,,
29682,08/17/2023 05:55:40,5.62,,,
29683,08/17/2023 05:58:40,5.49,,,
29684,08/17/2023 06:01:40,5.36,,,
29685,08/17/2023 06:04:40,5.15,,,
29686,08/17/2023 06:07:40,5.02,,,
29687,08/17/2023 06:10:40,4.72,,,
29688,08/17/2023 06:13:40,4.72,,,
29689,08/17/2023 06:16:40,4.67,,,
29690,08/17/2023 06:19:40,4.76,,,
29691,08/17/2023 06:22:40,4.80,,,
29692,08/17/2023 06:25:40,4.76,,,
29693,08/17/2023 06:28:40,4.76,,,
29694,08/17/2023 06:31:40,4.63,,,
29695,08/17/2023 06:34:40,4.67,,,
29696,08/17/2023 06:37:40,4.59,,,
29697,08/17/2023 06:40:40,4.67,,,
29698,08/17/2023 06:43:40,4.67,,,
29699,08/17/2023 06:46:40,4.76,,,
29700,08/17/2023 06:49:40,4.84,,,
29701,08/17/2023 06:52:40,4.54,,,
29702,08/17/2023 06:55:40,4.37,,,
29703,08/17/2023 06:58:40,4.54,,,
29704,08/17/2023 07:01:40,4.42,,,
29705,08/17/2023 07:04:40,4.59,,,
29706,08/17/2023 07:07:40,4.97,,,
29707,08/17/2023 07:10:40,5.83,,,
29708,08/17/2023 07:13:40,6.09,,,
29709,08/17/2023 07:16:40,6.13,,,
29710,08/17/2023 07:19:40,6.48,,,
29711,08/17/2023 07:22:40,7.08,,,
29712,08/17/2023 07:25:40,7.76,,,
29713,08/17/2023 07:28:40,8.41,,,
29714,08/17/2023 07:31:40,9.14,,,
29715,08/17/2023 07:34:40,9.65,,,
29716,08/17/2023 07:37:40,9.26,,,
29717,08/17/2023 07:40:40,8.88,,,
29718,08/17/2023 07:43:40,9.14,,,
29719,08/17/2023 07:46:40,9.39,,,
29720,08/17/2023 07:49:40,10.08,,,
29721,08/17/2023 07:52:40,10.85,,,
29722,08/17/2023 07:55:40,11.58,,,
29723,08/17/2023 07:58:40,11.32,,,
29724,08/17/2023 08:01:40,11.15,,,
29725,08/17/2023 08:04:40,11.75,,,
29726,08/17/2023 08:07:40,12.44,,,
29727,08/17/2023 08:10:40,12.65,,,
29728,08/17/2023 08:13:40,12.61,,,
29729,08/17/2023 08:16:40,12.65,,,
29730,08/17/2023 08:19:40,12.48,,,
29731,08/17/2023 08:22:40,12.78,,,
29732,08/17/2023 08:25:40,13.00,,,
29733,08/17/2023 08:28:40,13.34,,,
29734,08/17/2023 08:31:40,13.60,,,
29735,08/17/2023 08:34:40,14.20,,,
29736,08/17/2023 08:37:40,14.63,,,
29737,08/17/2023 08:40:40,14.75,,,
29738,08/17/2023 08:43:40,15.48,,,
29739,08/17/2023 08:46:40,17.33,,,
29740,08/17/2023 08:49:40,18.92,,,
29741,08/17/2023 08:52:40,18.57,,,
29742,08/17/2023 08:55:40,18.66,,,
29743,08/17/2023 08:58:40,18.49,,,
29744,08/17/2023 09:01:40,17.93,,,
29745,08/17/2023 09:04:40,17.84,,,
29746,08/17/2023 09:07:40,18.96,,,
29747,08/17/2023 09:10:40,19.60,,,
29748,08/17/2023 09:13:40,19.05,,,
29749,08/17/2023 09:16:40,20.63,,,
29750,08/17/2023 09:19:40,18.83,,,
29751,08/17/2023 09:22:40,19.82,,,
29752,08/17/2023 09:25:40,19.65,,,
29753,08/17/2023 09:28:40,20.07,,,
29754,08/17/2023 09:31:40,18.96,,,
29755,08/17/2023 09:34:40,19.43,,,
29756,08/17/2023 09:37:40,20.55,,,
29757,08/17/2023 09:40:40,21.06,,,
29758,08/17/2023 09:43:40,19.82,,,
29759,08/17/2023 09:46:40,20.12,,,
29760,08/17/2023 09:49:40,20.42,,,
29761,08/17/2023 09:52:40,21.36,,,
29762,08/17/2023 09:55:40,20.68,,,
29763,08/17/2023 09:58:40,20.98,,,
29764,08/17/2023 10:01:40,20.89,,,
29765,08/17/2023 10:04:40,20.63,,,
29766,08/17/2023 10:07:40,21.23,,,
29767,08/17/2023 10:10:40,21.02,,,
29768,08/17/2023 10:13:40,22.13,,,
29769,08/17/2023 10:16:40,22.52,,,
29770,08/17/2023 10:19:40,23.29,,,
29771,08/17/2023 10:22:40,24.19,,,
29772,08/17/2023 10:25:40,22.78,,,
29773,08/17/2023 10:28:40,22.52,,,
29774,08/17/2023 10:31:40,22.05,,,
29775,08/17/2023 10:34:40,22.56,,,
29776,08/17/2023 10:37:40,22.05,,,
29777,08/17/2023 10:40:40,22.52,,,
29778,08/17/2023 10:43:40,23.08,,,
29779,08/17/2023 10:45:55,,,Logged,Logged
